Date,Close,High,Low,Open,Volume
2014-01-02,57.10304260253906,57.75097257607779,56.873976954647254,57.580812376647664,11133600
2014-01-03,56.89360427856445,57.39100748387636,56.77579838765521,57.16193686753455,9714300
2014-01-06,56.972164154052734,57.161957887791125,56.651467170546226,57.063790436980895,9256600
2014-01-07,57.40412139892578,57.44338838299949,56.84127132533011,57.13578868565812,6651000
2014-01-08,57.0048713684082,57.430281862336116,56.78889304165541,57.41064837685981,10941500
2014-01-09,56.828163146972656,57.1619423756651,56.35693953792855,57.063774951494715,12222700
2014-01-10,56.87398910522461,56.945981894693546,56.50093782945726,56.86744294438443,10470100
2014-01-13,55.74172592163086,56.801978957132164,55.68936663742572,56.716898865240935,16717600
2014-01-14,56.46821212768555,56.494391777839205,55.96426759368641,55.96426759368641,13222100
2014-01-15,56.304595947265625,56.59911328165797,56.21951582484541,56.54675397866493,11667900
2014-01-16,56.383113861083984,56.39620118531943,55.93806993823762,56.19986136225126,11297100
2014-01-17,56.29149627685547,56.82816653173012,56.21950349933816,56.52056193565742,12632900
2014-01-21,56.75617218017578,56.887065412073405,56.27840239656169,56.69072556422697,12725800
2014-01-22,57.01797103881836,57.08341766326289,56.65800711448734,56.89361895709357,10557600
2014-01-23,56.37002944946289,56.828165754054204,56.101696822326055,56.71035984638865,14900800
2014-01-24,55.19200134277344,56.0297304167895,55.15927552230816,56.0297304167895,17426100
2014-01-27,54.99564743041992,55.401424568968665,54.609508776900554,55.29016478676054,16054500
2014-01-28,55.41447830200195,55.49956337243496,54.97598060744291,55.126512275186094,9112800
2014-01-29,55.106895446777344,55.486492850830906,54.64221793212859,54.93018906530815,20124900
2014-01-30,55.28359603881836,55.571567115831144,54.96944531905384,55.479935869571925,12265700
2014-01-31,54.57021713256836,55.05453305690836,54.3411514890327,54.642209905287636,15983200
2014-02-03,53.59506607055664,54.74694580530624,53.52307327505616,54.51788008928567,25172800
2014-02-04,54.144813537597656,54.282252928513444,53.699769560379366,53.896109407434764,20339800
2014-02-05,53.61468505859375,54.15790146197158,53.542692282567444,54.144814135992604,27270900
2014-02-06,54.41314697265625,54.544040205981666,53.739037333842425,53.75867081951556,13028300
2014-02-07,55.00217819213867,55.087258297077874,54.41314863763706,54.74693288406413,12402300
2014-02-10,54.73383331298828,55.061071356217745,54.50476768137891,54.98907858724676,7961000
2014-02-11,55.447235107421875,55.6370338410494,54.73385331597646,54.79275878177857,10869700
2014-02-12,55.316314697265625,55.72863781300878,55.2574142483058,55.6173780805806,6812400
2014-02-13,55.57810974121094,55.72209528349879,54.90400015073276,55.054531852194536,9799000
2014-02-14,56.304595947265625,56.415855721182346,55.53885986570985,55.62393998813006,12618300
2014-02-18,56.5598258972168,56.63181867090223,56.29149328069015,56.38966569873906,8854000
2014-02-19,56.631832122802734,57.20777444909118,56.383132932160414,56.383132932160414,23822000
2014-02-20,57.0048713684082,57.11613111494508,56.53364774395001,56.61218667911196,9436900
2014-02-21,56.55328369140625,57.14230820235802,56.520557888239374,57.12922087704518,11582800
2014-02-24,57.40412139892578,57.90807099641089,56.69074455754197,56.723465379850595,18613900
2014-02-25,57.37793731689453,57.48919709202233,56.913259732603734,57.29285719354822,9583300
2014-02-26,57.01797103881836,57.469556242765826,56.84125966023499,57.404109618321286,10048300
2014-02-27,57.07685852050781,57.16848477254093,56.664540386358816,57.03759155342398,9333400
2014-02-28,57.364837646484375,57.58735714886837,57.024507239799874,57.1161335046941,10474500
2014-03-03,56.99830627441406,57.65278220358132,56.815053813168035,57.017944746623336,12463600
2014-03-04,57.62009811401367,57.79026336212432,57.27322644947684,57.49574601040301,10524500
2014-03-05,57.08341598510742,57.495734200918186,56.932884259378724,57.44337490559888,10865400
2014-03-06,57.49573516845703,57.55464062499682,57.08996310604715,57.12268392122942,7788300
2014-03-07,57.606990814208984,57.770609858208196,57.384471311133396,57.73134288549061,9852800
2014-03-10,57.69862747192383,57.73789444831591,57.2143114612202,57.54809574032515,8864500
2014-03-11,57.044151306152344,57.80988730630182,56.854352597923786,57.770615336603115,12268000
2014-03-12,57.05066680908203,57.19465231560458,56.58598948828528,56.644894919705955,9368700
2014-03-13,56.48129653930664,57.15540620826806,56.265318200729574,57.135772721716876,11272800
2014-03-14,56.53364562988281,56.75617010789201,56.337305789205146,56.415839728173594,10653400
2014-03-17,56.83470916748047,57.01142053259368,56.61218966267954,56.75617522143638,10419200
2014-03-18,57.31248092651367,57.48918730438158,56.86743690851405,57.044148279639124,6995200
2014-03-19,56.880523681640625,57.351742307752744,56.52710596711403,57.332108822488486,9322600
2014-03-20,57.10304260253906,57.19466886169579,56.40929949942197,56.59909817717708,8713400
2014-03-21,57.25892639160156,57.686429154850316,57.245774699142025,57.29839150460966,14130200
2014-03-24,57.140533447265625,57.69957814942696,57.035304868216464,57.436499175082936,10044000
2014-03-25,57.6535530090332,57.6995914638309,57.41678237926925,57.43651242878037,7168800
2014-03-26,57.383872985839844,58.002107721702714,57.34441290238077,57.850835705420835,8564400
2014-03-27,57.8508415222168,58.028421951264534,57.26549347558965,57.40360879939691,11386300
2014-03-28,58.574302673339844,58.699266302541396,58.00868469185665,58.04157144200872,9955600
2014-03-31,58.574302673339844,58.92288014657199,58.39672726883399,58.863690017674564,8451600
2014-04-01,58.922882080078125,58.929460433887115,58.56773125941243,58.594034639020926,10247300
2014-04-02,59.13334655761719,59.238575124684395,58.75188233914488,58.79792077807681,10008600
2014-04-03,59.51484680175781,59.75819587125619,59.16626909262294,59.26492439203131,10792000
2014-04-04,59.29776382446289,60.04753547288413,59.19253025102196,59.962031940010135,13997800
2014-04-07,58.30467224121094,59.27805818962931,58.30467224121094,59.15967286965243,11244800
2014-04-08,58.89000701904297,59.01497066650379,58.33754064620794,58.4493526023744,11644400
2014-04-09,59.15964889526367,59.19911399780641,58.56114919967758,59.07415037241235,7224500
2014-04-10,58.337554931640625,59.31752426982026,58.21259627139481,58.93605989728653,12298300
2014-04-11,58.1731071472168,58.51511127726309,58.021840142545656,58.04814853853487,13455900
2014-04-14,58.96894454956055,59.08732484940385,58.34413119943392,58.62036193469899,9961400
2014-04-15,59.75816345214844,59.77789349776307,58.74531262881203,58.92946641163424,22442900
2014-04-16,60.47506332397461,60.488220036144014,60.02125711043976,60.10675566827897,13036700
2014-04-17,61.02750778198242,61.21166154331325,60.44873810096929,60.55396667123819,18541000
2014-04-21,61.44185256958008,61.487891009032055,60.974889821477525,61.08669674331612,8506400
2014-04-22,61.34321594238281,61.51421806270349,60.974908315059906,61.27087410228589,6345200
2014-04-23,61.66548156738281,61.83647864613306,61.33663408358165,61.33663408358165,8561700
2014-04-24,61.685203552246094,61.9877425956682,61.57339662664061,61.84304891885464,8876500
2014-04-25,61.316890716552734,61.70492825458759,61.126158615246126,61.51419615328098,8872100
2014-04-28,61.422149658203125,61.57999508921761,60.90914824404423,61.52738329075664,11167000
2014-04-29,61.70494842529297,62.257414867916836,61.68521837695192,61.71810011824868,8272600
2014-04-30,61.65232849121094,61.74440539067618,61.257712490957786,61.566829946797405,10821600
2014-05-01,61.51421356201172,61.73125411986796,61.33663811692051,61.5668303671553,10715300
2014-05-02,61.63919448852539,62.09957911797568,61.316925247910184,61.40242381686063,8711000
2014-05-05,61.928558349609375,62.033786931409814,61.29716678754995,61.40897874159406,8037300
2014-05-06,62.020633697509766,62.34948116140364,61.935130145496345,61.98774694399474,7476700
2014-05-07,62.55994415283203,62.645442688145536,61.94828766130607,62.2968651747258,9630900
2014-05-08,61.66548156738281,62.54021206075498,61.61286476569918,62.434983475202095,10966300
2014-05-09,61.606285095214844,61.85621238896686,61.36951451050993,61.74440043332367,8710800
2014-05-12,62.04035568237305,62.073237413802076,61.69835155437981,61.88908366079654,5213900
2014-05-13,62.27057647705078,62.36265339584824,62.06669258797293,62.15876950677039,4988800
2014-05-14,62.29686737060547,62.49417284777927,62.21136381446392,62.33632746247736,4984600
2014-05-15,61.58656311035156,62.19164134254367,61.13275192730001,62.1719112942049,11448800
2014-05-16,61.4286994934082,61.65231333203706,61.11958211357489,61.47473793182082,14811000
2014-05-19,61.619422912597656,61.783846600576354,61.25768879191942,61.25768879191942,5032200
2014-05-20,61.44185256958008,61.73123991345743,61.32346729415875,61.487891009032055,4675600
2014-05-21,62.10612106323242,62.19161958205665,61.63915835061422,61.72465686943845,5857400
2014-05-22,62.04694366455078,62.375791163348225,61.96802347624075,62.106138823597924,6869200
2014-05-23,61.92198181152344,62.27055933929681,61.90882510227858,62.033788751032944,5280600
2014-05-27,62.092979431152344,62.23766809771568,61.86278219628987,62.099552767486585,5057300
2014-05-28,62.19820785522461,62.408670027123875,61.95485893047916,62.08640092404994,7535500
2014-05-29,62.7309455871582,62.76383234338947,62.145597454506216,62.31659955484266,7278300
2014-05-30,62.6849250793457,62.75727194950831,62.3823859031275,62.559966409096056,5958000
2014-06-02,62.6059684753418,62.96769759805353,62.42838807260673,62.74408377868406,5075700
2014-06-03,62.823020935058594,62.90194613737993,62.45471335985444,62.46129171450148,5998600
2014-06-04,62.790138244628906,62.85590673665814,62.52705925869764,62.71779139805245,3686600
2014-06-05,63.1518669128418,63.25710051342877,62.599405563202986,62.724369209446444,6174800
2014-06-06,63.67144775390625,63.76352464728892,63.29656182575842,63.29656182575842,5420000
2014-06-09,63.77009201049805,64.10551778875774,63.61224665159316,63.75694032134493,5652000
2014-06-10,63.66488265991211,63.82930642192861,63.50703223554948,63.776689613807726,3766100
2014-06-11,63.90822219848633,63.99372576022587,63.336030757624634,63.47414610603314,5651700
2014-06-12,64.11868286132812,64.54618560633227,64.00029756298566,64.19102971130488,11869600
2014-06-13,64.7303237915039,64.73690214477408,63.90820525619885,64.28966946085559,9736600
2014-06-16,65.11840057373047,65.26309431484103,64.8421647871485,64.96055011916478,13386900
2014-06-17,65.07231903076172,65.08547071769372,64.65796813412018,64.98681550335942,10045500
2014-06-18,65.56562805175781,65.62481820394609,64.88162452551623,65.09866511917102,14863600
2014-06-19,66.0325698852539,66.04572157559939,65.42091341900378,65.605067190724,8677000
2014-06-20,66.6893539428711,66.72899724425491,66.1541492097433,66.37219240846586,9096200
2014-06-23,66.92723083496094,67.07920020023815,66.7224003682342,66.89419138627697,7959200
2014-06-24,65.51982116699219,66.9206047069599,65.37445569598931,66.86774361912053,17748500
2014-06-25,66.01539611816406,66.0814699710151,65.1762425595093,65.24892530997899,13860300
2014-06-26,66.08808135986328,66.14094246461364,65.48680267694323,66.05504695022861,8080000
2014-06-27,66.08808135986328,66.12112081061036,65.70485095320417,65.9295030867246,8222100
2014-06-30,66.14093017578125,66.2202218181746,65.78412534667842,66.04181688306744,6294500
2014-07-01,66.18058013916016,66.51095442889371,66.01539299429338,66.30611894130303,6885800
2014-07-02,66.08145141601562,66.31932125237738,65.94269485165636,66.12770360413539,5926400
2014-07-03,66.33255767822266,66.39863153610392,65.96254004119781,66.39863153610392,3668800
2014-07-07,65.82377624511719,66.27308548724163,65.70484129746332,66.26647658984095,6932400
2014-07-08,65.71807098388672,65.88325817368367,65.4603793710925,65.72467988299023,10392300
2014-07-09,66.1541519165039,66.19379521950977,65.71805541899234,65.823777615157,6408000
2014-07-10,65.51982116699219,65.76429487630537,65.18283803340469,65.5528555660587,14908700
2014-07-11,65.01766967773438,65.45376117548078,64.84587361323439,65.44054842026335,10805200
2014-07-14,65.57929229736328,65.65858393660348,65.24230913198154,65.3348135238728,6870300
2014-07-15,65.295166015625,65.566075318065,64.8722873824936,65.40088819446332,9954200
2014-07-16,66.28629302978516,66.31272357619835,65.54625285354967,65.56607954419303,8167400
2014-07-17,65.21588134765625,66.43827022576922,65.1696291497517,66.2334347426678,11017800
2014-07-18,65.40750122070312,65.57268836746596,65.08373582455921,65.38107067228766,8317800
2014-07-21,65.50662994384766,65.55288215418922,65.14321611894049,65.2423294385618,9396700
2014-07-22,65.97573852539062,66.18057399396132,65.73126479999983,65.79733864358893,5977900
2014-07-23,66.39863586425781,66.4052447628104,65.8568221285341,66.14094427294486,6701200
2014-07-24,66.45809173583984,66.71578327235137,66.23343460284096,66.50434393364675,5747200
2014-07-25,65.96914672851562,66.2796994191048,65.88325121369598,66.22023445679409,4802900
2014-07-28,65.81056213378906,66.02861039021079,65.40750506868659,65.91628433367062,7478600
2014-07-29,65.64537811279297,66.02200464591424,65.6123437045861,65.69163031717234,6828800
2014-07-30,65.25553131103516,66.1607536412481,65.04409196663013,65.95592319416838,10780300
2014-07-31,63.848121643066406,64.87228376879033,63.801869452678844,64.83924432946607,17284800
2014-08-01,63.332763671875,63.87457741950206,62.784341025550155,63.66974692988472,17833300
2014-08-04,64.39656066894531,64.55513892812687,63.12792451326891,63.31954222028961,12896500
2014-08-05,62.989166259765625,64.257802382279,62.61914360986535,64.12565467660079,16439900
2014-08-06,63.174198150634766,63.90762977973239,62.744710388560186,62.857036483546466,11547000
2014-08-07,62.77772521972656,63.61026481713753,62.434133128413606,63.49793876621708,13256700
2014-08-08,63.828304290771484,63.89437813275528,62.81735988919748,62.96933426276012,11585000
2014-08-11,63.83491516113281,64.47584203452675,63.78866296620289,64.24458105987718,11203600
2014-08-12,63.365779876708984,63.74240630650394,63.101479478003036,63.74240630650394,9998100
2014-08-13,63.57062530517578,63.91421741697573,63.33936429210582,63.70938191301776,6489000
2014-08-14,63.20718765258789,63.76221382992401,63.114678248588845,63.6631005722255,7617400
2014-08-15,63.676334381103516,63.76883876726449,63.167555216107175,63.332742340124774,11075300
2014-08-18,63.848121643066406,64.03973930070362,63.57721739682804,63.90759162562793,8597500
2014-08-19,64.33709716796875,64.45603212532413,63.9340400925484,63.9802922959026,5997700
2014-08-20,64.4758529663086,64.56174847399583,63.99350424501986,64.25780470705017,5947900
2014-08-21,64.5287094116211,64.59478326208388,64.23797842025084,64.56174381629666,5567200
2014-08-22,64.09921264648438,64.43619074794147,63.83491224135476,64.43619074794147,7383400
2014-08-25,64.66748046875,64.71373267852653,64.25781443850597,64.27763609396551,4379000
2014-08-26,64.99784088134766,65.32821517771112,64.726931538596,64.85247538436987,5596500
2014-08-27,64.8656997680664,65.13000026076661,64.693908732757,65.05731749924624,3860100
2014-08-28,64.87889862060547,64.94497246420873,64.5617371137542,64.66745929640834,3104500
2014-08-29,65.24230194091797,65.2753413805709,64.79299278363598,65.02425877898507,5367400
2014-09-02,64.41639709472656,65.2092986547056,64.1388838172348,65.14982864317844,8642300
2014-09-03,64.58815002441406,65.04406799068269,64.54850673729844,64.84584147288508,7190900
2014-09-04,63.71599578857422,64.76658377621575,63.418660897271394,64.7401582650393,12286500
2014-09-05,64.14546966552734,64.165291315209,63.31292509111823,63.74902154856011,8774900
2014-09-08,63.147727966308594,63.88115913517688,62.85699704067129,63.82829805031364,10978100
2014-09-09,62.870208740234375,63.50452657379546,62.50018622315788,63.11468241209363,9998300
2014-09-10,62.71826171875,62.81076612804011,61.98483030144117,62.81076612804011,10432700
2014-09-11,62.75789260864258,62.85039699220018,61.951778659545624,62.2160790587577,12505700
2014-09-12,61.81963348388672,62.63235642845461,61.6280157971006,62.5728864368465,15440200
2014-09-15,62.255733489990234,62.420920638906104,61.44301049923501,61.75356314577472,13391300
2014-09-16,63.00898361206055,63.40543174315518,62.07732571493223,62.16983011081726,13455400
2014-09-17,62.66539764404297,63.27989407153427,62.4803888342369,63.16095911650009,11069300
2014-09-18,62.34163284301758,62.90326817579733,62.17644568389929,62.870233768640894,12284600
2014-09-19,62.29047393798828,62.75537575305941,62.26390739611997,62.46979176178722,9474600
2014-09-22,61.37397384643555,62.22408323384862,61.13487994784416,62.19087377741307,10629600
2014-09-23,61.194664001464844,61.80567962121203,61.18138325627587,61.28100151282497,9140100
2014-09-24,61.24778747558594,61.59978543879359,60.27813108373309,61.15480707274059,24739900
2014-09-25,60.31131362915039,61.24112238786212,60.27810924990538,61.21455584423606,13436400
2014-09-26,61.08835983276367,61.34737725154925,60.10541816802799,60.31794541080203,11484800
2014-09-29,60.94892120361328,61.0618303284493,60.16522557049557,60.31133908859328,15454300
2014-09-30,60.185150146484375,61.03525957469452,59.81322347135352,60.88914606664867,21732100
2014-10-01,58.95648193359375,60.47738316948161,58.77052109550315,60.17851826070069,18977300
2014-10-02,58.65095520019531,59.03616256458969,57.63480875764383,58.61110790975837,29242700
2014-10-03,58.557960510253906,58.976377225861775,58.05984923323497,58.943167780573866,20098000
2014-10-06,58.6243782043457,59.222112789642736,58.19268578940089,58.85683420260864,20122200
2014-10-07,57.86063003540039,59.06273742522,57.840701320326374,58.31225130309232,17899300
2014-10-08,58.42515182495117,58.47828492783607,56.764780362684974,57.69458939496436,35988600
2014-10-09,56.27994918823242,58.07979122999729,56.120554947982995,57.98017299674861,36667400
2014-10-10,55.4896125793457,56.72492926990067,54.88523497537418,56.113908761750544,60474300
2014-10-13,53.77611541748047,56.04750251749388,53.70305866276788,55.37007314394761,47549300
2014-10-14,53.098655700683594,54.65276539098847,52.81307172285682,54.22771087520669,55995600
2014-10-15,53.50381088256836,53.643281483879704,51.47816064403485,52.40796971982897,69469600
2014-10-16,54.46018600463867,55.00478766200299,52.13566587029434,52.35483612762495,59796300
2014-10-17,54.92509078979492,57.050369489193855,54.46018876617279,55.46305463661713,38000000
2014-10-20,55.40327453613281,55.56931168475492,54.60629824956735,54.87859653844075,26502600
2014-10-21,57.09019088745117,57.21638069392505,56.01426874894955,56.03419745553732,31358200
2014-10-22,56.007652282714844,57.58832411609505,55.97444282611437,57.236326171157366,36142500
2014-10-23,57.050357818603516,57.654730325677924,56.49911334118053,56.797978142792466,26558000
2014-10-24,56.85111618041992,57.17654755866628,56.10063012571465,57.076929327505155,25247400
2014-10-27,55.65565872192383,55.981090140626584,55.08449047935455,55.94788068141012,23501400
2014-10-28,56.92416000366211,57.07691636851242,55.57593953283879,55.9478610235348,23625000
2014-10-29,57.11013412475586,58.02666239441693,56.565532499949896,57.548474613211404,26722500
2014-10-30,56.90426254272461,57.15663723223198,56.24675672857868,56.671811504092474,18796000
2014-10-31,58.05986404418945,58.12627788465736,56.49247308730094,57.02379394514666,20264300
2014-11-03,57.14334487915039,58.71737885022663,56.97066482822245,58.09972046330321,26605600
2014-11-04,55.96780776977539,56.485848003308796,55.47633915888984,56.452638542051346,23439100
2014-11-05,56.95073699951172,57.19647378213201,56.09398477946125,56.53232524569456,27445100
2014-11-06,57.66801452636719,57.68129526664721,56.406131383629344,56.59209214985476,23026300
2014-11-07,58.30561065673828,58.76387484720734,57.68795220886559,57.80085626339933,18042000
2014-11-10,57.780906677246094,59.08263684031969,57.608226686793024,58.81033865061466,22953400
2014-11-11,57.95361328125,58.09308389130046,57.2695409746468,57.83406632019929,17380900
2014-11-12,57.44220733642578,58.186055545184736,57.375793494066365,57.588320829847305,17624600
2014-11-13,56.67842483520508,57.20974560837996,55.75525891877779,57.13668887539215,31588300
2014-11-14,57.25624084472656,57.32265468046704,56.57216870920304,56.957376050369,17962300
2014-11-17,56.9573860168457,57.296098158505664,56.69172556034734,56.90425291213568,12215100
2014-11-18,57.00386047363281,57.47540524683871,56.73155718748625,56.93744664461303,19680300
2014-11-19,57.302730560302734,57.50197713291942,56.605377690246,57.110126891320164,14746200
2014-11-20,58.02003479003906,58.106372302782006,57.26290562582305,57.41565699968002,16917300
2014-11-21,58.77713394165039,59.255321604785074,58.35207936709739,59.022870676052996,28685200
2014-11-24,58.32551956176758,58.90333056599094,58.07314496242043,58.58453706471751,16678100
2014-11-25,57.375789642333984,58.69080592779711,57.296089996622236,58.644315734561346,22554000
2014-11-26,56.65187454223633,57.2562471006759,56.552251244215114,57.11013360585164,20873200
2014-11-28,53.0123405456543,54.460184682580575,52.852946301943156,54.28750462944671,42538300
2014-12-01,53.19828414916992,53.36432124393453,52.248551764434374,52.72673940808444,51594500
2014-12-02,53.77611541748047,54.29415053849561,52.799816120004905,52.819739768189805,33234900
2014-12-03,54.43360900878906,54.865306535753916,53.93549764699519,54.121458411336775,31549200
2014-12-04,53.96206283569336,54.3074178083395,53.477232226251914,53.908929742347595,23579500
2014-12-05,53.317848205566406,54.00192044524651,53.105320858607044,53.842526201789894,23443300
2014-12-08,51.15938186645508,52.7998302328456,51.04647778519462,52.60058356363619,41192700
2014-12-09,51.71724319458008,51.92977050234548,50.87377179994344,51.04645182095618,33668900
2014-12-10,50.123291015625,50.96675743008985,49.7912167463465,50.90698649380431,44533800
2014-12-11,50.09008026123047,51.36524420605652,49.977176228699754,50.05687587539554,35551700
2014-12-12,49.16028594970703,50.06352861288974,49.07394844037802,49.49236030919913,50054300
2014-12-15,48.721927642822266,50.03030081802404,48.615661465300185,49.56539389194028,47481100
2014-12-16,49.15362548828125,50.66788305991338,48.15740286830745,48.276949785386314,57284400
2014-12-17,51.19257736206055,51.69068883208489,49.33960208552378,49.432582487897506,62470200
2014-12-18,52.17550277709961,52.7001806824326,50.85384872549289,52.507577015888785,52263500
2014-12-19,53.84284591674805,53.90967230938061,52.18552384741494,52.76692417022484,46742800
2014-12-22,53.29487609863281,53.57555008453367,52.74020719897516,53.44189726225565,33238100
2014-12-23,53.94308853149414,54.12352030304869,53.30154597920562,53.6824620289559,26529200
2014-12-24,53.54881286621094,53.75598134703141,52.92731762080516,53.629007610257034,14047800
2014-12-26,53.535457611083984,54.00324760815041,53.301562612550775,53.755989366213264,14464600
2014-12-29,53.7292366027832,54.130200027727724,53.40846280371164,53.65572604671527,18224100
2014-12-30,53.30154800415039,53.77602204214357,53.13447946548263,53.66241665949602,19148100
2014-12-31,52.90058517456055,53.46193302401968,52.58649550228007,52.98745898025477,21541900
2015-01-02,53.14783477783203,53.32158745971762,52.37931859488476,52.61321859295346,27749100
2015-01-05,50.9492301940918,52.42611575598185,50.68860363014227,52.40606834314391,45395200
2015-01-06,50.20075607299805,51.276677864299025,49.846566490103584,50.862346055090335,41876600
2015-01-07,50.30766677856445,51.029403934754214,49.973529772757274,50.808872287275214,31192400
2015-01-08,51.43706130981445,51.55735085881113,50.50816066421175,50.71532401583439,28186900
2015-01-09,51.0294189453125,51.557356181606345,50.56830811013219,51.470477271483915,24952100
2015-01-12,49.5592155456543,50.38118993037898,49.29190485443663,50.38118993037898,28940600
2015-01-13,49.16493606567383,50.14730002288635,48.70382520448561,49.759699736627496,34051400
2015-01-14,49.318634033203125,49.392144597173605,47.915254247241,48.69713887324271,52152500
2015-01-15,48.69044876098633,50.02699689036059,48.65035394863358,49.90002318654156,41346000
2015-01-16,50.274269104003906,50.34109550269621,48.937720736048256,48.97781555555816,42741900
2015-01-20,50.334415435791016,50.361147017152184,49.405514652233684,50.013641557984826,28085800
2015-01-21,51.356868743896484,51.37023708241948,50.33441008356051,50.70196291503363,28330800
2015-01-22,51.59745407104492,51.75783846296091,50.6551900326946,51.684327887806106,33018800
2015-01-23,51.22990417480469,51.9650047974193,51.1497094328998,51.36355697945182,21147400
2015-01-26,51.965003967285156,52.09865676979721,50.94922431349421,51.403650979973825,18362100
2015-01-27,51.93157958984375,52.178842841792815,51.43037401589895,51.557347726160195,21602300
2015-01-28,49.88667678833008,51.79125749589275,49.786434625084,51.79125749589275,38833400
2015-01-29,50.05372619628906,50.3544474723587,48.92434144662412,50.287621088623915,30123700
2015-01-30,50.48810958862305,51.06282571447107,49.34535640689437,49.67949345222337,43848100
2015-02-02,52.031837463378906,52.05188487663653,50.762115272270165,51.10962076383001,35465700
2015-02-03,53.45526123046875,53.7292561479437,52.61323926133981,52.63328667510072,47027900
2015-02-04,52.573143005371094,53.06098553456567,52.132084576255835,52.76025901157325,41132200
2015-02-05,53.328277587890625,53.62899890683592,52.87385097576701,53.194619702838395,31786200
2015-02-06,53.34164047241211,53.84284606633926,53.07432980261224,53.749288096688346,26134600
2015-02-09,53.395118713378906,54.0099298586705,53.27482913290634,53.56887146262336,20203800
2015-02-10,53.368370056152344,53.53543858122206,52.3993746501587,53.48865959814361,21971300
2015-02-11,52.994144439697266,53.23472355204482,52.41942823781449,52.68673383062078,26196600
2015-02-12,53.68915557861328,53.93641890860161,53.32829193818369,53.71588716281702,26422300
2015-02-13,54.82522201538086,54.88536425270854,54.07675299351406,54.21708997914007,31187900
2015-02-17,54.9922981262207,55.08585612946995,54.243829001697904,54.56460294035876,22125900
2015-02-18,54.33735656738281,54.765051513667544,54.19033547362382,54.54452497155499,19381400
2015-02-19,54.083431243896484,54.39083676426618,52.96741455284242,53.207993672875666,23872000
2015-02-20,53.82280349731445,54.21040374844532,53.37506101679814,53.936408885171886,25641800
2015-02-23,53.60227966308594,54.036658967029084,53.161221287248644,53.29487410452584,19679500
2015-02-24,53.74928665161133,53.976497400790024,53.40178635918309,53.92971841722224,15430700
2015-02-25,54.043338775634766,54.13021259000058,53.522080593856636,53.78939130536465,16025700
2015-02-26,53.04092025756836,53.749289213508824,52.760241244256626,53.722557636120705,19349100
2015-02-27,52.80702590942383,53.288184157104205,52.753567847425266,53.248089335973376,13362200
2015-03-02,52.439483642578125,52.74688919999566,51.931593761461784,52.70011020426969,17978500
2015-03-03,52.63329315185547,52.94738293550236,52.23900860476818,52.47290362497468,12349700
2015-03-04,52.55978012084961,52.68674878391,51.97837958457828,52.64665395331501,16602800
2015-03-05,52.24568176269531,52.4929450739487,52.165487016160384,52.426113569238936,11244500
2015-03-06,51.31010818481445,52.14545119407108,51.18313441587813,51.87814041140314,19176300
2015-03-09,50.94255065917969,51.81130416493983,50.942550659179695,51.22322463341628,17441100
2015-03-10,50.234161376953125,50.82892490035387,50.2074298019262,50.53488777211099,19030600
2015-03-11,50.38118362426758,50.58834696223056,50.020315001072035,50.321041402998354,13051000
2015-03-12,50.0604248046875,50.701967450948516,50.040372295109066,50.461388321284666,19245000
2015-03-13,49.8733024597168,49.93344978985463,49.332001981114296,49.73296548743198,21011900
2015-03-16,50.54827117919922,50.58836600847419,49.445617487379735,49.599322830481526,16948500
2015-03-17,50.354469299316406,50.541585294292744,49.98692148019246,50.24086388787056,13936300
2015-03-18,51.81797409057617,52.09196381909838,49.946804579660345,50.0269993067659,27753700
2015-03-19,50.996002197265625,51.41033403370332,50.84898105857717,51.18980232567064,23240900
2015-03-20,51.746192932128906,52.04895756343631,51.355959084493165,51.557800460974775,22610600
2015-03-23,51.56454086303711,52.210442642969205,51.56454086303712,51.860581103778465,12160100
2015-03-24,51.221397399902344,51.779835008793626,51.187759734206374,51.69909537141656,14780900
2015-03-25,51.88747787475586,52.27770654740022,51.490514483829585,51.54434089839068,15898500
2015-03-26,51.82695388793945,52.6477892509228,51.638566453780506,52.48631504066836,15318600
2015-03-27,51.4030647277832,51.73274262575142,51.295411868675544,51.6318193536307,11967300
2015-03-30,52.5064697265625,52.60739297726856,51.88075173198864,51.900935355495896,18187800
2015-03-31,52.196983337402344,52.47956437515378,51.806749447267194,52.109514111547945,9403700
2015-04-01,52.183528900146484,52.634318843951206,52.07588117116382,52.365191821738044,13293300
2015-04-02,52.29117202758789,52.593936662982074,51.82019854310022,51.9413054238919,13857700
2015-04-06,53.233131408691406,53.52244210076148,52.35174015619603,52.59395399761152,15543300
2015-04-07,53.26675796508789,53.63007865137791,53.0380033477038,53.186023456914995,14142100
2015-04-08,52.836151123046875,53.64353205005483,52.81596749817645,53.51569558164863,12045700
2015-04-09,53.68391799926758,53.80502492384488,52.93036323154526,52.977460083704656,13875100
2015-04-10,53.91938400268555,54.00684808903096,53.596435735279265,53.8251903302612,8850500
2015-04-13,53.38111877441406,54.22886678039692,53.29365470653713,54.1548567486668,9940300
2015-04-14,54.343257904052734,54.47109437928956,53.663718542311614,53.73099900653138,13720100
2015-04-15,55.64179611206055,55.7561785584712,54.54510955601794,54.65276241542306,20006900
2015-04-16,55.513946533203125,55.998373975150834,55.07661591849093,55.433206915155445,21277500
2015-04-17,55.11025619506836,55.325556700203904,54.67292560030803,55.25154667032898,16917400
2015-04-20,55.31882858276367,55.92436287363138,55.15062489825425,55.17080851908833,12710400
2015-04-21,54.73347854614258,55.493762494151866,54.50472399648363,55.46011970359301,11820400
2015-04-22,55.09682083129883,55.3053918420606,54.511469923881094,54.87479064574336,10129500
2015-04-23,55.473594665527344,55.830190927190465,55.15737592756892,55.21792681361274,12575800
2015-04-24,55.15736770629883,55.35920909619795,54.89496517304044,55.30538267229006,11507600
2015-04-27,55.09682083129883,55.55433524403229,55.00262714042763,55.386131491309264,11325600
2015-04-28,55.37267303466797,55.47359117171836,54.90842907155314,55.083362397725075,11125400
2015-04-29,55.803260803222656,55.88399529348576,55.00260955365008,55.17754283783601,15903100
2015-04-30,55.62833786010742,56.09930625142494,55.31211402600689,56.01184215965754,16552100
2015-05-01,55.75618362426758,55.85037731821971,55.31212323863211,55.682173559995,11354600
2015-05-04,55.614864349365234,56.07910299165539,55.33227828033842,55.89071570108331,14434200
2015-05-05,54.928627014160156,56.28771645657245,54.90844338148993,56.03204342095733,16076300
2015-05-06,54.713314056396484,55.6417968823504,54.45764621152623,55.419771839802706,16388600
2015-05-07,54.121238708496094,54.619120357095255,53.7175456134023,54.605666316071904,17396600
2015-05-08,55.00934982299805,55.06990070245577,53.932846967328615,54.55183546769222,14515200
2015-05-11,53.97320556640625,55.09007549597207,53.91937914896051,55.063162287249206,18144400
2015-05-12,54.22214889526367,54.50473504701102,53.79827736739793,53.892471040256986,9851500
2015-05-13,54.080867767333984,54.76041235355729,53.87902634755284,54.69313188029691,12534700
2015-05-14,54.06069564819336,54.59894981521285,54.02705797098725,54.235629022450524,9617900
2015-05-15,54.27596664428711,54.491267166869086,53.69734552737878,53.83191156222337,9780600
2015-05-18,54.323081970214844,54.39036244396148,53.93957762337081,54.1683373939147,7229800
2015-05-19,53.54933166503906,54.0135755560387,53.46859716793996,53.95974913585933,13919800
2015-05-20,53.65024948120117,53.82518276246663,53.34075529629732,53.73771868841862,12623800
2015-05-21,54.15486145019531,54.235601073592896,53.75790318478863,53.95302009145565,10087300
2015-05-22,53.95974349975586,54.20195723209381,53.68389210819673,53.78481535219911,6360700
2015-05-26,53.10526657104492,53.63679082099096,52.90342009981564,53.5224135494399,13183600
2015-05-27,53.01109313964844,53.50224520278406,52.72178249156012,53.071644024211345,11375000
2015-05-28,52.80251693725586,52.896710614968846,52.46610947880364,52.82942501674205,12164200
2015-05-29,52.7419548034668,53.07836222287055,52.61411834147902,52.789051636856534,12978100
2015-06-01,52.60740661621094,52.88325809761006,52.54012100951599,52.87652851030635,8487200
2015-06-02,52.970726013183594,53.226393859472246,52.486298402808494,52.76887946447032,10183000
2015-06-03,52.60740661621094,53.199481969660376,52.53339655538337,52.8092480367825,8640300
2015-06-04,51.894203186035156,52.43245707422039,51.853835941030596,52.33153382853947,15946100
2015-06-05,52.257537841796875,52.72178181685514,51.63854929716645,51.658732925095784,18956000
2015-06-08,51.96149826049805,52.35845659731588,51.84039137019982,52.05569193815552,9707300
2015-06-09,51.95475769042969,52.6073888427786,51.93457406850868,52.2777059075044,11033100
2015-06-10,52.593936920166016,52.74195701220967,52.412279164675205,52.593936920166016,9785400
2015-06-11,52.35844802856445,52.775595056472255,52.31135119744337,52.68812584641197,8416500
2015-06-12,51.773109436035156,52.102792464338656,51.6856453386406,52.0624200759351,10504500
2015-06-15,51.65198516845703,51.92784167490901,51.261756521695105,51.416501036832834,8075500
2015-06-16,52.055694580078125,52.06914862049611,51.49725693907394,51.74620031875755,9017600
2015-06-17,51.9278564453125,52.560304121427805,51.66545903355626,52.331544376232046,10413700
2015-06-18,51.894203186035156,52.32480424331554,51.847106355806666,52.08932009217307,12672600
2015-06-19,51.41267395019531,51.87999678758034,51.3923510726819,51.670040225382294,17234900
2015-06-22,52.04252624511719,52.08994110953211,51.6497052547415,51.8799794502283,10577400
2015-06-23,52.211849212646484,52.30667377762562,51.91384760581788,51.96803159515749,7117700
2015-06-24,51.88676834106445,52.39473173939055,51.86645063189476,52.096724892179225,6798300
2015-06-25,51.358463287353516,51.93415383691614,51.344914709376894,51.87319557055832,8685700
2015-06-26,51.527793884277344,51.541337297493754,51.02659975168958,51.31106310192865,11772300
2015-06-29,50.55250930786133,51.202701738866,50.511873895695445,50.877608106998714,13897200
2015-06-30,50.90470504760742,51.10111300366263,50.57960621689935,51.019842171438576,15170600
2015-07-01,50.25450897216797,51.026612906286935,50.051326717925,51.006295197589715,13910100
2015-07-02,50.477996826171875,50.748911573045426,50.349311158771414,50.3899517295273,9700200
2015-07-06,49.81428527832031,50.29515673275626,49.60432353486069,49.81428527832031,13509100
2015-07-07,50.26805877685547,50.44415420195896,49.05571884486347,49.61786624640133,20686100
2015-07-08,49.25212860107422,50.268055329092185,49.04894118856241,49.92263879473032,16521300
2015-07-09,49.502716064453125,50.13936507646988,49.502716064453125,49.92940855857928,11956000
2015-07-10,49.77365493774414,50.11229731347268,49.52983201383779,49.80074694787514,13250400
2015-07-13,50.12581253051758,50.24772391130729,49.807488082496164,49.94294287569845,14358800
2015-07-14,50.48479461669922,50.68797689598472,49.96328258192979,49.983605460402615,12654200
2015-07-15,49.59755325317383,50.4780201278683,49.42145781132638,50.22742813432876,12708300
2015-07-16,49.665252685546875,50.0309867814205,49.57043330890576,49.88198342747919,7860700
2015-07-17,49.06247329711914,49.66525587328482,48.899921354785235,49.6178461819213,14096000
2015-07-20,48.41230010986328,49.157312053743894,48.35134181564595,49.15053776165956,13833400
2015-07-21,48.43262481689453,48.9134962789467,48.28362137313468,48.52744425069234,10619000
2015-07-22,48.03978729248047,48.527432933874614,47.938193589311624,48.2362004073348,15209300
2015-07-23,47.9991569519043,48.391978055865984,47.6334226821985,48.08720208141329,11284600
2015-07-24,47.078033447265625,48.01945821703182,46.90193808128033,47.999140514662194,12554100
2015-07-27,46.4007568359375,46.94935555994974,46.19756944401518,46.475258535157685,17196700
2015-07-28,47.728240966796875,47.98560722426368,46.434625052883156,46.468491345802576,18938600
2015-07-29,48.3784294128418,48.42583911857476,47.45732212951245,47.606325538179014,23427300
2015-07-30,48.03978729248047,48.41906493922241,47.829830761929806,48.27683582169418,12627200
2015-07-31,46.989994049072266,47.6943705086613,46.915492344972535,47.626643096008,21789400
2015-08-03,46.00117492675781,46.780053354086476,45.90635548349402,46.48882073055566,16926600
2015-08-04,45.84539794921875,46.56331799865288,45.64898478777002,46.204357973935814,12762500
2015-08-05,45.49998092651367,46.712321015006665,45.45257120985849,46.20435755058471,18473800
2015-08-06,46.22465896606445,46.34657036123717,44.89718220044472,45.22905010003221,23259600
2015-08-07,45.398380279541016,46.4007636367942,45.23583344254105,46.03502937809118,17081700
2015-08-10,46.84775924682617,46.88162553267795,45.49319048907076,45.49319048907076,19444400
2015-08-11,46.9358024597168,46.98321215241272,45.825056658896195,45.9131017546832,21053900
2015-08-12,47.789188385009766,47.91109979077847,46.502352084114776,46.77326172602728,23483000
2015-08-13,47.06449508666992,47.65373441967684,47.00354196632625,47.47763901545576,19813600
2015-08-14,46.96290588378906,47.49119214705369,46.85454304815302,47.16609330560398,12121200
2015-08-17,47.06449508666992,47.294774487154456,46.57684945483941,46.73262715227927,9532100
2015-08-18,46.88840103149414,47.098357540829944,46.65812164976176,46.97644614279983,11063400
2015-08-19,45.59477615356445,46.705521926023984,45.37804539716427,46.63102024407997,20183000
2015-08-20,44.565330505371094,45.78443973311195,44.55855621226779,45.47288942489134,25336600
2015-08-21,43.007568359375,44.59918599748823,42.98047635765878,44.11831459338505,25420200
2015-08-24,40.69802474975586,42.3844642518335,39.78369172974593,40.494839921268685,43001100
2015-08-25,40.10877990722656,42.48604683142739,40.0749136229256,42.48604683142739,27696600
2015-08-26,41.49045181274414,41.53786410980754,40.32552410384398,41.124720106820526,39732200
2015-08-27,43.5426139831543,43.644207674944894,42.29641060421284,42.45218570362616,32241400
2015-08-28,44.53144836425781,44.98522766257774,43.373292684666595,43.39361038947648,31463400
2015-08-31,44.99201202392578,45.28324458168407,43.40039439456947,44.192816063142864,36193500
2015-09-01,43.40715789794922,44.213128046562375,43.03465455100242,43.69839041799067,28712600
2015-09-02,43.806766510009766,44.091224791314794,42.790839647687896,44.02349736728091,25528900
2015-09-03,43.92867660522461,44.87010172231874,43.65776175005073,44.0979977437994,21895000
2015-09-04,43.203983306884766,43.51553358877074,43.021116163090234,43.29880273322957,16684200
2015-09-08,43.88125991821289,43.94221303812123,43.13624547672213,43.67130339327937,15627600
2015-09-09,43.054969787597656,44.71431452713936,42.98724237997207,44.18603351348184,18477700
2015-09-10,43.30556869506836,43.54939410473874,42.64183021510344,43.23784128056316,18492800
2015-09-11,42.91952133178711,42.97370533608581,42.32351278631461,42.872111619843515,13344300
2015-09-14,42.5470085144043,42.81114903386615,42.330277699274816,42.621510216536635,12481300
2015-09-15,43.021114349365234,43.16334348288622,42.675697786659434,42.682472078904524,14816600
2015-09-16,44.24021911621094,44.30117740238097,43.29879416433178,43.36652157442169,17216700
2015-09-17,44.21311950683594,44.99877179697469,43.92866133306954,44.274077782511185,19822700
2015-09-18,43.0518913269043,43.7000608170074,42.7926266540948,43.379388202640826,21236900
2015-09-21,43.297515869140625,43.61818850710932,43.0246052561976,43.50902374139345,15689700
2015-09-22,42.84038543701172,43.29069038109895,42.54018040582484,42.628877583465794,17050400
2015-09-23,42.28773498535156,43.201990741264446,42.26726740809826,43.00412881883941,13984700
2015-09-24,42.47195053100586,42.77215293915517,41.68050545252776,41.96024028364434,18912000
2015-09-25,42.553802490234375,42.94270187853697,42.171727359377996,42.94270187853697,15833400
2015-09-28,40.85495376586914,42.110349888485416,40.820840264165724,42.110349888485416,16351400
2015-09-29,40.79353713989258,41.3871202339897,40.520623996355276,41.05280176329113,18881200
2015-09-30,41.75556182861328,41.91248601140214,41.121040835814334,41.16880025654602,16128100
2015-10-01,41.83742904663086,42.75168478024761,41.46217539087841,42.287733954072365,17445500
2015-10-02,43.56360626220703,43.590898105211025,41.284789425241506,41.35984069215579,19929800
2015-10-05,44.880401611328125,45.030504124605244,44.06848631063063,44.10942667222463,23807000
2015-10-06,45.876529693603516,46.217669871705176,44.79853068689563,45.0373277704896,27466400
2015-10-07,46.45646286010742,47.03640527606646,45.50809366501554,46.46328712057598,40003100
2015-10-08,47.34342956542969,47.5344672164262,46.081212052443654,46.36776852893843,27071700
2015-10-09,47.036399841308594,47.50035059723792,46.743019139685856,47.445766930567416,25985700
2015-10-12,46.42918014526367,47.11827955453109,46.00616445208698,47.11146049887292,21746200
2015-10-13,45.944759368896484,46.63386402637728,45.81512963331681,46.07439430986248,20837800
2015-10-14,46.340492248535156,46.511062380667916,45.740087257367286,45.842430377724405,15176700
2015-10-15,47.1728630065918,47.193330584240464,45.97204813247221,46.128974903421955,19508200
2015-10-16,47.2342643737793,47.45941290197836,46.586095007889774,47.33660224778558,20031200
2015-10-19,46.29954147338867,46.7907841211783,46.053920149493855,46.763492284591585,19500200
2015-10-20,46.42918014526367,46.64750965020319,45.958405035549774,46.20402637927998,13756500
2015-10-21,45.85606002807617,46.449645784887664,45.808300613531735,46.22449202829857,14662100
2015-10-22,46.68162536621094,46.79761178901165,46.088044728709356,46.10851230856989,18740700
2015-10-23,46.57245635986328,47.009115350662235,46.16308920666248,46.46328900947066,15631000
2015-10-26,45.433040618896484,46.483752857913075,45.4193973038846,46.483752857913075,11836100
2015-10-27,44.88721466064453,45.03731713642934,44.423263919757325,44.80533916329334,21107300
2015-10-28,45.883358001708984,46.19038210692643,44.83946979750592,45.20107758532669,19756500
2015-10-29,46.11532974243164,46.54516972592567,45.64455980604314,45.7127868049733,9753600
2015-10-30,46.41551971435547,46.91358653507116,45.81511503116399,46.360936050778605,14257200
2015-11-02,47.50035858154297,47.74597991746159,46.067565720222404,46.13579791772211,15386900
2015-11-03,48.71482467651367,49.07643247848067,47.81421469987233,47.834682280302665,21327200
2015-11-04,48.27815246582031,48.89902479318567,47.91654476229974,48.76257082387479,17718800
2015-11-05,47.86878967285156,48.5715375684604,47.65045497363215,48.039359752577425,16233500
2015-11-06,47.62317657470703,47.81421426416486,46.920423352220524,47.4457822036162,13761200
2015-11-09,47.15238952636719,48.03935595294205,46.95452762488863,47.51399723392322,12687000
2015-11-10,47.254737854003906,47.67092927825838,46.77713849228627,46.95453283837487,12685400
2015-11-11,46.25177764892578,47.31613314735473,46.142610312992,47.24790616508866,14369700
2015-11-12,45.20106506347656,45.924280438768974,45.11918956225316,45.603607899041954,19311500
2015-11-13,45.01685333251953,45.426220442780625,44.48467036325637,45.05096422189991,17779600
2015-11-16,46.51787567138672,46.56563508890348,44.92133690439496,44.95545300492955,17363100
2015-11-17,46.00615692138672,46.58609408594806,45.83558686090484,46.39505645106999,15228900
2015-11-18,46.76350021362305,46.82490295231516,45.89018211631432,46.326841164968684,20951500
2015-11-19,46.13578796386719,46.74301691182619,45.753707520769325,46.490571369545876,18912500
2015-11-20,45.64455795288086,46.36094922064161,45.596798535030146,46.14944397092931,14214000
2015-11-23,45.97203826904297,46.23130807799497,45.31023084372279,45.60360633425713,16407300
2015-11-24,46.95452880859375,47.16603403033351,46.101678455919945,46.19037301865926,18943100
2015-11-25,46.57245635986328,46.9613559362119,46.28589466777552,46.558807838371315,11100600
2015-11-27,46.238136291503906,46.42917915898046,46.07439046762418,46.197201136880444,8376400
2015-11-30,46.408714294433594,46.859021893665684,46.23814418055237,46.42918708062423,17605300
2015-12-01,46.77714538574219,46.818085751879565,46.33366726324503,46.44965368896316,13797000
2015-12-02,45.33069610595703,46.647497040687334,45.18059363587618,46.47010273919319,25428100
2015-12-03,44.42327117919922,45.69913722648127,44.20494168930244,45.54903472616742,24219200
2015-12-04,44.14352798461914,44.40279779868335,43.311147889203305,44.00707402329006,32839300
2015-12-07,42.465126037597656,43.113290225491546,41.857894398343355,43.051884895800335,32800400
2015-12-08,42.02846908569336,42.601584691529766,41.10739164184946,41.53040473579992,27336900
2015-12-09,42.58112716674805,43.481737245305986,41.98071958014488,42.21951932386008,28756900
2015-12-10,42.854034423828125,43.488555427184146,42.30820800176765,42.60158879268251,38914900
2015-12-11,41.25067138671875,42.27409196258788,41.209736229407575,42.11716778661112,29004000
2015-12-14,41.46900177001953,41.68733128922958,40.60932961346661,41.05281031068376,39116600
2015-12-15,42.51288986206055,42.71074918698733,42.00117959574987,42.05576067075598,29070300
2015-12-16,42.233150482177734,42.79262010500759,41.782845600322176,42.34913688078486,28751200
2015-12-17,41.19609069824219,42.342321962249954,41.19609069824219,42.26044644146858,29074800
2015-12-18,40.47458267211914,41.26631046101386,40.460813150625185,41.23877404429364,27139200
2015-12-21,40.51587677001953,40.83945386489644,40.07526271604829,40.48145428947808,24015000
2015-12-22,40.99091720581055,41.25253016707654,40.46080258492891,40.66045665505323,25291500
2015-12-23,42.77403259277344,42.801569004573054,41.672494706504985,41.81707334322226,30210500
2015-12-24,42.38850402832031,42.88419632644347,42.2370419091676,42.82911823719964,7215300
2015-12-28,41.61742401123047,41.87215357678229,41.40400038123069,41.65184649961301,12553900
2015-12-29,41.90656280517578,42.45733032382624,41.67937235272414,42.33340993011324,15106300
2015-12-30,41.34203338623047,41.920340043914734,41.30072745613906,41.32826386744427,15051200
2015-12-31,41.52792739868164,41.748234496849626,41.01846821901859,41.14927473784715,19202400
2016-01-04,41.51415252685547,41.84461313152116,40.825692277235085,41.4177685121114,21808700
2016-01-05,41.672515869140625,41.72070789709743,41.02536390352884,41.48663120719214,15529200
2016-01-06,40.06839370727539,40.77062359365885,39.73104697338092,40.68800645907171,26962100
2016-01-07,39.09077453613281,40.19231257900259,38.925545536776276,39.29042865110058,28081900
2016-01-08,38.58820724487305,39.51074434210878,38.44363118237229,39.42124374930291,19227100
2016-01-11,37.762046813964844,38.794737275162795,37.28701014727014,38.74654526374164,28444700
2016-01-12,37.8515510559082,38.47116644315516,36.80509097203994,38.34724336570577,35594100
2016-01-13,36.942787170410156,38.58820720470504,36.54348148016637,38.31282460398095,33958400
2016-01-14,38.533119201660156,38.87046323741848,36.73623761435225,37.32142774853474,38074300
2016-01-15,37.41781234741211,37.775811981182734,36.7086991528617,36.922122769032846,36880200
2016-01-19,36.6123161315918,37.879083090639156,36.02712597237205,37.7000819557777,35872300
2016-01-20,35.64158248901367,36.17858056874752,34.37481570055744,35.889428564665316,51307400
2016-01-21,36.7500114440918,37.197509062049456,35.36620477434557,35.600281380725804,43670700
2016-01-22,38.37478256225586,38.636395614553315,37.48666804579009,38.09251391279014,38622500
2016-01-25,36.58477783203125,38.608852679224974,36.55723879130009,37.64500726377392,29120000
2016-01-26,37.96857452392578,38.01676651950239,36.76376938197685,37.245689337742995,25354900
2016-01-27,37.78957748413086,38.8429206807746,37.31454092268247,37.706963000893545,36494500
2016-01-28,38.93931198120117,39.37304003994423,38.16135117741646,39.221580573545374,38171900
2016-01-29,40.075279235839844,40.11658780527792,38.89112913422969,39.00816614156891,31498200
2016-02-01,39.407470703125,39.70350623079958,38.822277843027656,39.407470703125,27685100
2016-02-02,38.09250259399414,38.62261461555043,37.89973195988835,38.44361612630985,25231200
2016-02-03,39.44878005981445,39.483202554268594,37.25259234791722,38.643282659262006,36440700
2016-02-04,39.42811584472656,40.27492157290219,39.2422312761611,39.531383298640336,37056100
2016-02-05,38.51246643066406,39.06323674585211,38.188891890698706,38.89800512604219,30241000
2016-02-08,38.31281661987305,38.553776673575854,37.176856078091,37.74827938582567,34806700
2016-02-09,37.3902702331543,38.20265338856009,36.79130803511086,37.74138374039791,37411300
2016-02-10,37.23882293701172,38.085628909219736,36.83951464659096,37.280131506241865,30215800
2016-02-11,37.08047103881836,37.36273964809428,36.05466406778093,36.5916648711423,47986900
2016-02-12,38.058074951171875,38.22330653708351,37.25257786380344,37.58992185506703,25782000
2016-02-16,38.436729431152344,38.81538196865732,37.8790757932703,38.69834238360049,33800200
2016-02-17,39.696624755859375,39.868739848041606,38.74654871165845,38.898010833184536,29280000
2016-02-18,39.200923919677734,40.09592430528369,39.00815589878652,40.033962780530466,28832300
2016-02-19,39.11144256591797,39.125212091286855,38.34725097868964,38.67771170873759,25128800
2016-02-22,40.10969543457031,40.28869658110291,39.68285078911715,39.85496586202364,24708300
2016-02-23,38.73966979980469,39.91693653788056,38.67082217910926,39.72416845246973,21455000
2016-02-24,39.132083892822266,39.221584467945156,37.913508836214206,38.01677893260736,25279800
2016-02-25,39.16650390625,39.26977399611308,38.40231259481214,39.01504180812214,18588900
2016-02-26,39.40058898925781,39.93070382064964,39.26978245668115,39.820550259988224,21155100
2016-02-29,38.95308303833008,39.669079717673085,38.91865792408021,39.55892618036897,22983300
2016-03-01,39.97201156616211,40.0339731068977,38.82916741302524,39.22847307733504,23643000
2016-03-02,40.949615478515625,40.97715451890298,39.5313864137763,39.72415707022033,26795000
2016-03-03,41.56922912597656,41.644960170938674,40.76372929696831,40.78438488958264,24395600
2016-03-04,41.968528747558594,42.567490949473765,41.35579965420655,41.80329978764659,30551600
2016-03-07,42.953033447265625,43.001225453396366,41.74822804146229,41.94788213901387,33360500
2016-03-08,41.14927291870117,42.62946100493875,41.08042531214996,42.601924588585916,29817600
2016-03-09,41.817073822021484,42.35407193913723,41.19745858975927,41.70692029476012,25467600
2016-03-10,41.85150146484375,41.89969347481831,41.094193573603796,41.63807783047959,28623600
2016-03-11,42.93239212036133,43.0769681779504,42.35408526373695,42.402277282933305,24783600
2016-03-14,42.65011978149414,42.8015792746695,42.23015854214186,42.39539018392244,21766100
2016-03-15,42.56749725341797,42.57438070015579,41.76199741919049,42.06491897473435,21719600
2016-03-16,43.30414962768555,43.400533639928,42.526188830451325,42.82222694020592,26970400
2016-03-17,43.89622116088867,44.254220779750774,43.26283903800996,43.655261141590735,28160800
2016-03-18,44.02243423461914,44.272047320812206,43.61334237402585,44.23044646228952,30474000
2016-03-21,43.86986541748047,44.161081839385176,43.3845020692885,43.849065000206544,16698500
2016-03-22,43.62718963623047,44.02241614492233,43.32904057426373,43.35677358687648,14180100
2016-03-23,42.67034149169922,43.474657203155516,42.58713450274214,43.31518110851538,18873800
2016-03-24,42.87834548950195,42.87834548950195,41.8798856177671,42.08096252348612,15516000
2016-03-28,42.649532318115234,43.01008795027273,42.35138324125338,42.8922153669806,11564900
2016-03-29,42.85060119628906,42.885269438908,41.92147801100791,42.17109358989201,14366900
2016-03-30,42.93381881713867,43.41918229931937,42.684205805891466,43.23890579480446,15744800
2016-03-31,42.913021087646484,43.245841101884416,42.698076316273976,42.767412827358335,14046400
2016-04-01,42.3375129699707,42.46232078332774,42.0254934365781,42.17110167048869,14804800
2016-04-04,42.0255012512207,42.70500911417582,41.90069341465564,42.261249093063775,15809500
2016-04-05,41.74121856689453,42.03937033590951,41.56093939980627,41.67187940839195,16048800
2016-04-06,42.642601013183594,42.649533605637934,41.76894888794097,42.080965803730265,18218800
2016-04-07,42.39298629760742,42.705005865282374,42.03936588425458,42.30978196123349,13927100
2016-04-08,43.24582290649414,43.481570648017346,43.03087822555817,43.190354249968394,17666500
2016-04-11,43.06555938720703,43.724266743063055,43.06555938720703,43.59252368488103,16235700
2016-04-12,44.348304748535156,44.604855636560394,43.14183263113663,43.23196955880354,27630400
2016-04-13,44.55632400512695,44.68806179102588,44.01548916000566,44.32750875430287,18702900
2016-04-14,44.660335540771484,44.75047248576347,44.396849364577996,44.74353724690646,17435500
2016-04-15,44.05709457397461,44.48698943152431,44.00162324589652,44.410717677926186,14221200
2016-04-18,44.78512191772461,44.89606453920061,43.044753186111556,43.148757926218785,20685800
2016-04-19,45.67958068847656,45.728116766819,44.833666935942006,45.04167643310855,17341400
2016-04-20,46.08867645263672,46.44229948581275,45.29129346372588,45.43690170326049,21088300
2016-04-21,45.818267822265625,46.34522954885104,45.72119564684006,46.151085197999905,19335100
2016-04-22,46.48390579223633,46.65724971063367,45.89453752769267,45.9292031373502,15764500
2016-04-25,45.96387481689453,46.331363083726075,45.61718697421773,46.32442784566227,17234300
2016-04-26,46.698856353759766,46.71965678014301,46.11642325487987,46.22736062560294,13585700
2016-04-27,47.586368560791016,47.690375965436495,46.9068633918417,46.94152900003263,21962400
2016-04-28,46.879127502441406,47.71811139309006,46.69884835460497,47.37142357265493,15555200
2016-04-29,46.8028564453125,47.440760774662095,46.08868037114541,46.98313559579353,24107400
2016-05-02,46.75432205200195,46.91380078512439,46.17881897121814,46.71965115218159,15066000
2016-05-03,45.651859283447266,46.206562029142255,45.367577961555725,46.12335503027678,16158100
2016-05-04,44.99313735961914,45.99852975408565,44.722721328278894,45.67957764763396,18605400
2016-05-05,45.36063766479492,46.00547728650027,44.98621414670438,45.75586160777324,14352000
2016-05-06,45.256622314453125,45.811324901030616,44.951540652867834,45.069413233253876,12545500
2016-05-09,44.5979118347168,45.097143039849875,44.02934413776751,45.00007089330014,16020800
2016-05-10,45.381439208984375,45.3953096859429,44.80594137609316,44.82674180149397,10351400
2016-05-11,45.52011489868164,45.92227406665436,44.90301096060201,45.27049922821835,14214800
2016-05-12,45.64492416381836,46.27589330778472,45.305166257799634,45.92920545350696,12477200
2016-05-13,45.0624885559082,45.79053521014394,44.965416374015064,45.44384733480067,12371900
2016-05-16,45.825199127197266,45.970812684683494,45.520117405414645,45.65185519594286,13727700
2016-05-17,46.04014587402344,46.39376894945308,45.68652279859379,45.83213105552681,15837300
2016-05-18,45.59638977050781,46.18575808667776,45.30516794166262,46.03321457872005,20583200
2016-05-19,45.60331344604492,45.7073208498945,44.7157934745963,45.13875303755796,16854900
2016-05-20,45.87372970581055,45.970801861255254,45.464635373548646,45.74198665626313,9833500
2016-05-23,45.755863189697266,45.95694278729248,45.44384622551949,45.60331968186385,10272500
2016-05-24,45.98468017578125,46.255096298885256,45.70039886509839,45.99161541458929,11302900
2016-05-25,46.71271514892578,46.7820516495419,46.220419117504704,46.262019959867196,14255500
2016-05-26,46.51858139038086,47.09408459264108,46.37297310246642,46.89300496931988,10716800
2016-05-27,46.546302795410156,46.58097369192498,46.095612880933956,46.352158471013745,9258700
2016-05-31,46.366024017333984,47.02472866081244,46.15800924042735,46.65724047297485,15406100
2016-06-01,46.37990188598633,46.518574915162716,45.797468815401125,45.91534141920476,16695700
2016-06-02,46.31749725341797,46.34522762521416,45.85293153026471,46.02627544919212,12850000
2016-06-03,46.13721466064453,46.56017421453217,45.86679859045883,46.31749380411374,12157700
2016-06-06,47.15647888183594,47.19807972753391,46.504704085707324,46.58791106713959,18223800
2016-06-07,48.224281311035156,48.34908914672151,47.29515513647305,47.309025612680806,15618300
2016-06-08,48.113338470458984,48.7165772222203,47.98159539719191,48.51549763829986,18129700
2016-06-09,47.74585723876953,47.98853770683593,47.51010671976398,47.55864281337727,12340600
2016-06-10,46.71271514892578,47.5586289204998,46.65030859534615,47.253547259781726,14490200
2016-06-13,46.57404327392578,47.20501768354111,46.435370253589284,46.48390633971072,11573800
2016-06-14,46.546302795410156,46.78205325363157,46.01934114063022,46.37989413021839,12202500
2016-06-15,46.435367584228516,46.99700016135323,46.10948018613125,46.37296102563892,16829500
2016-06-16,46.21348571777344,46.282822221146205,45.305160066470954,45.93613441424623,19993700
2016-06-17,46.685302734375,46.77603320508561,46.41310599737254,46.69228363977447,17435900
2016-06-20,47.09009552001953,47.46000351899738,47.04822075028437,47.3553112697905,10913200
2016-06-21,47.6484489440918,47.74616562237965,46.84582073027867,46.98540685662807,11222300
2016-06-22,47.38323211669922,47.85783239051338,47.341357344702736,47.85783239051338,10258200
2016-06-23,48.16493606567383,48.17889255031384,47.69731129474621,47.87877754428722,9538500
2016-06-24,46.60851287841797,47.145930588892064,46.26652317848734,46.30839794688367,26879900
2016-06-27,45.11491775512695,46.015262522416265,44.745009779197645,45.97338775529028,21659700
2016-06-28,46.37122344970703,46.37819902906779,45.69421951083178,45.959435298023536,14550400
2016-06-29,47.250633239746094,47.529810880021216,46.65738408220559,46.65738408220559,16354400
2016-06-30,47.62751770019531,47.65543599403972,46.950513717861114,47.048230408751586,12132300
2016-07-01,47.87877655029297,48.05326189145648,47.5367867725761,47.57168597075682,12678800
2016-07-05,46.915611267089844,47.40416800787379,46.44799191164391,47.2366636003006,15069900
2016-07-06,47.118019104003906,47.15291297441547,46.32236644039392,46.643418802476056,15897500
2016-07-07,46.636436462402344,47.697304872925876,46.308403206390956,47.39719523217525,14097800
2016-07-08,47.25761032104492,47.42511476170743,46.79697177800547,47.05520668134556,11567900
2016-07-11,47.34834289550781,47.73221280255348,47.306468114692066,47.50887176341883,9750400
2016-07-12,48.52088165283203,48.730266193578856,47.96253175229061,48.06024311800711,15524500
2016-07-13,48.102115631103516,48.64650902156596,47.655433601756386,48.38129323066292,12546200
2016-07-14,48.346397399902344,48.5976567245122,48.206811252839174,48.47900796702149,10898600
2016-07-15,48.318477630615234,48.63254907974377,48.13701140507437,48.52087591791264,9129500
2016-07-18,48.35338592529297,48.37432331816519,47.87180458974766,48.178900551529715,9401100
2016-07-19,48.081180572509766,48.31150250267056,47.899714325273685,48.23472852595029,6991900
2016-07-20,48.01138687133789,48.24868437818558,47.487930850487984,47.88575721333911,11555000
2016-07-21,47.53678512573242,48.318481344017414,47.41813637582046,47.87877489160155,9256900
2016-07-22,47.683353424072266,47.76012739953607,47.376257522217074,47.64147864649928,7990600
2016-07-25,46.73414993286133,47.4739660246939,46.55966460366537,47.36927908707206,12771700
2016-07-26,47.006343841552734,47.048223938995314,46.43403220861801,46.46195049862328,12393900
2016-07-27,46.54570770263672,47.41115343671988,46.34330408360113,47.06916368552784,16177900
2016-07-28,46.55269241333008,46.776033463511396,46.22466440593146,46.4898802389997,10863500
2016-07-29,47.02727508544922,47.083111658166764,45.84775810478586,45.88963287188969,16501800
2016-08-01,45.477867126464844,46.65040364255841,45.317338251121186,46.615509765219805,30648500
2016-08-02,45.889644622802734,46.112985645994954,45.06607360136828,45.79891416255496,25600100
2016-08-03,46.77602767944336,46.79697039316782,45.71515915348096,45.89662539833624,23905600
2016-08-04,46.706233978271484,47.02728636107237,46.441018181575956,46.60154171054143,16790200
2016-08-05,47.13198471069336,47.19480220938531,46.65040341191403,46.73415830187975,11426800
2016-08-08,47.76012420654297,48.081176571168605,47.44605274600278,47.46000922930405,21663400
2016-08-09,47.50886535644531,47.96950918277839,47.320423543317034,47.89273521172288,11128400
2016-08-10,46.99238967895508,47.71126837625584,46.894678321547374,47.60657611478484,18036800
2016-08-11,47.683353424072266,47.88575705712501,47.090104334018356,47.19479660282081,17429700
2016-08-12,47.94856643676758,48.09513879949438,47.6833506527694,47.808980303056885,10189700
2016-08-15,48.33243942260742,48.43015078750829,48.08118010575661,48.22076624850927,10703400
2016-08-16,48.409217834472656,48.562765800492684,47.955554841650894,48.248688963214306,10242800
2016-08-17,48.55577850341797,48.58369679582561,48.12305295840424,48.171908638900156,14719500
2016-08-18,49.5538330078125,49.5538330078125,48.67442546628783,48.723281144990885,24148500
2016-08-19,49.14203643798828,49.393290340381284,48.96057025721789,49.393290340381284,11045700
2016-08-22,48.576717376708984,48.80703930246162,48.35337635548915,48.71630884301511,14136700
2016-08-23,48.918701171875,49.044330813761285,48.57671143974485,48.57671143974485,12456200
2016-08-24,48.7232780456543,48.967561748500074,48.597648404856486,48.64650408045179,16452600
2016-08-25,48.59067153930664,48.79307513994682,48.4301427095337,48.64650279217324,11895800
2016-08-26,48.42317199707031,49.05132031662236,48.192855383959774,48.67443132489113,14575100
2016-08-29,48.75120162963867,48.7930817310323,48.22774562361205,48.28358220889032,7394000
2016-08-30,48.58369064331055,49.05131000096334,48.402224428076195,48.86286820716281,7132900
2016-08-31,47.81596374511719,48.381294538981955,47.550742622172265,48.31150146842222,13232800
2016-09-01,47.676368713378906,47.78804187781833,47.299479770700195,47.6135565520339,16668500
2016-09-02,48.21379089355469,48.3324396479346,47.9136758928543,48.143997821852984,10794400
2016-09-06,48.93964767456055,48.98152245014382,48.2975376080218,48.33941770847481,12844100
2016-09-07,49.21882247924805,49.323514748466636,48.946625774201706,49.1629912172188,15094500
2016-09-08,50.14011001586914,50.20990841910051,49.295601520501066,49.532904376772485,18005300
2016-09-09,48.646514892578125,49.82603759751328,48.646514892578125,49.67248963298084,21771800
2016-09-12,49.12810134887695,49.37936071276906,48.21379969546851,48.30453017275748,21972900
2016-09-13,47.725223541259766,48.61161196237839,47.58563741306712,48.59067457563644,24580400
2016-09-14,47.1599006652832,48.241711976248524,47.041251904043754,47.6694002354149,26470200
2016-09-15,47.746158599853516,48.095129189269656,47.27155838525282,47.348327016045246,16477400
2016-09-16,47.36067199707031,47.53621193087273,47.05172535637454,47.05172535637454,17394400
2016-09-19,47.332603454589844,47.880287342883044,47.32558035531412,47.74687524192004,11797500
2016-09-20,46.9885368347168,47.599417845216365,46.95343205573349,47.276424950474926,14132900
2016-09-21,48.07689666748047,48.097960610618976,47.33962651529833,47.395800601704835,20260900
2016-09-22,48.133060455322266,48.7720231410525,48.09092722100436,48.59648317638255,13315900
2016-09-23,47.49409103393555,48.336680697071785,47.22024912556355,47.90134502584165,23075200
2016-09-26,47.2834358215332,47.90836293846495,47.19215698097429,47.65558499547458,13240200
2016-09-27,46.96746826171875,47.093857239108274,46.44084841543811,46.81299224968111,19410200
2016-09-28,48.9967155456543,49.0669304622095,46.84108492937552,47.24131584650041,41143400
2016-09-29,48.9124641418457,49.467165781938895,48.470099949773235,48.961615123514285,27001600
2016-09-30,49.57949447631836,49.83929548144251,48.940526608466975,49.25650167259956,14714500
2016-10-03,49.54439926147461,49.74100317012257,49.13012750497423,49.66377051205778,13154900
2016-10-04,49.03883361816406,49.70588858468825,48.84222974830133,49.58652271470783,11852800
2016-10-05,49.790157318115234,50.02186599624501,49.48822836964756,49.53737934465139,13351200
2016-10-06,49.86738967895508,50.09910371277402,49.4180078081238,49.937609948879214,11175800
2016-10-07,49.57949447631836,50.085050293288,49.43204158921107,49.87440025053294,11744400
2016-10-10,50.3588981628418,50.54146119794632,49.57950041122477,49.57950041122477,11534500
2016-10-11,49.78313064575195,50.2676172625644,49.509288753667576,50.183361515494816,13712200
2016-10-12,49.57249069213867,49.74803067713708,49.15119579955354,49.57249069213867,10439100
2016-10-13,49.298641204833984,49.55141917313862,48.65265544452411,49.26353642743602,13543400
2016-10-14,49.010765075683594,49.71292500308849,48.97565493649131,49.551425862681114,11372400
2016-10-17,48.772029876708984,49.17928393668015,48.505211022101314,49.02480788930796,7425000
2016-10-18,48.9686279296875,49.36184110045444,48.750960083818875,49.25651604833732,6945100
2016-10-19,49.66377639770508,50.04293806242926,49.298650218040905,49.34780120102777,14315900
2016-10-20,49.60759353637695,49.81122053187515,49.095014498460195,49.368856406220495,12494500
2016-10-21,49.284610748291016,49.36886651744017,48.99672258488337,49.284610748291016,14238500
2016-10-24,49.13714599609375,49.45311576864138,48.59647994095587,49.28459891375293,10668400
2016-10-25,48.9124641418457,49.64972886687444,48.82820302024732,49.12310891025882,13227100
2016-10-26,49.02480697631836,49.2284340025118,48.392861956589634,48.47712307823854,17867800
2016-10-27,48.84223937988281,49.30566747056369,48.82819853943251,49.23545255420272,14206300
2016-10-28,48.70882797241211,49.45311565712413,48.39987594160144,48.75797894485434,18558400
2016-10-31,48.18220901489258,48.79308463279471,48.097947907536906,48.533288926626426,12973800
2016-11-01,48.18923568725586,48.70883791000214,47.662615722053374,48.54031566405752,18824800
2016-11-02,47.65558624267578,47.901341094499806,47.04470530495263,47.7328242471139,22983000
2016-11-03,47.84517288208008,47.929433994612666,47.39579099601556,47.65559207520006,12748100
2016-11-04,47.58537673950195,48.069868811980925,47.29749394999567,47.60644603761185,17554100
2016-11-07,48.61052703857422,48.63860871736451,48.12603504509952,48.12603504509952,14799500
2016-11-08,48.67372131347656,48.94756323049537,48.30157744455636,48.37179235919241,11208700
2016-11-09,49.4671630859375,49.83228923590892,48.2734933921535,48.84224120004347,25993800
2016-11-10,49.67781448364258,50.04995838518982,49.26354270103114,49.432059582342994,20634800
2016-11-11,48.772029876708984,49.48121293189252,48.37179891626982,49.38291096666573,17659700
2016-11-14,49.04587173461914,49.095022717136096,48.329670938364124,48.59648979244828,12572000
2016-11-15,50.42911148071289,50.457198512696046,49.43204595205191,49.47417382149985,19228700
2016-11-16,50.07804870605469,50.6538196655621,49.92357265595787,50.31678588085579,16609100
2016-11-17,49.74100112915039,50.8293510378648,49.61461749910939,50.499335051723484,10338000
2016-11-18,49.94462585449219,50.22549085270204,49.6637662133366,49.916538818965776,11962300
2016-11-21,51.13129806518555,51.18747215865658,50.646805883846575,50.646805883846575,16875400
2016-11-22,51.103187561035156,51.39809338080565,50.485288887651194,51.14531543327267,16013200
2016-11-23,51.313846588134766,51.475340364587446,50.80126750592412,50.85744158340979,11462000
2016-11-25,51.06106185913086,51.20851477528353,50.80828390085364,51.09616663513625,8791800
2016-11-28,50.35188293457031,51.320861613154285,50.26060408127948,51.306820773053616,18790100
2016-11-29,49.73398208618164,50.035911027616294,49.20033911496017,49.58652916460486,18361700
2016-11-30,52.26175308227539,52.746245048835725,51.461291354860776,51.461291354860776,44854800
2016-12-01,52.388145446777344,53.40627505943621,52.34601757115279,53.230735101594725,27382400
2016-12-02,52.54261779785156,52.78837265025816,52.21260184302528,52.36005475446924,18338800
2016-12-05,53.00605010986328,53.434368083559505,52.79540535108062,53.02009630801511,22535100
2016-12-06,52.907745361328125,53.118395466058715,52.36708461619982,52.68305441624101,16963500
2016-12-07,53.32902908325195,53.40626708172892,52.788368450966765,52.788368450966765,16008300
2016-12-08,53.61693572998047,53.68715065555919,53.05520561123985,53.46948277914853,14600200
2016-12-09,53.78543472290039,53.89778285208105,53.476488081760884,53.89778285208105,8974800
2016-12-12,54.03823471069336,55.0844516446675,53.81354371768437,54.97913192689441,16130200
2016-12-13,54.64909362792969,55.042301366475456,53.94693389078159,54.4454666613103,16028600
2016-12-14,53.55373001098633,54.60696979795546,53.406277083657194,54.3893019562393,19851400
2016-12-15,53.673099517822266,53.869703414552774,53.02710839806637,53.329037341489474,20251800
2016-12-16,54.00626754760742,54.05567837156997,53.73097790190523,54.05567837156997,17864900
2016-12-19,53.75922775268555,54.04863254576043,53.65334584873041,53.94981087150292,7113200
2016-12-20,53.639217376708984,54.105095530367784,53.4909848874657,54.03450940006763,8982100
2016-12-21,53.72393035888672,53.97098453703162,53.455700877668995,53.75216589144287,8102700
2016-12-22,53.94274139404297,54.08391903690591,53.653336650582666,53.75921853638577,10970400
2016-12-23,53.89332580566406,54.00626790997966,53.7733288588607,53.8580354370974,6398100
2016-12-27,54.01332473754883,54.19685297111867,53.92862354157516,53.97803436768518,10008900
2016-12-28,53.427459716796875,54.15450710105127,53.38510372973604,54.13333180020916,8093700
2016-12-29,53.32157897949219,53.50510723305089,53.13099049704134,53.349814509684045,6697400
2016-12-30,53.166282653808594,53.568629507371995,52.99687486951252,53.27216453850978,8853300
2017-01-03,53.766265869140625,54.218023492445326,53.19451130519655,53.72391527488571,24623100
2017-01-04,53.65332794189453,53.90744227242509,53.476859955991394,53.80862063114938,11185500
2017-01-05,53.51922607421875,53.886277221806736,53.26511166997434,53.688633881922655,11141200
2017-01-06,53.568641662597656,53.752169945365566,53.21570555709346,53.688638645978465,7410500
2017-01-09,52.79217529296875,53.26510831005587,52.714528930715424,53.21569747820165,10960900
2017-01-10,52.31218719482422,52.869826857984286,52.26983658774636,52.74982988101216,9660800
2017-01-11,52.87688446044922,52.97570612897249,52.276888834644616,52.49571285955503,13127000
2017-01-12,52.65805435180664,53.22981437977941,52.44629596602626,53.173343322754086,10895600
2017-01-13,52.50275421142578,52.70040288305803,52.36864220168059,52.58746078498246,9906700
2017-01-17,52.82747268676758,52.954529897758775,52.62277448858273,52.66512509712063,9783000
2017-01-18,52.70746612548828,52.84864377058315,52.474527050114126,52.53805833675094,8725200
2017-01-19,52.41804885864258,52.728628832923604,52.29099170109004,52.70745353756072,9000900
2017-01-20,52.6157112121582,52.93335152855551,52.43924317296477,52.75688348936208,9182200
2017-01-23,52.05805206298828,52.48157412134095,51.803937750901646,52.375692260409,15207000
2017-01-24,52.62982177734375,52.85570063274698,52.16394899417689,52.262770656829765,11857200
2017-01-25,52.90510559082031,53.067458524513135,52.62981593465189,52.64393639082141,9410300
2017-01-26,52.94746780395508,53.159226203029185,52.83452568281415,53.07452499755024,8651700
2017-01-27,52.396873474121094,52.6792179256461,52.241580794557215,52.62275226656622,9950900
2017-01-30,51.436912536621094,52.185135394523705,51.07691618303228,52.15689985842087,13286400
2017-01-31,51.45807647705078,51.54277768127387,50.914551951528175,51.465136705861596,14007400
2017-02-01,51.07689666748047,51.8039439418589,50.75925643209938,51.73335782126041,18424300
2017-02-02,51.36630630493164,51.45807311735076,50.75220107290253,51.161608151172814,12880100
2017-02-03,51.810997009277344,52.07922638463275,51.26747264649462,51.570997769959305,11828600
2017-02-06,51.37335968017578,51.98747021566007,51.225127216860734,51.8110022280885,10521700
2017-02-07,50.64632034301758,51.38748816072451,50.37809089875175,51.147488859748606,14157800
2017-02-08,50.76631164550781,50.87925374759166,49.869856598064594,50.6463147010756,16148400
2017-02-09,51.338077545166016,51.49336487541145,51.069842714409475,51.069842714409475,9261600
2017-02-10,51.72630310058594,52.01571322684008,51.571010387510675,51.747478400482315,10405400
2017-02-13,51.82512664794922,51.84630194861821,51.521601439148306,51.620423099187995,7984900
2017-02-14,51.99454116821289,52.01571646942931,51.34513474710811,51.97336048161977,10771700
2017-02-15,51.789833068847656,52.06512273125381,51.62041990323138,51.839243895808345,8926600
2017-02-16,51.08396530151367,51.90983435770988,51.00631894046514,51.83924822549577,11375400
2017-02-17,50.80160140991211,50.97100915769109,50.63924850364981,50.82277670521258,11645000
2017-02-21,51.14750289916992,51.42279264751043,51.069856520368454,51.28162035080481,11802500
2017-02-22,50.37102508544922,50.963954965573635,50.3357293321855,50.90748929987786,11539400
2017-02-23,50.58279800415039,51.02043526585258,50.26515232332025,50.935734059266004,17390100
2017-02-24,50.10985565185547,50.406326007695455,49.855741281350554,50.215737537128575,13997600
2017-02-27,50.540428161621094,50.75925211786621,50.07455549696684,50.1592566803356,23686400
2017-02-28,50.3851432800293,50.625142569278644,50.243971028971686,50.39220350819503,14018400
2017-03-01,51.39454650878906,51.6274855971399,50.81573159509646,50.851027354680575,18997600
2017-03-02,50.90749740600586,51.39454548926885,50.886316719449475,51.14043110435916,10770300
2017-03-03,50.815738677978516,51.18279524145851,50.70280192524606,50.99220672974224,11166500
2017-03-06,50.92866134643555,50.99924746308097,50.53336939954525,50.73101806567815,8374700
2017-03-07,50.476898193359375,51.12629901177162,50.41336692559355,51.112183944143055,11461800
2017-03-08,49.163997650146484,50.568681758614304,49.14282234673589,50.27221674011145,25566200
2017-03-09,49.488685607910156,49.5169211337314,48.62752091917773,48.916931019813596,27770700
2017-03-10,49.4181022644043,49.869859932190955,49.128692147497354,49.80632864917735,17479300
2017-03-13,49.425148010253906,49.6651472563665,49.25574026235839,49.368682351205535,13078800
2017-03-14,48.867523193359375,49.05104604439039,48.436940822582514,49.043991201534276,26384800
2017-03-15,49.954551696777344,50.06749378508673,49.04398169031499,49.28397554990968,23205000
2017-03-16,49.60163116455078,50.060449116497026,49.46045889566434,50.060449116497026,16277500
2017-03-17,49.56542205810547,49.91337262921501,49.56542205810547,49.80685560035421,14243900
2017-03-20,49.49440383911133,49.600920860967825,49.10384864921189,49.40209197626545,12218700
2017-03-21,49.14644241333008,49.7642366692171,48.96181331082139,49.72872919723018,16717200
2017-03-22,49.075439453125,49.30267321827725,48.79849847114821,48.99732733844638,12419600
2017-03-23,48.87661361694336,49.29557369649229,48.82690639703619,48.9334234161746,11800400
2017-03-24,48.68489074707031,49.05414909150263,48.59257886980304,48.947632053005556,10442500
2017-03-27,48.4576416015625,48.59256350216786,48.18780321803168,48.22331069219517,11491300
2017-03-28,49.14644241333008,49.267159149798246,48.41503399890819,48.528648157443065,27922600
2017-03-29,49.8210563659668,49.90626564739487,49.004433106970254,49.13934960845826,18575200
2017-03-30,49.80685043334961,50.25421540693757,49.67903109551296,50.133498648336456,15912300
2017-03-31,49.63642883300781,49.94887190448939,49.40919504571174,49.64353141258355,19861200
2017-04-03,49.551204681396484,49.75003353015246,49.05413255950656,49.71453147440592,13133300
2017-04-04,49.913368225097656,49.95597286581029,49.181959665233926,49.65772954546053,12974000
2017-04-05,49.75713348388672,50.765482830922686,49.686123958459305,50.33231768283211,22733700
2017-04-06,50.15481948852539,50.29684403727706,49.821073988744764,49.95599053795563,13124700
2017-04-07,49.963077545166016,50.318130679843044,49.8849654221226,50.18320875500789,12580300
2017-04-10,50.33942794799805,50.566661714674275,50.133496500435164,50.24001351368222,10820900
2017-04-11,50.34653091430664,50.43884277040151,49.80684868266804,50.41754045112426,13891500
2017-04-12,50.133514404296875,50.71580147795818,49.97729011810052,50.39625574178003,11453600
2017-04-13,49.21746063232422,50.126395731855986,49.103846453723015,50.090893671278344,17656000
2017-04-17,49.32398986816406,49.37369709943087,49.082556292777234,49.203273080470645,8012200
2017-04-18,48.86240005493164,49.43048711418302,48.76298563221461,49.10383895130138,14750300
2017-04-19,48.14521408081055,49.07545169238835,48.01739471742964,48.98313981460056,18125400
2017-04-20,48.37953567504883,48.73458879133691,48.23751659560584,48.28722381517895,16235400
2017-04-21,48.138099670410156,48.37953317653074,47.89666074660924,48.17360172959713,14116100
2017-04-24,48.42215347290039,48.62098238297395,48.27303179034522,48.493163023972166,13350700
2017-04-25,48.83399200439453,48.94761157597424,48.39372970872158,48.54285133316042,15591000
2017-04-26,48.67068099975586,49.33108000148146,48.585466302936894,48.6067686227215,18737600
2017-04-27,48.138099670410156,48.34403111734377,47.655227240488664,48.29432390033775,20547700
2017-04-28,48.1735954284668,48.63516547896645,48.10258590170061,48.54995621391887,14426000
2017-05-01,48.038692474365234,48.294331176821835,47.9321754453948,48.159409245613865,9419400
2017-05-02,47.79724884033203,48.294326454360295,47.59841996179298,48.13810221617086,16435600
2017-05-03,47.93217849731445,48.15941231200187,47.55582299964606,47.69074493944473,16934800
2017-05-04,47.05164337158203,47.65523262273399,46.7462974561502,47.59842282040227,33944500
2017-05-05,47.79724884033203,47.87536095942675,47.05873770741509,47.08004544527052,18743800
2017-05-08,48.138099670410156,48.223314364283475,47.74753909559118,47.790149151368006,18948700
2017-05-09,47.74044418334961,48.23751637682623,47.598419686870166,48.23751637682623,10719700
2017-05-10,48.37242889404297,48.59966262657209,47.974765798857355,48.01737584836124,18259200
2017-05-11,48.27302169799805,48.62807479680813,48.20200674409176,48.54286010272879,11968700
2017-05-12,48.10969924926758,48.32983045682407,47.96768016394355,48.23751859313153,10708600
2017-05-15,48.48604202270508,48.905007424913386,48.32981781909111,48.826895323106406,13206900
2017-05-16,48.2446174621582,48.71328474182648,48.074188071660274,48.71328474182648,11693400
2017-05-17,47.76884460449219,48.37243924546045,47.747542284021435,47.96057632409031,15606800
2017-05-18,47.754642486572266,47.98897883544856,47.37828706317239,47.55581361516708,14115000
2017-05-19,48.34402847290039,48.44344290147441,47.87535580875426,47.9889753943703,15624500
2017-05-22,48.23751449584961,48.62807507383782,48.06709052440037,48.59967017564955,10339200
2017-05-23,48.35113525390625,48.41504763795158,48.09550197076823,48.36534041377459,9086800
2017-05-24,48.09550094604492,48.443451507870414,47.875364314224676,48.29432983851663,13480700
2017-05-25,47.22206497192383,48.45055115121352,47.05164099123138,47.97477585285608,23329200
2017-05-26,47.300174713134766,47.342779351745214,46.99482882850562,47.22206259722868,13199100
2017-05-30,46.668174743652344,47.051632695865884,46.64687242703154,47.051632695865884,14529100
2017-05-31,46.4693489074707,46.61136797259248,46.227909995547606,46.29891952810849,16093000
2017-06-01,46.76049041748047,46.930914382082705,46.3415303758166,46.49065202205358,17983700
2017-06-02,46.2208137512207,46.56166713897659,46.021984865730104,46.54746739759047,16542500
2017-06-05,46.306026458740234,46.47645043643968,46.06459294180606,46.07879268258078,12552500
2017-06-06,46.85280990600586,46.93091660448382,46.171103179954564,46.277620194505104,14835300
2017-06-07,46.192405700683594,46.88830667082502,45.8728546931176,46.66107292702866,22942100
2017-06-08,46.0574836730957,46.39833157898915,45.958069249070135,45.97226898778245,19569300
2017-06-09,47.165245056152344,47.3214692623127,46.156895711618525,46.1639982894475,23184200
2017-06-12,47.499000549316406,47.96767321481408,47.399586120455695,47.58421523877418,22924400
2017-06-13,47.854061126708984,47.9179735082362,47.41379328871548,47.641027078526115,15807900
2017-06-14,46.987728118896484,47.72623925104786,46.62557784093888,47.72623925104786,30280200
2017-06-15,46.632667541503906,47.009022917801786,46.426736116841354,46.77469201593313,19258900
2017-06-16,47.404151916503906,47.42560088521645,46.61050734427907,46.91080381620826,24621000
2017-06-19,47.103851318359375,47.39700177897177,46.98230352224167,47.29690295217167,15678400
2017-06-20,46.50326156616211,46.631960845924574,45.981312971853974,46.56046245827372,16063400
2017-06-21,45.75252914428711,46.631972626511065,45.502279269311444,46.36027104782989,27305500
2017-06-22,45.72391128540039,46.11715782210674,45.53801113732868,45.773957968357166,15431600
2017-06-23,46.03136444091797,46.08141386000264,45.60236864090966,45.73106792640991,14555500
2017-06-26,45.93125534057617,46.260152228931474,45.74535792943697,46.17435636108525,13603400
2017-06-27,45.85975646972656,46.303055117050874,45.852604995824606,46.09570601370448,14227500
2017-06-28,46.110015869140625,46.388863421339835,45.88836921354067,45.9169696618403,16859900
2017-06-29,46.21010971069336,46.71775533938381,46.11001087996438,46.245861630943914,19022400
2017-06-30,46.4174690246582,46.63196968323851,46.117172466628446,46.54616832881072,19643200
2017-07-03,47.31121063232422,47.5328627579383,46.53186881945701,46.58191824363217,18402800
2017-07-05,46.35311508178711,47.118159314253965,46.17436637836048,47.075255916046856,20988200
2017-07-06,45.838314056396484,46.56760630434881,45.73821522736336,46.43176101064789,20683600
2017-07-07,45.76681137084961,45.83115827419046,45.252014324216645,45.68816151900421,16036700
2017-07-10,45.91695785522461,46.02420814502655,45.60235845979929,45.70245727562074,14153800
2017-07-11,46.16720962524414,46.33166081378758,45.7096134331801,45.99561241696435,11899800
2017-07-12,46.29591369628906,46.73921243987553,46.09571602337178,46.6248106525071,14818600
2017-07-13,46.48181915283203,46.51756562421177,46.07427228525205,46.331670881089735,10056800
2017-07-14,46.760658264160156,46.84645414393475,46.46750779499137,46.51041118985576,10272500
2017-07-17,46.703460693359375,47.025206175333494,46.631962303473735,46.67486024640962,12214900
2017-07-18,46.48181915283203,46.953712941882394,46.28876747846473,46.939415444326116,14956800
2017-07-19,47.16105270385742,47.20395064294501,46.39600854525926,46.431760464483574,24802700
2017-07-20,47.0180549621582,47.597198947741994,46.8893556925866,47.425601739972144,17159300
2017-07-21,46.553306579589844,47.082401144132476,46.48895421830697,46.86075452688694,13047600
2017-07-24,46.46750259399414,46.724901114462114,46.36025230130308,46.65340273766023,10433400
2017-07-25,47.053810119628906,47.389858577543954,46.917964805242526,47.02520967055338,15479300
2017-07-26,47.103851318359375,47.64724884597202,46.975152047476826,47.31835192148927,21211400
2017-07-27,47.58290481567383,47.6043537862886,46.90365650133512,47.1181571174373,15815900
2017-07-28,47.52570343017578,47.997597143728605,47.34695473694057,47.42560459836224,14765000
2017-07-31,47.632957458496094,47.904653529648414,47.41130535218307,47.54000463956631,13519500
2017-08-01,47.62580490112305,47.89750096610453,47.41845575088289,47.661556823742124,12668700
2017-08-02,47.44705581665039,47.64010201430039,46.960859129817,47.38270344744875,15118500
2017-08-03,46.782108306884766,47.447053665271504,46.574759167712855,47.36840380368984,15327800
2017-08-04,46.932254791259766,47.06095406401367,46.69630521538145,46.80355551850587,9371000
2017-08-07,46.57476043701172,46.817861503519495,46.43176366022646,46.73206016446192,11437300
2017-08-08,46.46750259399414,46.87504934223901,46.331657314563515,46.4389021522781,10429100
2017-08-09,46.510398864746094,46.803543801255294,46.33879624071687,46.53899384710865,10437900
2017-08-10,46.017066955566406,46.66770940382026,45.93841708913234,46.589064992363745,15262100
2017-08-11,45.716766357421875,46.13146192156135,45.673868415176685,45.87406881311281,15990900
2017-08-14,45.58091735839844,46.002761661443934,45.52371646663649,45.802563995254395,11406700
2017-08-15,45.40931701660156,45.65241534950329,45.144769713219524,45.65241534950329,12725600
2017-08-16,44.97317886352539,45.55232296842129,44.880228765799394,45.42362367233575,16583300
2017-08-17,44.336830139160156,44.96602638065975,44.32253264212763,44.79442914138009,14796900
2017-08-18,44.558467864990234,44.8587670463608,44.19382178134907,44.222419495417704,18632700
2017-08-21,44.329673767089844,44.51557119892142,44.18667427395638,44.49412222957237,10375200
2017-08-22,44.62281799316406,44.7229168122429,44.422620355006394,44.45121806939444,15171800
2017-08-23,44.81586456298828,45.04466263116978,44.486967680913395,44.52986561401735,11526000
2017-08-24,44.84447479248047,44.95172237613954,44.64427439350384,44.65857461682279,10390500
2017-08-25,45.0446662902832,45.22341496603829,44.91596702554047,44.930267246899476,8220200
2017-08-28,44.84447479248047,45.216272416307106,44.60137645103569,45.066121435202454,9956000
2017-08-29,44.78727722167969,44.84447811919886,44.45838024341119,44.62997748099088,8727100
2017-08-30,44.80872344970703,44.94457420924895,44.48697796708169,44.61567725112732,8664400
2017-08-31,45.023223876953125,45.137622936992294,44.85162392315001,45.001772178047275,10333700
2017-09-01,45.45936965942383,45.609517909412084,44.980321736023505,45.09472079232246,11595500
2017-09-05,45.70962142944336,45.93126808953613,45.38787319827281,45.645271783209246,18114800
2017-09-06,46.453216552734375,46.581915844696596,45.91697041205478,45.938419384885506,17052100
2017-09-07,46.53900146484375,46.653403232922415,46.23155898682956,46.47465456153191,8640300
2017-09-08,46.0456657409668,46.4675100502715,45.83116512116543,46.43890960396616,10264700
2017-09-11,46.48181915283203,46.54616607430241,46.11717023289897,46.22442055699435,13551100
2017-09-12,46.76781463623047,46.86791347643366,46.496113108555235,46.61766092094801,9409700
2017-09-13,47.354103088378906,47.38269807703034,46.8178570440464,46.86790645665169,15893300
2017-09-14,47.58290481567383,47.90465028484983,47.43990258661329,47.44705406181063,14583400
2017-09-15,47.6951789855957,47.6951789855957,47.37644216179738,47.68069320911921,13068100
2017-09-18,47.89802169799805,47.92699877967198,47.550302244724044,47.58652497851977,12583500
2017-09-19,48.0936164855957,48.16605643600598,47.905268193077816,47.99944510274373,10504300
2017-09-20,48.419593811035156,48.54998791845573,48.187782678600065,48.23125106561582,18273800
2017-09-21,48.43408203125,48.557230478523344,48.21675669045104,48.354396441411254,8874100
2017-09-22,48.680389404296875,48.818029184884175,48.33992106975144,48.390629589944524,14647900
2017-09-25,49.383056640625,49.5279420396438,48.85424013294174,48.90494864089511,14833800
2017-09-26,49.361324310302734,49.455495672834154,49.12226755140058,49.259907296249594,10710700
2017-09-27,49.571407318115234,49.5858930953185,49.1295165014386,49.40479048280555,10918200
2017-09-28,49.614871978759766,49.91188292693998,49.4772377464834,49.68007179557558,11799900
2017-09-29,49.607635498046875,49.61487562403688,49.28164744364363,49.44101864444338,14287500
2017-10-02,49.5931396484375,49.607630952717194,48.89046061482945,49.07880888277289,12416800
2017-10-03,49.542442321777344,49.709059197729864,49.43377962240088,49.527956541040574,7239800
2017-10-04,49.506202697753906,49.687305292685956,49.33234575412667,49.54242542746535,10197600
2017-10-05,49.73078155517578,49.810467151719685,49.51345619608996,49.54243327908897,10161800
2017-10-06,49.31061553955078,49.53518099420845,49.14399871631873,49.25990703279541,11963300
2017-10-09,49.41203689575195,49.56416242938796,49.31061987332795,49.36857403665973,5764100
2017-10-10,49.45550537109375,49.933618982656476,49.404796854123205,49.75976199973086,7763700
2017-10-11,49.571407318115234,49.60038439933488,49.19471631588609,49.397550357610484,10287000
2017-10-12,49.39030456542969,49.455498852879025,49.115030584843986,49.19471617626858,10181100
2017-10-13,49.361324310302734,49.824946525063595,49.332347231028585,49.680066655505605,8893700
2017-10-16,49.46999740600586,49.75976273302797,49.36858037057021,49.5134602706743,7666900
2017-10-17,49.49897003173828,49.60038705803668,49.23093616119913,49.45550164417224,8377100
2017-10-18,49.151248931884766,49.665579698681114,49.09329476826492,49.46274565282489,7706300
2017-10-19,48.99911117553711,49.20194517080001,48.78903152992572,48.81076295415934,7591900
2017-10-20,49.093299865722656,49.12227695054133,48.76731733343675,49.10779117153889,9820200
2017-10-23,48.83975601196289,49.28889252475148,48.79629314927207,49.12952132580025,8655300
2017-10-24,48.933929443359375,49.15124926820095,48.83251241973732,49.0136150371786,9820200
2017-10-25,48.59345245361328,48.991874869784745,48.44132692815004,48.84699499605201,13522700
2017-10-26,48.69487380981445,48.854245001209854,48.40510850971494,48.615188214116756,9362200
2017-10-27,48.781795501708984,49.042583697576156,48.057385074703056,48.44132724353908,16188000
2017-10-30,49.035343170166016,49.17297739193474,48.441326845968916,48.441326845968916,11614800
2017-10-31,49.19470977783203,49.37581236627616,48.83974472517662,49.05707004203453,9649000
2017-11-01,49.75251770019531,49.98432885933998,49.469998022700686,49.491729455305816,17306300
2017-11-02,49.607635498046875,49.89015516244145,49.31062452804483,49.752515393239165,11328300
2017-11-03,49.75251770019531,49.94810612045544,49.53519232051607,49.585900838866024,11111900
2017-11-06,50.889835357666016,50.95502964689088,49.89015090185859,49.97707662082507,19100000
2017-11-07,50.82464599609375,51.04921149428071,50.55661210739584,50.97677154584754,13410300
2017-11-08,50.57835006713867,50.83189268278513,50.29583036301625,50.701498548050594,14246600
2017-11-09,50.73047637939453,50.81740764609537,50.31031688056238,50.382762366220376,12988900
2017-11-10,50.462440490722656,50.68700598785764,50.07849826487923,50.6435431243641,10534200
2017-11-13,50.172672271728516,50.513146087586435,50.11471810587749,50.32479781197735,7489800
2017-11-14,49.361324310302734,49.98431769766503,49.30337015175444,49.98431769766503,16527700
2017-11-15,48.80354690551758,49.02086678186996,48.6007072833816,48.919449734209266,17693100
2017-11-16,48.60794448852539,48.825269853918,48.47031024880279,48.65141287769209,12514000
2017-11-17,48.84699630737305,48.94841332707113,48.57896245427779,48.702116429750944,9172400
2017-11-20,48.73109436035156,48.832516920133976,48.51377451548183,48.78904852970901,7785300
2017-11-21,48.83975601196289,49.11503554717453,48.738338981141865,48.9194416114385,8464400
2017-11-22,49.035343170166016,49.23093155205468,49.00636609010605,49.12951453525123,9307500
2017-11-24,49.1729850769043,49.332356278734906,49.16574495086747,49.23093924608157,4990700
2017-11-27,48.67313766479492,49.020851569782444,48.571720648605826,48.96289741001357,10595800
2017-11-28,49.049835205078125,49.122275151064244,48.66589851721948,48.72385268473382,12113300
2017-11-29,49.317867279052734,49.412038652705434,48.92668495287371,49.02810197890381,13599300
2017-11-30,50.056758880615234,50.15093577230771,49.433765477718524,49.433765477718524,22303600
2017-12-01,50.4769172668457,50.82463669321812,49.94085511438382,50.411717456420284,21188300
2017-12-04,50.4551887512207,51.25203913775247,50.29581756855173,50.90431969130988,13575900
2017-12-05,50.23786926269531,50.63629726581349,50.17991509373017,50.45519463290773,10689800
2017-12-06,49.58589553833008,50.179911915566166,49.513455595118536,50.09298619443768,12061200
2017-12-07,49.73078155517578,49.81770727735934,49.49172476554407,49.53518762663585,8640000
2017-12-08,50.18716049194336,50.2088919234916,48.31093987742877,49.98432642840813,10696700
2017-12-11,50.54936981201172,50.810158065143796,50.252364345664404,50.28134143232509,11316700
2017-12-12,50.4117317199707,50.802914112766445,50.34653741791192,50.4117317199707,11758200
2017-12-13,50.339290618896484,50.5276389208046,50.19441071085284,50.41173057291831,9216000
2017-12-14,50.15817642211914,50.513141510683816,50.136444993597415,50.15093629715387,11782800
2017-12-15,50.11296463012695,50.51404001804937,50.04733067277811,50.51404001804937,10153400
2017-12-18,50.49946212768555,50.75469295351408,50.22235516873096,50.23693740294342,9660700
2017-12-19,50.5723876953125,50.86408247095137,50.45571312322601,50.732820100094635,6764200
2017-12-20,51.287044525146484,51.37454907168097,50.586980334792536,50.7401188548435,12254500
2017-12-21,52.37358856201172,52.526727042870874,51.257861370313485,51.30890753059987,16803100
2017-12-22,52.48298645019531,52.69446503657871,52.21316779233744,52.431940278559004,10660800
2017-12-26,52.94240188598633,53.02991199301798,52.563202549413354,52.67258879229907,8631100
2017-12-27,52.76737594604492,52.97156058848504,52.657989726562214,52.94968445731135,10855300
2017-12-28,52.84760284423828,52.84760284423828,52.66529429603192,52.7600927381977,7966800
2017-12-29,52.6944694519043,53.01532874466818,52.60695933736002,52.98616427010266,7356400
2018-01-02,53.5622444152832,53.62058448072447,52.78925802083842,52.95698431807835,14891400
2018-01-03,54.364410400390625,54.50296111147482,53.613294520780855,53.67163459050855,19299600
2018-01-04,54.692562103271484,54.72902603678638,54.13105424700188,54.327945022583,14306800
2018-01-05,54.670684814453125,54.71443708285525,54.21855764104285,54.61963864677898,14204400
2018-01-08,54.99882888793945,55.02799891660374,54.50294952787459,54.64879967119607,9779200
2018-01-09,54.86027526855469,55.122794385247374,54.77276518724793,55.108212153503146,9234500
2018-01-10,54.79465103149414,55.05717575834497,54.75089876489059,55.02071182709883,10822000
2018-01-11,55.91767883300781,56.11456961956091,54.78736359443934,54.98425994460787,18089500
2018-01-12,56.45730209350586,56.603152250142124,55.93225265684448,55.93225265684448,19819200
2018-01-16,55.74264907836914,56.62502155608601,55.64055676283918,56.588557630419345,16894900
2018-01-17,56.231239318847656,56.47188789608555,55.53846918104519,55.903086214333726,14007400
2018-01-18,55.77181625366211,56.15830936605985,55.669718379740154,56.019753131949855,11514600
2018-01-19,55.69890594482422,55.720787644163636,55.33428884644948,55.64785977359637,12962700
2018-01-22,56.90212631225586,56.924002441378875,55.75722919137068,55.7718169865285,17016700
2018-01-23,56.81462478637695,57.06985557893646,56.53021840196606,57.011515522461714,10184900
2018-01-24,56.6614875793457,57.164660890787424,56.46459681952029,56.88026003569811,12919700
2018-01-25,56.216651916503906,56.94588598819983,56.11455959155563,56.94588598819983,11718400
2018-01-26,56.5229377746582,56.61773620664516,56.2239491171678,56.34062924602691,7785300
2018-01-29,55.669742584228516,56.49378088607305,55.582238030840465,56.29688451371781,12647200
2018-01-30,54.54671859741211,55.35616897796767,54.502960763588,55.20302490500614,22751800
2018-01-31,54.58316421508789,54.78734884651002,54.20396498010592,54.692550428668014,15725300
2018-02-01,55.14469528198242,55.18115365584623,54.34982706657748,54.656104112388974,18011600
2018-02-02,52.84031295776367,54.26232307994536,52.54861814575595,54.13106069272268,31005400
2018-02-05,50.62343215942383,52.796552322974456,49.79210569319138,52.13294659164747,34767600
2018-02-06,51.024505615234375,51.3891226277044,49.51499140615301,49.75563996965061,32815200
2018-02-07,50.17131042480469,51.82666945374065,50.164016525684474,51.18494542153394,24603700
2018-02-08,48.65449905395508,50.42653810350772,48.632622921577756,50.222353449833264,27771100
2018-02-09,48.618038177490234,49.28164390722157,46.99913751652556,49.230597740597226,35174100
2018-02-12,49.41290283203125,49.95982839217977,49.01182186247652,49.245176545595314,24956900
2018-02-13,49.208717346191406,49.42019032988586,48.865976444125806,49.157671183986814,12285000
2018-02-14,49.92336654663086,50.069216706927264,48.61074848565164,48.72742305027403,19756900
2018-02-15,49.799400329589844,50.061925066351385,48.99724388442513,50.025461133728676,16469400
2018-02-16,49.67542266845703,50.14213198886932,49.376434054398,49.587912584524496,13791100
2018-02-20,49.40561294555664,50.14214098418082,49.17955214269391,49.777523914471914,17808100
2018-02-21,48.57429122924805,49.719188717724734,48.57429122924805,49.259773167796105,12545400
2018-02-22,49.106624603271484,49.82857041188195,48.80034759795401,48.924316067208935,15330300
2018-02-23,50.17131042480469,50.20776879317599,49.259767761298896,49.34727229628192,15684800
2018-02-26,50.47029113769531,50.572383466088965,50.178596386450046,50.426538872273646,12156400
2018-02-27,49.81398010253906,50.97346522653372,49.80669176726671,50.57238424196629,13465700
2018-02-28,48.6690788269043,50.25880927478122,48.64720269563305,50.076500762701826,17622000
2018-03-01,48.596168518066406,49.36186668305818,48.24613920418464,48.61804465473206,22975000
2018-03-02,48.82221984863281,48.997240035134006,47.874218874683514,48.26071205021484,14578900
2018-03-05,49.33999252319336,49.49313104960407,48.50866035128176,48.5961704650661,12831500
2018-03-06,49.36915588378906,49.82857701627297,49.12121891241708,49.64626845604684,15677900
2018-03-07,48.99723815917969,49.35456128994668,48.53781714172208,48.83680577617,12362600
2018-03-08,48.98265838623047,49.25247703491064,48.632629096520496,49.10662686118545,8013300
2018-03-09,49.916080474853516,49.9598383116113,49.31810863290953,49.361866469667305,11393100
2018-03-12,49.9014892578125,50.26610630468717,49.65354677285812,49.94524152308078,9486000
2018-03-13,49.54417037963867,50.280692871999996,49.33998570596959,50.054632063811376,10730900
2018-03-14,49.25246810913086,49.87231593518907,49.15037578783253,49.73375968616381,11348200
2018-03-15,48.99723815917969,49.64625602599934,48.62532723162218,49.43477748145152,12408500
2018-03-16,49.43423080444336,49.654560928355835,48.92748048460917,49.02295388324975,14342600
2018-03-19,48.67041778564453,49.346094092248066,48.39133786987416,49.27999282603361,14525000
2018-03-20,49.081703186035156,49.412192727305545,48.86871892044177,48.93481458740501,11259100
2018-03-21,50.366947174072266,50.69009087284401,49.221238559362014,49.3754729831173,16439600
2018-03-22,49.3387451171875,50.07317120967125,49.24327174232612,49.80877736811899,18483800
2018-03-23,49.037635803222656,50.1613126164339,48.927476353794695,49.58845546327181,19214300
2018-03-26,49.9189453125,49.99238680538412,49.03029036118057,49.603141850194184,15953000
2018-03-27,49.44892120361328,50.3375763017472,49.16249541178614,50.13193784640747,13923100
2018-03-28,48.48681640625,49.64721117449077,48.40603467730697,49.47829628229985,18228700
2018-03-29,49.50767517089844,49.70596778884823,48.69246160211958,48.69980183014281,13968100
2018-04-02,48.51619338989258,49.40484842703209,47.686293794025254,49.31672086835109,18993100
2018-04-03,49.55173110961914,49.595794883694765,48.23710768517245,48.69979412264633,14114300
2018-04-04,49.485633850097656,49.59579889742887,48.45744168361188,48.79527705306108,12490800
2018-04-05,50.37429428100586,50.690097795663306,49.610495904521855,49.610495904521855,13528400
2018-04-06,49.463600158691406,50.30084552273383,48.80996133243419,50.058489151309765,18883900
2018-04-09,49.69861602783203,50.330222962575206,49.500323433541425,49.69861602783203,10819800
2018-04-10,51.34373092651367,51.747661916320496,50.46976208152888,50.484448137990796,21842200
2018-04-11,51.87986373901367,51.997374614717245,51.19684718286077,51.26294845125077,21190900
2018-04-12,51.872520446777344,52.28380292863837,51.68891389692622,52.05612699662847,14311600
2018-04-13,52.445377349853516,52.65835601586959,52.078164251825896,52.151605750785976,13330400
2018-04-16,52.98150634765625,53.2238683417606,52.283803689361385,52.562883632033866,14024300
2018-04-17,53.18714141845703,53.42950339719817,52.819928336689344,53.12104575328779,16105300
2018-04-18,54.02438735961914,54.50911132215275,53.635142385405366,53.64983404663627,17311500
2018-04-19,54.09048843383789,54.49441946460035,53.75999329605734,54.06845654529792,18150300
2018-04-20,53.833438873291016,54.02438563738953,53.48825768731988,53.98032186155554,13690400
2018-04-23,54.16392517089844,54.17127100084198,53.37074363379092,53.664515196041094,14844600
2018-04-24,53.58373260498047,54.685371858215824,53.28996101680564,54.31081294321225,22787500
2018-04-25,54.00969696044922,54.08313845101966,53.07697266020233,53.414813602634155,13163300
2018-04-26,54.795536041259766,54.83959981766262,54.039077995800575,54.20799287416279,12216900
2018-04-27,54.21533966064453,54.487079360783305,54.002355398896896,54.23737154923446,10539300
2018-04-30,54.20800018310547,54.81757532059376,54.11252678695083,54.12721284665629,12963200
2018-05-01,53.87751770019531,53.97299110891575,53.1945009678287,53.93627315320561,13800900
2018-05-02,54.09783935546875,54.523802314857726,53.64249307095862,53.71593457407896,13434700
2018-05-03,53.972984313964844,54.06111748238473,53.24590388499079,53.84813319445744,15329600
2018-05-04,54.237369537353516,54.428321903428035,53.60576260614508,53.82609269032543,13585500
2018-05-07,54.3108024597168,55.50057464071357,54.20064303823869,54.663329418124476,17973700
2018-05-08,54.736778259277344,54.7661559766965,53.34871332977552,54.33284725202394,28774100
2018-05-09,55.85310745239258,56.47002269022486,55.39776125073553,55.4051070806792,24903900
2018-05-10,56.27173614501953,56.40393308205666,55.81638989450784,56.07343793785029,13890100
2018-05-11,56.352535247802734,56.7344344772453,56.22767851218249,56.396599034946185,12010700
2018-05-14,56.741783142089844,56.99883125197241,56.52879882155041,56.52879882155041,10226300
2018-05-15,56.7564582824707,56.844591447426055,56.323149495368725,56.61691550543161,10482700
2018-05-16,56.95473861694336,56.99145655505671,56.3892274583858,56.6756531505082,11997200
2018-05-17,57.814022064208984,57.89480938147682,57.10897369796574,57.13835141362917,16271300
2018-05-18,57.36601257324219,57.76994909527416,57.321948808375225,57.711193673301246,14092700
2018-05-21,57.95356750488281,57.953567504882805,57.395402087802275,57.68917365485659,11513100
2018-05-22,57.182430267333984,58.32813346425431,57.0208555901831,57.946234266356804,16583400
2018-05-23,57.17506790161133,57.21913727559878,56.3818864085514,56.85192424398506,16605800
2018-05-24,56.23500442504883,56.6022174631132,55.97795641904902,56.51408431681629,19154800
2018-05-25,54.77350997924805,55.31698382452389,54.2300305307447,55.243542321631615,32453500
2018-05-29,54.604576110839844,54.94241142401401,54.09782594269165,54.34752811203625,19327500
2018-05-30,56.25704574584961,56.506753567290275,55.05258722725332,55.07461911671601,23022200
2018-05-31,55.831085205078125,56.499415831751406,55.71357991003163,55.84577686897646,13258700
2018-06-01,56.095489501953125,56.47004855547036,55.79437757506092,56.02204797855715,14102500
2018-06-04,55.61075210571289,56.697699731107086,55.46386350550613,56.28642285698249,13689200
2018-06-05,55.47855758666992,55.90452614100611,55.21416369799418,55.33901481119455,13707900
2018-06-06,55.742950439453125,55.889833440108994,55.250886223705926,55.68419499789986,13479200
2018-06-07,56.587528228759766,56.9106718739131,56.02201704409597,56.0367087026001,15178900
2018-06-08,56.477378845214844,56.807868411154736,56.12485178541511,56.65363957350095,11236600
2018-06-11,56.77114486694336,57.02819290437013,56.34517634593501,56.46268161880426,10717800
2018-06-12,56.33783721923828,56.903348572096625,56.18360837842991,56.771151622371214,15707200
2018-06-13,56.12485122680664,56.455346392684646,55.89718088823526,56.161574779646685,12502100
2018-06-14,56.04405975341797,56.44799639191162,55.91186281747705,56.28642173651416,10291100
2018-06-15,54.84033966064453,55.83112130452622,54.722040658419246,55.72021211170035,16089400
2018-06-18,55.38748550415039,55.75717902168099,54.69985533590046,54.69985533590046,13184400
2018-06-19,55.26179122924805,55.468818718252685,54.5667711791719,54.722041795925385,12607600
2018-06-20,55.50578689575195,55.71281437194621,55.062155783753454,55.59451537458191,11655900
2018-06-21,54.4780387878418,55.1434882698297,54.219254445145275,55.11391211051073,15009800
2018-06-22,55.564945220947266,56.171242455797106,55.55754976997649,55.823729594161904,28036300
2018-06-25,54.448455810546875,55.483598692789094,54.07876232696572,55.40226567511525,18380300
2018-06-26,55.13609313964844,55.35051606514845,54.39670607561074,54.58894829176172,13523600
2018-06-27,55.87548065185547,56.57050630276981,55.57233488652785,55.594515596054784,20583900
2018-06-28,55.801536560058594,56.16383460255532,55.37269075567267,55.95680714970005,14285400
2018-06-29,56.14905548095703,56.74056174788725,55.95681326469379,55.95681326469379,13167900
2018-07-02,55.3209342956543,55.771960810265504,55.017788563499664,55.75717555255737,15296600
2018-07-03,55.66845703125,56.53353860918289,55.53536712379293,55.89766523367425,9308200
2018-07-05,55.60930252075195,56.18602355002653,55.44663645791537,56.00857222742109,9969500
2018-07-06,55.94941711425781,56.126874069083804,55.18045389990519,55.439243882090864,9310300
2018-07-09,56.7849235534668,56.866256574318875,56.25995382212154,56.28952997889276,11059200
2018-07-10,57.206382751464844,57.672194600140166,57.06589739537147,57.13243952757824,11003600
2018-07-11,55.99378204345703,57.0215295598235,55.62408852991297,56.674016754520025,19362800
2018-07-12,56.08990478515625,56.45220287772986,55.69063508185898,56.14166165552391,12568000
2018-07-13,56.38566589355469,56.725783307164015,55.9937916048543,56.14166677909268,11423100
2018-07-16,55.734981536865234,56.10467498053499,55.2617743802539,55.83110544250691,11390600
2018-07-17,55.513179779052734,55.82372097898502,55.202638579120446,55.55014574604921,9753200
2018-07-18,55.55014419555664,55.63147721818431,54.69985364439054,55.24699845391508,15351500
2018-07-19,55.564945220947266,55.80154888232583,55.343126820434,55.40227914604771,16231800
2018-07-20,55.372703552246094,55.690640254341524,55.195252214657756,55.56494579192797,10861200
2018-07-23,55.128692626953125,55.56493388803398,55.032574348242136,55.527962281797,7623800
2018-07-24,55.8237190246582,56.14905111285987,55.29875492665336,55.37269249913323,10168500
2018-07-25,56.289520263671875,56.4300055738195,55.62407659493375,55.89764612596969,11035300
2018-07-26,56.90323257446289,57.006746320879444,56.29693535641907,56.4078445536014,12187400
2018-07-27,56.659236907958984,56.95499290470486,56.193425020810835,56.267362609728195,12640900
2018-07-30,57.12506103515625,57.346873827531695,56.91803350584167,57.1102701310183,11395000
2018-07-31,57.02153396606445,57.3838320578325,56.88844406526128,57.22856144707477,11290500
2018-08-01,56.23038101196289,56.54831763293631,55.92722964823421,56.52613128545688,11172500
2018-08-02,55.91984939575195,56.03075859899012,55.45403751144333,55.81633564368337,9689700
2018-08-03,55.631473541259766,55.9198340056715,55.350508525982264,55.81632028209164,7663300
2018-08-06,55.8385124206543,56.10469223323516,55.46142905372808,55.79415099891616,8200100
2018-08-07,56.25257110595703,56.563112329594645,56.07511414295627,56.40784171777584,11798300
2018-08-08,55.84592056274414,56.05294809933884,55.51319854194227,55.86071146740222,9398800
2018-08-09,55.328338623046875,55.99378814819204,55.23961013933553,55.89026876332416,15232500
2018-08-10,55.66845703125,55.66845703124999,55.09173597929473,55.202645175688296,16977700
2018-08-13,54.95865249633789,55.75719203442714,54.92907633110384,55.56494978094416,9817000
2018-08-14,55.09173583984375,55.46142939950247,54.86252199692363,55.38009636509147,10437900
2018-08-15,53.169342041015625,54.65550641303656,53.0140657479844,54.56678354967846,26400400
2018-08-16,53.55380630493164,53.856952073664054,53.398535695423476,53.428111855483465,25013300
2018-08-17,53.686893463134766,53.8273788059769,53.49465125309954,53.69428891304104,11532700
2018-08-20,54.04920196533203,54.24144421247125,53.6795083737209,53.701689086645324,8345700
2018-08-21,54.3227653503418,54.7590009851353,54.2636130347875,54.500216655929385,9509100
2018-08-22,54.97341537475586,55.143476845338135,54.62590262609927,54.662874227857195,9345400
2018-08-23,54.714630126953125,54.81074839233534,54.50760269931492,54.714630126953125,6468900
2018-08-24,55.113914489746094,55.439246615223595,55.00300529778096,55.054762168554575,7753300
2018-08-27,55.520565032958984,55.5945082430365,55.2174193077259,55.29875232595123,6984900
2018-08-28,55.28395462036133,55.85328567783654,55.246988660949135,55.62407754982856,8393500
2018-08-29,55.624080657958984,55.853288798774514,55.29135315821192,55.46141463244813,7760400
2018-08-30,55.46881103515625,55.7128101024332,55.18045055240175,55.601900922664115,9250200
2018-08-31,55.039981842041016,55.31355148018918,54.81076798714836,55.29876621910401,8909600
2018-09-04,54.92165756225586,55.335712417590045,54.69984487878725,55.29135100911119,15094700
2018-09-05,54.84773254394531,54.87730870338628,54.11574093127717,54.67028122837513,9598100
2018-09-06,53.83476638793945,54.82554791460623,53.68689124238331,54.64070116212346,14406400
2018-09-07,53.827388763427734,53.92350706568841,53.07321068358511,53.6351465178299,10134400
2018-09-10,53.805171966552734,54.322746082460114,53.79038671344603,54.10092779834648,8911700
2018-09-11,54.31537628173828,54.62591751326856,53.60556533492222,53.75344050010541,14281600
2018-09-12,54.59634017944336,55.136095238813944,54.58155491967297,54.75900624229684,12689400
2018-09-13,54.61852264404297,54.722036378297155,54.1453153900023,54.507613459891935,11037400
2018-09-14,54.906883239746094,55.11391070863738,54.603731845244255,54.6259125539004,9494300
2018-09-17,54.99561309814453,55.365306665830275,54.86252318813461,55.04736997197749,14728900
2018-09-18,55.35791015625,55.734993488077365,55.35051470629001,55.387486315014485,10223500
2018-09-19,55.52797317504883,55.75718702474912,55.320945678088215,55.37270255232837,10911500
2018-09-20,55.542755126953125,55.97899076224467,55.47620736160974,55.76456784892202,12512400
2018-09-21,55.9097900390625,56.09590785256129,55.46310842263839,55.842790352538096,13710100
2018-09-24,56.728702545166016,56.974379401635936,56.35646694925321,56.40113908307056,12784500
2018-09-25,57.09348678588867,57.3317172952943,57.0115945157933,57.086040485008176,13027600
2018-09-26,56.542564392089844,57.04136422774383,56.445785216743865,56.74357472224385,12728600
2018-09-27,56.542564392089844,56.84035389758982,56.393672479271046,56.76590794118042,10672100
2018-09-28,56.38624954223633,56.98182880000318,56.24480387041188,56.27457772142195,14833100
2018-10-01,57.16793441772461,57.406164934058715,56.59468851038521,56.59468851038521,12712600
2018-10-02,57.22748947143555,57.42104784753755,56.83291505892807,57.30938173819529,9468400
2018-10-03,57.689083099365234,57.86031400834786,57.30940680182808,57.47318572711133,13244800
2018-10-04,57.45081329345703,57.852828228177366,57.11580368778762,57.50292602500253,15192700
2018-10-05,57.44340896606445,57.62952679343527,57.09350654182886,57.3912905217299,11983200
2018-10-08,57.39872360229492,57.48806218360359,56.79570379808751,57.019041731563135,11578600
2018-10-09,57.91240310668945,58.33675137393264,57.354049824534556,57.599726631849904,16816700
2018-10-10,56.09590148925781,58.10597705494841,55.83533771588985,58.0091921677944,26405300
2018-10-11,54.19749450683594,55.589651729954795,53.78803315894019,55.552431585513666,35592100
2018-10-12,54.34638595581055,54.89729293541184,53.52002264647697,54.73350839772579,23579000
2018-10-15,53.89226150512695,54.56228661904642,53.877374582534806,54.338943021118716,11590400
2018-10-16,54.33894729614258,54.43573218012866,53.81781976646397,54.041157702098765,14571100
2018-10-17,53.996498107910156,54.398513258941215,53.534929574398966,54.23472867742507,15804200
2018-10-18,53.728477478027344,54.22727174772136,53.38602145645248,53.49769325649864,16586700
2018-10-19,53.25202560424805,54.03372265934333,53.2148054510645,53.46047663764288,13568100
2018-10-22,52.663883209228516,53.32646202359311,52.34376041398444,53.21479590421094,12294500
2018-10-23,51.28662109375,51.90453355990712,50.55704249022134,51.88964095501454,26477700
2018-10-24,49.26164627075195,51.54717208611647,49.246759349419044,51.53228516478356,28100200
2018-10-25,49.86467742919922,50.378358632609064,49.52966202190012,49.86467742919922,25333300
2018-10-26,49.4924430847168,50.10290918243459,48.673520300089564,49.45521725637413,25579900
2018-10-29,48.56928634643555,49.92422333636198,47.9216002129241,49.85722367283858,24459800
2018-10-30,49.693443298339844,49.81256139437818,48.31617297211135,48.53951088238807,26397400
2018-10-31,49.99869155883789,50.8399420212445,49.93168619323364,50.17736306734113,17287800
2018-11-01,50.42302703857422,50.66125754890543,49.58921741248327,50.10290425782946,21475800
2018-11-02,50.296470642089844,51.35362402469402,49.79023001713684,50.98138843810694,21212500
2018-11-05,51.13772201538086,51.338726714572616,50.787819687284305,50.90693211054437,13231600
2018-11-06,51.37594223022461,51.487614009523895,50.765476273899516,51.26427045092532,13072100
2018-11-07,52.21720504760742,52.38098960637767,51.44295438424335,52.038533565250795,16662900
2018-11-08,51.085601806640625,52.3884260500581,50.899484057580985,51.978964730181715,15144900
2018-11-09,50.99625778198242,51.3238268028095,50.132668792479166,50.408125076343964,22917800
2018-11-12,49.93912887573242,51.56207629996623,49.83490336333924,51.3461789729048,18041600
2018-11-13,48.792633056640625,50.065677864244506,48.53206932640533,49.79766783318439,32731900
2018-11-14,48.710750579833984,49.73811878552817,48.26406899822192,49.55200098653444,22542100
2018-11-15,49.425445556640625,49.48500461947505,48.39807728213876,48.39807728213876,20306800
2018-11-16,50.01356506347656,50.18479590308002,49.48499130275947,49.73066811093967,19755500
2018-11-19,49.99869155883789,50.19969629592094,49.55200426778249,49.708342547705946,15583800
2018-11-20,48.3608512878418,49.462671227172436,47.988615666155944,49.34355310189785,26324400
2018-11-21,49.120208740234375,49.64133627078595,48.628855057259386,48.740526865195896,17330900
2018-11-23,47.57915115356445,48.070501999696894,47.22924880376654,47.89927113580238,14421800
2018-11-26,48.29383850097656,48.613961275977125,47.92160298027188,47.929043601184404,16682700
2018-11-27,48.15983581542969,48.509738130592154,47.88437947203584,48.04816401784496,22264300
2018-11-28,48.9861946105957,49.02341475308719,47.80992905449441,48.11515921432196,21148200
2018-11-29,49.30632019042969,49.70088893854999,48.95641788779822,49.02341755603146,14414200
2018-11-30,49.21699142456055,49.35844276993949,48.62885849571565,48.8745353545745,18129000
2018-12-03,50.31135940551758,50.61658960968833,49.72322654202422,50.34113893175489,21995400
2018-12-04,48.86708450317383,50.49747809490859,48.77774592285139,50.33369353758276,18296300
2018-12-06,47.966270446777344,48.04071641653116,46.9537893545079,47.795039604466496,35356100
2018-12-07,47.69826126098633,49.604105383959784,47.61636898884011,48.88197321664127,27445700
2018-12-10,46.95380401611328,47.5940497796708,45.87432007801742,47.363262657478586,23382800
2018-12-11,46.96867752075195,47.76526413769977,46.47732675324727,47.675925569112295,17241600
2018-12-12,47.15481185913086,48.05562428290584,47.125032325797406,47.73550139940275,19267400
2018-12-13,47.30369186401367,47.60147858424369,46.83467430073504,47.04312528888922,15299000
2018-12-14,46.224205017089844,47.20690652081189,46.0008642825951,47.01334530823153,22893600
2018-12-17,45.38294982910156,46.49221282835839,45.05538362338137,46.10508758163559,20732300
2018-12-18,44.310909271240234,45.46483862331776,44.065232505737114,45.30105411298235,26617000
2018-12-19,43.789791107177734,45.38295885162502,43.425001848273354,44.54170852970073,45548900
2018-12-20,42.57630157470703,43.91635183886707,42.315737823304744,43.25377016828488,38504400
2018-12-21,42.16300964355469,43.29016191190922,41.80983434885807,42.583811322515984,37393700
2018-12-24,40.457252502441406,41.86995082528756,40.419681333181465,41.66706307148813,15605900
2018-12-26,42.97455978393555,42.982075737978654,40.096565682193464,40.84800056269485,29097000
2018-12-27,43.19999694824219,43.25259716592346,41.53932351438653,42.11041568706447,24377300
2018-12-28,42.86936950683594,43.590746474913935,42.606368383004565,43.39537462099595,19437400
2018-12-31,43.094791412353516,43.41039556857715,42.59133139307582,43.252594923713694,18705200
2019-01-02,43.94390869140625,44.236967817647134,42.19306702103279,42.410980944073195,24892600
2019-01-03,43.50808334350586,44.22946018420002,43.01213640721653,44.071659537766315,18024100
2019-01-04,44.988407135009766,45.123665647756475,44.00402924018241,44.259517223537685,21351500
2019-01-07,45.65718460083008,45.9878178010779,44.72540690276032,45.32655426707899,18056700
2019-01-08,46.01034927368164,46.40109568660097,45.76237729743242,46.29589528052578,18692300
2019-01-09,46.739253997802734,46.89705464777189,46.145619705255754,46.62653760982659,18756800
2019-01-10,46.874507904052734,46.93462120296018,46.12307303548214,46.386074092883234,19167600
2019-01-11,46.59648132324219,46.89705645845248,46.18319266220074,46.634055365016174,14105900
2019-01-14,46.4837760925293,46.67163486893525,46.08551640382785,46.15314281149645,13191700
2019-01-15,46.649085998535156,47.09242989501218,46.416140117482,46.73925739557311,9821200
2019-01-16,46.58897018432617,46.972200774583705,46.43116952166113,46.5964832730972,12541100
2019-01-17,47.017276763916016,47.22016451061531,46.13058344122859,46.235783858073475,10174800
2019-01-18,47.97160339355469,48.00917456467806,47.295310847347565,47.57334381995306,14531800
2019-01-22,46.9271125793457,47.55080208900785,46.79936714895907,47.445601656040516,19863200
2019-01-23,46.44619369506836,47.1525414918521,46.06296027850198,47.09242532199982,23367700
2019-01-24,46.69416427612305,47.11496885250129,46.16064618452509,46.34850490972128,13049200
2019-01-25,47.287803649902344,47.58086283426342,47.017286597723825,47.09242894933031,10233600
2019-01-28,46.81440353393555,46.836948534890716,46.30342746524306,46.66411594905589,12022400
2019-01-29,46.95716857910156,47.27276986398479,46.91959454057069,47.08491113731715,11884100
2019-01-30,47.61843490600586,47.76872247854347,46.99474534974576,47.25023336311059,12116500
2019-01-31,47.9265251159668,48.15195791731712,47.56583664690227,47.6935820921006,17844200
2019-02-01,48.7606086730957,49.0461518622627,48.28720676482046,48.44500740091221,14772400
2019-02-04,48.87332534790039,48.8883515230033,48.06929025455503,48.429975786956646,10107900
2019-02-05,48.94846725463867,49.03112554945344,48.677950241243614,48.83575087689187,7852700
2019-02-06,48.58777618408203,48.850777213500955,48.54268619832988,48.71551872222944,6803800
2019-02-07,47.51322555541992,48.4525219910173,47.06987887614444,48.28720540557667,14600100
2019-02-08,47.29530715942383,47.49819490746549,46.49127212079378,47.38548140288438,10634400
2019-02-11,47.520751953125,47.59589430856895,46.934630687973126,47.069889220969934,12497400
2019-02-12,48.12188720703125,48.39992015804258,47.565824171504985,48.159455508740166,10677300
2019-02-13,48.72303771972656,49.10627113620005,48.264667690446196,48.317267905805814,13061700
2019-02-14,48.8958740234375,49.26407555918354,48.460040358190554,48.550214619860455,10213200
2019-02-15,49.68487548828125,49.722443791849294,49.29412614682071,49.40684252351098,10183800
2019-02-19,49.83515548706055,50.023014186232665,49.36175362902411,49.436895962094454,8721600
2019-02-20,50.04556655883789,50.29354146843197,49.75250738676987,49.76002334151343,9935700
2019-02-21,49.27158737182617,50.01550633582903,49.09124459664227,49.88776377561516,11866100
2019-02-22,49.414363861083984,49.79008133565702,49.1663889519473,49.63979090603159,9948300
2019-02-25,49.49702453613281,49.6623354171523,49.21147557265722,49.256565570202504,15904400
2019-02-26,49.3392333984375,49.79009332993717,49.324201485356966,49.45194408156611,10550700
2019-02-27,49.52708053588867,50.038050800583,49.29413180187327,49.57968075331272,10294000
2019-02-28,49.03113555908203,49.60222778539173,48.72304444587736,49.53459565173942,11249400
2019-03-01,49.93284225463867,49.94035820819085,49.29412379453053,49.29412379453053,20327900
2019-03-04,50.023014068603516,50.233414893902726,49.27157927368203,50.1131883078714,19780000
2019-03-05,49.85770797729492,50.11319884243242,49.504532632160156,50.09065671112488,15807500
2019-03-06,49.22650146484375,49.55712891945712,48.97852657413877,49.4519284930356,22690500
2019-03-07,48.93343734741211,49.29412284909985,48.738062689752184,49.25655454804508,23446200
2019-03-08,48.016693115234375,48.24212015416424,47.57334639241339,48.14443567726065,15621500
2019-03-11,48.768131256103516,48.880847649488516,48.32478163758754,48.3698716347379,13212100
2019-03-12,49.0837287902832,49.331703690030004,48.8357538905364,48.85078579942659,11013100
2019-03-13,49.579681396484375,49.60222352810229,49.18893200512784,49.39182265567668,13206800
2019-03-14,49.63228225708008,49.88025144108091,49.5721660833249,49.624766302112214,12320400
2019-03-15,49.61259078979492,49.76405417597698,49.42325866808844,49.5898718596634,12427400
2019-03-18,50.30174255371094,50.38504912605653,49.65043977607604,49.67315869981462,10067900
2019-03-19,50.165435791015625,50.809163829227195,49.96095964822659,50.551674925125624,12526000
2019-03-20,50.60468673706055,51.05908265092291,49.96853361324475,50.119996991879695,13662900
2019-03-21,50.960628509521484,51.04393509539869,50.347194357114,50.45321987042005,17877900
2019-03-22,49.58229446411133,50.581967785342535,49.39296235192392,50.49866119374347,19974800
2019-03-25,49.605018615722656,49.68832521609258,49.12790372284246,49.37024862083912,12346300
2019-03-26,50.31690979003906,50.65770532011845,50.044271054792276,50.18059042241567,11516500
2019-03-27,49.96094512939453,50.50622238898259,49.582281007786825,50.279021604835584,9582600
2019-03-28,50.15028381347656,50.21087146764496,49.65044433352242,49.74890071603524,9149200
2019-03-29,50.07455062866211,50.75614149470791,49.907937473688584,50.63497196797224,10037600
2019-04-01,50.733421325683594,50.83944682571147,50.33961315100239,50.407769924753275,12411700
2019-04-02,50.38505554199219,50.907613966345906,50.26388600730486,50.86217611308277,11152400
2019-04-03,49.90036392211914,50.627398436064105,49.72618163935933,50.528947831806676,11989800
2019-04-04,50.31690979003906,50.35477275007111,49.68832571833351,49.93067061877974,10504300
2019-04-05,51.20298385620117,51.26357152706317,50.43050549760643,50.45323020764842,17269200
2019-04-08,51.430179595947266,51.6876685044545,51.218122769111154,51.278710433921475,10602100
2019-04-09,50.80158996582031,51.278704773126655,50.6425516967182,51.278704773126655,14541900
2019-04-10,50.990928649902344,51.22569863300083,50.85460929049984,50.91519695644714,9375600
2019-04-11,51.028785705566406,51.3847309793902,50.63497747837323,50.94547911901372,10914200
2019-04-12,51.165103912353516,51.801262761170214,51.036359473435304,51.76339403068508,15426800
2019-04-15,50.862186431884766,51.225700887652636,50.77887983203002,51.10453132838271,8300700
2019-04-16,51.195404052734375,51.27113574508414,50.86218345080388,51.04394066803486,8130200
2019-04-17,51.12724685668945,51.61951151998741,51.05908428954594,51.50591109338669,10934600
2019-04-18,50.88490295410156,51.33929889127816,50.75615271990264,51.27113632282487,9759500
2019-04-22,51.96029281616211,51.998161540661805,51.210539450308346,51.35442789190371,14164700
2019-04-23,51.876983642578125,52.111753544423486,51.536188250999004,51.99815893253434,10212200
2019-04-24,50.96820831298828,51.952731856649734,50.94548360541684,51.92243802451216,11019100
2019-04-25,50.80916213989258,51.225695092040255,50.69556749654089,50.96063129429057,12060900
2019-04-26,50.15028381347656,50.453216306361796,49.71103198769081,50.43806650384134,16838400
2019-04-29,50.104854583740234,50.377487518498505,50.006398184285295,50.165436470376676,12974500
2019-04-30,50.06698226928711,50.62740368182085,50.00639460902473,50.589540727624836,14327000
2019-05-01,49.06730651855469,50.2335929191299,49.02943778830629,50.082123776093304,22155700
2019-05-02,48.21153259277344,49.052164807976574,48.188813662059,48.75680715277291,28033000
2019-05-03,48.658348083496094,49.044587172492655,48.552322573255,48.66592298507245,19624500
2019-05-06,48.70378494262695,48.862823204741424,48.24181707014849,48.28725492276496,20344700
2019-05-07,48.279685974121094,48.31755181669723,47.66624892406467,48.12821971483793,15064500
2019-05-08,48.279685974121094,48.68106910558966,48.1509415315665,48.25696704637113,9823700
2019-05-09,48.279685974121094,48.461446063056606,47.64352999631471,48.052488029685655,14409500
2019-05-10,48.50688934326172,48.628058890248134,47.59809174005483,48.27968849797062,13075000
2019-05-13,47.67382049560547,48.302401527598526,47.44662256704145,48.067631586639685,14069800
2019-05-14,48.2569694519043,48.66592750566115,47.88587724261113,47.93131798935481,9242000
2019-05-15,48.50688934326172,48.6129148636089,47.85558352760315,47.984330865866696,10092300
2019-05-16,48.771942138671875,48.95369930711649,48.62804791726028,48.62804791726028,9376500
2019-05-17,48.279685974121094,48.71136293524201,48.21909831481639,48.44629914823043,10555700
2019-05-20,48.302398681640625,48.52959948579646,48.20394808141654,48.28725176876502,8186100
2019-05-21,48.862823486328125,48.99914282291995,48.4462963530442,48.5068840088532,18380500
2019-05-22,48.10550308227539,48.68107142823832,47.946464802480484,48.56747100611125,9637000
2019-05-23,46.492393493652344,47.340600556225425,46.21218277359297,47.302734711186936,23963600
2019-05-24,46.66657638549805,47.04524059512489,46.26519324776676,46.86348339233205,10153400
2019-05-28,46.181884765625,46.780174885656116,46.11372509512805,46.69686830071779,12930600
2019-05-29,45.886531829833984,45.91682566180206,45.27309473288524,45.54573344264024,16951600
2019-05-30,45.30339050292969,45.89410580668373,45.15949912839392,45.81080209867604,15173900
2019-05-31,44.50819396972656,45.091337230982,44.50819396972656,44.68237916896201,21898500
2019-06-03,45.0761833190918,45.295809231902254,44.74295988822578,44.8111166656721,18024700
2019-06-04,45.85623550415039,45.962261021294026,45.37911778802536,45.500293109308,14743400
2019-06-05,45.34882354736328,45.962257677343985,45.07618487227032,45.94711076328566,15881900
2019-06-06,46.189456939697266,46.363642112019136,45.43970060850643,45.43970060850643,32393900
2019-06-07,46.40150833129883,46.69686592543575,46.219748256226204,46.33334866426889,15774100
2019-06-10,46.53782272338867,46.954352693682175,46.469663063596784,46.65142023038977,9837800
2019-06-11,46.62871170043945,47.09825452312466,46.61356478500074,46.94679114669498,9522600
2019-06-12,45.96982955932617,46.4318002963359,45.82593532971302,46.32577190489211,13816500
2019-06-13,46.50753402709961,46.719585041397806,45.95468467626617,46.499962014722556,12191500
2019-06-14,46.20460510253906,46.6287100529019,46.09100757423055,46.62113803993945,7916300
2019-06-17,46.590843200683594,46.71958764110622,45.96225924621015,46.10615349018668,8795200
2019-06-18,47.23457336425781,47.5147869633873,46.8104712924574,46.89377499300485,17222100
2019-06-19,47.181556701660156,47.454195376105446,46.93163984273762,47.16640978763782,8827700
2019-06-20,48.22666931152344,48.302400990543276,47.88587097797741,47.938883731086975,25954000
2019-06-21,48.57516860961914,48.750943724516475,48.300041328789014,48.300041328789014,16356300
2019-06-24,48.139549255371094,48.697444921087474,48.063123394441696,48.55988128676305,10396600
2019-06-25,47.75742721557617,48.15483001868964,47.70392765691062,48.10897741890261,11887300
2019-06-26,48.49110412597656,48.85793954761769,48.11662465983422,48.238903133714594,14326800
2019-06-27,48.13190460205078,48.63630361640301,48.03255244177503,48.491098855498805,10608700
2019-06-28,48.6898078918457,48.73566341500955,48.2465494959909,48.2465494959909,17369600
2019-07-01,48.73566436767578,49.45405008585854,48.61338588553087,49.29356012467127,14886300
2019-07-02,47.95612716674805,48.68979789463542,47.74214059995131,48.590448654535976,12095400
2019-07-03,48.14719772338867,48.18540920200411,47.73450675750445,48.0249192426099,6987300
2019-07-05,48.215972900390625,48.26182841761346,47.86442268106116,47.97141597256591,7363200
2019-07-08,48.284759521484375,48.55224277685306,48.00199109218764,48.1395547421912,8628200
2019-07-09,48.322967529296875,48.35353787495818,47.88735030734354,48.20833310608994,7488100
2019-07-10,48.942012786865234,49.11014680314955,48.30769111841019,48.62867397537576,11767400
2019-07-11,49.04136276245117,49.094859420158684,48.73566799202959,49.087221205270744,12681300
2019-07-12,49.247703552246094,49.415837544918915,49.071925515170655,49.071925515170655,8081400
2019-07-15,48.8044319152832,49.3623245936831,48.69743863913264,49.331760083951146,9538900
2019-07-16,48.284759521484375,48.789158599714504,48.09369922040707,48.70509160078468,10587100
2019-07-17,47.73450469970703,48.399396643418285,47.70393435199297,48.246547820196774,13664700
2019-07-18,47.74215316772461,47.74215316772461,47.23010999979295,47.50523732401306,12754500
2019-07-19,47.963775634765625,48.12426849977229,47.56637278285524,47.78800051151906,9965300
2019-07-22,48.18540954589844,48.34589950643805,47.80328892631899,48.14719806701029,7843100
2019-07-23,48.315330505371094,48.4452501124465,48.040203201742145,48.18540798294681,7268800
2019-07-24,48.52167892456055,48.83501772483335,48.20069607908528,48.25419273410632,9907700
2019-07-25,47.97142028808594,48.766231832691965,47.826215510173775,48.70509113756128,10070400
2019-07-26,47.726863861083984,47.97906194288873,47.52051838578073,47.97142081358809,9653800
2019-07-29,47.53580093383789,47.7268612246368,47.184250698451585,47.688649749546755,8284900
2019-07-30,48.070770263671875,48.18540468878111,47.253032453428226,47.34474057658535,10801300
2019-07-31,47.91792297363281,48.48345981901225,47.520517206835734,48.07077179399304,15278000
2019-08-01,46.83270263671875,47.612229057726154,46.534649017140715,47.39059839663259,25190200
2019-08-02,46.1601676940918,47.29888540134171,45.686336071078316,47.02375811452064,21699900
2019-08-05,44.78452682495117,45.42648945884354,44.46354696567919,45.30421100073777,27576900
2019-08-06,44.73103713989258,45.15901326751095,44.24956727608938,44.899171139197804,16997500
2019-08-07,44.394771575927734,44.60875817974546,43.68402702427735,43.91329880198903,24802200
2019-08-08,45.671051025390625,45.693980242922194,44.486477795247126,44.69282326093902,23267800
2019-08-09,45.16665267944336,45.80861538878641,44.97559238398827,45.70926613420086,14593200
2019-08-12,44.631690979003906,45.12844605134176,44.43298661778952,45.059664220975094,21919000
2019-08-13,45.04438018798828,45.464715226080834,44.1960748124221,44.432987744420664,14347600
2019-08-14,43.27897644042969,44.18842234468695,43.21019462142881,44.08142905187416,23649700
2019-08-15,43.01148986816406,43.256046796562764,42.54530231235762,43.04970425694706,14287900
2019-08-16,43.5770378112793,43.706957428545266,43.09556499216314,43.240772700106405,21399300
2019-08-19,44.53997039794922,44.70046324469641,44.10435320395351,44.18842019145241,13881600
2019-08-20,44.165496826171875,44.379483415589725,43.99736284000149,44.32598676823526,9521300
2019-08-21,44.44825744628906,44.700458381346635,44.287767532351396,44.62403253041337,12037400
2019-08-22,44.24956512451172,44.77689048485279,44.226635906863,44.6011153647391,9353100
2019-08-23,42.766937255859375,44.13492971645128,42.52238030277967,43.722238764873474,24408900
2019-08-26,42.950347900390625,43.370679897828566,42.76692876432499,43.14140816425771,10805300
2019-08-27,42.6828727722168,43.35540589049758,42.453600979610556,43.17963075232116,11831300
2019-08-28,43.29425811767578,43.508244686025215,42.69050696800606,42.904493536355496,15694400
2019-08-29,43.92858123779297,44.112000397739,43.58467213498706,43.63052765381073,12331700
2019-08-30,43.92858123779297,44.478835802282426,43.66873912848947,44.096715224797784,13022300
2019-09-03,43.714599609375,43.806307742083526,43.08792202439365,43.21784163611831,13964800
2019-09-04,44.325992584228516,44.51705289709157,44.196072970849166,44.325992584228516,11190900
2019-09-05,44.87623977661133,45.372994758471776,44.64696510691578,44.71574692475474,14538500
2019-09-06,45.11315155029297,45.16664819448038,44.53232959253747,44.78452764151405,12234300
2019-09-09,46.01496505737305,46.12195836613707,45.3882874643132,45.479995598203935,24757100
2019-09-10,46.55757141113281,47.23010446763467,46.2060211670734,46.29773220797053,25718000
2019-09-11,46.60343551635742,47.184260554304146,46.35123739580501,46.81742215383817,22752000
2019-09-12,46.313018798828125,46.64928681621232,45.63284454962685,46.01496517640051,19059500
2019-09-13,46.67985153198242,46.92440847037268,46.42000942052419,46.61871083971052,14061600
2019-09-16,48.246551513671875,48.64395731833135,47.6886557442506,48.636313273143244,30677800
2019-09-17,47.57401657104492,48.29240227777284,47.25303665378849,48.27711710332983,26450000
2019-09-18,47.34473419189453,47.535794456659765,47.016110303270466,47.230096866896076,11604500
2019-09-19,47.22246170043945,47.73450187528324,47.0772540150639,47.62750857996356,14018500
2019-09-20,47.26102066040039,47.44611733974925,47.029652017723244,47.25330964718298,20150100
2019-09-23,47.276451110839844,47.39984793071039,46.89083568099284,46.94482160581044,9330400
2019-09-24,46.52835464477539,47.176185679475765,46.25071109161125,47.12991371528972,20550500
2019-09-25,46.60547637939453,46.659462298759415,46.2044360198183,46.31240785854807,10124200
2019-09-26,45.99620056152344,46.505212728908056,45.76483192944166,46.39724089673735,14005500
2019-09-27,45.98849868774414,46.34326419023792,45.65686917045272,45.74170503887783,15631600
2019-09-30,45.6568603515625,45.95763986914521,45.6105854480837,45.77254319724181,19808400
2019-10-01,44.60028076171875,45.98078172543847,44.59256680581401,45.81111294169234,16374700
2019-10-02,43.50513458251953,44.44603721398732,43.38173775724608,44.3380653596246,18912300
2019-10-03,43.975582122802734,44.021857031562064,42.91128275743515,43.26604823188697,20457100
2019-10-04,44.25322341918945,44.31492035235532,43.71336127943121,44.160673606422684,10137900
2019-10-07,43.859893798828125,44.49230280543174,43.83675781678544,44.322634033765475,11642400
2019-10-08,43.11181640625,43.75193664099073,43.05011651075005,43.41259604177987,20019200
2019-10-09,43.50513458251953,43.74421721861726,43.420298713516715,43.49742356807036,8916900
2019-10-10,44.052696228027344,44.16838200843438,43.5822450359891,43.65165591583099,10055700
2019-10-11,44.646549224853516,45.063014550656725,44.43060554866456,44.50772744958578,22563900
2019-10-14,44.62342071533203,44.78537849959416,44.15296939170282,44.32264113255596,12160600
2019-10-15,44.808509826660156,45.25582511803441,44.476880336023974,44.53086920051063,11085000
2019-10-16,44.18381881713867,44.97047468551053,44.16839384614953,44.65427013526411,11955300
2019-10-17,44.21466827392578,44.50773389346632,44.07584647855927,44.368912098099806,11308100
2019-10-18,43.983299255371094,44.453750596162486,43.97558824051121,44.09898507235711,10277800
2019-10-21,44.769954681396484,44.80851563930734,44.014148726696334,44.068134656174024,10474000
2019-10-22,45.34836959838867,45.86509575451296,44.76994650927144,44.90876828602053,19696900
2019-10-23,45.72627639770508,45.81882327309828,45.07844238592841,45.27125009250466,11820400
2019-10-24,45.53347396850586,46.01934732714249,45.29439132551702,45.98850032644431,12116800
2019-10-25,45.90366744995117,46.03477530200678,45.48720202222278,45.54890191166965,11875000
2019-10-28,45.641441345214844,46.32012530815823,45.56431943802199,46.05790670488548,11756600
2019-10-29,45.82653045654297,46.21214583746445,45.31751827140709,45.47176501217806,13468400
2019-10-30,44.89334487915039,45.95764422391741,44.7159621453579,45.93450824099163,15506700
2019-10-31,44.700538635253906,44.777663484210926,44.26093729324148,44.70825259115569,15032400
2019-11-01,45.71855545043945,45.80339129908148,44.88562781525121,44.924188762267136,13310100
2019-11-04,47.2070426940918,47.345864491485656,46.235293054347224,46.24300406886359,21530200
2019-11-05,47.268733978271484,47.685199294681986,47.11448723789591,47.3381448643399,17555100
2019-11-06,46.3046989440918,47.29958740378948,46.17358817539705,47.19932657384786,17827900
2019-11-07,46.99880599975586,47.14534174121252,46.65175447780772,46.77515129365892,13241700
2019-11-08,46.80599594116211,46.86769581699607,46.273847751148224,46.71344906942318,10389800
2019-11-11,46.54377746582031,46.75972408975112,46.18901200495029,46.366394735385306,14480500
2019-11-12,46.3046989440918,46.93710797847046,46.0656163317732,46.68260039677529,12541200
2019-11-13,46.10417556762695,46.2661362690446,45.91136787061679,46.06561461662732,10575600
2019-11-14,45.980777740478516,46.34325714427043,45.76483406605538,46.08874957769009,8116800
2019-11-15,46.33555221557617,46.512934963146954,46.119605570784195,46.17359149647911,9181800
2019-11-18,45.77254867553711,46.09646715463336,45.579740967650245,46.042481231786006,12754100
2019-11-19,45.09386444091797,45.66457356796989,45.039878521926894,45.6260126175494,15379100
2019-11-20,45.548892974853516,45.880522460532184,44.80079814315809,45.07844170716926,17145000
2019-11-21,46.2969856262207,46.33554952119944,45.55660473801812,45.703137536096094,15641700
2019-11-22,46.14274215698242,46.559204570931186,46.05019233876078,46.335549865259274,11492000
2019-11-25,46.18900680541992,46.2661316417175,45.911363278772,46.08874598923891,12336000
2019-11-26,45.76483154296875,46.26613269325571,45.59515984126946,46.25070772564562,13402000
2019-11-27,45.880516052246094,45.97306291331946,45.502611711344706,45.818816183522735,9668300
2019-11-29,45.41778564453125,45.66457928855354,45.24811391101131,45.50262151129122,7830200
2019-12-02,45.41778564453125,45.86510096307934,45.363799718777145,45.57203240754826,15389500
2019-12-03,44.73910140991211,45.09386984553155,44.57714363352784,45.016744993435026,16945500
2019-12-04,45.410064697265625,45.54888645941376,44.98588839826262,45.13242117296936,17426500
2019-12-05,45.194122314453125,45.65686254544108,45.0398785128024,45.60287662646094,10892400
2019-12-06,46.05791091918945,46.196732718448544,45.3792268941464,45.38693790876637,16729600
2019-12-09,46.0039176940918,46.219861373349396,45.70313521539617,45.70313521539617,8406300
2019-12-10,46.09646224975586,46.26613395608633,45.89594060736315,46.1581591798685,8785100
2019-12-11,46.019344329833984,46.33555180900438,45.92679744974222,46.02705828601545,12436200
2019-12-12,46.86769104003906,47.029648784577766,46.0347604532485,46.08874636809474,22490800
2019-12-13,46.512935638427734,47.3304384919693,46.48208569700781,47.02965891815591,11371500
2019-12-16,47.137630462646484,47.32272716794242,46.821425920192354,46.844564847112046,11135900
2019-12-17,47.168479919433594,47.592656309782164,46.991097172270095,47.33815165237794,23146200
2019-12-18,47.345855712890625,47.64663523747104,47.052787201396846,47.11448707413737,12940700
2019-12-19,47.3304328918457,47.48467963868254,47.245597033984836,47.35357181617903,12767400
2019-12-20,47.78445053100586,47.83896319269493,47.38728345788004,47.47294706073922,17419800
2019-12-23,48.275062561035156,48.306210528329096,47.675420372551734,47.729933028712324,13472200
2019-12-24,48.251705169677734,48.45418332665406,48.166041562550625,48.38409519088801,5037400
2019-12-26,48.236122131347656,48.62549994213879,48.173823226393885,48.46196197457858,10156200
2019-12-27,48.03364944458008,48.46196446431161,48.00249850514434,48.415238055158014,10718300
2019-12-30,47.88206481933594,48.30714749237027,47.80988068056054,48.21892209391618,14629500
2019-12-31,48.154754638671875,48.2028753526783,47.50509746357132,47.64144662555607,10722400
2020-01-02,48.58787155151367,48.66005264054254,48.30715405831735,48.475582718500426,11944700
2020-01-03,48.44348907470703,49.173349448091386,48.202873276808724,49.028981193175184,29502900
2020-01-06,48.82045364379883,49.06908856970385,48.443494764625996,48.61192339529198,22458100
2020-01-07,48.69212341308594,48.740247187049036,48.12267252252971,48.684104313870655,11462500
2020-01-08,47.89008712768555,48.700153968162255,47.82592514422983,48.64401108530438,19021400
2020-01-09,48.24298858642578,48.291109308969844,47.30459472256728,47.866026608856565,15366800
2020-01-10,47.97028350830078,48.259016963460475,47.91414063705665,48.21891534965138,9151200
2020-01-13,47.986328125,48.138715491965186,47.64946781439639,47.898102732709596,8778500
2020-01-14,47.99434280395508,48.050485673958406,47.56926019977076,47.88205706394842,17339000
2020-01-15,47.641448974609375,47.93018245155575,47.505099805901665,47.785817242861185,10830800
2020-01-16,47.721656799316406,48.08257750466812,47.69759643881214,47.92216796233875,8224500
2020-01-17,47.41687774658203,47.87404294166617,47.336674507273656,47.84998258178515,11909100
2020-01-21,46.566707611083984,47.16021886392447,46.48650132045882,47.15219976464053,17354600
2020-01-22,46.11756134033203,46.5105645136113,45.98923433550644,46.47848199751562,14677700
2020-01-23,45.94112014770508,46.085488440703244,45.283443728294664,45.63634535987141,13278000
2020-01-24,45.411766052246094,45.94111538517797,45.05886751681066,45.732585127774634,20390600
2020-01-27,44.15255355834961,44.67388375965971,44.09641068246172,44.497432972836485,21682500
2020-01-28,44.35306167602539,44.62575693724851,44.17661396080364,44.40118544902608,14300100
2020-01-29,43.88788604736328,44.762114874505315,43.83174316429929,44.60170532594062,13745400
2020-01-30,44.24078369140625,44.28890747284748,43.318431100907056,43.43071992426992,24430500
2020-01-31,42.861263275146484,43.61518717401906,42.636691761213754,43.4948792575223,33430500
2020-02-03,42.29983139038086,42.869282293011004,42.147440966045195,42.805117259699735,21289200
2020-02-04,42.45222091674805,43.246243357283404,42.37201768058235,42.90938609391867,19819800
2020-02-05,44.04828643798828,44.200676864827585,43.13395611518138,43.158019532847035,34382000
2020-02-06,43.599151611328125,44.25682803911455,43.52696746390972,44.25682803911455,15400600
2020-02-07,43.29437255859375,43.478842472530935,43.06980102154982,43.27031219664125,13693300
2020-02-10,43.07780838012695,43.17405592081708,42.813135292121316,43.06978928151455,14640600
2020-02-11,43.559043884277344,43.727472518136686,43.36655183161139,43.66330748072891,13844600
2020-02-12,44.14453887939453,44.3931707662083,43.78361817000309,44.208700861309914,17199800
2020-02-13,44.008182525634766,44.25681743149515,43.751528520675635,44.024223783389345,11974900
2020-02-14,43.775604248046875,44.19266482872711,43.50290890864338,44.160585363753356,12520000
2020-02-18,43.4146728515625,43.76757135621373,43.013650571912706,43.39060943428462,16314700
2020-02-19,43.99215316772461,44.168603991197735,43.462803756863146,43.70341962871119,12455400
2020-02-20,43.944026947021484,44.43327467126074,43.83174118596149,44.10443648834612,13050800
2020-02-21,43.42269515991211,43.56706343601951,43.061774469643616,43.52696181700243,13808200
2020-02-24,41.417579650878906,42.02713521602621,41.28925264656744,41.78651940582973,33037500
2020-02-25,39.58891677856445,41.56194550275999,39.33226278482635,41.529862988653484,42837300
2020-02-26,38.39386749267578,39.92577229085465,38.37782623630843,39.73328333356004,48828300
2020-02-27,36.34063720703125,38.12117390725227,36.32459594996802,37.3993356967487,61278700
2020-02-28,36.308570861816406,36.76573618325368,34.90499236909117,35.19372900569541,68755800
2020-03-02,37.77629852294922,37.824422299226484,36.03586325161111,37.11862221161288,36642700
2020-03-03,36.6213493347168,38.49011436517528,36.212308012872704,37.992844605058295,48595300
2020-03-04,37.48755645751953,37.495575555283686,36.629366138039714,37.40735018209514,24484500
2020-03-05,36.11606216430664,36.581249433985484,35.51452880082621,36.41282082650462,29387300
2020-03-06,34.0869026184082,35.201744355692746,33.573594456742626,34.88894738590016,61517400
2020-03-09,27.221393585205078,29.218486056034635,27.052964947542602,28.127704871931538,66556900
2020-03-10,28.5126895904541,29.531286766518186,26.756212730061428,29.410978832980426,48431100
2020-03-11,27.004838943481445,28.11166129610801,26.57173720511209,27.630435782561086,43477300
2020-03-12,23.63625717163086,25.66543084883747,23.56407302498619,25.01577505881436,38829100
2020-03-13,25.81781578063965,25.84187920026463,23.098884948943237,25.63334588115472,34098400
2020-03-16,22.304859161376953,24.95962780118349,22.192573410612688,22.41714644191984,40233600
2020-03-17,22.45724868774414,23.403661555777944,21.615102473865203,22.521412194232266,45443600
2020-03-18,19.233028411865234,21.3183445987814,18.350779079349323,20.885241326682188,52135800
2020-03-19,20.54036521911621,20.620568465147038,18.430986805282153,19.513747454265744,52226500
2020-03-20,20.74087142944336,21.526874678735652,19.858622166260062,21.061688926115878,58357200
2020-03-23,19.327205657958984,20.737592495247306,18.98280905397116,20.606392373909404,48260200
2020-03-24,22.426776885986328,22.54157524181915,20.827792190264866,20.827792190264866,44511100
2020-03-25,23.48456382751465,24.599753136869317,21.92657977498163,22.918770631453988,52434900
2020-03-26,24.91954803466797,25.41974348765012,23.427163344666898,23.722360866297034,46918100
2020-03-27,23.230365753173828,23.95195779066579,23.090967095884345,23.87815997352205,36528400
2020-03-30,23.468168258666992,23.67316622836041,22.21358012109954,22.91877363732822,42127400
2020-03-31,23.82895851135254,24.59975115203925,23.353363384973516,24.124156025660227,34350600
2020-04-01,22.648174285888672,23.353366172906338,22.328376419207743,23.05817018736811,23826500
2020-04-02,24.72275161743164,26.042938871071655,23.172967668556968,23.787961497667258,73128100
2020-04-03,24.460357666015625,25.673945270481912,23.76336425669026,25.501747726771736,63834300
2020-04-06,25.755943298339844,25.92814239621376,24.673554331167672,25.00975085691023,38020700
2020-04-07,26.305339813232422,27.77312283425627,26.256139176586796,27.02693038257778,51509500
2020-04-08,28.060117721557617,28.150317311440762,26.641532418175952,26.86292743040889,41905800
2020-04-09,27.805925369262695,29.896904101095206,26.748135061246188,29.142513050058266,91327600
2020-04-13,27.715721130371094,28.880111067399806,27.27292482496495,28.773511261723435,33842800
2020-04-14,27.584524154663086,28.191319474060144,27.40412495440602,27.85512295504868,36324100
2020-04-15,26.288942337036133,26.55133950374716,25.468948845048466,26.48573864805892,36710500
2020-04-16,25.16554832458496,26.30533796948891,25.132747902453527,26.223336914160328,32302900
2020-04-17,27.838720321655273,27.871520742125117,25.673941054959748,25.690341265194668,45853400
2020-04-20,26.969532012939453,27.961721421571166,26.059342103833504,26.198740783824196,56395000
2020-04-21,26.493940353393555,26.977735716648425,25.739546152105177,26.19054265148387,60430800
2020-04-22,27.43692970275879,27.871527560247827,27.06793270225716,27.69112833155347,36876600
2020-04-23,28.322519302368164,28.98671070016947,27.994521310550244,28.273318665189272,41603600
2020-04-24,28.38811683654785,29.14251096154153,27.93712194679044,28.888312363159407,32429600
2020-04-27,29.00311279296875,29.20811076914075,27.535329660873092,28.174922345563054,23288000
2020-04-28,29.667306900024414,29.847706117214194,28.9621133724871,29.437710171252572,29569000
2020-04-29,31.86488151550293,31.97148132423472,30.618493617164923,30.64309236994132,35537500
2020-04-30,31.159687042236328,32.04527964909702,30.700490528158152,32.04527964909702,42020100
2020-05-01,29.396711349487305,30.749699373112733,29.035916002930406,30.52010261876027,29265900
2020-05-04,30.41349983215332,30.438098588296672,28.716116841802993,28.85551396397647,26390200
2020-05-05,30.438098907470703,31.91408372394545,30.331502211051166,31.659888233076348,34366700
2020-05-06,29.6427059173584,30.848091780878136,29.618104035394726,30.585694645416655,23675100
2020-05-07,30.41349983215332,30.98749479032484,30.20030331352892,30.47909755787588,24234700
2020-05-08,31.799283981323242,31.815684194221728,30.946494806747406,31.126890892589202,24823100
2020-05-11,31.24168586730957,31.676283641943897,31.09408709524817,31.58608404479299,23265700
2020-05-12,30.69228744506836,31.594277001082144,30.651288488525893,31.553278044539677,28064500
2020-05-13,29.298303604125977,30.528291176732544,29.085107134536376,30.487292216583022,34497400
2020-05-14,29.62630271911621,29.90510003844438,28.125716319432733,28.78170909196365,30984200
2020-05-15,29.511505126953125,30.249495841848656,29.249104883233862,29.634502015425532,27213900
2020-05-18,31.922279357910156,32.12727729720934,31.118687811219804,31.200685735731348,36569800
2020-05-19,31.02849006652832,32.061678365838134,31.003891313313,31.963280224956364,26970300
2020-05-20,32.26667404174805,32.32407321388271,31.504081465650025,31.668080440900617,27260600
2020-05-21,31.750085830688477,32.496278298414936,31.495887227916782,32.36507972589228,28120900
2020-05-22,31.553287506103516,31.586087932380973,30.905493163217447,31.49588832412838,19247500
2020-05-26,32.4306755065918,32.766872024055054,32.348677576681936,32.561874071259886,37444300
2020-05-27,32.848880767822266,33.09487774312966,31.9304874722435,32.90627995779328,35612800
2020-05-28,31.93048095703125,32.930871997581946,31.77468363433098,32.930871997581946,27178400
2020-05-29,31.782880783081055,32.020679155741696,31.118689427193672,31.651682220237333,35750200
2020-06-01,32.34047317504883,32.52087235923666,31.30728495656457,31.733681037722913,23840000
2020-06-02,33.242469787597656,33.27527021176797,32.652074664614574,32.69307363081715,25159200
2020-06-03,34.218257904052734,34.374055222084415,33.70166218718059,33.76726303352268,27300900
2020-06-04,34.22645950317383,34.35765806756655,33.537666258106924,34.029660092574495,27424700
2020-06-05,36.76844024658203,37.104636830867946,35.90744929931529,35.94024972900688,50196700
2020-06-08,38.42481231689453,38.44121252657893,37.252223912630974,38.105016048099046,47534700
2020-06-09,36.981632232666016,37.30143169077354,36.473238147092715,37.19483187140437,43699500
2020-06-10,35.161251068115234,36.67003618282971,35.14485085590935,36.637235758417944,40488500
2020-06-11,31.848485946655273,33.652468776362845,31.74188612238513,32.70947682755499,48152200
2020-06-12,32.652069091796875,33.48846099726675,31.766479686488825,33.25066265464863,42817500
2020-06-15,32.75048065185547,33.086677260058515,30.913700250753426,31.258095402952048,32847400
2020-06-16,33.69346237182617,34.35765683984175,32.73407036247033,34.30845620694491,32041900
2020-06-17,32.545467376708984,33.57045693650982,32.537268836559335,33.56225839636017,23368000
2020-06-18,32.947265625,33.308060834524895,32.02067415996881,32.21747353754056,18468900
2020-06-19,32.447078704833984,33.980462657039496,32.414278278642655,33.97226411450207,26967100
2020-06-22,32.5974006652832,32.705367465391916,31.90807831522439,32.29011395373226,19448200
2020-06-23,32.63062286376953,33.170450547191635,32.53095973638113,33.087401109167615,14805800
2020-06-24,30.82010841369629,32.13230753405894,30.612481709931835,32.12400385988648,32363000
2020-06-25,31.409772872924805,31.526043340050357,30.371639176257187,30.52943435762292,24017200
2020-06-26,30.321807861328125,31.18553586423046,30.18062319815335,31.18553586423046,33861100
2020-06-29,30.7287540435791,30.994515987262176,30.263669058067585,30.396550029909122,19452800
2020-06-30,31.4346866607666,31.61739920281643,30.164012046302975,30.47960557308016,20943400
2020-07-01,30.67061996459961,31.982819214642078,30.629095253369403,31.55926209108212,24573400
2020-07-02,31.011123657226562,31.73366367726091,30.94468159334056,31.301799766397856,20779200
2020-07-06,31.10248374938965,31.78349914760597,30.71214449621723,31.55926190651537,22542200
2020-07-07,30.11418342590332,30.75367421731228,30.06435503185385,30.71214949956009,20910900
2020-07-08,30.089263916015625,30.579263102491208,29.84011248536228,30.11417810864126,20650900
2020-07-09,28.6026611328125,30.039437922580767,28.56944325920752,29.956388486368947,30543600
2020-07-10,29.516218185424805,29.549439224251675,28.436559768612533,28.436559768612533,25228000
2020-07-13,29.358421325683594,29.90655582162697,29.134187222548718,29.790285347962133,37223800
2020-07-14,30.388248443603516,30.44638367477116,29.076045984373888,29.159098577565153,34221100
2020-07-15,31.044349670410156,31.24366955778619,30.587571496363214,31.160620132734923,25902500
2020-07-16,30.90315818786621,31.301801083560946,30.446380067890917,30.836719289316477,18822800
2020-07-17,30.47130012512207,31.34333499347759,30.33841913430843,31.002827256509345,17716900
2020-07-20,29.964689254760742,30.712143533500324,29.9397718944435,30.36333217038164,20076500
2020-07-21,31.775192260742188,32.01604001952231,30.43807882725043,30.47960353818057,36170200
2020-07-22,31.384859085083008,31.434687475564473,30.92808088625116,31.434687475564473,19621700
2020-07-23,31.32672691345215,31.48452211229155,30.928083909963423,31.276895349966193,21043900
2020-07-24,31.152311325073242,31.791801995669527,31.036040870079788,31.326720175695712,19950600
2020-07-27,31.185529708862305,31.32671751230222,30.72044792842968,31.11078397013106,18231000
2020-07-28,30.654014587402344,31.301809062004565,30.570965151013876,31.00282919012633,17776900
2020-07-29,31.293498992919922,31.318413185120356,30.5294310280731,30.737057744762783,17215000
2020-07-30,30.064350128173828,30.6540092612234,29.798588176147753,30.637398743205225,32833700
2020-07-31,29.92316246032715,29.956383496531412,29.31689280619511,29.60757212078382,24774100
2020-08-03,30.031129837036133,30.19723185320555,29.665707935969372,29.914859376157278,21103400
2020-08-04,30.761980056762695,30.828418969369093,29.906555691976056,29.93147305631964,22572100
2020-08-05,31.085866928100586,31.4762061021241,30.803494515257736,31.368239340943436,30758700
2020-08-06,30.836721420288086,31.19383963305138,30.7204509636921,30.911467166404414,19190700
2020-08-07,30.878246307373047,30.952992053916873,30.205534588478614,30.562652803284408,18376600
2020-08-10,31.833332061767578,31.849939412366187,31.036043003336694,31.11078875356045,26308100
2020-08-11,31.72536277770996,32.82993525728723,31.57587128902548,32.45620970370829,26513100
2020-08-12,32.04095458984375,32.41468012379617,31.70044375273068,32.20705341909723,25532700
2020-08-13,31.41808319091797,32.04926715431093,31.343337429767082,31.783505152026216,15761000
2020-08-14,31.71706199645996,31.766893558255642,31.05265701318184,31.168927489238904,13279700
2020-08-17,31.534353256225586,31.74198001578855,31.35994437041167,31.725369494847563,14255800
2020-08-18,31.135709762573242,31.72536898999682,31.044353482918037,31.418082277810754,14348800
2020-08-19,30.77859115600586,31.251979901713963,30.67892803302206,31.110792061553333,14793900
2020-08-20,30.11418342590332,30.521133263393708,30.10587974960604,30.321810182797158,19107700
2020-08-21,29.92316246032715,30.05604343701181,29.640789988855698,29.997908207720545,17347800
2020-08-24,30.745365142822266,30.961295538100877,29.92316193590455,30.10587446369345,24827000
2020-08-25,30.313505172729492,30.95299593600136,30.16401366089281,30.911471220076226,20118500
2020-08-26,29.67401123046875,30.271977213755143,29.632486518992174,30.271977213755143,18001200
2020-08-27,29.732147216796875,29.931470272342253,29.36672531111825,29.682318829009898,22259700
2020-08-28,30.263669967651367,30.355026232562967,29.698925028318186,29.84841652214946,14575100
2020-08-31,29.607572555541992,30.34672319721239,29.607572555541992,30.30519848541351,18791500
2020-09-01,29.408252716064453,29.541133709216194,29.042830776930366,29.47469479670671,18260500
2020-09-02,29.26706886291504,29.574355574121224,29.084356304187267,29.39994985977173,23850200
2020-09-03,29.051137924194336,29.81520610221308,28.876732193868257,29.2089331323751,39442300
2020-09-04,28.95977783203125,29.549440202260286,28.602659573154288,29.350117130834615,34341000
2020-09-08,27.90503692626953,28.54452776504707,27.58944651347006,28.411646757517524,49218800
2020-09-09,28.096054077148438,28.37842342324284,27.996390953445022,28.220628229578402,24977600
2020-09-10,27.066221237182617,28.212321698743654,27.016389680372992,28.17910066087057,37003300
2020-09-11,27.091135025024414,27.265543887174864,26.866897774944547,27.124356062399023,25397300
2020-09-14,27.298763275146484,27.547914733052263,26.974866063055707,27.165882286387895,19444200
2020-09-15,27.099437713623047,27.730621486306777,27.016385132919915,27.48147008046141,25610400
2020-09-16,28.187408447265625,28.552833580899893,27.107749903987937,27.340290866749374,35886100
2020-09-17,28.228933334350586,28.253847529674673,27.46486527370764,27.738934094803284,22356700
2020-09-18,27.9133358001709,28.228929290980215,27.630963343790395,28.21231877376581,26406400
2020-09-21,26.98812484741211,27.30046857770137,26.532273706867414,27.232933405636988,30719600
2020-09-22,26.709552764892578,27.43553987371471,26.658902988269077,27.00501274709652,22348700
2020-09-23,25.50238609313965,26.912150674798003,25.468620115621285,26.810851132115708,26484600
2020-09-24,25.49394416809082,25.95823719749104,24.936791888759718,25.409526814528846,35243800
2020-09-25,25.47705841064453,25.67121718177521,25.07185707694738,25.23224826520648,27558400
2020-09-28,26.07642364501953,26.363441715380006,25.90759052783103,25.941356507217815,26376000
2020-09-29,25.35887908935547,26.059540443149128,25.105627008267536,26.000447163806218,23800900
2020-09-30,25.282907485961914,25.814734200223818,25.164722519360122,25.519274198910548,24574500
2020-10-01,24.506267547607422,25.114069662309944,24.354316616399974,25.00432821761972,28365200
2020-10-02,24.742631912231445,24.95367449465269,23.80560394116755,23.847811813600952,28705200
2020-10-05,25.485502243041992,25.502384425633714,24.903024275259657,24.96211593964841,31572200
2020-10-06,25.105627059936523,26.0004472173168,25.038093493532863,25.85693818744312,31111600
2020-10-07,25.46017837524414,25.52771194082328,24.962117725300274,25.249135781543423,21043000
2020-10-08,26.414091110229492,26.43097329358773,25.55303696399981,25.671220298143314,30563100
2020-10-09,25.99200439453125,26.71798976000978,25.94979491331751,26.650456200194867,25517900
2020-10-12,26.059541702270508,26.152399354041524,25.637456490190583,25.907590768301368,16684600
2020-10-13,25.654335021972656,26.211487293773242,25.578359565806476,26.05953799156796,25383800
2020-10-14,25.764080047607422,26.36344023672001,25.66277889487422,25.71342866617722,27244000
2020-10-15,26.07642364501953,26.08486554239805,25.097186090893427,25.325112489731563,20353900
2020-10-16,25.485502243041992,26.059538314464923,25.443292761244958,26.025770729027297,18711500
2020-10-19,24.945232391357422,25.704986969877638,24.919908312158157,25.57836013337286,25186000
2020-10-20,25.240694046020508,25.460178538088346,24.919910009999644,25.088743119963755,22990300
2020-10-21,24.759517669677734,25.24069453815445,24.75107577249585,25.0971855063169,24657600
2020-10-22,25.780963897705078,25.814729875271734,24.641333575072583,24.801724786236807,32824200
2020-10-23,25.654335021972656,26.067978277695694,25.33355101492541,25.916028975490413,24987700
2020-10-26,24.734193801879883,25.24913829705299,24.489385206063524,25.215372315963005,30401000
2020-10-27,24.413410186767578,24.717312072826136,24.354318511173393,24.708870174865908,21596800
2020-10-28,23.3919620513916,23.96599820653965,23.256894910195275,23.81404727016195,40549100
2020-10-29,24.10950469970703,24.185480159873954,22.775715613626915,23.08805935099396,37252100
2020-10-30,24.24457359313965,24.261457387768512,23.662097169589295,23.94067334045646,37899700
2020-11-02,25.07185935974121,25.401085272080305,24.117945988415812,24.573798737925745,41893100
2020-11-03,24.928348541259766,25.510824865663334,24.70042218294863,25.493942684035364,34877500
2020-11-04,24.962120056152344,25.561481915494277,24.286784337301086,24.962120056152344,43613700
2020-11-05,24.962120056152344,25.46018075260291,24.91147027977034,24.995887647158586,31795800
2020-11-06,24.42184829711914,25.333552203770353,24.320547147434716,24.962116801763667,33223200
2020-11-09,27.90826988220215,28.524513783966615,27.266698682930944,27.351117640863457,99356700
2020-11-10,28.811532974243164,28.811532974243164,27.840735850118733,28.431655698705164,73338100
2020-11-11,28.516069412231445,29.18296466850691,28.24593519555726,29.1238730098753,46542500
2020-11-12,27.595930099487305,28.414776444163206,27.30047173813756,28.018015312989583,38584800
2020-11-13,28.600488662719727,28.74399605794762,27.773202213086805,27.806966575329074,39432700
2020-11-16,30.48299217224121,30.550524126414565,29.453103303999065,29.816096815912136,47932700
2020-11-17,30.795333862304688,30.812217655669816,29.68946954879594,30.086230642240743,39010100
2020-11-18,29.900514602661133,31.175213734746183,29.900514602661133,31.05703039169291,41000200
2020-11-19,30.39013671875,30.4492283936383,29.385575025394143,29.689473687567645,32936200
2020-11-20,30.2297420501709,30.449224929031896,30.018699458081542,30.314157798904883,19753200
2020-11-23,32.36549377441406,32.407701651027736,30.66871266060975,30.702477029747946,38162300
2020-11-24,34.02851104736328,34.1213670892531,33.159013318401016,33.45447489979281,53466000
2020-11-25,33.234981536865234,33.80901755923548,33.04926627333645,33.80901755923548,35676200
2020-11-27,32.84666442871094,33.31940092987365,32.58497049088362,33.04926670642466,18755400
2020-11-30,31.031700134277344,32.52588201541963,30.98105197508036,32.48367414267072,41543600
2020-12-01,31.175214767456055,32.07003659775846,31.124563381503386,31.892758357051456,34467800
2020-12-02,32.18822479248047,32.67784204941039,30.972617108575513,31.073919895737706,37741800
2020-12-03,32.52588653564453,32.92264767918286,32.00250175626218,32.33172771781325,36487700
2020-12-04,34.298641204833984,34.323965284101455,33.116801461786984,33.116801461786984,51850200
2020-12-07,33.49667739868164,33.969413920851,33.17589178648622,33.89343846586403,34656600
2020-12-08,33.99474334716797,34.332409584478704,33.07459745656976,33.08303774389432,28927300
2020-12-09,34.07072067260742,34.89800734648952,33.65707572553899,34.34085496529322,43345900
2020-12-10,35.11748123168945,35.52268578689514,34.020060546996774,34.112919790054164,38802200
2020-12-11,34.712284088134766,34.889562310038265,34.22266695687696,34.88111880314773,28076100
2020-12-14,33.49667739868164,35.2525499291245,33.370050566951996,35.244109643127764,39942200
2020-12-15,34.15513229370117,34.32396701123975,33.370053594363,33.68239894889842,29335900
2020-12-16,33.986297607421875,34.36617491716948,33.749930934803096,34.23955129408988,23814400
2020-12-17,33.825904846191406,34.29864139001337,33.62330577044931,34.290197883375804,23181700
2020-12-18,33.26030731201172,33.94408311600787,32.99861338958807,33.75836786097687,36570200
2020-12-21,32.61872482299805,32.901025221271546,31.669162707913447,32.00279193465683,40079400
2020-12-22,32.071224212646484,32.66149094171714,32.037005000239105,32.550280133055004,25092900
2020-12-23,32.781253814697266,33.234646942149645,32.336413858396014,32.344970292870734,26965900
2020-12-24,32.61016082763672,32.8240260017013,32.28508811265153,32.8240260017013,11451500
2020-12-28,32.404850006103516,33.140546679751644,32.31074881342899,32.72992270020398,18912300
2020-12-29,32.190982818603516,32.6957046957183,32.036999651800826,32.60160350896963,18984300
2020-12-30,32.695709228515625,33.00367560481619,32.139658464270326,32.216650058345465,28218300
2020-12-31,32.421958923339844,32.68714962799455,32.276528920473424,32.55027605882084,18154900
2021-01-04,32.47328567504883,33.0721087861111,32.088327727699976,32.79836163762379,33858800
2021-01-05,33.92757034301758,34.8172502309175,32.798362509653636,32.824025285718065,47736700
2021-01-06,34.962684631347656,35.28776067370897,34.149996157106486,34.59483619841033,43131400
2021-01-07,35.475955963134766,35.835247887598534,34.90279560221703,35.27064396106721,25728600
2021-01-08,35.43317794799805,35.92934668287099,35.15087763527506,35.92934668287099,31372000
2021-01-11,35.98923873901367,36.13466878464715,34.46651942625006,34.66327503584008,23445200
2021-01-12,37.24675369262695,37.44350923049922,36.151761953032825,36.42551233542366,43973600
2021-01-13,36.95589828491211,37.39218175165283,36.67359472271509,37.375072148187265,27382200
2021-01-14,38.0508918762207,38.49573183569872,37.152658786052456,37.18687799754852,41657300
2021-01-15,36.570945739746094,37.3836340755163,36.21165380413693,37.37507764086446,47748500
2021-01-19,37.306644439697266,37.56328201622924,36.89602366458135,37.01578764940801,27809700
2021-01-20,37.443511962890625,37.71725910193473,37.07566363292699,37.6231579110152,25362800
2021-01-21,36.17744064331055,37.42641271884446,35.843811429205864,37.23821028490881,29984000
2021-01-22,35.98923873901367,36.091893130251016,35.09100547320732,35.381862301150015,25222300
2021-01-25,35.62137985229492,35.732590647117554,34.97123121408022,35.59571707784482,40911600
2021-01-26,34.86002731323242,36.4768476898002,34.84291770577429,35.93790647650296,27499800
2021-01-27,34.3895149230957,35.34762982983498,33.79924505231529,34.28686057034726,49933600
2021-01-28,34.791587829589844,35.21076504130758,34.35530427425606,34.67182384433445,28624100
2021-01-29,33.63671112060547,34.74880926743656,33.50839072302665,34.303969356039474,31534500
2021-02-01,33.87623977661133,34.2184253352936,33.31163588911192,34.047332555952465,30510700
2021-02-02,34.24408721923828,35.06533188604798,34.24408721923828,34.68892712862425,31964500
2021-02-03,35.70693588256836,35.801033831101556,34.29542423135795,34.42374465904036,37192800
2021-02-04,36.10043716430664,36.1089903342529,35.33907776948665,35.97211677185069,24163900
2021-02-05,36.40840530395508,36.78480680342631,36.305747679562046,36.665042838291065,24098200
2021-02-08,37.931129455566406,38.11077542830594,36.904575911831735,36.93879512473177,31184100
2021-02-09,37.52906036376953,37.75148197541472,37.03289484982592,37.63171799837052,32399400
2021-02-10,38.24764633178711,38.281865542285125,37.417851688813215,37.657379635652255,29225500
2021-02-11,37.657379150390625,38.13643830121896,36.86180046484323,38.12788186704295,24816300
2021-02-12,38.21342849731445,38.247647709044664,37.32375183559448,37.39218699573126,23700400
2021-02-16,39.171546936035156,39.62494007087191,38.897799768210284,39.09455534112668,38296700
2021-02-17,39.753257751464844,40.009895295747874,39.00045146002098,39.573608533475635,34482200
2021-02-18,38.85502243041992,39.6591575563095,38.73525845762535,39.58216596475249,30680100
2021-02-19,39.50517654418945,39.65915973576558,38.86358100039685,38.90635338398495,27202100
2021-02-22,40.87392044067383,41.46419054562264,39.7019399304958,39.7703783683606,37822300
2021-02-23,41.549713134765625,41.66947707372968,39.78746346099044,41.361510794494926,49185400
2021-02-24,43.02111053466797,43.26919486982265,41.47272581144934,41.82346449575243,38874400
2021-02-25,42.191322326660156,43.46596023161648,41.900465552172896,43.46596023161648,37943900
2021-02-26,41.19043731689453,41.74648485853712,39.97568132845164,41.626720873054836,45154400
2021-03-01,42.259761810302734,42.84147537386624,41.96890502852098,42.27686815335718,34695800
2021-03-02,42.028785705566406,42.755926005632034,42.00311966513945,42.41374367873441,37234100
2021-03-03,42.64472198486328,43.611393657228305,42.32820238470495,42.33675882064997,41287200
2021-03-04,43.6627197265625,44.449742090964335,42.627612948602895,43.02967730288472,53786900
2021-03-05,45.296653747558594,45.39930813829215,43.78248761511054,44.903142530309744,56197900
2021-03-08,45.38219451904297,45.98101772816762,44.723489315338256,45.74148974984734,50305000
2021-03-09,44.58660888671875,45.77569868735416,44.27008935482065,45.12555001868191,59444800
2021-03-10,45.715816497802734,45.86979967767601,44.44118194180254,44.65504710681283,39208300
2021-03-11,45.73292922973633,46.51139835307114,45.63027485724264,45.809920824937514,25398700
2021-03-12,45.8270263671875,46.23764708407408,45.484840804787005,45.81847319662301,29893400
2021-03-15,45.305198669433594,45.85269300473542,44.757704334131766,45.72437585551861,30226300
2021-03-16,44.013458251953125,44.59517184960827,43.73971106050646,44.55239946281797,38643500
2021-03-17,44.35564041137695,44.569505607696655,43.50873606141232,43.88513763213839,32276100
2021-03-18,42.36241912841797,44.158885499730545,42.1827731439515,43.96212990769718,43603600
2021-03-19,42.3709716796875,43.07244926303184,41.79781451955265,42.345308900375166,40579300
2021-03-22,41.964637756347656,42.440132571225796,41.87818205494849,42.27587168548907,29780900
2021-03-23,41.3508186340332,42.275873236277015,40.85802936285065,41.11739317861449,51598100
2021-03-24,42.38825607299805,42.958850469016205,41.98192584873882,41.98192584873882,40815400
2021-03-25,42.543880462646484,42.664915159026435,41.00500509790466,41.679343147991865,40335100
2021-03-26,43.598609924316406,43.65912726262682,42.82052514897175,43.31331107404083,36174300
2021-03-29,43.07988739013672,43.45163532726852,42.552519205584844,43.22685712133447,23643100
2021-03-30,42.7081413269043,43.16634501253455,42.388260170947454,42.638976764119725,26696100
2021-03-31,42.41419982910156,42.8118861834409,42.249935636434635,42.62168692790992,24048700
2021-04-01,43.49486541748047,43.512156556319134,42.37961169699308,42.60438990600066,32519800
2021-04-05,42.45741653442383,43.41705322107513,42.20669998966954,43.40840600342305,26686100
2021-04-06,42.34503173828125,43.235504000578985,42.2758704770866,42.66490957944538,26628900
2021-04-07,42.492008209228516,42.70814252708228,42.20670932664653,42.36232629933708,24944300
2021-04-08,41.938697814941406,42.19806161140738,41.45455909715994,42.18941439261976,31883300
2021-04-09,41.66204071044922,42.29315238328506,41.47184479539623,41.9300483925907,22186700
2021-04-12,41.33353042602539,42.32774636452441,41.18655736680058,42.02515962192648,19598100
2021-04-13,41.376747131347656,41.60152533167069,40.9617697090954,41.26435638221244,22412700
2021-04-14,42.526588439941406,43.08853900200906,41.69663342656757,41.739859631815534,33383900
2021-04-15,42.180782318115234,42.578468747395426,42.00787417122645,42.578468747395426,24843100
2021-04-16,41.84360122680664,42.59574765709279,41.67069312958229,42.492004117937235,28594500
2021-04-19,41.80037307739258,42.24128890443467,41.394042828448164,41.9300549789809,20413900
2021-04-20,40.69377136230469,41.71392566308224,40.27879384472625,41.65340831455715,36287000
2021-04-21,41.212486267089844,41.359459304332624,39.98484504022117,40.17504427737737,28495500
2021-04-22,40.72834777832031,41.42862079548406,40.59002195905792,41.41133295378047,25031400
2021-04-23,41.10009765625,41.28164966957212,40.520856040194474,40.762928689238194,16948900
2021-04-26,41.376747131347656,41.687981022523694,40.944478570924794,40.944478570924794,17945900
2021-04-27,41.87818145751953,42.02515449882752,41.34216930828256,41.53236855069957,21134400
2021-04-28,43.32196044921875,43.48622133310292,42.15483322810149,42.18941550827113,32937000
2021-04-29,43.80610275268555,44.34211824518986,43.27009055812926,43.94443188464642,33021200
2021-04-30,42.699493408203125,43.78016494940263,42.60439378490592,43.183635445921716,29259500
2021-05-03,43.87526321411133,43.987653974341306,43.05395220864187,43.19227802971426,22870000
2021-05-04,43.90119934082031,44.29024175264055,43.39976946398919,43.961716682887044,26958800
2021-05-05,45.31904602050781,45.45737516167288,44.44586475356692,44.44586475356692,39810600
2021-05-06,45.552467346191406,45.552467346191406,44.471795763978164,45.31039796711898,29355200
2021-05-07,46.36513137817383,46.44293985879447,44.92135252620148,45.08561670637157,31598100
2021-05-10,46.382423400878906,47.670582018179736,46.34784112040092,46.94437061788106,34499000
2021-05-11,45.18935775756836,46.0625388382379,44.79167145539996,45.41413596811429,56765900
2021-05-12,45.40549087524414,46.7455227793106,45.198000511065054,45.42278201375469,41097800
2021-05-13,44.85219192504883,45.6907907863683,44.24701521108116,44.86083584615721,39849100
2021-05-14,46.24409484863281,46.41699964492621,45.34497539693774,45.34497539693774,28591800
2021-05-17,47.316123962402344,47.333415103399346,46.01067414763399,46.07983541367407,33702100
2021-05-18,46.21815872192383,47.41986492309,46.13170631960381,47.246960118449955,35217700
2021-05-19,45.068321228027344,45.57839826345023,44.43720952283418,45.137482483061476,43984800
2021-05-20,44.99916076660156,45.20665114646485,44.35940508308952,45.05103418605431,28261300
2021-05-21,45.094261169433594,45.7685991442869,45.059678889198096,45.44872129697799,25269900
2021-05-24,45.543827056884766,45.64757061362566,44.89542405584477,45.40550121524749,24010200
2021-05-25,44.61875915527344,45.55245748525097,44.549594605969126,45.43142282191567,24279300
2021-05-26,45.01646041870117,45.180721331107186,44.454509811185964,44.662000230284164,19777200
2021-05-27,45.05104064941406,45.60434401116694,44.80032403301098,45.19801041202734,19526800
2021-05-28,45.137489318847656,45.36227085213197,44.89541994264723,45.301753508081866,18562700
2021-06-01,46.87520980834961,46.97895335283939,46.00202535654611,46.02796371612942,36285100
2021-06-02,47.74838638305664,47.97316788883338,46.60719760926742,47.160500857414014,33946700
2021-06-03,47.87806701660156,48.14607141528475,47.24695530964636,47.549541984916864,29380800
2021-06-04,48.19794464111328,48.39678778378929,47.489024463590994,48.18930072097406,26329400
2021-06-07,47.99046325683594,48.483252543578665,47.92130198894356,48.189309734653044,20035200
2021-06-08,48.40543746948242,48.491889867071365,47.25560145345361,47.82619585220429,28776500
2021-06-09,48.102848052978516,48.75125093643444,48.076912992983516,48.543763860579205,28026100
2021-06-10,48.042327880859375,48.97602956098176,47.53225084404009,48.75124806112382,28676900
2021-06-11,47.87806701660156,48.48324366508999,47.81754968154746,48.21523596845939,19045700
2021-06-14,47.670570373535156,48.34490818839418,47.28152805805996,48.05096876997623,18872500
2021-06-15,48.57834243774414,48.70802433253717,47.85213108238782,47.97316905657019,32142500
2021-06-16,48.318992614746094,48.889587141514795,47.89537115439041,48.50054466918425,30393200
2021-06-17,46.67637252807617,48.60429040425539,46.04525736645971,48.19795679832518,53470900
2021-06-18,45.29309844970703,46.27867022274574,45.258516173964225,45.6994319448167,56906100
2021-06-21,47.2232551574707,47.310591082853186,45.668653030428914,45.668653030428914,42183400
2021-06-22,47.53766632080078,47.72107374959673,46.59442240416149,47.10971232195849,24172200
2021-06-23,47.66868591308594,48.51585520828909,47.58134663979263,47.974365040481004,20276500
2021-06-24,48.079166412353516,48.11410211990918,47.42413688812076,47.88702668410224,20878400
2021-06-25,48.33244323730469,48.35864335102996,47.93942487316401,48.210171597716986,19165000
2021-06-28,46.69923782348633,48.14903632529062,46.507094769577165,48.12283287961515,32851400
2021-06-29,46.47216033935547,47.24072924444664,46.41102451718767,46.97871810206287,15955500
2021-06-30,47.048583984375,47.1883234758863,46.56822969053317,46.61189765694565,23517000
2021-07-01,47.86955642700195,48.27130704876463,47.42413450716101,48.12283196493356,23625800
2021-07-02,47.76475143432617,47.92195878577462,47.25819700427751,47.668683236576506,15235900
2021-07-06,46.21015548706055,47.69488993820601,46.01801240172029,47.60755065775458,34223100
2021-07-07,45.45904541015625,46.56822906676793,44.952491009582516,46.1402783373447,30411900
2021-07-08,45.1970329284668,45.62498697671159,44.49833550121706,44.65554283880477,24689900
2021-07-09,46.157745361328125,46.19268106854551,45.24070470261247,45.77346257689414,25603000
2021-07-12,46.08787536621094,46.3673543490487,45.31057423696514,45.6337211861865,20676500
2021-07-13,45.738525390625,46.149011608024296,45.46778199757636,45.86079703027952,24893400
2021-07-14,44.37606430053711,46.411020785469475,44.20138910910869,45.87826295085628,33499700
2021-07-15,43.75596237182617,44.42845961897878,43.54635483058358,43.89570184320517,29835400
2021-07-16,42.51578140258789,44.105319379022454,42.43717772983443,44.08785152600477,37126900
2021-07-19,41.013580322265625,41.59874175131021,40.437154485761084,41.06598388254872,57497400
2021-07-20,41.563804626464844,42.000490952302194,40.6816997142004,41.03104677587891,41671000
2021-07-21,43.01359939575195,43.362949759038145,42.288698558011305,42.3847700744976,41021300
2021-07-22,42.53325271606445,42.96993908207815,42.166434436153615,42.96993908207815,23635000
2021-07-23,42.376041412353516,42.690456099674265,41.94808734757755,42.67298824686175,23475900
2021-07-26,43.42409896850586,43.59877087238046,42.40225100624378,42.48085469564856,23633100
2021-07-27,43.022342681884766,43.153349934606226,42.51578819011097,43.083481843033525,23444200
2021-07-28,43.41535949707031,43.77344219867915,42.742862065921486,43.13588047784648,19584600
2021-07-29,43.83456802368164,44.166450532650366,43.57255691940189,43.97430750140764,21897000
2021-07-30,43.1358757019043,43.930644699511284,42.873864566848034,43.74723723813714,24800300
2021-08-02,42.812721252441406,44.21011594924274,42.74284985177546,43.16206826081586,28905400
2021-08-03,43.546363830566406,43.63369976885909,42.271240474239356,42.67299112102966,32151000
2021-08-04,42.367305755615234,43.293081963355434,42.306169936690644,42.76032411416779,32261900
2021-08-05,42.8476676940918,43.3716900038445,42.44591370285195,42.629324509752735,22900000
2021-08-06,43.240684509277344,43.5813026892094,43.004876792509144,43.21448439222593,18107400
2021-08-09,42.62932205200195,42.969936866868665,42.341107466097874,42.664254427426236,21096700
2021-08-10,43.38042449951172,43.49396389407837,42.80399859643506,42.85640216277031,26641500
2021-08-11,43.72104263305664,43.79964631664296,42.996141625354745,43.266888386963785,23843100
2021-08-12,43.67736053466797,43.92190711853095,43.144606068301336,43.68609612604804,18258600
2021-08-13,43.16207504272461,43.70356848801342,43.057271256909985,43.70356848801342,16525400
2021-08-16,42.367305755615234,42.594384510179935,41.99175858150086,42.576916657394015,24129200
2021-08-17,41.93061828613281,42.611851199575604,41.55507112227164,41.95682173042241,25554100
2021-08-18,41.0572395324707,42.253762249656084,41.004839315016994,41.92187976862534,28152900
2021-08-19,39.99173355102539,40.6118273190968,39.42404000852768,40.34981619627177,49628100
2021-08-20,40.079071044921875,40.33234991724922,39.4502416602891,39.62491685953735,30793800
2021-08-23,41.581275939941406,41.69481532697119,40.961182105240965,41.04851804501615,29352200
2021-08-24,42.271236419677734,42.48957957611894,41.86075021943958,41.93061829704164,22691100
2021-08-25,42.594383239746094,42.83019424784425,41.90441806771655,42.18389704065092,19908800
2021-08-26,41.94808578491211,42.58564739638306,41.87821770791707,42.349839721329154,20732700
2021-08-27,43.066009521484375,43.35422078327147,42.376044281116116,42.47211581226264,23101300
2021-08-30,42.55944061279297,43.39787739522178,42.54197276336925,43.23193782317387,15908900
2021-08-31,42.271236419677734,42.73412284520439,42.1664293057964,42.349840089262656,26936600
2021-09-01,41.651145935058594,42.4721184658566,41.49393857093356,42.227571826299496,31729900
2021-09-02,42.70792007446289,43.04853484424731,42.03542279468127,42.03542279468127,30817700
2021-09-03,42.46337890625,42.93500095457386,42.262503588997774,42.620586255691286,19581400
2021-09-07,42.21009826660156,42.795256294289715,42.05289093613119,42.26249848899036,21236400
2021-09-08,41.66860580444336,42.725385847246535,41.642405692661285,42.44590688273085,21899200
2021-09-09,41.755950927734375,42.410980467501254,41.17078947308331,41.38913265300561,25264800
2021-09-10,41.738487243652344,42.489588390692276,41.60747998994897,42.40224911100574,18756500
2021-09-13,42.93499755859375,43.223212120323666,42.27996809828262,42.27996809828262,34249800
2021-09-14,42.314910888671875,43.39789124535511,42.131503408667044,43.31928756368837,29467900
2021-09-15,43.89570617675781,43.9306418809645,42.84766170377427,42.91752978053551,38347500
2021-09-16,43.397891998291016,43.86078183464952,43.16208094919956,43.852046241172395,30321900
2021-09-17,43.07474136352539,43.860778127391804,42.961201979488585,43.17954515482343,32229500
2021-09-20,41.759376525878906,42.263246784771184,41.07870891583711,42.03340921663811,42830000
2021-09-21,41.85660934448242,42.47539835017183,41.4146176792941,42.254402517577674,25661700
2021-09-22,43.14723205566406,43.65110233659579,42.563803131841574,42.563803131841574,39626100
2021-09-23,44.65884017944336,44.79143566143556,43.182586200601875,43.385905342822,24867100
2021-09-24,44.9947509765625,45.22458514907746,44.33176350660605,44.42016048708212,27751500
2021-09-27,46.594764709472656,46.78040041617277,45.92293880193123,45.984817370831266,40848700
2021-09-28,46.75387954711914,47.584826066814266,46.64780248771533,47.03675395361525,66487600
2021-09-29,46.75387954711914,47.04559567564077,46.135090518360556,46.7096810533783,34947200
2021-09-30,46.04669189453125,46.877635012568476,46.04669189453125,46.62128240912994,44599400
2021-10-01,47.593666076660156,47.637864571942536,46.38260977085198,46.38260977085198,41656000
2021-10-04,48.3715705871582,48.90195925484257,47.8853770409638,48.10637288118711,57407900
2021-10-05,48.654441833496094,49.54726348628612,48.1505716202761,49.061073343791406,49014800
2021-10-06,48.14173126220703,48.40692558633903,47.29310807613312,47.85001851730047,50087400
2021-10-07,48.513004302978516,48.77819861775895,48.0268141638596,48.26548668667193,38798100
2021-10-08,50.00694274902344,50.12186154000136,48.91080517580532,49.02572059465404,43100200
2021-10-11,49.82130432128906,50.90860348461709,49.77710582628464,50.75832455504724,43010700
2021-10-12,49.865501403808594,50.34285322944456,49.52074843155893,49.72406420052337,35519100
2021-10-13,49.82130432128906,50.077660313295326,48.94615928283386,49.5030697618508,28951300
2021-10-14,50.43124008178711,50.64339753014214,49.927369935588196,50.387041596917214,23393300
2021-10-15,50.678768157958984,51.19147675841697,50.65224636384414,50.99699933817656,22677400
2021-10-18,50.71412658691406,51.45667277594133,50.43125216939215,51.17379835841942,32628800
2021-10-19,51.28871154785156,51.4655088825434,50.65224249181242,50.9262785291912,22276300
2021-10-20,51.704185485839844,51.71302383523743,50.69644167594965,50.89976080551019,25106300
2021-10-21,50.74948501586914,51.49203117978467,50.33401175387803,51.30639548183802,32120900
2021-10-22,51.22683334350586,51.27103183445465,50.45776881018508,50.935117233412186,21502500
2021-10-25,51.97821807861328,52.26109246872347,51.5804249137306,51.854460954456165,25056100
2021-10-26,52.27877426147461,52.51745016826524,51.960539719087095,52.15501713324143,22751600
2021-10-27,50.7760009765625,51.995898909319315,50.66108557223949,51.713024515075524,34003800
2021-10-28,51.138431549072266,51.182633410904735,50.49312415743584,50.50196587865378,23367500
2021-10-29,50.802528381347656,51.50971444507761,50.590370876164094,51.394795655931134,21998900
2021-11-01,51.67766571044922,51.81910291123224,51.16495712215908,51.306394322942104,24828400
2021-11-02,51.191471099853516,51.7748999239552,51.023515492293285,51.37710677749301,17062700
2021-11-03,50.76716613769531,51.29755482054761,50.360534589366615,50.572688713655936,23337400
2021-11-04,50.8378791809082,51.65114558771846,50.378210822601375,51.51854674104577,38181600
2021-11-05,51.50086975097656,51.73070731600842,51.076558137220395,51.53622989515515,22603500
2021-11-08,51.969383239746094,52.50861363610873,51.68650883052782,51.93402309556157,20011200
2021-11-09,52.1815299987793,52.19921006837723,51.288708402918346,52.03125446538951,19689000
2021-11-10,50.802528381347656,52.12850351538975,50.50197388274628,51.960544506915106,36016500
2021-11-11,50.99699401855469,51.34175032905366,50.83787675897934,50.83787675897934,24498300
2021-11-12,50.87324142456055,51.07655719162996,50.56384859904816,50.78484443787955,17095000
2021-11-15,51.297550201416016,51.59810466053637,50.39588682405495,50.829040128012906,21375700
2021-11-16,51.37710952758789,51.79258276636865,51.129595277486374,51.44782981169047,20479400
2021-11-17,50.59036636352539,51.6069485577973,50.41356902033086,50.8732407637851,23669500
2021-11-18,50.28981018066406,50.873239032865136,49.67986290813118,50.47544586724424,28955500
2021-11-19,48.327362060546875,49.33510578565813,48.221285016056164,49.20250695094841,45689800
2021-11-22,49.18483352661133,49.92737968262458,48.24781332477884,48.25665167462698,33892900
2021-11-23,50.69644546508789,50.864404465354156,49.785943663291086,49.83014215783995,33862300
2021-11-24,51.191471099853516,51.48318719796864,50.360528038899155,50.43124494708768,21434300
2021-11-26,49.13178634643555,49.29090021512847,47.85884841986667,48.65443462397222,44727200
2021-11-29,49.4146728515625,50.70528779169622,49.25555557158667,50.2014175291491,35441200
2021-11-30,48.25665283203125,49.22019485077589,48.01797691486012,48.486487027013276,46262000
2021-12-01,47.74394607543945,49.83898934238847,47.7174276502295,49.388155881043254,44774800
2021-12-02,49.13178634643555,49.308580283233944,47.20470276060494,47.770451451467466,50371900
2021-12-03,48.74283981323242,50.01577795449227,48.274329731868036,49.79478212409341,37940100
2021-12-06,49.467708587646484,50.05113747709999,48.88427969819298,49.49423038180047,31969500
2021-12-07,50.625736236572266,51.1030881433032,50.09534410505029,50.157226053371254,36843300
2021-12-08,50.61687469482422,51.15610496661974,50.51079765890437,50.90859075876403,23515000
2021-12-09,50.227935791015625,50.431251565416474,49.91854295434673,50.29865608061367,23399400
2021-12-10,50.599212646484375,50.80252842924033,49.69754914983023,50.767168282988216,19525600
2021-12-13,49.193668365478516,50.29864740897868,48.95499248742707,50.14836850555587,28604000
2021-12-14,48.990352630615234,49.741740455261095,48.82239701839326,48.89311730067325,28798800
2021-12-15,48.75168228149414,49.04339502858139,47.66437981180591,48.91963790120324,33858100
2021-12-16,49.06107711791992,50.06881762188251,48.9815184796003,49.17599590041025,26865900
2021-12-17,48.062171936035156,48.928475180867046,47.62902199968358,48.7074793519162,34635100
2021-12-20,47.46671676635742,47.50253476650552,46.257888295595315,46.76828284243198,36330800
2021-12-21,48.81882095336914,48.99790755194763,47.93234416909165,47.950253170528775,25159700
2021-12-22,49.132205963134766,49.463517271789264,48.28154742370561,48.87253405564333,21103100
2021-12-23,49.15907669067383,49.839601549228206,49.14116769231816,49.34711604972004,16685300
2021-12-27,50.23359298706055,50.27836719416273,48.586002589997214,48.99790275110737,21742200
2021-12-28,50.19777297973633,50.6902584625167,49.92018863834024,50.358950543670566,17938500
2021-12-29,49.87541961669922,50.35895232561164,49.63365326224301,50.11718597115543,15109100
2021-12-30,49.57097244262695,50.28731528397865,49.52620165550349,49.89332757518324,13590000
2021-12-31,49.69633102416992,49.956006366428646,49.36502310709723,49.44561188863297,13241200
2022-01-03,51.236473083496094,51.31706186883697,49.74110415901363,49.76796936465539,32527100
2022-01-04,53.00941848754883,53.21536682925869,51.764772230898124,51.934902578625774,39978800
2022-01-05,53.00047302246094,54.1197599428053,52.91988422756444,53.52877658549518,45402000
2022-01-06,54.18243408203125,54.48688022922141,53.42132042195197,54.24511728555745,37340700
2022-01-07,54.92564010620117,55.06890867506559,54.01230169876845,54.38838382690763,35584600
2022-01-10,54.755516052246094,55.15845660021172,54.039169709657166,55.05100601514039,33236500
2022-01-11,56.61800003051758,56.716497810136914,54.764461462856474,55.23008515646202,38443900
2022-01-12,56.72545623779297,57.07467660454244,56.31355949644833,56.92245181660666,30248400
2022-01-13,56.43891906738281,57.1821271758377,56.20610890538281,56.72545622790238,29777000
2022-01-14,57.764156341552734,57.85369792118017,56.45682673476287,56.49264473293077,32400500
2022-01-18,57.9969596862793,58.677487948452104,57.11048648618086,58.38199460455788,41066700
2022-01-19,57.57611083984375,58.50735136664244,57.11943995134432,58.4446715844236,32989000
2022-01-20,57.04780197143555,58.57898531069426,56.931398617544644,57.20002673421939,41990400
2022-01-21,55.91957092285156,56.761273392530796,55.32858761099331,56.40310365504259,57269800
2022-01-24,56.2956428527832,56.492638404847675,53.582492987638894,54.59432911989015,62252800
2022-01-25,58.48050308227539,58.69541109800685,55.04205680959765,56.080754975083906,59217200
2022-01-26,58.38200378417969,59.57292672233933,57.74624962502916,59.09835015505692,65362700
2022-01-27,59.01774597167969,60.047484158308166,58.041724523112535,59.41173020171081,54450700
2022-01-28,58.767032623291016,59.34010692748653,57.54029864317776,58.623767463034426,52651200
2022-01-31,59.026710510253906,59.402789257550516,57.701478686946366,58.632726179003356,31649200
2022-02-01,61.1309700012207,61.27424200282387,58.54317924863265,58.67749504223936,45222300
2022-02-02,61.327964782714844,61.44437499038581,60.06541273518665,60.81757023897622,32598500
2022-02-03,60.745933532714844,61.2026044870394,60.08331762066492,61.07724490453225,30981300
2022-02-04,61.69510269165039,62.68007391543287,61.372747479272725,61.516012667226185,40866700
2022-02-07,62.48306655883789,63.06509707353156,60.93397742038409,61.39959773318826,32582500
2022-02-08,61.13991928100586,62.420383615998944,60.71011698807049,62.29502404459411,37882100
2022-02-09,61.65031051635742,62.124886987542446,61.130959844214445,61.28318802852112,35395700
2022-02-10,61.26527786254883,62.44724439640049,60.86233736548419,61.345870060912254,37821600
2022-02-11,63.047183990478516,63.127769353045586,61.29213644773485,61.67717134258415,46517000
2022-02-14,61.560768127441406,62.73377839583565,60.82651632994837,62.66214923947288,49816500
2022-02-15,60.91606521606445,61.059337209166856,59.70723680849767,60.04749754473891,43046100
2022-02-16,61.40855026245117,62.47410660940926,61.03247155176008,61.399594055553514,36722100
2022-02-17,61.31005859375,61.954768922972725,60.83548205462351,61.35482596953303,33811400
2022-02-18,60.933982849121094,61.41750878828719,60.34299607434106,60.441493870137734,31645800
2022-02-22,59.949005126953125,62.778565759904865,59.04462620793225,62.778565759904865,46501400
2022-02-23,60.566837310791016,61.032464372518604,59.94898890763008,60.29820578813407,33979000
2022-02-24,60.09227752685547,61.927910833318734,58.52527581748913,61.856274829881514,61742900
2022-02-25,61.677181243896484,61.73986103537218,60.22658983214896,60.22658983214896,39211500
2022-02-28,63.19940948486328,63.27104547734266,60.89815617124117,61.23841688814184,48197100
2022-03-01,63.835166931152344,64.90967954896925,62.939737472443376,63.76353093487532,62115500
2022-03-02,65.29471588134766,65.81406661805002,64.49778419263546,64.81118314354732,45454100
2022-03-03,65.47381591796875,65.92153072553575,64.52465588044836,64.65897168903562,44559900
2022-03-04,67.36315155029297,67.39896271172515,65.29470515102697,65.46483890995623,52608400
2022-03-07,68.35707092285156,69.44949578491796,66.83484381341766,68.06158443963022,65607400
2022-03-08,69.43159484863281,71.8313458569658,67.45269674136921,69.91512753295184,98027200
2022-03-09,67.30941772460938,68.89433138499889,65.81405245800077,66.8885648675389,87018200
2022-03-10,69.36891174316406,69.54799487770526,67.62282043926076,68.10635310042244,68901300
2022-03-11,68.81375122070312,69.67336266484973,68.1511353467622,68.25858933912471,45918900
2022-03-14,66.75426483154297,67.8198211773159,65.85883542713104,67.34524468603105,50745000
2022-03-15,64.30973815917969,65.05294618833001,63.07404806721646,64.1664730099995,62362200
2022-03-16,64.01423645019531,65.11561745562383,63.34266449926121,64.55149264462597,53768100
2022-03-17,66.21699523925781,66.38712899554248,64.74849170635378,65.15143899783061,38478200
2022-03-18,66.15431213378906,66.60202676963881,65.65287392774397,66.10058856359372,29275400
2022-03-21,68.82111358642578,69.03807727882456,67.45608656397742,67.49224717937722,34357400
2022-03-22,68.31487274169922,68.91151249779473,67.53743682147685,68.53182951803778,33231100
2022-03-23,69.49007415771484,70.13190955863928,69.26407548568798,69.59854910625117,29331500
2022-03-24,69.66182708740234,70.34886496798218,69.20079477133308,69.75223207197938,26350300
2022-03-25,71.18956756591797,71.27996563740916,69.19174052916009,69.24597799266866,28041800
2022-03-28,69.42678833007812,69.75222693919814,68.98382600842886,69.7251013076619,34880200
2022-03-29,69.2459945678711,69.28215518450938,67.0673708666403,67.87192562027812,36637000
2022-03-30,70.05054473876953,70.54774456385347,69.48103058207226,69.9149441594801,24868200
2022-03-31,69.10134887695312,70.7014162714737,69.09230699988481,69.39062687075639,32803300
2022-04-01,69.66182708740234,70.31270435353777,68.9657542259104,69.01094982126692,24806300
2022-04-04,69.7522201538086,70.33981107156893,69.01093802975487,70.11381244260548,23003700
2022-04-05,68.65839385986328,70.95454119719014,68.57703764839364,69.878792207365,27288600
2022-04-06,69.065185546875,70.03245944716546,68.67646761141634,69.4087009957029,32164200
2022-04-07,69.96918487548828,70.20422540752043,68.10695127082066,69.3906288712027,27048700
2022-04-08,71.89469146728516,72.09357138841744,70.15902344147338,70.15902344147338,26713100
2022-04-11,69.734130859375,71.14435998501692,69.58045345915613,71.12628313078598,26230500
2022-04-12,70.89125061035156,72.18396308643067,70.755650049126,71.1443679796094,31964700
2022-04-13,71.94892883300781,72.14780875385043,70.57486003880771,71.7590907895485,24647900
2022-04-14,72.18397521972656,72.75349629321767,71.49693731844997,71.60541916505117,25934700
2022-04-18,73.24164581298828,73.67556629329214,72.3286161535496,72.78061349277226,30456600
2022-04-19,72.64500427246094,73.57611757701973,72.22012572061033,72.8619610383457,22863900
2022-04-20,72.92525482177734,73.31397284012554,72.12974192473263,72.83485672617063,26039700
2022-04-21,70.61102294921875,73.68460615105268,70.33982179434769,73.35916752398015,32578900
2022-04-22,68.8843994140625,71.34326631691707,68.85728067419662,70.33079657828247,35749600
2022-04-25,66.60633087158203,66.96793013693866,64.18362475970461,66.71481272026872,55362200
2022-04-26,66.69671630859375,68.52278914854452,66.52495513832969,67.10351799128267,44584300
2022-04-27,67.67304992675781,68.33296225528161,65.91929784280227,67.12161255802813,44566300
2022-04-28,69.72509765625,70.2946186408507,66.7871153477809,68.12503032597961,43734800
2022-04-29,67.93519592285156,70.27653863850642,67.6911135173,69.87878570235031,39708100
2022-05-02,69.02000427246094,69.04712301400146,67.31145458607556,67.51937643277498,52070600
2022-05-03,70.95453643798828,71.27997505590267,69.1013515882926,69.14654718154468,41649400
2022-05-04,73.90155792236328,74.05523534779456,71.39749593627981,72.31956738579893,45383700
2022-05-05,72.78964233398438,74.49819847730735,71.30709173814127,74.42587725386831,46597000
2022-05-06,74.95923614501953,74.96827802283201,72.25629402137459,73.7298028459376,47122800
2022-05-09,68.7578353881836,73.41340952086074,68.47759923529512,73.35013016708166,53022000
2022-05-10,69.381591796875,71.13534368579474,67.9171179301236,69.81551227859352,56863900
2022-05-11,70.31269836425781,72.61788733597464,70.19518155002262,70.53869701258569,49852500
2022-05-12,70.61102294921875,70.64718356299701,68.41431566494514,70.28558432214622,45021800
2022-05-13,73.02469635009766,73.31397440035497,71.5331036015795,71.65966231750878,29718700
2022-05-16,74.95020294189453,75.7185970478134,73.24164663527343,73.286849128476,28259400
2022-05-17,75.81803131103516,76.27906360174077,75.1400353455993,75.9626668639237,28164700
2022-05-18,73.87443542480469,76.45081850229187,72.9885177348091,76.36042042705094,33230700
2022-05-19,73.6032485961914,74.84172384799513,72.19301903715389,72.19301903715389,35720500
2022-05-20,73.91963195800781,75.3841056245658,72.4370814349432,74.50722979997478,31920000
2022-05-23,75.87226104736328,76.13442028824092,74.33547310779743,74.79650535150864,26644700
2022-05-24,76.16154479980469,76.47794152937901,74.4529955631719,75.03155155351678,26563800
2022-05-25,77.73448944091797,77.84297126983766,76.31521827297462,76.42370010189431,26324000
2022-05-26,78.59329223632812,79.18088320508448,78.15032991932561,78.20457428489757,21339100
2022-05-27,80.03064727783203,80.24760406815862,78.05089673742243,78.24074168800671,18667200
2022-05-31,78.82832336425781,81.77534757935587,78.4034517118334,81.35046903000027,39340600
2022-06-01,80.11200714111328,80.69959813708451,78.94585323281005,79.82272913341315,29648600
2022-06-02,79.85887908935547,80.41935822029161,79.06336632987023,79.5515242380537,26302700
2022-06-03,80.91655731201172,81.1696746925452,79.86792028188005,79.95831836108037,20525300
2022-06-06,80.8261489868164,81.35950241433933,80.39222860595719,81.30526495308087,16692300
2022-06-07,83.23981475830078,83.34828968366965,80.708627413424,80.77190675219938,25689400
2022-06-08,83.42062377929688,84.3517371494472,82.9053471134403,83.64662243795206,28492700
2022-06-09,81.57646942138672,83.23078116724339,81.48607134227063,82.70646265266619,24588100
2022-06-10,80.19336700439453,81.84767891929759,79.26225359018314,80.63632246517885,31271800
2022-06-13,76.00787353515625,77.84298161238193,74.4982040909977,77.76161850564915,44731300
2022-06-14,76.15250396728516,78.53001420412357,75.1581112762979,77.5356146162048,34756400
2022-06-15,74.47107696533203,76.36042937483438,73.21452495052873,75.98075327617407,43223200
2022-06-16,70.27653503417969,72.88907875602663,69.67086033535563,72.49132584027039,57979100
2022-06-17,66.43455505371094,70.30365047891564,65.63000048617683,69.78837388064176,64234200
2022-06-21,69.87626647949219,70.35161214719022,68.08456823313021,68.20340290648595,35006700
2022-06-22,67.07902526855469,68.25825676552898,66.1466133967226,66.51226770942623,41212600
2022-06-23,64.59259796142578,67.88347316732877,63.50477818662881,67.39898411699029,56921100
2022-06-24,65.44271850585938,66.83220330567514,64.74798308022645,65.69868137108067,47398500
2022-06-27,67.36241912841797,67.81948533072934,66.1191985001889,66.2014670689521,33979400
2022-06-28,69.18153381347656,70.29677635261783,68.13942353329317,68.96214401087903,39784000
2022-06-29,66.77735900878906,70.37903508083602,66.58538511227562,70.14136573384098,35592000
2022-06-30,65.3696060180664,67.06074946338381,64.78456187454337,65.34218316356944,37766700
2022-07-01,66.34772491455078,66.6311036996552,64.10809656437787,66.16489426748659,34602000
2022-07-05,63.71501159667969,65.28732009770849,62.33467699515284,64.97651849713431,44932900
2022-07-06,62.627201080322266,64.1629435069249,60.74408394250476,63.02941451933753,48209500
2022-07-07,64.8851089477539,65.39702076631374,64.17207994783425,64.32748772784745,33793600
2022-07-08,64.85767364501953,65.94549314186611,63.95268476384353,65.67125070549768,21970300
2022-07-11,64.23607635498047,64.77541806129618,63.37679669933489,64.0441094008168,22754100
2022-07-12,62.983726501464844,63.35851717518491,61.85020422883142,62.55408313884458,32345100
2022-07-13,62.88317108154297,64.19952402056946,62.06959377180494,62.06959377180494,29489000
2022-07-14,61.69477844238281,61.767910690095526,59.85737779495711,60.68009117176264,36636800
2022-07-15,62.70032501220703,63.1025454168624,61.76791322555857,63.03855644105589,29960300
2022-07-18,64.13552856445312,65.19591845623721,63.83386321728667,64.37319795227248,25726800
2022-07-19,66.11003875732422,66.2745828281444,64.0258185097852,64.04409808464298,24388200
2022-07-20,66.74993896484375,67.05160430439261,65.10450497274077,65.37874048428654,20924700
2022-07-21,65.5798568725586,65.64384586202598,63.6784667679805,64.92168042416446,21579600
2022-07-22,65.04051208496094,66.48484273827225,64.66571450845487,65.8358026924068,20418200
2022-07-25,67.42639923095703,67.4903882118758,65.15020482197005,65.93635914427243,19556000
2022-07-26,66.81391906738281,68.53249206478493,66.36599624273607,68.23082676533348,18614400
2022-07-27,68.32225036621094,68.66048184882672,66.5579746393447,67.24357390666148,22405400
2022-07-28,68.70619201660156,69.41007087015369,67.43554161078025,68.93472510823591,23332700
2022-07-29,71.6862564086914,71.90565319170825,69.82142559870587,69.95854684452233,25833800
2022-08-01,70.20535278320312,70.6441323150685,69.26379079859738,70.46130867250375,25665500
2022-08-02,70.04080963134766,70.74468833613139,69.41919947451169,70.21449000177351,19932200
2022-08-03,68.02972412109375,70.54358794716242,67.60922409982811,70.33334142366759,28506600
2022-08-04,65.50672149658203,67.75548603290879,65.25990187929058,67.5635190940575,27995500
2022-08-05,66.80479431152344,67.38069518559166,64.62001853662352,64.62001853662352,22589800
2022-08-08,67.15216064453125,67.75549133465259,66.6311054913702,66.73166060639043,18878300
2022-08-09,68.33138275146484,69.19980556194056,67.98401502212961,68.10284969878437,17341500
2022-08-10,68.82501220703125,69.21808932076318,67.13386908024037,68.48678079196307,17394200
2022-08-11,71.192626953125,71.79595766911558,69.90370392920889,70.11395047015598,30265800
2022-08-12,71.7319564819336,71.76852260767858,70.42474712722088,70.72641243391044,19190500
2022-08-15,70.33333587646484,70.71726973852088,68.50507141988318,69.13581791489656,21012200
2022-08-16,70.16879272460938,71.17433679417576,69.73000618054422,70.43389191123356,19678800
2022-08-17,70.75382995605469,71.48513149305256,69.66601046346209,69.84884107841769,22736200
2022-08-18,72.65522003173828,72.72834529692959,71.41199985792117,71.53997778984873,23433000
2022-08-19,72.63694763183594,73.13972315824151,72.05190355071431,72.47240354812826,19744200
2022-08-22,72.49983215332031,72.94776201212977,70.82697530618837,72.01534313903053,22848100
2022-08-23,75.11425018310547,75.68101472562405,73.63336030554161,73.68820601233257,27183500
2022-08-24,76.03752899169922,76.14722738420748,74.78516516409947,75.12339664362602,24546600
2022-08-25,76.62256622314453,77.00650010086798,75.88212131978136,76.4763086872728,19899300
2022-08-26,75.72671508789062,77.29902373285653,75.38849060621772,76.4671669807216,19317600
2022-08-29,76.869384765625,77.86579263821692,75.49818626199892,75.69016018986967,26062500
2022-08-30,74.26410675048828,75.57131622992337,73.65163977794327,75.55303665244448,28820900
2022-08-31,73.587646484375,74.81258035770485,72.16160239917892,72.42670158988663,29152300
2022-09-01,71.77765655517578,72.77406426980195,70.77211254011941,72.49982182284334,28302100
2022-09-02,73.09402465820312,74.06300275440888,72.70094745373306,73.54194757399756,28594100
2022-09-06,72.41757202148438,74.02644704666082,72.11590664658686,73.77962738564396,22784100
2022-09-07,71.5765609741211,71.88736260453636,70.18707599010636,70.83610907798166,30270700
2022-09-08,71.88736724853516,72.24387830611347,71.01894430813184,71.89651052480741,26840800
2022-09-09,73.67906188964844,74.03557292824428,72.63695162694121,73.17629330986567,19339400
2022-09-12,75.031982421875,75.84555962789202,74.11785010281982,74.75773993644799,20865900
2022-09-13,73.13971710205078,75.1233822432964,72.81062896188492,73.8618823555106,30573000
2022-09-14,75.20565032958984,75.73584866041105,73.82531577854577,73.82531577854577,27192100
2022-09-15,73.2677001953125,74.18183243237372,72.91118918080066,73.87102384514965,27943200
2022-09-16,71.70453643798828,73.09401439931025,70.6624262234279,73.03916869568359,35201800
2022-09-19,71.7470474243164,71.79325519549145,69.56617317079491,69.73251127658268,18812900
2022-09-20,71.24803161621094,71.66388039713748,70.40710519088479,71.24803161621094,21149800
2022-09-21,70.20380401611328,72.68963264800603,70.1760821734301,72.58798119129038,34352900
2022-09-22,69.95429992675781,71.71008964883015,69.89885623616414,71.47906487093422,28874000
2022-09-23,65.13050079345703,67.36681868726359,64.63148648610652,67.23744539094857,52737800
2022-09-26,63.531803131103516,65.53709617058408,63.44863760933788,64.72389162861954,36079800
2022-09-27,64.24337005615234,65.43545881033477,63.8829719502736,64.63149705890541,33835600
2022-09-28,67.08958435058594,67.45922535161684,64.502111444001,64.8902313224414,31573800
2022-09-29,67.08958435058594,67.22820060726198,65.42621042142041,66.59981302060416,24281500
2022-09-30,66.55360412597656,67.47770308776656,65.9067376728498,66.55360412597656,21684700
2022-10-03,70.31468200683594,70.68432297737202,68.83612517500674,68.94701958126208,34775300
2022-10-04,73.33648681640625,73.40117345523119,71.17409179653069,71.73779267071153,33165400
2022-10-05,74.85202026367188,75.43420010538668,72.68038898707299,73.30877659969423,30636800
2022-10-06,76.1827163696289,76.41374109704742,74.1866593405817,74.24210301906129,26335100
2022-10-07,75.59131622314453,77.19924683244507,75.04609403732454,76.33983430758633,28457700
2022-10-10,74.03882598876953,76.53389085856747,73.79855823713247,75.88702427760266,23165800
2022-10-11,73.44738006591797,74.7133909845215,72.34770017284069,72.65265448693494,26921100
2022-10-12,74.03882598876953,74.55631925354137,72.48633914413702,72.96686759709416,20551200
2022-10-13,77.06061553955078,77.3563269394322,73.05002923801445,73.06850811599382,35067400
2022-10-14,74.18666076660156,77.31935556658817,74.03880860437557,76.2196826371524,26747300
2022-10-17,75.11076354980469,76.34905984230159,74.89822473376016,75.35103125736062,18994200
2022-10-18,75.76688385009766,76.46920114588875,74.30681261848329,75.72991903975952,25187900
2022-10-19,78.00320434570312,78.28967279565667,75.96093923697003,75.98866813078938,31263800
2022-10-20,78.07711791992188,79.31541417287693,77.60583253401211,78.59461812354158,25261800
2022-10-21,80.3319320678711,80.48902721697307,78.30815285777204,78.51145578028819,25274200
2022-10-24,80.7107925415039,81.27449342055829,79.85138735410598,80.28570790407706,22496000
2022-10-25,80.7939682006836,81.16360917574112,79.96227776938295,80.3966053863019,18841800
2022-10-26,81.89366149902344,82.54052802297991,81.04348500284534,81.098935740839,22706500
2022-10-27,82.18936920166016,83.57551773346069,81.93985851775909,83.02105268048766,25010600
2022-10-28,82.475830078125,83.75108407231188,80.99727318986875,83.07649579688031,24664000
2022-10-31,83.16890716552734,84.25934423037688,81.57021284787334,81.66262838497641,29760400
2022-11-01,83.97288513183594,84.60127278221803,83.46462782258703,84.5643079733348,21755400
2022-11-02,81.94908905029297,84.13920593640843,81.75502913131793,83.70487833428167,28249600
2022-11-03,83.46461486816406,83.93590729538111,81.21905419183203,81.4500789237579,26817200
2022-11-04,84.48113250732422,85.95968956060644,83.29828686469845,85.3220660175037,30295300
2022-11-07,85.93196105957031,86.19995060632611,84.50884780282338,84.65670702185375,19387700
2022-11-08,86.01513671875,86.38477772927159,84.96166442146877,85.76562604026368,21859300
2022-11-09,81.81048583984375,85.11876205293014,81.62566885432713,84.8507724887098,31514000
2022-11-10,83.6309585571289,83.72336704602391,81.78276057796585,83.50158526261276,29244100
2022-11-11,86.06134033203125,86.50491096963334,85.02635392815321,85.229656843291,25541300
2022-11-14,86.03359985351562,87.5213995371365,85.80257514550387,85.81181810791242,23122600
2022-11-15,86.9392318725586,87.16101364893066,85.79334408561925,86.35704501539806,25771100
2022-11-16,85.16496276855469,86.68972039853088,84.7213921696221,86.1629842781009,23638600
2022-11-17,85.34978485107422,85.4237144637105,83.42765722442648,83.86198488576973,21429900
2022-11-18,84.67517852783203,84.90620324971883,82.71609339843367,83.76956556621222,23683100
2022-11-21,83.52931213378906,83.75109393055433,80.66460650365732,82.83623784987093,42576800
2022-11-22,86.14451599121094,86.33857594887672,84.18542343475443,84.573543350086,26877500
2022-11-23,85.21117401123047,85.75639612621602,84.26859606625533,84.58278636447491,20598700
2022-11-25,84.89697265625,85.86727231877919,84.74911344082722,85.26660659417611,7591300
2022-11-28,82.56824493408203,83.86198495502158,82.29101946194093,82.81775561435653,29131200
2022-11-29,83.8157730102539,84.30555138224446,83.17814952086361,83.48309682000003,19024200
2022-11-30,84.23162841796875,84.91545972951765,82.91016651641354,84.74912162126887,21915100
2022-12-01,83.95440673828125,85.24814696405939,83.6679382566173,84.82306219921973,19451000
2022-12-02,83.45537567138672,84.44416128664363,82.96560434564951,83.37221014829124,18385000
2022-12-05,80.97879791259766,84.61050749246832,80.28572361911331,84.27783126757052,25876900
2022-12-06,78.84412384033203,81.44083968999507,78.29890883217008,80.47054000166052,32465100
2022-12-07,78.6593017578125,79.86062611063102,77.9662275753081,78.82563984362616,24447100
2022-12-08,78.30814361572266,80.59991213044978,77.87381597802843,80.42433107257793,25640400
2022-12-09,76.40450286865234,78.91805318678098,76.37678102769463,78.0586408655137,24048900
2022-12-12,78.4097900390625,78.59461404874271,76.5431133683404,76.83882473351365,21092400
2022-12-13,79.89759826660156,80.56295067109323,79.26921066795008,79.93456307244175,27278700
2022-12-14,79.4078369140625,80.72929892520156,78.6962837005184,80.44283045680699,26337800
2022-12-15,78.92729949951172,79.11211648061555,77.58735171040317,78.71475362595798,20203300
2022-12-16,77.95699310302734,78.32663411735322,76.89427783070892,77.43949991316067,29550500
2022-12-19,77.9476547241211,79.0306534933911,77.37814797871704,78.77857300060963,18418300
2022-12-20,79.1240234375,79.62817736194197,77.89164955206326,78.19040664177729,14296500
2022-12-21,80.62713623046875,80.99124616211245,79.55347563485765,80.73917279517832,17029100
2022-12-22,78.76924133300781,80.75784228395327,77.19142687494329,80.71115860109114,18679700
2022-12-23,81.28067016601562,81.29934648944091,79.40410566880576,79.81489218606717,14815000
2022-12-27,82.14892578125,82.49436650071547,81.33668386686176,81.63544090537013,16374600
2022-12-28,80.30970001220703,82.03689648967942,80.05762665420703,82.03689648967942,15919000
2022-12-29,81.14995574951172,81.51406566528499,79.93625840457736,79.97360392451945,13457900
2022-12-30,81.6634521484375,81.82216527455212,80.7111591458898,80.72049730711123,11330900
2023-01-03,78.7972412109375,81.56074544821917,77.81694094736213,81.14995187141741,26541400
2023-01-04,78.78790283203125,79.2453729630633,77.3314632425819,77.63022026408252,22852600
2023-01-05,80.22569274902344,80.6644937892874,78.43315018375573,78.65721622368144,19361900
2023-01-06,81.74747467041016,82.74644423857919,81.05660031783636,81.26199712823316,22211200
2023-01-09,81.45806121826172,83.11055972722471,81.19664966863417,82.97985395241093,23001600
2023-01-10,82.03690338134766,82.20495467510835,80.74850775487226,81.9902196963857,15799500
2023-01-11,82.28897094726562,82.96117607482084,81.40203797908735,82.75577927218677,16451500
2023-01-12,83.85746002197266,84.39895947115538,82.62508614072317,82.78379928595336,18358000
2023-01-13,83.97882080078125,84.18421761808199,82.90516727514051,83.79210030665162,15904200
2023-01-17,84.15620422363281,85.03380615357894,83.81076349903216,84.17488054546516,16966600
2023-01-18,82.61573791503906,85.49127899533144,82.53171583295097,84.5483241552951,19037600
2023-01-19,83.64270782470703,83.97881037074114,81.96220221746584,82.13959165090868,17146900
2023-01-20,84.47364044189453,84.76305933370436,82.97051701545573,83.82010449135201,14280000
2023-01-23,84.5856704711914,85.50994899748643,84.3149207770383,85.08982433724235,14652500
2023-01-24,84.25889587402344,84.45495449997604,82.58772135041319,84.30557955193419,15377600
2023-01-25,84.26824951171875,84.26824951171875,82.51304547007713,83.8481177021441,13430600
2023-01-26,86.9290542602539,86.96639978418841,84.58567427460848,85.63132757598369,18331500
2023-01-27,85.1738510131836,86.89170224832101,85.03380708961852,86.46223943953666,17420500
2023-01-30,83.22258758544922,84.67902727966164,83.11055102322912,84.55765967945386,13762500
2023-01-31,83.96015930175781,84.09086508422354,82.09292569746913,82.9425132834964,13924100
2023-02-01,82.30765533447266,83.92280830812884,81.22465649552569,83.5680365106792,23483600
2023-02-02,80.43108367919922,82.14893506400558,79.54414350129838,81.99022192750444,24901500
2023-02-03,80.2536849975586,82.07424170747278,80.16966291951145,80.76717699538995,22727400
2023-02-06,79.88957977294922,80.93523302862405,78.90927940057094,80.32838075633893,15857200
2023-02-07,82.48502349853516,82.60639821272777,79.9735997394876,80.39372435172399,20507000
2023-02-08,81.74747467041016,82.83981160543594,81.2806663278465,82.41967982337063,13483600
2023-02-09,81.04725646972656,82.01821860888113,80.99124175188692,81.75680709505674,16075200
2023-02-10,84.2215576171875,84.38960890005335,82.31697878568438,82.39166982760916,20001600
2023-02-13,84.00682830810547,84.33359270715707,82.92382958790051,83.7920933470546,12372400
2023-02-14,84.03484344482422,84.65102677964354,83.11055775819972,83.3439619395418,13511300
2023-02-15,82.60641479492188,83.26928184567642,81.5514232880462,83.09189238035806,15969800
2023-02-16,81.79415130615234,82.8678118261242,81.71012210780754,82.15826121214454,12657100
2023-02-17,78.88127136230469,80.58045343635588,78.53583774910169,80.52443871484836,22340200
2023-02-21,78.48915100097656,79.39476028561161,78.33977604181278,78.5358346823632,16811300
2023-02-22,77.9663314819336,79.01197761211017,77.2941263280029,78.27441957504345,20135200
2023-02-23,79.14269256591797,79.60016992390801,78.14372288033847,79.14269256591797,17511700
2023-02-24,79.03999328613281,79.15202273152148,77.52753166701444,77.97566369442941,18748400
2023-02-27,79.27340698242188,79.61884064443221,78.61987093979752,79.19871592790521,15338200
2023-02-28,78.13439178466797,80.10432379023247,78.06903889399227,80.07630930314501,19003800
2023-03-01,79.67484283447266,80.07629828565416,77.91030790607556,78.19973391604448,18547000
2023-03-02,80.37506103515625,80.67382522739561,79.28273116827006,79.53481167473942,16399300
2023-03-03,81.46739196777344,81.86884741758338,79.35741631600976,79.41343103642468,25337600
2023-03-06,81.5047378540039,81.6354436175106,80.69248878970099,81.01925319846772,16949200
2023-03-07,80.08563995361328,81.22465347535024,79.88024313848953,81.0192566602265,18500200
2023-03-08,79.2640609741211,80.74850814031785,78.49849554843031,79.73086933424791,19699500
2023-03-09,78.14372253417969,80.84187448952906,78.12505333245484,79.72153718983613,18944100
2023-03-10,77.1447525024414,79.24539027201743,76.6966204337731,78.14372217905589,28312400
2023-03-13,75.57626342773438,76.93001181639659,73.85841224575842,75.1748079915007,41663500
2023-03-14,76.32315063476562,78.02233241902613,74.97874056443071,75.56692353166663,30533200
2023-03-15,72.22459411621094,74.08248949972841,71.1789407663827,73.52232086061463,57673500
2023-03-16,73.0088119506836,73.1955395359496,70.3573443462677,70.63743216270218,44395200
2023-03-17,71.86048126220703,73.19555347872397,71.27229816023939,72.58870117613802,33675800
2023-03-20,73.2990951538086,73.7707753213293,71.789720057196,71.789720057196,26144400
2023-03-21,75.83673858642578,76.07257867587163,74.58206758322946,74.80847925113069,29856200
2023-03-22,74.22359466552734,76.23294967522709,74.16699534609788,75.88391094238735,24604700
2023-03-23,73.19532012939453,75.28015266637746,72.48779992462508,74.62923177486388,24743100
2023-03-24,73.47834014892578,73.76135114463142,71.51614881178043,71.74256048725238,20649000
2023-03-27,75.04431915283203,75.46882843386518,73.65757827879682,74.25189271169691,20111900
2023-03-28,76.20465850830078,76.53483323721721,74.59151294936395,74.6198126122326,16298400
2023-03-29,77.26121520996094,77.34611418798696,76.4593603404411,76.95934018153223,18102300
2023-03-30,77.60082244873047,78.01589609811766,77.14800632535484,77.90269746522485,13730400
2023-03-31,78.13854217529297,78.27061205300313,77.51592086842918,77.79893186196155,16147300
2023-04-03,81.6761474609375,82.20442699669817,81.00636242173553,81.43087173479051,31226100
2023-04-04,80.19506072998047,82.02517480897801,79.4781048902165,81.92140460069896,24681500
2023-04-05,81.4025650024414,81.4025650024414,79.72338474054959,80.39316972157002,20276100
2023-04-06,80.16677856445312,81.36484323426343,80.00640180931298,81.27994424383876,16689300
2023-04-10,80.8082504272461,81.73273953281495,80.46864012802172,80.46864012802172,13488600
2023-04-11,81.57238006591797,82.08179557760404,80.79882477719521,81.2610693870094,12787600
2023-04-12,81.62898254394531,82.30820325243396,81.3837067998201,82.13839807531178,16667200
2023-04-13,82.13838958740234,82.34593002657948,81.30823502796244,81.5063398479219,15692300
2023-04-14,82.2893295288086,82.7704381429993,81.80821371734933,82.25159424974625,11780100
2023-04-17,81.31766510009766,82.35536731704154,81.034661293242,82.01575699099969,11881000
2023-04-18,81.63841247558594,81.84595292174824,80.72335170692612,81.12899697971545,12246800
2023-04-19,81.35540008544922,81.4214350265363,80.4592105710862,80.90259111721463,17123100
2023-04-20,80.6384506225586,80.65731466386886,79.65735493724397,80.22336974104545,15198100
2023-04-21,80.16677856445312,80.96863355107602,79.80829696771929,80.93089826735303,16878800
2023-04-24,81.39312744140625,81.77047300970999,79.88375236545943,79.91205202356029,12625900
2023-04-25,79.8648910522461,80.74220927239517,79.39321087508122,80.60071097706037,15332600
2023-04-26,78.79888916015625,80.03468891986233,78.31777336473465,79.29886899584594,20035000
2023-04-27,79.08189392089844,79.2799987158288,78.00646377855207,78.75171926268118,17057300
2023-04-28,80.30827331542969,80.74221826306909,78.52532262299573,78.79889801988628,19110900
2023-05-01,79.40264892578125,80.26111040701608,78.97813959375978,79.29887869843925,13910700
2023-05-02,75.94993591308594,78.57247626240533,75.22354448848687,78.44984202064657,33824000
2023-05-03,74.51603698730469,75.85561424332349,74.48773732648542,74.97828877158209,29683800
2023-05-04,73.6858901977539,75.29903581025071,73.45948569001827,74.54434452143921,26430500
2023-05-05,75.6858139038086,76.28012841068917,75.27073299262705,75.7235419891258,19533600
2023-05-08,75.6858139038086,77.11971865574696,75.67637828384468,76.78954392970219,16355900
2023-05-09,75.71410369873047,76.43105238262623,74.9311128809637,75.0914824131034,20710600
2023-05-10,74.85564422607422,76.2423851272065,74.2896294412139,76.09145120996904,18026000
2023-05-11,73.95945739746094,74.34623142200853,73.3934425923381,73.79908785550873,19084100
2023-05-12,74.0726547241211,74.82734591572257,73.53493958921734,74.32736606012575,18952700
2023-05-15,74.44998931884766,74.8745057503707,73.76134036574271,74.3462191154043,16272300
2023-05-16,72.61988067626953,74.42169514677263,72.50667484673475,74.1009560923262,22255600
2023-05-17,74.01605224609375,74.41226186601041,72.82741618907549,73.36513130103904,23100300
2023-05-18,74.55377960205078,74.64811421315189,73.11043918012246,73.57268381260648,16577100
2023-05-19,75.12922668457031,75.71411276254625,74.70471735520125,75.24243253112768,18059100
2023-05-22,74.81790924072266,75.5820360406844,74.70471060166795,74.84620890048633,13471800
2023-05-23,75.6197738647461,76.47822809463581,75.33676286304647,75.5348676853287,21401900
2023-05-24,75.94993591308594,76.53481466314656,75.30845065375642,76.21407563211558,16737100
2023-05-25,74.60094451904297,75.01601821402944,73.90285261892821,74.85564866830128,19125500
2023-05-26,74.30848693847656,75.2612828474062,73.92171296183326,75.05374243187026,14392900
2023-05-30,73.54438018798828,73.62928637149496,72.73308962112891,73.01610063645906,20165800
2023-05-31,72.25196838378906,72.95006025025216,72.00669986588765,72.39347388089745,22398800
2023-06-01,73.14816284179688,73.96888894224045,71.93122711931915,72.42177133746594,25811800
2023-06-02,75.3744888305664,75.73296315079682,74.00661208771115,74.51602750947092,27635400
2023-06-05,74.87451171875,76.47822139518037,74.74244184879777,76.47822139518037,18913100
2023-06-06,75.47825622558594,75.54429115572704,73.80850453916906,73.88397508712106,17375400
2023-06-07,77.47818756103516,77.572529359459,75.79900718976054,75.84617808897247,30327100
2023-06-08,77.14801025390625,77.84609491560978,75.86503956915634,77.58195516238511,23077600
2023-06-09,76.72350311279297,77.4876227341993,76.5159626730854,77.1102771344827,19193500
2023-06-12,75.98768615722656,76.75180580885454,75.4688350374366,75.5726052613946,18193500
2023-06-13,76.34615325927734,77.84609275806076,76.30841798168132,76.82726905204127,20068200
2023-06-14,75.56317901611328,77.44046450532939,74.99716412256674,77.10086132701736,23802700
2023-06-15,76.39332580566406,76.96876900894505,75.67636991039015,75.69523395096148,23388500
2023-06-16,76.28011322021484,76.89329884491305,76.0631371878689,76.67632281256711,23721100
2023-06-20,74.57283782958984,75.85759046482052,74.01134893438227,75.77194367744814,21276000
2023-06-21,75.16285705566406,75.80047385054321,74.15408249201964,74.26828544092139,17236900
2023-06-22,74.15409088134766,74.56330908538145,73.87810583577486,74.47766230951191,16753700
2023-06-23,73.62115478515625,73.82100451344897,73.01208687207497,73.35468848076597,17452600
2023-06-26,74.94397735595703,75.36271428300866,73.58308960370172,73.75439041379899,16244300
2023-06-27,75.11528015136719,75.43884432306805,74.43007689286809,74.86784402787303,14194200
2023-06-28,75.87661743164062,75.97178293578172,74.37297777995857,75.03914356960883,16451600
2023-06-29,76.75214385986328,76.75214385986328,75.75288801662623,76.16210617729851,14217900
2023-06-30,77.24701690673828,77.63720491380053,76.70456554470576,77.27556583200379,17983000
2023-07-03,77.42782592773438,78.00834486480163,77.14232219254465,77.43734465508379,9769900
2023-07-05,76.99958038330078,77.77043033139472,76.56180603726078,77.75139287600418,16278700
2023-07-06,75.26753997802734,76.69504427938931,74.69653970961502,76.16211166362612,20983900
2023-07-07,76.88539123535156,77.59914346672987,74.83930005326776,74.89639790836581,24455000
2023-07-10,77.48493194580078,77.63720255681085,76.62842791052505,76.68553301998502,15462500
2023-07-11,79.18841552734375,79.3121299442929,77.684776025984,77.83704662591695,19821000
2023-07-12,79.92121124267578,80.36848982796029,79.42633901541701,79.8355572084469,21538800
2023-07-13,79.6166763305664,80.41607525030359,78.87436799853035,79.92121028960851,26613200
2023-07-14,77.51348114013672,79.17890283538169,77.32315013637368,79.10277479027391,21991800
2023-07-17,77.36121368408203,77.6942965533235,77.00909335907707,77.2374992642672,16222900
2023-07-18,78.14158630371094,78.95050395844035,77.05668361183152,77.18039803786606,21607300
2023-07-19,78.59837341308594,79.1313132221482,77.97027537542229,78.1415761603599,18760500
2023-07-20,79.5215072631836,79.68329660883293,78.85534146578976,79.24552221550253,17724900
2023-07-21,80.22575378417969,80.26381418050426,79.30263306905108,79.81653554739061,15760000
2023-07-24,81.52001190185547,82.11004233813216,80.60640280315621,80.63495898677844,22269800
2023-07-25,81.9482650756836,82.42409984803774,80.98707680254275,81.48194903176201,16803300
2023-07-26,81.976806640625,82.30037803232076,81.15837032480026,81.27257327375084,16394000
2023-07-27,81.45339965820312,82.75718965732456,81.22500098135822,82.42410674095429,17775300
2023-07-28,81.7008285522461,81.71986600901594,80.51124162731338,81.39629458988982,17313900
2023-07-31,83.25205993652344,83.48997733690591,82.17666863997047,82.41458604035294,18133200
2023-08-01,82.86186218261719,83.09977955505616,81.96729053883483,82.9189600285907,17883000
2023-08-02,81.77696990966797,82.71912079095036,81.08224789940493,82.30039109963758,22960000
2023-08-03,82.60491943359375,83.3472205171974,81.54856565749243,81.99585150547473,20815300
2023-08-04,82.71910858154297,83.97531199139047,82.62394308668489,83.19494331649523,21595300
2023-08-07,82.81428527832031,83.3567366591144,82.56685641035307,83.18544310159685,13410800
2023-08-08,83.2234878540039,83.2615555020738,80.86335175896225,81.47241960675761,18618600
2023-08-09,84.27034759521484,85.04119766253865,83.50900899639562,84.03243019066672,26042800
2023-08-10,84.26082611083984,85.35524758810786,83.6898258107278,84.39405927217723,19613300
2023-08-11,85.55509185791016,85.65025735839814,84.20372287325883,84.22275306909151,23335000
2023-08-14,85.19345092773438,85.54557125856668,84.62245067663339,85.31717261025871,15094700
2023-08-15,83.4233627319336,84.69859654308196,83.27109210696261,84.60343103280661,22491200
2023-08-16,82.70008087158203,84.41308161248064,82.64297576442196,83.50899849317265,18997700
2023-08-17,83.68983459472656,84.83183531481387,83.56611288859705,83.86113542880601,20232100
2023-08-18,84.51776123046875,84.62244545044933,82.93799372463188,83.20446000797821,17651900
2023-08-21,83.98483276367188,85.2029685530991,83.40431379204453,84.86036695473994,15244200
2023-08-22,83.33769989013672,84.38453491395059,83.29011350969243,84.08951968505036,12869700
2023-08-23,83.12832641601562,83.20446171586642,81.71985967208516,82.4336117716972,19399300
2023-08-24,82.55732727050781,83.43286144828171,82.31940990085216,82.37650774615771,16727500
2023-08-25,83.35673522949219,83.77547216912104,82.3289375987001,83.05220125357921,19018400
2023-08-28,83.918212890625,84.54631095581725,83.43285943525254,83.57561130573406,12859100
2023-08-29,84.14662170410156,84.23227574101459,83.3091550956707,84.22275701232145,13509700
2023-08-30,84.56535339355469,84.71761673988783,84.19420286483133,84.52728574180585,13945100
2023-08-31,84.62245178222656,85.02215123715312,84.01338387167307,84.87940661800951,14808700
2023-09-01,86.35448455810547,86.44965005174245,85.53604824363629,85.55508569876073,17878100
2023-09-05,86.81129455566406,87.69634749744311,86.75419670802096,86.83984347948561,24368700
2023-09-06,86.849365234375,87.31568128125672,86.21174111726944,86.63999677150414,20162100
2023-09-07,86.76371002197266,87.4679507076484,86.61144667146328,87.02066486315938,15364600
2023-09-08,87.60118865966797,88.22928681349396,87.12535386469023,87.17293298779035,17369500
2023-09-11,86.44966125488281,88.50527103500754,86.09754815672895,88.23880471402752,22047500
2023-09-12,88.48622131347656,88.5813867984478,87.22049930744205,87.38228135795924,26799700
2023-09-13,87.820068359375,88.7527077496741,87.36327102341593,88.57188820466465,18157700
2023-09-14,88.84786224365234,89.16191491111182,88.46719300376162,88.73365929348657,18549900
2023-09-15,87.56311798095703,88.89545681301738,87.56311798095703,88.02943403094628,24797800
2023-09-18,88.30514526367188,88.72697220154275,87.6532342297994,88.4681211935796,16873300
2023-09-19,87.48065948486328,89.09126260411314,86.96296484143575,88.96663525660382,18132200
2023-09-20,86.66577911376953,88.03670929617124,86.60825260624637,87.04925746887851,17965200
2023-09-21,85.47699737548828,87.46148987452735,85.33319208716124,87.26015808232499,21693700
2023-09-22,85.62079620361328,86.69453407769254,85.5441063880826,86.11932023288756,21033700
2023-09-25,86.69454193115234,86.82875826329048,85.39071986388903,85.39071986388903,17536900
2023-09-26,86.1960220336914,86.71370940210117,85.81254367829347,85.94676000554657,16730000
2023-09-27,88.34349060058594,88.59275262877763,86.88627431264814,87.26975266811816,23144700
2023-09-28,88.4393539428711,88.95704859975778,87.75868337017958,87.96000785103982,24231400
2023-09-29,86.65618896484375,88.65027053289539,86.3302371216913,88.30514074941563,24181800
2023-10-02,84.93053436279297,86.77122885622889,84.34573887829337,86.54113747314898,25299900
2023-10-03,84.87303161621094,85.03600755845129,84.03897396225024,84.7292263024874,20733300
2023-10-04,82.2078628540039,83.75135800701433,81.40256485116801,83.60755270243888,29786200
2023-10-05,81.69975280761719,82.41877197832834,81.02866385974204,81.02866385974204,23518500
2023-10-06,82.18868255615234,82.93646127486895,80.77940390276764,81.69974750382197,25728200
2023-10-09,84.93053436279297,85.28525309269399,83.78969567387794,84.3936690974212,30744500
2023-10-10,85.03599548339844,85.6016276865937,84.52788978606911,85.00723588758599,20850300
2023-10-11,83.94308471679688,84.24986592101062,82.97481088382773,84.16358713587591,23572700
2023-10-12,84.03897857666016,84.91138484979865,83.64591118518278,84.83468770303588,19993200
2023-10-13,85.88923645019531,86.30147441642546,85.04558989071474,85.40989031803194,24255900
2023-10-16,86.4644546508789,86.72329833497207,85.63997874711363,86.44527671028459,19182600
2023-10-17,87.36561584472656,87.63405579944056,86.1480799927975,86.27270734323406,20212000
2023-10-18,88.16133117675781,88.52563156864957,87.5190091775378,87.72033365576016,23808400
2023-10-19,88.00794219970703,88.73654296665909,87.0204831423219,87.85454794503882,31648500
2023-10-20,86.53156280517578,88.1805146125291,86.23436323992593,87.85455545063213,23263400
2023-10-23,85.13187408447266,86.04262878941617,84.73880675409741,86.0330398190008,25944100
2023-10-24,83.93350982666016,85.40988946240049,83.90474291505566,85.34278129713957,22135800
2023-10-25,83.78010559082031,84.422427569673,83.35827870835439,83.99101903205327,20706300
2023-10-26,83.12818908691406,83.51166738041424,82.3037133158727,83.01314340459199,22385200
2023-10-27,81.13411712646484,83.35828270701647,80.85609551461577,83.0419198442318,26904700
2023-10-30,81.40257263183594,82.00654619169221,80.61643786691492,81.42174326096561,22765300
2023-10-31,81.67098999023438,81.84355487696932,80.68353820501149,81.49842510349944,18602800
2023-11-01,81.47925567626953,82.62969081277443,81.36421728258824,82.18869323709882,23041300
2023-11-02,83.94308471679688,84.01978184641052,81.21081347391802,81.68057059288014,22661500
2023-11-03,83.09944152832031,84.0581337437766,82.59133582440707,83.78970109372743,23615800
2023-11-06,82.15991973876953,83.76094129350479,81.92024668548929,83.76094129350479,20517700
2023-11-07,80.33840942382812,81.22999346393074,79.98369067609147,81.08618817083527,23775100
2023-11-08,79.33179473876953,80.55891981943485,79.30303513754183,80.03164339702776,25371000
2023-11-09,79.09210968017578,80.09873945634727,79.04417214255187,79.91658559046601,19116100
2023-11-10,79.96452331542969,80.15625883789187,79.20715556749379,79.98369394197937,17282800
2023-11-13,80.53973388671875,80.70270980553711,79.83988536143836,80.08914738178711,14223700
2023-11-14,81.25875854492188,81.48884264086139,80.71230424566458,80.8465205778161,17362000
2023-11-15,81.10536193847656,82.1311623414083,80.99032355093665,81.13412153536154,16521800
2023-11-16,79.52351379394531,80.64518920885016,78.71821586964533,80.3384080023205,26583000
2023-11-17,81.191650390625,81.72851571930892,80.01245568456106,80.20419852640642,24425400
2023-11-20,81.30667877197266,82.00652725862842,81.28750814726895,81.52718118438877,14546900
2023-11-21,81.12454223632812,81.26834022493112,80.34799652666429,80.9232177380424,13486900
2023-11-22,81.08619689941406,81.15330506818371,79.05376658001045,79.50435313356742,18273600
2023-11-24,81.4217300415039,82.0257035033003,81.00949209684381,81.05742963324846,9576300
2023-11-27,81.13411712646484,81.27792241731656,80.37674942127067,80.99990080546749,12250900
2023-11-28,81.15330505371094,81.90108388107988,80.99991077412662,81.29711036226077,14460900
2023-11-29,80.54931640625,81.76685961104597,80.29047272736518,81.66140288262298,22634000
2023-11-30,81.08619689941406,82.24621371057043,80.11791562353044,81.2395838647839,29182300
2023-12-01,81.50801849365234,82.47629979274618,80.62602330746886,80.9903310731583,21521600
2023-12-04,81.13411712646484,81.64223012937302,80.53973265183112,80.91362201950102,18535100
2023-12-05,79.71525573730469,81.23957278325064,79.66731820290454,81.08618583880364,18873600
2023-12-06,78.52648162841797,79.7536064743829,78.2196931026857,79.19756324285471,31153300
2023-12-07,77.98960876464844,79.28384176777591,77.711587149804,78.89078177040344,20454400
2023-12-08,78.83326721191406,79.07294027525363,78.34433211471377,78.50730804236672,17057900
2023-12-11,78.92913818359375,79.1879818842586,78.5360708328992,78.90037858510229,14672100
2023-12-12,77.84581756591797,78.28682249292096,77.40481995315731,78.20053637616218,22693300
2023-12-13,78.92913818359375,78.95789778208521,77.52944831448949,77.89374875245085,23222800
2023-12-14,81.2491683959961,81.35462512890602,79.72485122542037,79.72485122542037,30358700
2023-12-15,80.81775665283203,80.97114360383164,80.14666771376547,80.52055709248836,23181400
2023-12-18,81.47786712646484,82.66838803069415,81.40043331158105,82.2521905063126,21223600
2023-12-19,82.4554443359375,82.54255183466638,81.44882694960076,81.63272301952662,18431200
2023-12-20,81.69080352783203,83.22976177546629,81.5940149549076,82.74581152634939,19909100
2023-12-21,82.01020812988281,82.13603252958465,81.24556589055386,81.85534051379344,13031400
2023-12-22,82.25218200683594,82.96842625926071,82.12635022452878,82.60061936881735,12518900
2023-12-26,82.958740234375,83.40397352062445,82.69741038236761,82.94905916296915,12991700
2023-12-27,82.59095001220703,83.23944156373884,82.29089584092789,82.95874953744269,10119100
2023-12-28,81.33267211914062,82.48447599625455,81.30363628769982,82.16506708141709,13099000
2023-12-29,81.1487808227539,81.69081016727486,80.90680567852885,81.61337634884396,12170700
