Date,Close,High,Low,Open,Volume
2014-01-02,14.336871147155762,14.402817475542212,14.297303350123892,14.389628209864922,43679450
2014-01-03,14.435790061950684,14.481952485022138,14.350058299276002,14.356652931143353,30349074
2014-01-06,14.448980331420898,14.547899816316546,14.422601802115393,14.508332022358287,42798546
2014-01-07,14.455572128295898,14.528113069657179,14.409409711065992,14.528113069657179,58506229
2014-01-08,14.501740455627441,14.521524356788788,14.4423887521434,14.481956554466095,44270453
2014-01-09,14.554491996765137,14.574277438810403,14.462167159749086,14.547897365549705,35872817
2014-01-10,14.528112411499023,14.56768019590357,14.46216610415811,14.547896303701297,44795967
2014-01-13,14.310490608215332,14.53470964167344,14.284112080561336,14.508331114019443,52459804
2014-01-14,14.429191589355469,14.448977030213381,14.317082865420934,14.389623804437397,38581263
2014-01-15,14.600653648376465,14.613842908715846,14.48854338709301,14.4951380172627,75928326
2014-01-16,14.508331298828125,14.567682986805647,14.475358138840614,14.561089903207298,57911287
2014-01-17,14.462166786193848,14.554491620825164,14.429192082569447,14.528113096644788,70660016
2014-01-21,14.475357055664062,14.554492633712453,14.3896252977126,14.541303370704389,51099056
2014-01-22,14.481950759887695,14.514923915296585,14.442382973397027,14.50173465313303,22301904
2014-01-23,14.244543075561523,14.422601238210307,14.178596754876175,14.416005057742602,64648058
2014-01-24,13.921402931213379,14.172000468972808,13.921402931213379,14.172000468972808,86803719
2014-01-27,13.83566951751709,14.007131459136746,13.756533951415157,13.941185154051803,79350014
2014-01-28,14.020325660705566,14.033514926370254,13.895026088491685,13.908216902555722,43538500
2014-01-29,13.85545825958252,13.993947097142089,13.822485095496752,13.868647525216826,79334380
2014-01-30,14.05329418182373,14.079672704437952,13.934590830059738,13.980753244634624,56607904
2014-01-31,13.888426780700684,14.02032094135025,13.815885843962779,13.842264366412925,65974214
2014-02-03,13.538908958435059,13.908212936945743,13.519125065578953,13.87523823378666,129496030
2014-02-04,13.670804977416992,13.743345927714156,13.55869468764953,13.604858658965025,67895066
2014-02-05,13.657617568969727,13.703779998156781,13.558696529455277,13.651022936228719,58062823
2014-02-06,13.868646621704102,13.875241254091629,13.677400734066566,13.683995366454093,49232368
2014-02-07,14.040109634399414,14.053298900134742,13.881836897176129,13.927999327249774,63056129
2014-02-10,14.05329418182373,14.06648344313084,13.97415861398107,14.046699551170176,53244320
2014-02-11,14.198380470275879,14.237949810582373,14.033513122262802,14.099460990507524,46243500
2014-02-12,14.198380470275879,14.26432679012145,14.145623414399422,14.218164366229551,47764154
2014-02-13,14.25113582611084,14.257732005707679,14.073080783768278,14.073080783768278,39783458
2014-02-14,14.270922660827637,14.284111924510546,14.204974794013976,14.231353321379794,37421046
2014-02-18,14.297304153442383,14.323682686279085,14.231356272951187,14.284114887024032,26168844
2014-02-19,14.09946346282959,14.336871804302033,14.092868829688674,14.251140025070686,78908823
2014-02-20,14.139029502868652,14.172002664471584,14.03351383734004,14.112649425187076,39164019
2014-02-21,14.165407180786133,14.218164236180037,14.112648576993093,14.165407180786133,53100785
2014-02-24,14.270922660827637,14.343463611083635,14.165407002965251,14.172001634806705,51914224
2014-02-25,14.185187339782715,14.2709190806128,14.152214188847578,14.264322902027043,49380703
2014-02-26,14.165407180786133,14.231353500028511,14.092866229619517,14.218164236180037,52231699
2014-02-27,14.237950325012207,14.244543408835828,14.099461499933632,14.145623925493421,47711837
2014-02-28,14.310490608215332,14.389626191177323,14.218164213027208,14.244542740681206,69264062
2014-03-03,14.198380470275879,14.218164366229551,14.10605562249208,14.178596574322208,61089483
2014-03-04,14.488546371459961,14.488546371459961,14.336868297915546,14.363246824027783,61500268
2014-03-05,14.640225410461426,14.640225410461426,14.46216879906274,14.495141958877468,58700112
2014-03-06,14.686387062072754,14.719360220153936,14.63363000914286,14.640224640759097,53457898
2014-03-07,14.752336502075195,14.831472089921132,14.692983262791511,14.778715031357175,81544764
2014-03-10,14.758934020996094,14.83806962431963,14.666607602052434,14.719364670934793,29071542
2014-03-11,14.660008430480957,14.79190261025894,14.627035272636224,14.778713347121046,55578050
2014-03-12,14.633630752563477,14.640225384514736,14.5281150929442,14.56768288465175,39319248
2014-03-13,14.46876049041748,14.699574110609536,14.435787337304163,14.679790218741545,70116160
2014-03-14,14.376439094543457,14.534710267279783,14.363248281749563,14.416005339328338,54433958
2014-03-17,14.528112411499023,14.580869457371753,14.481949996360385,14.495139257828566,46338656
2014-03-18,14.600653648376465,14.613842908715846,14.54130042845053,14.56767894912929,44158186
2014-03-19,14.594058990478516,14.699573072993083,14.488543359565227,14.613842880949997,69971394
2014-03-20,14.824875831604004,14.857848989589973,14.567682102515331,14.567682102515331,112214267
2014-03-21,14.826862335205078,14.992340650507963,14.807005123865197,14.926148391904473,82702027
2014-03-24,14.820244789123535,14.912911784907749,14.734195310329381,14.873197358143086,68496287
2014-03-25,14.80700969696045,14.89305763934221,14.734198345422792,14.866581349378592,42096507
2014-03-26,14.654759407043457,14.899666475082304,14.654759407043457,14.893047407139003,62505872
2014-03-27,14.575331687927246,14.68785741756142,14.49590285816448,14.621665171955527,81009033
2014-03-28,14.63491153717041,14.72758011145693,14.58195895422828,14.615055872704906,48922771
2014-03-31,14.787145614624023,14.833480659557074,14.72757398360072,14.740812123828121,41048557
2014-04-01,14.813629150390625,14.859962659018446,14.773913160286176,14.82686729571286,51651775
2014-04-02,14.846720695495605,14.879816050289906,14.800387198783588,14.826863482619027,44565278
2014-04-03,14.820244789123535,14.87981642927053,14.773909737094044,14.859959215888198,46626833
2014-04-04,14.674622535705566,14.932769397993633,14.661384394474103,14.899672490777709,60202301
2014-04-07,14.44957447052002,14.668006961176594,14.436336326133274,14.66138788898322,72897112
2014-04-08,14.469428062438965,14.502524969252532,14.350284792804217,14.462810546040949,56290676
2014-04-09,14.595193862915039,14.608432005714501,14.442953666583774,14.515765006118265,44907126
2014-04-10,14.25761890411377,14.608432816033815,14.250999832346885,14.608432816033815,94458692
2014-04-11,14.08552074432373,14.257618155362463,14.02594910155021,14.09213981574301,98050873
2014-04-14,14.198040962219238,14.27085071936816,14.052419893784547,14.250993512873,69247689
2014-04-15,14.33042049407959,14.356898320134793,14.125229386710787,14.231134474385009,103855038
2014-04-16,14.442951202392578,14.449570272662992,14.310569796984273,14.39661771049967,49363100
2014-04-17,14.469428062438965,14.502524969252532,14.396618286551064,14.462810546040949,58956037
2014-04-21,14.45619010925293,14.48928701649665,14.423094756146476,14.476048875254069,37683618
2014-04-22,14.555481910705566,14.5951963458602,14.423098906052402,14.476053040396296,33032777
2014-04-23,14.588574409484863,14.601812551937659,14.522383697220885,14.542240910900079,32197667
2014-04-24,14.581950187683105,14.654761499592784,14.522378567687165,14.654761499592784,36918798
2014-04-25,14.462815284729004,14.562101375288682,14.436337439775333,14.548863229880725,35205738
2014-04-28,14.376762390136719,14.502526295948906,14.237760342042973,14.462811869104232,54068967
2014-04-29,14.515759468078613,14.522378536953044,14.39661467420202,14.409852811950879,34182162
2014-04-30,14.535619735717773,14.568715087059381,14.462809962766237,14.47604810330288,46774307
2014-05-01,14.562098503112793,14.581955717308164,14.48928871772977,14.535622217518966,33615533
2014-05-02,14.555481910705566,14.687864915358729,14.522386548076703,14.56872005575711,34600209
2014-05-05,14.495903968811035,14.509142108119109,14.370140091247297,14.42309264847959,23206197
2014-05-06,14.290715217590332,14.456192004820739,14.290715217590332,14.456192004820739,73906286
2014-05-07,14.482664108276367,14.495903801568732,14.32380643841226,14.363520855878289,50411420
2014-05-08,14.522377967834473,14.601806791214887,14.46280635029916,14.46280635029916,35858291
2014-05-09,14.515759468078613,14.535616674701902,14.423090949699738,14.515759468078613,29373014
2014-05-12,14.661383628845215,14.668002699115293,14.55547695038677,14.588572301737164,25643084
2014-05-13,14.64814281463623,14.70771443619356,14.628285607450454,14.668000021822007,28989311
2014-05-14,14.542243003845215,14.648149712847268,14.51576671512911,14.634910014351583,31432723
2014-05-15,14.376762390136719,14.495907224808127,14.270855697746867,14.47605001138579,49008449
2014-05-16,14.396617889404297,14.396617889404297,14.284092139271714,14.383379748698959,41206002
2014-05-19,14.469428062438965,14.482666203509494,14.350284792804217,14.35690386333948,24674780
2014-05-20,14.383378028869629,14.476046556863771,14.330423918242825,14.442949654920637,24000561
2014-05-21,14.476051330566406,14.53562297626209,14.429717828358651,14.436335345965086,39055814
2014-05-22,14.542243003845215,14.56871929256132,14.456193511380242,14.495909498592031,22555244
2014-05-23,14.588574409484863,14.595193480711261,14.529002768447283,14.562098124579272,20383390
2014-05-27,14.714333534240723,14.7739051559154,14.621665013054319,14.621665013054319,28444963
2014-05-28,14.68786334991455,14.72757778083639,14.654767990813019,14.681244278094244,40448075
2014-05-29,14.720954895019531,14.734193035230325,14.654764193965566,14.720954895019533,18361350
2014-05-30,14.754051208496094,14.767290903708146,14.68124143258467,14.687860503122073,33521607
2014-06-02,14.793768882751465,14.807007025344728,14.69448125916457,14.767292597564941,24982776
2014-06-03,14.813629150390625,14.813629150390625,14.727579651658356,14.754055942302825,19306758
2014-06-04,14.853341102600098,14.866579245708666,14.767293172394401,14.767293172394401,24081684
2014-06-05,14.992338180541992,14.998957249898137,14.813621753789127,14.879812447350568,38203470
2014-06-06,15.09162712097168,15.111485886993249,15.005579202806377,15.032055485318777,36753598
2014-06-09,15.157821655273438,15.177678870136596,15.085011867441857,15.098250010683962,39739634
2014-06-10,15.151202201843262,15.151202201843262,15.091629004617525,15.118106844571997,26550947
2014-06-11,15.05191421508789,15.09824926829444,15.005580716018766,15.091628642861426,25320439
2014-06-12,14.959246635437012,15.051913629973006,14.932770351283871,15.045294558934721,36993766
2014-06-13,14.965858459472656,15.032049137803622,14.919523430504368,14.998953798638139,34428485
2014-06-16,14.893057823181152,14.939391331189423,14.853343387745493,14.939391331189423,41736316
2014-06-17,15.045292854309082,15.058530994885777,14.866576402386517,14.873195472674865,30098442
2014-06-18,15.131340980529785,15.157817259335577,14.979100823259431,15.038672450572463,38125793
2014-06-19,15.111485481262207,15.151199903964509,15.058531363521912,15.13796176306374,28443117
2014-06-20,15.171292304992676,15.191228105357496,15.124773877186716,15.17793757178095,30669011
2014-06-23,15.204524040222168,15.217814578520075,15.118133980997175,15.171297694477401,23893956
2014-06-24,15.104837417602539,15.237744307855609,15.084901618107775,15.171291642873063,27761266
2014-06-25,15.118132591247559,15.138068396861799,15.018453563176354,15.031744100252515,31616881
2014-06-26,15.064966201782227,15.118128335120412,14.951995108150562,15.098192535118592,32902784
2014-06-27,15.124773979187012,15.124773979187012,15.018449709857594,15.018449709857594,22087464
2014-06-30,15.111485481262207,15.138066552175426,15.071613874892376,15.091549678077293,45984497
2014-07-01,15.204524040222168,15.270976731711702,15.144716617881588,15.144716617881588,34924332
2014-07-02,15.191229820251465,15.251037228097411,15.184584552713027,15.197875087789903,21714471
2014-07-03,15.310851097106934,15.330786906103535,15.264332649159476,15.297560557775867,27225904
2014-07-07,15.244390487670898,15.290907355945585,15.197873619396214,15.290907355945585,30418995
2014-07-08,15.111485481262207,15.23110186065996,15.078259142620682,15.21781132520335,42234379
2014-07-09,15.151357650756836,15.16464818670741,15.098195506954541,15.131421846830976,23890756
2014-07-10,15.051675796508789,15.098192663575473,14.925414168468333,14.98522156898264,31814580
2014-07-11,15.078256607055664,15.091547140277333,14.95864024777264,15.031739740779823,26102370
2014-07-14,15.171292304992676,15.231099706087138,15.15135494433981,15.224454439298864,26266093
2014-07-15,15.277618408203125,15.310846306422679,15.197875197167958,15.251037337858069,36321394
2014-07-16,15.251038551330566,15.310847524653969,15.20452167452553,15.290910160020596,32831509
2014-07-17,15.051675796508789,15.244390091787364,15.038385263061166,15.177937424549246,42034342
2014-07-18,15.224454879760742,15.2377454137218,15.098193246842598,15.098193246842598,25827980
2014-07-21,15.184579849243164,15.204515645683305,15.118125634154952,15.144708256362879,18265332
2014-07-22,15.231090545654297,15.257671596820753,15.197864231696228,15.224445282862682,15999553
2014-07-23,15.26433277130127,15.2909138501761,15.211170613551607,15.23775169242644,17625827
2014-07-24,15.297551155090332,15.324132217414338,15.270968532478564,15.304194860383571,25123971
2014-07-25,15.211167335510254,15.284265286663262,15.19787679893698,15.237748408656802,44700318
2014-07-28,15.217811584472656,15.257683191521785,15.118131006561535,15.19787578094809,51911024
2014-07-29,15.138068199157715,15.277620396923297,15.131422930706421,15.23774878621554,34997453
2014-07-30,15.204524040222168,15.264331462562748,15.111488711848223,15.197878771073215,49021005
2014-07-31,14.892184257507324,15.138060627512939,14.88553899237981,15.098189036747865,61818850
2014-08-01,14.765925407409668,14.912122827706709,14.69947274376917,14.852315430430261,61016238
2014-08-04,14.885542869567871,14.905478670143019,14.752635972112147,14.819088640695977,32232135
2014-08-05,14.73270320892334,14.858964865551574,14.672895794867621,14.812446427664296,49123055
2014-08-06,14.792513847351074,14.872258643762647,14.68618953252061,14.68618953252061,45635509
2014-08-07,14.726059913635254,14.892193201891859,14.68618829892293,14.858966856298256,49004387
2014-08-08,14.8722562789917,14.878901547611967,14.686187197335673,14.71941354043702,62985100
2014-08-11,14.885542869567871,14.951995538151701,14.872252335851105,14.898833403284636,28040580
2014-08-12,14.918773651123047,14.95864526415901,14.839030425051117,14.839030425051117,27079046
2014-08-13,14.985223770141602,15.018451668929494,14.938706896242119,14.951997431641972,27864301
2014-08-14,15.078256607055664,15.078256607055664,14.998511847437648,15.005158674336485,26959269
2014-08-15,15.005157470703125,15.144709618624525,14.918767451404017,15.144709618624525,48988876
2014-08-18,15.171292304992676,15.184582838569224,15.071611742880528,15.078257009668802,30915826
2014-08-19,15.197872161865234,15.237743759419706,15.184581629347077,15.204517428124312,24872847
2014-08-20,15.237747192382812,15.290909334432516,15.151357151263767,15.17129451482068,32671479
2014-08-21,15.417169570922852,15.443750639514684,15.244391064787816,15.270972133379647,46030414
2014-08-22,15.36401081085205,15.457044571372908,15.344075005026154,15.417172959721112,30347351
2014-08-25,15.496916770935059,15.543433648276713,15.437107796921698,15.437107796921698,33893123
2014-08-26,15.530141830444336,15.576658703947713,15.47697968929762,15.48362495694096,17016729
2014-08-27,15.496916770935059,15.570014721043373,15.470334137880023,15.570014721043373,21784145
2014-08-28,15.450399398803711,15.470335204753528,15.390591980954255,15.423818324203953,25850015
2014-08-29,15.52349853515625,15.543434340619234,15.45704428999119,15.496917461205603,28003280
2014-09-02,15.5833101272583,15.596600667794965,15.496921613769985,15.570019586721637,36352415
2014-09-03,15.556723594665527,15.656402613760138,15.523497254967323,15.643113638169172,24151728
2014-09-04,15.570014953613281,15.669693977977165,15.516852807285876,15.570014953613281,31148855
2014-09-05,15.589948654174805,15.596593921568761,15.4570417460075,15.55007704981107,30005256
2014-09-08,15.596590995788574,15.656398391114848,15.543428866609664,15.576655197346483,26755908
2014-09-09,15.437105178833008,15.563366813349406,15.410524110574421,15.563366813349406,38428619
2014-09-10,15.516852378845215,15.536788183167538,15.443752869375007,15.443752869375007,38567107
2014-09-11,15.556723594665527,15.570014130544807,15.45039774734296,15.463689843510558,36650440
2014-09-12,15.543432235717773,15.616531739471313,15.483624827427978,15.556722770893284,42971009
2014-09-15,15.536791801452637,15.576663419382783,15.490274913867466,15.543437071107661,25694294
2014-09-16,15.603242874145508,15.636469218962704,15.49027330176704,15.496918570730479,39350392
2014-09-17,15.669692993164062,15.756083035805029,15.583304510811397,15.636466653797651,54889305
2014-09-18,15.822537422180176,15.862410594011468,15.72950366191359,15.749439467685,63655749
2014-09-19,15.781166076660156,15.93464049258869,15.741129681218867,15.907949562294498,62190612
2014-09-22,15.67440414428711,15.787842189058912,15.654385942281014,15.74780578504672,39775087
2014-09-23,15.567633628845215,15.721108026318653,15.560962463810792,15.641035245064723,39927485
2014-09-24,15.654382705688477,15.661055438310902,15.534271951747916,15.60100084470909,44279193
2014-09-25,15.394145965576172,15.62769319532087,15.394145965576172,15.601002262405714,66656804
2014-09-26,15.540945053100586,15.580981445748836,15.414161576310976,15.440852504743143,49182020
2014-09-29,15.487561225891113,15.520924885561861,15.380795948207949,15.387470246878875,47184969
2014-09-30,15.460868835449219,15.554288640425925,15.427505178934904,15.520923417174982,40730589
2014-10-01,15.27403450012207,15.46087258869524,15.247343568431189,15.427508924081641,63257889
2014-10-02,15.314069747924805,15.374125906457461,15.173940800331128,15.280706085816046,69509769
2014-10-03,15.534270286560059,15.560962780925404,15.40081564841719,15.454197503674337,62092379
2014-10-06,15.487561225891113,15.641035627113325,15.467543030088667,15.641035627113325,40801003
2014-10-07,15.227314949035645,15.447518140922739,15.220643786728866,15.447518140922739,63099706
2014-10-08,15.51425552368164,15.51425552368164,15.187288454409988,15.23399915483245,72327897
2014-10-09,15.187283515930176,15.500905016453649,15.173938053502505,15.500905016453649,110277904
2014-10-10,15.06717300415039,15.327411064910763,15.060498706797926,15.153918502158358,76225243
2014-10-13,14.933723449707031,15.167270691605177,14.920377982554974,15.07385085480362,70603882
2014-10-14,14.993773460388184,15.113884194712664,14.92704614506163,14.973755265790217,78074944
2014-10-15,14.706844329833984,14.853646004850857,14.379877318827502,14.78024595071084,134405258
2014-10-16,14.706844329833984,14.820282343878123,14.439933475315264,14.453278939704358,101397347
2014-10-17,14.893683433532715,14.967085059512973,14.793592443655474,14.900357732928144,65796704
2014-10-20,14.980432510375977,14.993777977461786,14.86032173986654,14.86032173986654,60934746
2014-10-21,15.260683059692383,15.280701250623387,15.073843477530229,15.11388142612863,62988547
2014-10-22,15.120553016662598,15.300718288197293,15.120553016662598,15.287372828582596,56880817
2014-10-23,15.267363548278809,15.367454553796152,15.240672613474183,15.294054483083434,99572513
2014-10-24,15.414163589477539,15.420836322457072,15.267361897190769,15.294052829108905,32770205
2014-10-27,15.434176445007324,15.440849175676716,15.334083918229954,15.360776407644005,27325984
2014-10-28,15.601005554199219,15.607678288835947,15.474222029363972,15.474222029363972,44604546
2014-10-29,15.641035079956055,15.667726006758945,15.520924342606323,15.627689616554608,55631844
2014-10-30,15.727782249450684,15.801182298581683,15.580980584451959,15.62768970662623,41918628
2014-10-31,15.907947540283203,15.927965735459395,15.841218656292503,15.907947540283203,46879927
2014-11-03,15.96800708770752,16.008043490500807,15.901279749718706,15.947988886310874,60885014
2014-11-04,15.974679946899414,15.981352680750673,15.847898003725494,15.907952608386825,36701526
2014-11-05,16.081439971923828,16.114803630218958,15.988021728697465,16.114803630218958,30312760
2014-11-06,16.10813331604004,16.114806048700498,16.008040759396224,16.054751454756378,33192561
2014-11-07,16.114810943603516,16.154847351727394,16.03473812735576,16.114810943603516,35459694
2014-11-10,16.201553344726562,16.201553344726562,16.094788054073334,16.11480625230763,37733474
2014-11-11,16.148170471191406,16.221572100644288,16.148170471191406,16.208225067958928,47698542
2014-11-12,16.114810943603516,16.134829147665457,16.0547563314177,16.094792739541578,23048629
2014-11-13,16.10813331604004,16.161515177323704,16.041404422698513,16.128151514021415,36133543
2014-11-14,16.054746627807617,16.134819395658788,16.034728435844823,16.10145574238747,14073777
2014-11-17,16.054746627807617,16.07476481977041,15.994690485182762,16.00803594649129,19907978
2014-11-18,16.10813331604004,16.161515177323704,16.041404422698513,16.04807872209592,15630130
2014-11-19,16.074764251708984,16.101455173382817,16.008035380787977,16.081436982127443,27164231
2014-11-20,16.074764251708984,16.09478244296436,15.967998998277224,15.994689919951059,19798912
2014-11-21,16.15484046936035,16.254933013765537,16.134822273826664,16.254933013765537,25110061
2014-11-24,16.26160430908203,16.301640696612644,16.201549727786112,16.2082208923046,23038411
2014-11-25,16.248262405395508,16.294971534411825,16.19487897692561,16.294971534411825,28864242
2014-11-26,16.268280029296875,16.274952761777953,16.228243634410404,16.24826183185364,10769280
2014-11-28,16.281625747680664,16.35502737285192,16.26160754992585,16.281625747680664,9621496
2014-12-01,16.168190002441406,16.241591637942893,16.12815360129722,16.19488093653753,33654309
2014-12-02,16.321666717529297,16.3350121864394,16.15484678941565,16.15484678941565,26767603
2014-12-03,16.395063400268555,16.408408865138806,16.301643579439894,16.335007241615525,17814417
2014-12-04,16.41507911682129,16.43509731110139,16.30831384725743,16.37504272826109,20925400
2014-12-05,16.56188201904297,16.62193660639446,16.481807669170877,16.501825864954704,37209929
2014-12-08,16.641958236694336,16.728705336396974,16.535194503813674,16.541867237118716,52915889
2014-12-09,16.60191535949707,16.60191535949707,16.381713679607014,16.428422794518376,55516992
2014-12-10,16.388391494750977,16.608593242957873,16.36169899692674,16.555211380783344,63708559
2014-12-11,16.428428649902344,16.57523034439728,16.40173771758273,16.43510138298225,71819494
2014-12-12,16.10813331604004,16.401736686574083,16.088115118058667,16.301644129930267,48320689
2014-12-15,15.961333274841309,16.228245742226353,15.881260474668059,16.201554808835272,45935750
2014-12-16,15.807857513427734,16.128151820693915,15.801184780640396,15.874584841301115,45497391
2014-12-17,16.168190002441406,16.174862735965437,15.847897226550783,15.881260894170936,53873361
2014-12-18,16.54186248779297,16.555207950571443,16.32833194986409,16.41507902466082,46183796
2014-12-19,16.552593231201172,16.63978347040677,16.498938668453498,16.592835728002555,49107421
2014-12-22,16.66661834716797,16.66661834716797,16.55930759802785,16.59954853842739,19475282
2014-12-23,16.76051139831543,16.82087279432475,16.693441605786326,16.726975714680396,22928360
2014-12-24,16.73368263244629,16.814164486679875,16.72697423651933,16.814164486679875,9773278
2014-12-26,16.73368263244629,16.79404402312148,16.72697423651933,16.787337201935348,18149002
2014-12-29,16.794044494628906,16.861112708373227,16.686733777897118,16.720267884769278,22126486
2014-12-30,16.773921966552734,16.81416288984787,16.720265827418544,16.767215146003547,20298451
2014-12-31,16.58612823486328,16.847697391963436,16.566007772738764,16.83428375054709,29869969
2015-01-02,16.58612823486328,16.700145761642926,16.458698641408006,16.673318478810238,40511471
2015-01-05,16.23737144470215,16.512354260765953,16.197130517885245,16.478820155085202,50770502
2015-01-06,15.989215850830078,16.291024345796295,15.915440825886051,16.237369782200638,57454463
2015-01-07,16.156888961791992,16.197129887041598,16.029457790427486,16.123353282676565,36287049
2015-01-08,16.398332595825195,16.438575087245475,16.311143943018834,16.34467804025205,37995923
2015-01-09,16.17700958251953,16.43857874867987,16.170302761579048,16.431870352998615,36300590
2015-01-12,16.04288101196289,16.217260033579965,15.995933237804133,16.177019084301033,38356360
2015-01-13,15.989215850830078,16.257490243549007,15.875198328448656,16.150181116357697,45785445
2015-01-14,15.761186599731445,15.82154799993398,15.553271960662789,15.734357736011466,71356023
2015-01-15,15.566679954528809,15.788008157745937,15.539852675288067,15.707524745283207,58038203
2015-01-16,15.754480361938477,15.761188759843684,15.466085391148898,15.526446799624122,89499855
2015-01-20,15.68740463256836,15.861783526227725,15.633750072901027,15.801420571861438,39330942
2015-01-21,15.727648735046387,15.808132165574964,15.580097091361381,15.680700985836886,49251571
2015-01-22,16.11664581298828,16.136766272837136,15.714231891789526,15.821542585723968,97345387
2015-01-23,15.942269325256348,16.136770301839054,15.94226932525635,16.10323619371822,34069402
2015-01-26,16.02275276184082,16.02945958346597,15.875201111346541,15.915443615838386,27588310
2015-01-27,15.848373413085938,15.955682556300351,15.78801202002783,15.80142408818874,35186781
2015-01-28,15.55997371673584,15.928853544315416,15.53314643649163,15.928853544315416,85405918
2015-01-29,15.68740463256836,15.720938732360441,15.47949163911691,15.539853018742658,50409450
2015-01-30,15.432549476623535,15.687411902636152,15.425842653556954,15.506326105097195,64531113
2015-02-02,15.680700302124023,15.700820765193656,15.352062922505102,15.472787275663691,62984977
2015-02-03,15.942269325256348,15.955682968504682,15.741063101790406,15.741063101790406,66155787
2015-02-04,15.902031898498535,16.036169935271474,15.875204606092204,15.90873872160012,37523958
2015-02-05,16.062992095947266,16.08981937978294,15.935560922987033,15.948976139645644,30264135
2015-02-06,16.19042205810547,16.351387323822493,16.150181135361375,16.210542519477514,83237512
2015-02-09,16.109939575195312,16.190423000106893,16.069700224850646,16.11664797078363,37354080
2015-02-10,16.23737144470215,16.270907125123717,16.116648664251436,16.230664623565996,39742220
2015-02-11,16.23737144470215,16.284320767396018,16.13006230652374,16.217250981293695,36080733
2015-02-12,16.398332595825195,16.418453054165123,16.230660534918695,16.26419463215191,40635310
2015-02-13,16.384918212890625,16.45198797905183,16.32455684061185,16.40503867031688,23270085
2015-02-17,16.438579559326172,16.47882048695349,16.344682486788248,16.358096129330686,17869196
2015-02-18,16.337976455688477,16.418458314835547,16.29773552611494,16.418458314835547,36387868
2015-02-19,16.27090835571289,16.33797657214685,16.23066585111158,16.297735642286476,21550255
2015-02-20,16.39162826538086,16.418455547241045,16.14347433343347,16.244076640409173,40206183
2015-02-23,16.35139274597168,16.371513214015707,16.26420247637305,16.371513214015707,23616735
2015-02-24,16.43187141418457,16.48552755991436,16.358096379074805,16.39163048594288,33958612
2015-02-25,16.43187141418457,16.49894120266159,16.411750950063727,16.41845777143734,32659415
2015-02-26,16.39162826538086,16.458698044771985,16.337973701660484,16.45199122430694,33480738
2015-02-27,16.331268310546875,16.405043342119356,16.317854668442788,16.37150923685914,28937856
2015-03-02,16.45198631286621,16.46539994979191,16.30443473194336,16.3379688242576,27137641
2015-03-03,16.405046463012695,16.45199579404943,16.324564595077312,16.405046463012695,31729394
2015-03-04,16.304443359375,16.358097935468894,16.24408038652835,16.337977469433685,47685247
2015-03-05,16.371509552001953,16.405043657907687,16.277612480725075,16.331268624915076,25112031
2015-03-06,16.25078582763672,16.539182299117073,16.223958541869408,16.431871581306947,74347599
2015-03-09,16.324567794799805,16.358101913012455,16.2574979836331,16.264204807275632,26666907
2015-03-10,15.975807189941406,16.19042708596642,15.975807189941406,16.1837202634263,49650662
2015-03-11,16.076404571533203,16.136767530524956,16.002629546337424,16.022750007754453,36531648
2015-03-12,16.42516326904297,16.438576909423126,16.19042141290903,16.210541873479265,50418806
2015-03-13,16.3111515045166,16.418460665409107,16.21725441399451,16.384926552630198,40917578
2015-03-16,16.51235580444336,16.52576944796965,16.37821779443948,16.37821779443948,39676730
2015-03-17,16.47211456298828,16.512355492807693,16.358097020425678,16.45870091971514,22247248
2015-03-18,16.566007614135742,16.61966375402813,16.371508240720164,16.431869626515816,58915168
2015-03-19,16.41175079345703,16.566009258319056,16.337975759051254,16.566009258319056,42486734
2015-03-20,16.63457489013672,16.648038600105988,16.439349514963645,16.493204354840717,47450742
2015-03-23,16.540332794189453,16.681703362595226,16.540332794189453,16.600919503240902,26417014
2015-03-24,16.40569305419922,16.52686804532713,16.398961198059833,16.52686804532713,22615686
2015-03-25,16.143146514892578,16.466278751031894,16.143146514892578,16.425887616669193,40570806
2015-03-26,16.129682540893555,16.203732945429984,16.008507571033448,16.075826120612017,40238682
2015-03-27,16.109493255615234,16.149884405070203,16.048906531432785,16.12969041096217,30154207
2015-03-30,16.345104217529297,16.385495349098576,16.223929242202704,16.230661097464253,43422048
2015-03-31,16.23065948486328,16.311441739975702,16.197000211899773,16.26431875782679,26132160
2015-04-01,16.217199325561523,16.27778603015804,16.102756191815832,16.190271901296406,32823015
2015-04-02,16.29798126220703,16.324908685916764,16.176807855513232,16.176807855513232,26472163
2015-04-06,16.324913024902344,16.3653057518218,16.129689151118377,16.16334843970182,19432443
2015-04-07,16.237394332885742,16.372033030179562,16.237394332885742,16.35856931851207,22346466
2015-04-08,16.29798126220703,16.365301402100272,16.250858270715,16.250858270715,22778055
2015-04-09,16.324913024902344,16.338376740335722,16.21047144371864,16.271058163168835,25595691
2015-04-10,16.31817626953125,16.358568984327444,16.291248846746356,16.33164156154255,18165005
2015-04-13,16.378765106201172,16.432619953595143,16.27778568671857,16.29124939856706,38112499
2015-04-14,16.378765106201172,16.419156241746652,16.284517542642817,16.36530139435268,32499016
2015-04-15,16.439353942871094,16.506672510849558,16.37203537489263,16.41242651567971,45762179
2015-04-16,16.466279983520508,16.520136413987416,16.345106571362674,16.432620702365554,27839065
2015-04-17,16.24412727355957,16.385497836128362,16.183538986390662,16.385497836128362,49064829
2015-04-20,16.311445236206055,16.37203352114559,16.297981524134812,16.304713380170433,19100196
2015-04-21,16.23065948486328,16.392225575706718,16.217195775677876,16.37203001192861,26714793
2015-04-22,16.345104217529297,16.385495349098576,16.190269965894974,16.244124807987347,26511555
2015-04-23,16.37203598022461,16.41242712250509,16.291252115044475,16.318179543231462,26294652
2015-04-24,16.345104217529297,16.365299783313937,16.284515939556627,16.338370781649,23031271
2015-04-27,16.284521102905273,16.432623546237036,16.25759367332118,16.365304972276803,29486759
2015-04-28,16.378765106201172,16.378765106201172,16.190271559703366,16.25759011894583,31748721
2015-04-29,16.37203598022461,16.446086407738825,16.21720168753026,16.28452025799773,49893538
2015-04-30,16.24412727355957,16.412425261261657,16.183538986390662,16.324909548959457,42838185
2015-05-01,16.3855037689209,16.405699345083196,16.311451742372906,16.331648899154768,22565584
2015-05-04,16.54706573486328,16.553797591865603,16.425890728202315,16.452818156211606,27367961
2015-05-05,16.398962020874023,16.594187439330575,16.38549830791971,16.499941448650397,37717594
2015-05-06,16.31817626953125,16.493206098251914,16.203734722695447,16.46627867546702,36626312
2015-05-07,16.432619094848633,16.473010228283325,16.25085741377369,16.25085741377369,39290812
2015-05-08,16.668237686157227,16.668237686157227,16.520135278634843,16.520135278634843,40714217
2015-05-11,16.607646942138672,16.701894489545523,16.580719523056324,16.66823521569259,38354636
2015-05-12,16.54706573486328,16.587456876877216,16.412427014197668,16.533602020858634,48760649
2015-05-13,16.553796768188477,16.614383478194732,16.52013748485167,16.547064911521115,29430379
2015-05-14,16.70189666748047,16.708628523128894,16.600917252135268,16.634576530377387,26445450
2015-05-15,16.627843856811523,16.71535955655501,16.57398901427323,16.708627701237724,28494942
2015-05-18,16.722087860107422,16.735551567882307,16.6143766172899,16.63457217895223,19841750
2015-05-19,16.816343307495117,16.870199749615495,16.742292872931163,16.755756588306426,32513049
2015-05-20,16.76921844482422,16.856734165681694,16.74229101705858,16.850002308740283,37350263
2015-05-21,16.728830337524414,16.769221486499198,16.715366621199486,16.735562195686878,23172098
2015-05-22,16.73555564880371,16.775946781977645,16.695164515629777,16.695164515629777,16231966
2015-05-26,16.54706573486328,16.70863188353818,16.533602020858634,16.70863188353818,54832187
2015-05-27,16.728830337524414,16.749025912011806,16.573996019168312,16.594191593655705,31773341
2015-05-28,16.708633422851562,16.72209713809658,16.60765397789465,16.68843784998404,21900598
2015-05-29,16.560527801513672,16.70863022145148,16.520136663517636,16.70863022145148,31521478
2015-06-01,16.573989868164062,16.668237428080467,16.526866878515285,16.648040280469285,23062170
2015-06-02,16.600921630859375,16.66150834767578,16.493210331455398,16.560530486315105,26426862
2015-06-03,16.742286682128906,16.789409668517646,16.627843563137517,16.661502839129476,40898498
2015-06-04,16.594188690185547,16.73555926748124,16.567261262247158,16.69516812557366,37471271
2015-06-05,16.688430786132812,16.796142043120394,16.6413078027214,16.715358205225048,52402931
2015-06-08,16.587451934814453,16.735554325359107,16.58072007981782,16.715358760369202,28272131
2015-06-09,16.627843856811523,16.70189584592044,16.533597882369513,16.600916435542377,31163011
2015-06-10,16.863460540771484,16.924047233549093,16.69516259132617,16.722090010338437,53968148
2015-06-11,16.930782318115234,16.96444317892054,16.87019561377976,16.937514174152508,60034147
2015-06-12,16.85672950744629,16.92404805825739,16.802873086178696,16.89038878285184,42206558
2015-06-15,16.782678604125977,16.843266884385176,16.67496891587639,16.74901932654798,40678641
2015-06-16,16.87693214416504,16.89039585996859,16.735561547608388,16.78941641082259,36228207
2015-06-17,16.85672950744629,16.950975478581835,16.816336796340916,16.930779913338505,55448179
2015-06-18,17.011566162109375,17.038493586244115,16.856731892715693,16.930782309086226,70136594
2015-06-19,16.727584838867188,16.984515290700344,16.727584838867188,16.96423143299212,47071470
2015-06-22,16.98451805114746,17.052132508693045,16.964234190142555,16.970995477144193,40678518
2015-06-23,17.01832389831543,17.072415779989324,16.991278751243073,17.03184647185161,33542288
2015-06-24,16.876333236694336,17.018321829089263,16.876333236694336,16.991276685305273,26541099
2015-06-25,16.774921417236328,16.930432650771095,16.761398839322844,16.923671361814353,43711579
2015-06-26,16.82901382446289,16.876342853053565,16.781684795872216,16.849297693858894,30737208
2015-06-29,16.423330307006836,16.720830208446493,16.41657060530068,16.646456026851457,52912442
2015-06-30,16.484180450439453,16.62616908567574,16.43009014655114,16.585601357759504,77383245
2015-07-01,16.734352111816406,16.77492143312498,16.63293277736921,16.741114988309246,52375111
2015-07-02,16.65997314453125,16.76815532437574,16.59236027433422,16.727587602257522,24081438
2015-07-06,16.592357635498047,16.63292535116441,16.4503690431368,16.47065290096998,33223951
2015-07-07,16.62616539001465,16.639687962980933,16.31514303673191,16.565312224137262,63077548
2015-07-08,16.335430145263672,16.511225216319733,16.308384993951883,16.403044611072573,56789354
2015-07-09,16.463899612426758,16.5923656953021,16.430093166283182,16.565318950857485,31236625
2015-07-10,16.65997314453125,16.700540866649472,16.585598987314516,16.69377957962977,36120618
2015-07-13,16.862815856933594,16.862815856933594,16.76815782454403,16.80196426468316,41191230
2015-07-14,16.90338134765625,16.937187780145507,16.77491531666796,16.808721749157215,27691961
2015-07-15,17.04537582397461,17.072422569332065,16.9236726137502,16.984524218862404,62160945
2015-07-16,17.21440315246582,17.21440315246582,17.153551570314566,17.17383543103165,39781365
2015-07-17,17.167078018188477,17.221169913170062,17.092702257912386,17.200884460345986,22286763
2015-07-20,17.18735694885254,17.241448828303906,17.14002794342057,17.214402094813668,25354045
2015-07-21,17.167078018188477,17.261737643759073,17.126510287599462,17.194124759444055,24390172
2015-07-22,17.29553985595703,17.315823716290726,17.153551246091986,17.17383510642568,36459143
2015-07-23,17.14678955078125,17.32258459034736,17.11298311769722,17.30906201711375,36561685
2015-07-24,16.98451805114746,17.140029239714302,16.95747290314092,17.12650666571103,32149658
2015-07-27,16.862815856933594,16.91014646065785,16.80196426468316,16.869578732490893,34805048
2015-07-28,16.93043327331543,16.99804616536903,16.82225105849992,16.99804616536903,29677194
2015-07-29,17.09946632385254,17.10622761275457,16.943955091576147,16.984522824988332,33091373
2015-07-30,17.09946632385254,17.1129889016566,17.004806691694426,17.072421168244414,20597954
2015-07-31,17.04537582397461,17.11975159553045,16.99804679777623,17.079183858788976,24137571
2015-08-03,17.02509117126465,17.065660493666915,16.910149255792476,17.045375038700914,42025601
2015-08-04,16.998044967651367,17.0859433086573,16.970999812735585,17.03861428755468,30678613
2015-08-05,17.065656661987305,17.167075976397385,17.018326061066556,17.112985675378674,24771536
2015-08-06,17.004806518554688,17.10622743858218,16.943954919055987,17.079182283249427,23921408
2015-08-07,17.038618087768555,17.05890037094942,16.89662940526257,16.9912874685799,30673812
2015-08-10,17.200883865356445,17.207646741083582,17.106225830589697,17.153554847973073,30165778
2015-08-11,17.04537582397461,17.099467727159713,16.977762929405493,17.038616122047507,65448208
2015-08-12,16.889862060546875,16.916908801871486,16.632931511964447,16.903386224973968,77509300
2015-08-13,16.95071792602539,17.01156953169205,16.822251837643734,16.93043405746984,27547564
2015-08-14,17.072420120239258,17.072420120239258,16.92367018599604,16.930431474483022,33603346
2015-08-17,17.106225967407227,17.11298725565893,16.93719217358514,16.99804376785046,28771055
2015-08-18,17.092697143554688,17.133266449534403,17.052131012633158,17.085937444675345,20245642
2015-08-19,16.937191009521484,17.085940928365137,16.87633783190897,17.045371614113655,57382080
2015-08-20,16.578840255737305,16.78168209207607,16.578840255737305,16.76139822594812,67731590
2015-08-21,15.983839988708496,16.490941337934615,15.983839988708496,16.36923656961211,127715881
2015-08-24,15.300942420959473,15.841850168724754,12.522025552847905,15.00344260405331,143651668
2015-08-25,15.098102569580078,15.875656979202772,15.04401068225906,15.862134404254853,84936661
2015-08-26,15.666061401367188,15.666061401367188,15.165721176589852,15.449698532891295,146056427
2015-08-27,16.05145263671875,16.085259075343092,15.740430226316004,15.868896280617903,96219884
2015-08-28,15.977082252502441,16.03117256710112,15.875661325100145,15.990604831152112,40348364
2015-08-31,15.841856002807617,15.94327534987809,15.82833342319822,15.875662451831108,58845124
2015-09-01,15.327988624572754,15.584919147734588,15.213045144786731,15.503783694376983,86294454
2015-09-02,15.537593841552734,15.578163165443422,15.334753572218471,15.530832552159252,52533664
2015-09-03,15.625489234924316,15.787761737196446,15.55787476625206,15.584919918709165,60273576
2015-09-04,15.31446647644043,15.449693823340056,15.213045569383347,15.402363220031038,54210039
2015-09-08,15.706623077392578,15.720145652230785,15.50378286729015,15.611965053525132,49726245
2015-09-09,15.49026107788086,15.916226969470825,15.456454639071199,15.848612504322093,43741739
2015-09-10,15.564640045166016,15.67958196085641,15.429411086941368,15.476741698578916,43653476
2015-09-11,15.632255554199219,15.632255554199217,15.45646041911978,15.490266870571595,26809949
2015-09-14,15.598443984985352,15.645773001489506,15.53759080480767,15.598443984985352,31837353
2015-09-15,15.821561813354492,15.868890811115769,15.598437807808185,15.6592893763584,41048311
2015-09-16,15.922987937927246,15.950033088432635,15.753954159739182,15.83508961125535,28008328
2015-09-17,15.699867248535156,16.017651042779384,15.666060799685745,15.909468818931387,75221486
2015-09-18,15.396151542663574,15.559217585460067,15.368974134746288,15.484479713687534,85290820
2015-09-21,15.572803497314453,15.63395265416469,15.470886640604892,15.498065638941942,47097445
2015-09-22,15.375767707824707,15.430122520905787,15.260262134734708,15.341795949649033,65335941
2015-09-23,15.382566452026367,15.43692128062873,15.294238260254362,15.382566452026367,34891095
2015-09-24,15.273855209350586,15.301032623669245,15.137966542464127,15.205911673553938,51271027
2015-09-25,15.498068809509277,15.599984091775985,15.423329340554197,15.491272862065337,55416173
2015-09-28,15.137961387634277,15.416532980126718,15.090400928772073,15.3893555750626,58422891
2015-09-29,15.165142059326172,15.21270412372604,15.02925500473501,15.151553353867055,48264309
2015-09-30,15.396151542663574,15.396151542663574,15.212702443929118,15.368974134746288,49086741
2015-10-01,15.402947425842285,15.464096599734985,15.239881366835476,15.389358720532796,48512971
2015-10-02,15.423332214355469,15.423332214355467,14.934133982445378,15.070022646080368,75346063
2015-10-05,15.749458312988281,15.76984136540188,15.525243141146186,15.532037491950717,47975517
2015-10-06,15.674724578857422,15.769845515151442,15.64754557319477,15.715490694412,36684908
2015-10-07,15.797022819519043,15.88535099792086,15.681518826222794,15.77663976187853,38597020
2015-10-08,15.892142295837402,15.905730998319193,15.701898865799722,15.735870622004198,37237011
2015-10-09,15.79023265838623,15.939710049387386,15.72228911488268,15.926121340686676,58339183
2015-10-12,15.803817749023438,15.830996755495947,15.74266857386949,15.783434690638789,25312191
2015-10-13,15.681519508361816,15.851378329421554,15.681519508361818,15.749463036785711,42452020
2015-10-14,15.552427291870117,15.715493377218532,15.532044230613216,15.68831596220933,44763838
2015-10-15,15.90573501586914,15.92611807474028,15.627163354044189,15.640753655251299,55652525
2015-10-16,16.000856399536133,16.028033809405912,15.919322574633897,15.953294336971119,36542235
2015-10-19,15.987264633178711,16.021236392400514,15.892143707357656,15.898938059202017,32690313
2015-10-20,16.08238983154297,16.10277289046924,15.973678588643175,15.987267294594021,23941473
2015-10-21,15.966885566711426,16.1571290421678,15.939706559966519,16.10277262397098,29215200
2015-10-22,16.22507095336914,16.286220123040167,15.994061383763547,16.000855735949216,61204335
2015-10-23,16.40172576904297,16.408520121254966,16.279427429227038,16.354165303558997,45903498
2015-10-26,16.333784103393555,16.40172923516497,16.27263492056314,16.40172923516497,24485698
2015-10-27,16.238662719726562,16.272634487060675,16.18430789199198,16.25225142666021,28664204
2015-10-28,16.619152069091797,16.646329486825994,16.272636802394047,16.272636802394047,112058299
2015-10-29,16.598764419555664,16.68029824552384,16.51723218888041,16.612353124668207,48479611
2015-10-30,16.360960006713867,16.57158652509653,16.340576949640663,16.557997820381065,62867662
2015-11-02,16.585174560546875,16.6531196766753,16.39493110691435,16.40172545899791,73531446
2015-11-03,16.61235809326172,16.666714525262286,16.503646824553982,16.578386320319737,42479225
2015-11-04,16.564790725708008,16.653118893935464,16.517230263358545,16.61235118805747,40100564
2015-11-05,16.632741928100586,16.65991934771408,16.53762095945335,16.564798379066843,45236788
2015-11-06,16.802593231201172,16.96566085052578,16.7414440704239,16.945276201640752,85556100
2015-11-09,16.619152069091797,16.863752019286306,16.524031107022104,16.822985892685008,59169369
2015-11-10,16.693885803222656,16.700680155311936,16.55120281405501,16.57838022241212,41119339
2015-11-11,16.639535903930664,16.768628631777254,16.625945600443004,16.768628631777254,27576370
2015-11-12,16.388137817382812,16.605558693446426,16.381343464858727,16.59876434092234,66597469
2015-11-13,16.252254486083984,16.42211495002326,16.20469400286315,16.306609324050655,53877793
2015-11-16,16.44928550720215,16.44928550720215,16.17071548353477,16.20468724309265,53560564
2015-11-17,16.415315628051758,16.56479298252213,16.381343864602346,16.517232513692953,46013180
2015-11-18,16.70747184753418,16.727854900556988,16.456077669667792,16.510434073021166,83572836
2015-11-19,16.734651565551758,16.76862332528722,16.653119342186653,16.714268509710482,35613076
2015-11-20,16.76182746887207,16.829772577537316,16.714267009511243,16.782210522883855,44189330
2015-11-23,16.693885803222656,16.809391384033194,16.673502746954824,16.75503497202616,31828859
2015-11-24,16.64632797241211,16.70068439822875,16.503644946994918,16.59197314188869,35916887
2015-11-25,16.659914016723633,16.693887375662875,16.612353547618845,16.653121259287342,24226080
2015-11-27,16.700679779052734,16.721062834861346,16.6055572566531,16.687091075180327,23191055
2015-11-30,16.687088012695312,16.755031519588073,16.659909014645724,16.755031519588073,30361138
2015-12-01,16.870540618896484,16.877334971012367,16.714268924938366,16.748240685517782,38268343
2015-12-02,16.673500061035156,16.911303941145075,16.639528306061248,16.911303941145075,43846620
2015-12-03,16.40172576904297,16.768623979076448,16.347370951347,16.768623979076448,59308595
2015-12-04,16.836576461791992,16.863753882528968,16.462882140777936,16.503648271883403,52547451
2015-12-07,16.680299758911133,16.829777124003957,16.59876592554547,16.816186822365456,31381144
2015-12-08,16.46967315673828,16.61915053577868,16.42890703389814,16.496852167258258,35697769
2015-12-09,16.279430389404297,16.578383536385246,16.18430784584686,16.394934398010953,66624798
2015-12-10,16.29301643371582,16.449288148063577,16.218278550689647,16.272633374708683,58161303
2015-12-11,15.932916641235352,16.150337588651904,15.844590029435338,16.048422267344193,89542078
2015-12-14,15.966885566711426,16.075595212519072,15.790229201688012,15.946500912829498,71948873
2015-12-15,16.340578079223633,16.428904665979985,16.116361245333078,16.1299499509879,93332943
2015-12-16,16.605560302734375,16.65991512819472,16.33378298484653,16.49005470333808,102205375
2015-12-17,16.36775779724121,16.666712554364988,16.34737473588639,16.666712554364988,70913355
2015-12-18,15.930191993713379,16.27204147640899,15.930191993713379,16.25152909479302,113598773
2015-12-21,16.087434768676758,16.14213175536991,15.943859392488896,16.06008707797431,50728156
2015-12-22,16.237852096557617,16.27203671376394,16.039578106184084,16.183155103739068,57087748
2015-12-23,16.429292678833008,16.456640381121712,16.292552562100546,16.34041104110578,40627924
2015-12-24,16.415620803833008,16.504500846970853,16.374597640172567,16.4498054358091,13844688
2015-12-28,16.401939392089844,16.408776316003358,16.26519930853099,16.347244000781718,16747016
2015-12-29,16.572866439819336,16.59337721446159,16.483986416369564,16.538681815415575,38040239
2015-12-30,16.456636428833008,16.56602721171612,16.42928873311223,16.53867951599534,19339133
2015-12-31,16.292543411254883,16.483978825043426,16.258358802594078,16.292543411254883,59154720
2016-01-04,15.978045463562012,15.991719310160716,15.793446929191088,15.957534693663954,93387476
2016-01-05,16.039581298828125,16.0874397724431,15.896004272694443,16.005396674817426,52096536
2016-01-06,15.793451309204102,15.889168261940313,15.711406601569932,15.807125159594989,77248574
2016-01-07,15.349042892456055,15.608849201840965,15.28751057958049,15.465272199842829,92006910
2016-01-08,15.10974407196045,15.4994518046955,15.075557859465544,15.485777961812724,83028242
2016-01-11,15.130256652832031,15.21913664224106,14.979842757774747,15.191788953192127,70986600
2016-01-12,15.246487617492676,15.314858460139702,15.048215223864458,15.287510765196293,80633578
2016-01-13,14.849942207336426,15.376390128780022,14.781572972845739,15.308020894289335,125524947
2016-01-14,14.979843139648438,15.102907743505856,14.740547643793729,14.884124620248915,95264013
2016-01-15,14.64483642578125,14.713205676738655,14.446563992715953,14.473910087810093,94362797
2016-01-19,14.637999534606934,14.856782743466448,14.535444052644346,14.80208573728495,83779398
2016-01-20,14.350842475891113,14.487582554888917,14.03634077578271,14.337168628520182,107682217
2016-01-21,14.289311408996582,14.549116136992225,14.241451333735606,14.36451757609598,91494814
2016-01-22,14.549114227294922,14.610648143042566,14.446560376529552,14.473906464778564,59334200
2016-01-25,14.25512409210205,14.542278100552542,14.220939473307588,14.487582710481403,78982191
2016-01-26,14.494422912597656,14.53544446442929,14.28931354815062,14.309824324066437,63973716
2016-01-27,14.439720153808594,14.692689499928665,14.337166315074699,14.446558681679086,77206350
2016-01-28,14.446556091308594,14.596968361148313,14.350837587031736,14.528599147584805,79906672
2016-01-29,14.849942207336426,14.856779130785494,14.50125590085705,14.54911436500053,100518905
2016-02-01,14.788412094116211,14.863619876685455,14.679021290799273,14.781576774197752,84561575
2016-02-02,14.378190994262695,14.5969741700187,14.34400637387716,14.576465003075965,86157444
2016-02-03,14.391863822937012,14.460234664153463,13.981645196792183,14.460234664153463,151930266
2016-02-04,14.514930725097656,14.61748618902755,14.302984478616988,14.302984478616988,97011048
2016-02-05,14.323493957519531,14.603811023081809,14.28247081247716,14.528603261577793,81506726
2016-02-08,13.961134910583496,14.166244230774943,13.76969783276372,14.118385763964262,132312804
2016-02-09,13.940624237060547,14.036342787665262,13.687656419150985,13.687656419150985,168924221
2016-02-10,13.86541748046875,14.207266909887819,13.858580556091916,14.050016043931954,80836939
2016-02-11,13.441522598266602,13.591936531397304,13.352642586359883,13.49621959549776,155436893
2016-02-12,14.008993148803711,14.008993148803711,13.701328370892572,13.7628606843594,119640644
2016-02-16,14.234611511230469,14.296145422526422,14.104709976325429,14.248285357009946,97496185
2016-02-17,14.426047325134277,14.494418161062661,14.371351940622246,14.371351940622246,79846353
2016-02-18,14.344002723693848,14.48074277572771,14.275633500321003,14.48074277572771,79491948
2016-02-19,14.344002723693848,14.405535024729407,14.207262671659985,14.227773438671838,91481888
2016-02-22,14.569622993469238,14.631155295465,14.51492761391745,14.51492761391745,52408225
2016-02-23,14.309820175170898,14.514929480149886,14.282470876590414,14.494418710180828,71553352
2016-02-24,14.275640487670898,14.316662041773,13.981649472694583,14.10471574028985,89023089
2016-02-25,14.473906517028809,14.487581969135313,14.275635738166676,14.275635738166676,87713797
2016-02-26,14.576462745666504,14.706364283014107,14.494418064158632,14.569624217359875,100096303
2016-02-29,14.41921329498291,14.637996457856543,14.412374766019886,14.56278869214816,70846020
2016-03-01,14.904640197753906,14.931986288091961,14.52176764311589,14.52176764311589,100224943
2016-03-02,15.06872844696045,15.075565371808763,14.897803720463848,14.918314495008788,89863616
2016-03-03,15.171279907226562,15.178116830264281,14.993518302957519,15.055050610296993,76643660
2016-03-04,15.232816696166992,15.308024476996898,15.116587365041942,15.246490546265374,70707286
2016-03-07,15.22597885131836,15.246489625226877,15.082401828670017,15.130261906411942,48251261
2016-03-08,14.979843139648438,15.150767805849718,14.95933076705067,15.08923389863281,94684581
2016-03-09,15.000357627868652,15.075563793325658,14.945660629520416,15.034542248530927,59913509
2016-03-10,14.986680030822754,15.164441619089745,14.808918442555763,15.09607239486713,94740222
2016-03-11,15.376392364501953,15.39690313783142,15.137098403702858,15.137098403702858,79284278
2016-03-14,15.328536033630371,15.369557586016892,15.232817472772929,15.328536033630371,55347853
2016-03-15,15.321693420410156,15.321693420410156,15.171279512208354,15.225974895085992,75699114
2016-03-16,15.287505149841309,15.38322204698483,15.171275883736262,15.239645095981635,72379969
2016-03-17,15.472112655639648,15.519971132135192,15.17812166087504,15.287514069582274,65859485
2016-03-18,15.609457015991211,15.671262448917675,15.527049772089256,15.568253394040234,65031268
2016-03-21,15.581986427307129,15.684997084633228,15.52018100035965,15.561384618324634,47484348
2016-03-22,15.533916473388672,15.595721904051132,15.437773079944451,15.472109430312484,43482367
2016-03-23,15.417170524597168,15.533915722619803,15.410303254855462,15.506446643652984,55912266
2016-03-24,15.321027755737305,15.321027755737305,15.17681348808986,15.279822527542644,48500785
2016-03-28,15.369093894958496,15.41716476519255,15.293552343606217,15.341623213840272,36121356
2016-03-29,15.396567344665527,15.403434613795863,15.218016734863332,15.307291233557676,44438115
2016-03-30,15.485840797424316,15.602585977168372,15.465238991424789,15.478973528757807,37636102
2016-03-31,15.45150375366211,15.547647123048376,15.417167411886059,15.4446364853069,39946073
2016-04-01,15.588851928710938,15.60945373535655,15.314157948609207,15.375964980959493,45753316
2016-04-04,15.513313293457031,15.609456688405398,15.478976942551812,15.575120337500179,38544826
2016-04-05,15.293558120727539,15.39656877969713,15.266089041645957,15.369099700615548,61644172
2016-04-06,15.375969886779785,15.389704428925638,15.218021039688525,15.266091937199008,38129610
2016-04-07,15.087535858154297,15.279820991550393,15.005128634875993,15.26608645433734,51315220
2016-04-08,15.142475128173828,15.293556661117032,15.115006051713882,15.190547624392236,55956828
2016-04-11,15.204276084899902,15.334755758340505,15.190541552160141,15.211143351269785,45423161
2016-04-12,15.396567344665527,15.424036421186864,15.190547658341995,15.224884003993665,48225902
2016-04-13,15.746797561645508,15.760532096649781,15.540777924168292,15.554512459172566,69649488
2016-04-14,15.781142234802246,15.863551100769614,15.67126428431708,15.67126428431708,52055051
2016-04-15,15.72619915008545,15.842944335207958,15.69873007415391,15.822342528259306,53901797
2016-04-18,15.84294605255127,15.856680592005835,15.636924735905495,15.650660887773707,52434076
2016-04-19,16.042097091674805,16.042097091674805,15.891015558402383,15.891015558402383,57169363
2016-04-20,16.165708541870117,16.19317600426615,16.028361555409504,16.035228824111865,74743119
2016-04-21,16.02149200439453,16.227513281677883,15.980290006316539,16.15883898511232,63436754
2016-04-22,16.172582626342773,16.206918984325284,16.035235581998645,16.035235581998645,46728145
2016-04-25,16.13824462890625,16.15197917070399,16.021497798797633,16.103906661997982,38189682
2016-04-26,16.241252899169922,16.26185471086034,16.131374957740512,16.151978381844778,41664795
2016-04-27,16.268720626831055,16.323658786764486,16.172578846947548,16.22751700688098,56916147
2016-04-28,16.09703826904297,16.261854371541112,16.042100105681524,16.13137462114387,74850832
2016-04-29,16.007766723632812,16.06957216888171,15.863552405637945,16.007766723632812,60318138
2016-05-02,16.151979446411133,16.172581259459403,15.987161717197068,16.02149807227752,43564598
2016-05-03,15.945955276489258,15.980293237922686,15.808609880410211,15.966557085901114,44142060
2016-05-04,15.822341918945312,15.904749143566447,15.746800350629194,15.760534888066049,46466680
2016-05-05,15.815478324890137,15.918489002516191,15.774274698805296,15.856683563388929,47043157
2016-05-06,15.884142875671387,15.891010142460848,15.698725059942932,15.698725059942932,38964104
2016-05-09,15.84294605255127,15.932220559005945,15.781139012592078,15.856680592005835,31989258
2016-05-10,16.069561004638672,16.076428271561998,15.911612252989226,15.91847951991255,37549070
2016-05-11,15.897883415222168,16.06269949284717,15.884148876454548,16.021494264130745,31961192
2016-05-12,15.904752731323242,16.02149632587126,15.808610947577813,15.952823623195956,35254978
2016-05-13,15.712468147277832,15.980294922695789,15.684999065166007,15.870416981834657,45538875
2016-05-16,15.79487419128418,15.863548503749985,15.69873241121125,15.712466951221668,33796243
2016-05-17,15.705597877502441,15.822343066597078,15.636923572923557,15.753668762018192,45457629
2016-05-18,15.980294227600098,15.994028768058598,15.65752768958405,15.65752768958405,96899150
2016-05-19,15.829207420349121,15.98029055550289,15.733065659231954,15.904748987926006,66203303
2016-05-20,15.9390869140625,16.02836302780768,15.884148759396886,15.911617836729693,35765351
2016-05-23,15.925350189208984,15.98028994874618,15.85667750530416,15.904748384037537,38575724
2016-05-24,16.165708541870117,16.200044885381917,16.01462701800478,16.035228824111865,47386483
2016-05-25,16.337392807006836,16.419801656699025,16.227516490635466,16.234383760408676,51504178
2016-05-26,16.241252899169922,16.36486538172628,16.220651087479503,16.34426357003586,36198417
2016-05-27,16.35112762451172,16.357996506815354,16.248118576162472,16.26872038583232,37026264
2016-05-31,16.309925079345703,16.433535933285548,16.25498530962547,16.433535933285548,40884834
2016-06-01,16.34426498413086,16.364866797603735,16.124509082258907,16.19318179383515,38452378
2016-06-02,16.37859344482422,16.37859344482422,16.248113743311464,16.30305188609022,28227076
2016-06-03,16.145103454589844,16.193174330537754,15.973420142362635,16.179439794552636,86083215
2016-06-06,16.241252899169922,16.316792875368122,16.13824384071783,16.151978381844778,46925474
2016-06-07,16.20691680908203,16.3030585985292,16.193180655318567,16.254987703805615,26503799
2016-06-08,16.22064971923828,16.261853339143517,16.179444486919337,16.179444486919337,30469958
2016-06-09,16.103904724121094,16.151977227042256,16.021495870837484,16.124506534338565,39571234
2016-06-10,15.904752731323242,15.980294316679853,15.856681839450527,15.918487271858302,47349676
2016-06-13,15.79487419128418,16.000895516267885,15.78800692127897,15.815476001299809,56062079
2016-06-14,15.561385154724121,15.81547575334698,15.47897630353989,15.733068514576438,66888232
2016-06-15,15.581986427307129,15.760537050902368,15.568251887985467,15.602588236289622,58034633
2016-06-16,15.623190879821777,15.636925419877102,15.369100276384545,15.458374786744159,71488109
2016-06-17,15.610067367553711,15.686011226418426,15.541025874823728,15.644587303401309,46524537
2016-06-20,15.69982624053955,15.94146914189468,15.692922250274291,15.858619637676044,70566829
2016-06-21,15.789576530456543,15.824096474776862,15.692919065324464,15.761960575000288,40308110
2016-06-22,15.775769233703613,15.906946648818403,15.741247666857953,15.789577212027774,54005201
2016-06-23,16.10716438293457,16.10716438293457,15.955276602052589,15.962180592092679,73745517
2016-06-24,15.244156837463379,15.596261897272777,15.188923304463584,15.264867183414877,165914672
2016-06-27,14.80920124053955,15.037034507242517,14.719449380125008,15.016322539454546,140642119
2016-06-28,15.188924789428711,15.188924789428711,14.947281908888717,15.078459333664538,109722231
2016-06-29,15.534127235412598,15.534127235412598,15.285581990711247,15.320101938442637,100009025
2016-06-30,15.782675743103027,15.782675743103027,15.50651289045056,15.582456783360454,72707045
2016-07-01,15.69982624053955,15.810291705819225,15.672210279478511,15.720538211335331,45095346
2016-07-05,15.465086936950684,15.589360366580637,15.389141432885317,15.547934809347117,59557011
2016-07-06,15.506513595581055,15.527225567316501,15.299392257190997,15.333912210083408,58561132
2016-07-07,15.527226448059082,15.658403897526544,15.45128254738805,15.554842411939456,65731461
2016-07-08,15.824091911315918,15.844803871935051,15.720530487185535,15.741242447804668,55327418
2016-07-11,15.913848876953125,15.962178421697798,15.858616964142348,15.906946508887021,42557517
2016-07-12,16.114070892333984,16.1347828636089,16.010509414923845,16.031221386198762,55059306
2016-07-13,16.114070892333984,16.148590844458845,16.024317395773792,16.10026291148404,57377156
2016-07-14,16.26595687866211,16.43165587256543,16.22453456173934,16.43165587256543,67039521
2016-07-15,16.23834228515625,16.34190212841959,16.134780820857557,16.328094149317813,62710956
2016-07-18,16.293575286865234,16.31428725689751,16.231437755732948,16.245245735754466,38953149
2016-07-19,16.300474166870117,16.30737815471656,16.196912728138567,16.217624691677887,30777585
2016-07-20,16.328092575073242,16.36261251949951,16.25905268622071,16.36261251949951,31817657
2016-07-21,16.245248794555664,16.33500230263058,16.224538441659316,16.307386337387765,36524509
2016-07-22,16.348806381225586,16.355710370887646,16.23834254663262,16.265956884245487,23484772
2016-07-25,16.314285278320312,16.355709213361017,16.265955733070893,16.32118926749376,37096308
2016-07-26,16.328092575073242,16.348804541729002,16.25905268622071,16.272860663991214,34484126
2016-07-27,16.321189880371094,16.369517806400015,16.26595634387415,16.300477912072985,50709937
2016-07-28,16.3557071685791,16.39022711013069,16.224531390683058,16.279761676130544,33001387
2016-07-29,16.328092575073242,16.40403645281103,16.293572630646974,16.293572630646974,54440606
2016-08-01,16.286666870117188,16.41093865653361,16.25214692944596,16.341898775191154,39409726
2016-08-02,16.14858055114746,16.300469864716217,16.10715501396724,16.238333990497665,39709475
2016-08-03,16.314285278320312,16.32118926749376,16.148587917122228,16.148587917122228,33511513
2016-08-04,16.272865295410156,16.32809722221174,16.238345341159167,16.300481258810947,31363295
2016-08-05,16.58354377746582,16.58354377746582,16.397136055166076,16.445463983169713,51542339
2016-08-08,16.604257583618164,16.652585512250404,16.55592803395051,16.631873542836587,45019886
2016-08-09,16.61806297302246,16.645678927936473,16.576639040651443,16.597349385801795,32239890
2016-08-10,16.48688507080078,16.631870450778447,16.459269116716484,16.60425449669415,33545242
2016-08-11,16.52140998840332,16.56283393200352,16.459274073003023,16.52140998840332,25139605
2016-08-12,16.473081588745117,16.500697550364944,16.404040063660005,16.410944054064963,28861534
2016-08-15,16.58354377746582,16.59735175689543,16.521407870032572,16.535215849462183,26275941
2016-08-16,16.542123794555664,16.583546117654425,16.500698229385673,16.555930154898174,27637427
2016-08-17,16.597352981567383,16.604258592827122,16.500697118428143,16.54212268080904,25676567
2016-08-18,16.58354377746582,16.618065347075234,16.535215849462183,16.56973579803621,26595016
2016-08-19,16.576641082763672,16.590449061921714,16.47307961804301,16.535215524254195,31510153
2016-08-22,16.576641082763672,16.590449061921714,16.50759956593811,16.549023503412233,32517481
2016-08-23,16.597352981567383,16.680202485293666,16.597352981567383,16.638778543948277,29855443
2016-08-24,16.590452194213867,16.645684121273867,16.549026627883205,16.60426017597887,24299201
2016-08-25,16.624969482421875,16.65258544152301,16.54902397385836,16.56973594318421,27249662
2016-08-26,16.64567756652832,16.7699493534775,16.542117744070673,16.673293519183694,64953346
2016-08-29,16.790664672851562,16.852800572742463,16.666391252034565,16.687103218664866,40451522
2016-08-30,16.942556381225586,16.942556381225586,16.79757097382184,16.818282943303032,39359132
2016-08-31,16.95635986328125,16.97016783927287,16.818278482330037,16.949455875285437,56386078
2016-09-01,16.887327194213867,17.011600664167403,16.756149732653792,16.997792680954326,62960480
2016-09-02,16.963268280029297,17.011596208617384,16.887322771212613,16.908036361642914,66918391
2016-09-06,16.93564796447754,16.983975880634226,16.804470571017248,16.95635992854469,60299920
2016-09-07,16.928749084472656,16.9494626778083,16.838997204505954,16.8735171583393,38671003
2016-09-08,16.914941787719727,16.977079328170948,16.88042183248888,16.928749769812065,72066064
2016-09-09,16.597352981567383,16.880419822831882,16.597352981567383,16.8182839108138,66476831
2016-09-12,16.783756256103516,16.8458921396018,16.445457648321103,16.52140150593012,87153077
2016-09-13,16.48688507080078,16.631870450778447,16.424747553076006,16.590446519652,83230864
2016-09-14,16.445465087890625,16.597352871819375,16.397137156640568,16.486889028962104,82876829
2016-09-15,16.542123794555664,16.590451729379105,16.37642477594693,16.41094472939224,68626527
2016-09-16,16.385343551635742,16.48246149195316,16.336784581477033,16.475526125001302,75235766
2016-09-19,16.489816665649414,16.609371082235835,16.37880359537407,16.37880359537407,50396100
2016-09-20,16.498367309570312,16.63499962291281,16.472749768809628,16.609382082152127,39903200
2016-09-21,16.600839614868164,16.61791742962379,16.43858815879933,16.57522044955665,64029700
2016-09-22,16.634986877441406,16.703302981769905,16.60082963966936,16.686225177276086,38355700
2016-09-23,16.549596786499023,16.66061151055932,16.523979256935064,16.575215944847923,59009500
2016-09-26,16.28487205505371,16.455663187067525,16.24217508644273,16.447123467588337,54189000
2016-09-27,16.412965774536133,16.430045214727482,16.17386012699751,16.225096818786493,47620000
2016-09-28,16.489816665649414,16.515435818228912,16.327566918999647,16.481276948122915,42936400
2016-09-29,16.259254455566406,16.56667621157195,16.17385888992628,16.48128064593182,62580800
2016-09-30,16.481287002563477,16.566682601139647,16.31903715693288,16.344654696355832,47336900
2016-10-03,16.404420852661133,16.48981639775421,16.36172389450687,16.43004000482442,33170500
2016-10-04,16.472742080688477,16.59229489186933,16.387346517508625,16.44712292309905,68471600
2016-10-05,16.737472534179688,16.771629793759057,16.515444646164728,16.54106381243834,58651900
2016-10-06,16.763084411621094,16.78870356924441,16.61791244265876,16.780163850036637,53337300
2016-10-07,16.754552841186523,16.78871010252492,16.64353807706929,16.69477478346965,55532800
2016-10-10,16.839941024780273,16.916796872375308,16.82286321436969,16.839941024780273,37997400
2016-10-11,16.686229705810547,16.839939760677275,16.575214988157807,16.7887030757217,78581200
2016-10-12,16.669151306152344,16.7801644019348,16.643532147686415,16.669151306152344,51378700
2016-10-13,16.506900787353516,16.541059667157928,16.31903183478436,16.532519947206826,73171100
2016-10-14,16.583755493164062,16.754546622824403,16.53251880577993,16.703308306655348,76176500
2016-10-17,16.506900787353516,16.626453609098885,16.464203816383037,16.59229635807951,41236100
2016-10-18,16.643531799316406,16.694768486390867,16.575215673622157,16.67769067655599,45958700
2016-10-19,16.788705825805664,16.831402798798507,16.677692718753203,16.69477053067927,49835900
2016-10-20,16.788705825805664,16.891180841287646,16.720389691746046,16.771626385094482,56238200
2016-10-21,16.78015899658203,16.797238430057558,16.62644735287113,16.65206650308442,39543100
2016-10-24,16.831398010253906,16.916793560729612,16.82285992111252,16.857017164032012,33808700
2016-10-25,16.814327239990234,16.874103661704293,16.771628632490668,16.865563940204378,36177800
2016-10-26,16.916805267333984,16.942424438840824,16.720396505472223,16.73747595314345,40419200
2016-10-27,16.959495544433594,17.03635139236429,16.8826396965029,17.010732233459063,45545800
2016-10-28,16.882640838623047,17.010733384244745,16.75454829300135,16.99365394381916,55749900
2016-10-31,16.85702133178711,16.96803606348837,16.85702133178711,16.96803606348837,38579100
2016-11-01,16.788705825805664,16.959496975347264,16.65207355768643,16.916798373569303,62758900
2016-11-02,16.677692413330078,16.76308635775192,16.600836560322353,16.754548266337803,66529900
2016-11-03,16.69477081298828,16.848482524417964,16.669153280273427,16.69477081298828,53462100
2016-11-04,16.643531799316406,16.780164050704908,16.566675954312263,16.70330820570076,64891400
2016-11-07,17.061962127685547,17.070501843919743,16.90825049303867,16.92532992550706,59001800
2016-11-08,17.070507049560547,17.155902609159504,16.89971755914745,17.010730646476723,63290400
2016-11-09,17.796375274658203,17.881770874620482,17.172990163869077,17.54019010355696,268936600
2016-11-10,18.45391273498535,18.53076858482724,18.001317355781453,18.06963348577591,241635500
2016-11-11,18.50514793395996,18.53076709143762,18.274580403015673,18.334356808345326,134954500
2016-11-14,18.957746505737305,19.068759616146114,18.65886279939567,18.684480332451844,261730900
2016-11-15,18.940664291381836,18.957743730108774,18.607623380131212,18.79549231977273,122754500
2016-11-16,18.667400360107422,18.8125723361743,18.616162042353245,18.76987373804582,117887700
2016-11-17,18.923585891723633,18.940665331388377,18.624702212730654,18.667400811892513,98536400
2016-11-18,18.923585891723633,18.991902021597596,18.83819032218492,18.90650645205889,92344300
2016-11-21,18.99190330505371,19.04313999872546,18.86381075648177,19.02606218669163,71943900
2016-11-22,19.000442504882812,19.085838077852785,18.889429400171405,19.07729835767728,98286500
2016-11-23,19.11145782470703,19.137076988202935,18.93212856659151,19.077300568831095,101948400
2016-11-25,19.13707733154297,19.17123621681702,19.06022146846165,19.154156774179995,33114800
2016-11-28,18.9150447845459,19.11145343992961,18.86380809809469,19.000440347821176,99791400
2016-11-29,18.966279983520508,19.02605801327439,18.880886055727352,18.949202175232738,74645700
2016-11-30,19.222469329833984,19.273706019401143,19.154153200816108,19.231009049559344,98843700
2016-12-01,19.555511474609375,19.598210075898702,19.29932638201381,19.32494391400231,120088300
2016-12-02,19.342021942138672,19.51281307725439,19.25662637458081,19.504273357620107,82108300
2016-12-05,19.572586059570312,19.64090217590032,19.461572981328317,19.512809661379645,95145700
2016-12-06,19.74338150024414,19.760459311488248,19.504274226191125,19.700682900171255,79142600
2016-12-07,20.050800323486328,20.067879760999787,19.726299154654626,19.794615275923658,120172500
2016-12-08,20.23867416381836,20.35822698824944,20.042263858100775,20.16181831131693,116856500
2016-12-09,20.281370162963867,20.281370162963867,20.093501215185327,20.23867319308215,95677300
2016-12-12,20.0849609375,20.306988758044067,20.033722620523328,20.221593191867896,85143200
2016-12-13,20.136194229125977,20.255747024335527,19.965403125582615,20.136194229125977,113420700
2016-12-14,20.042264938354492,20.34968836492996,19.905632666273206,19.982488522917073,142995800
2016-12-15,20.213056564331055,20.383847722809055,20.067884568260318,20.144740426696895,110426000
2016-12-16,20.038911819458008,20.321995689269343,20.01317632722749,20.313417191859173,83096500
2016-12-19,20.047489166259766,20.098958511585675,19.884500997183235,20.06464452391441,73717600
2016-12-20,20.2962646484375,20.2962646484375,20.16759043142612,20.16759043142612,60793600
2016-12-21,20.244794845581055,20.304842703126106,20.176168488932227,20.296264204022325,37738000
2016-12-22,20.193323135375977,20.23621398971829,20.124695150538326,20.23621398971829,37796100
2016-12-23,20.227638244628906,20.227638244628906,20.133276388815545,20.193325883721325,18276700
2016-12-27,20.25337028503418,20.279104142276534,20.227634791610672,20.270525644468695,38241100
2016-12-28,20.047489166259766,20.304837529070298,20.030332172424135,20.287680535234667,30834400
2016-12-29,19.901660919189453,20.09896146878548,19.81587757357081,20.06464747606553,39251800
2016-12-30,19.94455337524414,20.01317973001278,19.8759270204755,19.97886737071914,44761200
2017-01-03,20.16758918762207,20.30484189546022,19.953131627102287,20.25337253906625,71259900
2017-01-04,20.330581665039062,20.356315530554387,20.167593426654705,20.227641294432708,45092200
2017-01-05,20.124696731567383,20.29626343477764,19.935974666981174,20.2705279384417,62201100
2017-01-06,20.193323135375977,20.27910484406061,20.090382794300716,20.201899997299467,38060800
2017-01-09,20.056068420410156,20.184744253352086,20.013177566883634,20.141851763644382,34022400
2017-01-10,20.098960876464844,20.27052592646485,19.996020537519893,20.090382378537665,46212100
2017-01-11,20.227638244628906,20.227638244628906,19.987445173550096,20.12469788954329,48001200
2017-01-12,20.056068420410156,20.159008759527463,19.88450337012289,20.13327326570284,57418100
2017-01-13,20.16758918762207,20.40778224442951,20.08180583617789,20.193324683909726,72479700
2017-01-17,19.68720245361328,20.030334183878416,19.67862395583401,20.021755686099144,96657800
2017-01-18,19.85019302368164,19.87592852223238,19.60142308241713,19.79014516324474,68289100
2017-01-19,19.76441192626953,19.94455551328041,19.69578392796268,19.893086150731808,56729700
2017-01-20,19.8587703704834,19.92739672645375,19.755831654618568,19.824458010588916,74805200
2017-01-23,19.73009490966797,19.893083108356855,19.661468558038113,19.772985765868647,46651200
2017-01-24,19.978864669799805,20.056067876818823,19.738671642490303,19.82445498339949,45229500
2017-01-25,20.313419342041016,20.321997840359224,20.09896179262957,20.19332363794861,92850100
2017-01-26,20.36488914489746,20.416358499760566,20.253371936663854,20.347732147882663,70704400
2017-01-27,20.28768539428711,20.37346874783004,20.227637537661472,20.364890248857606,43944500
2017-01-30,20.124696731567383,20.167589225460617,19.94455316575982,20.15901072668197,46168800
2017-01-31,19.996017456054688,20.17616261240197,19.88450027254898,20.02175294587028,56477300
2017-02-01,20.021753311157227,20.253367815180457,19.961705470006233,20.150427490220924,72132200
2017-02-02,19.94455337524414,20.03891522661903,19.815879164575612,19.91023937976914,39396500
2017-02-03,20.347732543945312,20.364889541294065,20.107541125788046,20.287684689405996,86346600
2017-02-06,20.25337028503418,20.399201475405086,20.210477795994997,20.227634791610672,34952100
2017-02-07,20.20189666748047,20.382041825624075,20.1761628135892,20.373463328933337,50838500
2017-02-08,20.064655303955078,20.201908056019285,19.970295059524602,20.201908056019285,54341100
2017-02-09,20.339153289794922,20.364888784862135,20.01317853318319,20.064647887136356,76813700
2017-02-10,20.399198532104492,20.467824868484268,20.321993699154632,20.45924637191418,55078700
2017-02-13,20.630813598632812,20.725175434802928,20.493560911211425,20.52787490115732,76687000
2017-02-14,20.87101173400879,20.89674723277452,20.579349292723187,20.613663291077494,75954300
2017-02-15,21.03399658203125,21.076887436917133,20.81953903523937,20.973948730718522,76869400
2017-02-16,20.98252296447754,21.0425724444497,20.8538487797564,21.00825845589418,64048200
2017-02-17,20.991107940673828,20.991107940673828,20.80238585391112,20.828121353271207,54156600
2017-02-21,21.094043731689453,21.145513083076725,21.02541738444603,21.102622229617527,55216100
2017-02-22,21.111204147338867,21.171252006381337,20.97395143061852,21.008263791707886,50438900
2017-02-23,21.111204147338867,21.162673507063634,20.99110679307248,21.119782646656567,53509400
2017-02-24,20.94821548461914,20.999684843243067,20.8538536303241,20.88816762686099,61686800
2017-02-27,21.05973243713379,21.10262493226748,20.965372220202443,20.97395071922918,39655000
2017-02-28,21.05115509033203,21.059731952980204,20.913900745241015,20.982527099695847,48913000
2017-03-01,21.651636123657227,21.69452861947067,21.428600053971568,21.454335551459636,92150000
2017-03-02,21.317087173461914,21.703109897217715,21.30850867255422,21.69453303249177,69446200
2017-03-03,21.420019149780273,21.47149013897727,21.325658941948245,21.334237440147746,57652800
2017-03-06,21.257030487060547,21.325656829677985,21.162668652393666,21.29134284027873,49017200
2017-03-07,21.196983337402344,21.29134518244957,21.145513983822603,21.29134518244957,53726500
2017-03-08,21.205562591552734,21.49722499920276,21.19698409295346,21.42859864658989,104601000
2017-03-09,21.28276252746582,21.394281347319545,21.188402337029128,21.29134102408387,60804100
2017-03-10,21.26561164855957,21.402864350989425,21.12835730994844,21.385707354140376,62148600
2017-03-13,21.317087173461914,21.34282104000325,21.18841293220998,21.29135167073883,49418400
2017-03-14,21.257030487060547,21.274185845579105,21.10262080712604,21.231294995011105,49511100
2017-03-15,21.22272300720215,21.377132734497987,21.12836114359212,21.291349370869014,86455100
2017-03-16,21.257030487060547,21.420017028163798,21.248451989710734,21.30849983497836,89233700
2017-03-17,21.0487003326416,21.315575001692356,21.0487003326416,21.3069659295278,83056800
2017-03-20,20.87651824951172,21.06591287549626,20.87651824951172,21.005651023683555,78676400
2017-03-21,20.291122436523438,20.98844100036562,20.239469635279224,20.97122449462618,192257000
2017-03-22,20.24807357788086,20.342770082495065,19.99841542477856,20.144766359559643,133199500
2017-03-23,20.291122436523438,20.523562505141815,20.17920776015882,20.22225148752684,85238900
2017-03-24,20.265291213989258,20.428858646052348,20.127547712338117,20.325553072329605,97583400
2017-03-27,20.18781280517578,20.196420235321252,19.783194623808633,19.834849056757175,103963000
2017-03-28,20.46329689025879,20.54077689897175,20.118942208208214,20.118942208208214,82301100
2017-03-29,20.334157943725586,20.46329070521249,20.316939804324093,20.4288544264095,76524100
2017-03-30,20.601032257080078,20.652685032572073,20.325548598439937,20.351374165179873,92566000
2017-03-31,20.428857803344727,20.5838177995491,20.428857803344727,20.523555943694603,70540000
2017-04-03,20.38581085205078,20.514943614374673,20.144761824903934,20.46329083784755,93489100
2017-04-04,20.359989166259766,20.403034526720315,20.265292657271768,20.299727303627602,105795900
2017-04-05,20.20503044128418,20.626865148626134,20.20503044128418,20.549386778880862,104651200
2017-04-06,20.334157943725586,20.420245356708755,20.084499848440377,20.18780704283719,80802100
2017-04-07,20.24807357788086,20.38581544096746,20.144766359559643,20.179202646337558,61525700
2017-04-10,20.19641876220703,20.377205980315182,20.12754783197833,20.24807319138793,60429000
2017-04-11,20.13616180419922,20.170598098700843,19.92954896322818,20.09311807808509,83801200
2017-04-12,19.97258949279785,20.127547854476262,19.920935063559213,20.110331353409215,74023000
2017-04-13,19.714323043823242,20.11894121195784,19.714323043823242,19.89511026920547,120159300
2017-04-17,20.05867576599121,20.0672848370339,19.705712063303,19.765973918589417,86681200
2017-04-18,19.869281768798828,20.015632697211625,19.748758054345625,19.920934554705564,74890400
2017-04-19,19.809024810791016,20.075899519661153,19.783197590443766,19.998419500632263,55583800
2017-04-20,20.144763946533203,20.18780929984944,19.87788932402187,19.95536931797876,85720400
2017-04-21,19.938156127929688,20.17059616752261,19.929547055128534,20.09311615432497,94675300
2017-04-24,20.38581085205078,20.49772547486158,20.308330866254014,20.394419921807327,98770600
2017-04-25,20.566598892211914,20.669906099842546,20.540773321813525,20.566598892211914,71026100
2017-04-26,20.549379348754883,20.738773952342683,20.50633400111303,20.54077027922651,71691200
2017-04-27,20.45468521118164,20.592427066447854,20.334161498326814,20.592427066447854,68871800
2017-04-28,20.256677627563477,20.480508510090445,20.256677627563477,20.46329037097019,64091900
2017-05-01,20.38581085205078,20.48911640510503,20.273894587227826,20.35998364278114,69086600
2017-05-02,20.359989166259766,20.41164195679982,20.24807451308755,20.385816382536095,76511500
2017-05-03,20.523557662963867,20.523557662963867,20.273899505495624,20.291117649185686,78115400
2017-05-04,20.55799102783203,20.72156009867426,20.471903598768975,20.65268917021634,64482800
2017-05-05,20.523557662963867,20.626863241079132,20.454686730216174,20.61825581124666,46881500
2017-05-08,20.506338119506836,20.58381811881076,20.471903476489782,20.549383475793707,45893000
2017-05-09,20.428857803344727,20.6268615131559,20.359986876366385,20.557990586177564,65737900
2017-05-10,20.497730255126953,20.497730255126953,20.359988390923803,20.39442467798086,51192700
2017-05-11,20.36859703063965,20.454686104443674,20.20502795461325,20.42024981811706,77266700
2017-05-12,20.282503128051758,20.291112197583796,20.1705885081595,20.27389405851972,55787200
2017-05-15,20.43746566772461,20.480511020802194,20.31694196313202,20.325551033747537,52192100
2017-05-16,20.497730255126953,20.51494839865548,20.37720653445233,20.480513753610964,51529600
2017-05-17,19.85205841064453,20.222240170082646,19.774578431133666,20.067280211060922,141192800
2017-05-18,19.92953872680664,20.050064053643922,19.80040597277789,19.826233180388463,101656900
2017-05-19,20.101720809936523,20.213635447733708,19.95536988850182,19.9639789594112,69775600
2017-05-22,20.15337562561035,20.21363748604033,20.015633761195385,20.21363748604033,79181900
2017-05-23,20.308330535888672,20.368592381192034,20.075890582279584,20.170588706048946,65577800
2017-05-24,20.299728393554688,20.351381186868068,20.213639310023925,20.334164683772073,59441200
2017-05-25,20.334157943725586,20.4288544264095,20.282503525521104,20.34276537141418,49362400
2017-05-26,20.32555389404297,20.385815754819557,20.282508534907866,20.282508534907866,42601700
2017-05-30,20.18781280517578,20.291118387047625,20.14476744438533,20.265292812585976,46584200
2017-05-31,20.015636444091797,20.19642204961424,19.88650363414537,20.187814618695544,115877900
2017-06-01,20.265291213989258,20.28250771493472,19.98980585269947,20.127547712338117,81187600
2017-06-02,20.18781280517578,20.291118387047625,20.075896509133226,20.118941869923678,83704500
2017-06-05,20.222244262695312,20.351377040676855,20.19641705029406,20.19641705029406,44055800
2017-06-06,20.13616180419922,20.18781624595165,20.024247131094743,20.067290857208874,60397300
2017-06-07,20.291122436523438,20.34277523776765,20.136162390777855,20.170598686282627,83049100
2017-06-08,20.523557662963867,20.66990860030429,20.273899505495624,20.291117649185686,77987000
2017-06-09,20.91095733642578,20.945391981217814,20.63547196802685,20.652690111429134,133216200
2017-06-12,20.954004287719727,21.100355245207183,20.833480549322807,20.954004287719727,86644400
2017-06-13,21.06591796875,21.13478890776054,21.005656102367364,21.06591796875,94978600
2017-06-14,21.10034942626953,21.12617663823758,20.773211309390252,20.88512758590613,117605800
2017-06-15,21.014266967773438,21.126183279471363,20.928177876162618,20.94539602288735,59547700
2017-06-16,20.990930557250977,21.06006488330305,20.93043657969961,21.008212902544734,53818800
2017-06-19,21.20697593688965,21.2501842733871,21.103273621686434,21.12919961256033,58041300
2017-06-20,21.025495529174805,21.15512217605832,21.016853532943607,21.13783818359592,45689600
2017-06-21,20.8526668548584,21.060071546931994,20.844026503623798,21.060071546931994,51938200
2017-06-22,20.723033905029297,20.835378216691897,20.697109562562833,20.77488588654698,58380200
2017-06-23,20.645254135131836,20.81809074809108,20.576119819606557,20.809448752613907,85352600
2017-06-26,20.757604598999023,20.84402293116965,20.619335926843053,20.68847026292104,60302300
2017-06-27,20.861303329467773,21.01685598317989,20.783527002611713,20.835378986044045,75943400
2017-06-28,21.18968963623047,21.224255972007008,20.98228667669463,20.9995690204368,90097600
2017-06-29,21.336605072021484,21.62178441157641,21.181052405301966,21.62178441157641,119176700
2017-06-30,21.319316864013672,21.500793840470088,21.276108531036122,21.492153492508375,72754900
2017-07-03,21.630422592163086,21.768691238557974,21.41437762613454,21.440301967150905,61454400
2017-07-05,21.66499137878418,21.71684171497073,21.535364714171568,21.69091737102369,78100200
2017-07-06,21.500791549682617,21.751404469469325,21.500791549682617,21.65634416909615,97648100
2017-07-07,21.647706985473633,21.690916971744088,21.500796328738968,21.61314064474971,59432400
2017-07-10,21.621780395507812,21.673630725352687,21.544004076594366,21.613138399151623,55022500
2017-07-11,21.431659698486328,21.61313832475712,21.371167372493485,21.604496328430677,49857200
2017-07-12,21.500791549682617,21.518075540349027,21.3711649162687,21.431657235309057,47818600
2017-07-13,21.630422592163086,21.630422592163086,21.483511949331984,21.500794293912133,48875900
2017-07-14,21.535367965698242,21.569934312277468,21.25018860117558,21.36253128792396,61742300
2017-07-17,21.466228485107422,21.518078816709348,21.379810166909326,21.474870481756465,43257000
2017-07-18,21.431659698486328,21.466227683792102,21.293391053847753,21.319317042827084,63210700
2017-07-19,21.440303802490234,21.535364123133707,21.362527476198743,21.474871791194197,48259400
2017-07-20,21.431659698486328,21.552645998764277,21.38845136514637,21.45758568746566,40163500
2017-07-21,21.431659698486328,21.500794020805614,21.371167372493485,21.371167372493485,39108400
2017-07-24,21.526721954345703,21.55264794566699,21.42302128564537,21.42302128564537,26364800
2017-07-25,21.79461669921875,21.88103501972815,21.73412436934988,21.768692356870584,75786800
2017-07-26,21.647706985473633,21.85511162298694,21.595856650241526,21.820543633970573,56086500
2017-07-27,21.526721954345703,21.699558599902804,21.431661634460056,21.690916602795706,67826200
2017-07-28,21.526721954345703,21.587214285802965,21.405737291431176,21.49215561420973,43735800
2017-07-31,21.68227195739746,21.76004827356925,21.578569653071003,21.60449564122567,43039300
2017-08-01,21.83782958984375,21.85511358590429,21.725485263742797,21.829187591813476,60987500
2017-08-02,21.87239646911621,21.889680465599874,21.76005378855766,21.86375447087438,43341500
2017-08-03,21.79461669921875,21.872393022847973,21.76005035999041,21.83782668361963,40816800
2017-08-04,21.941526412963867,22.02794472978427,21.898318078699813,21.993378392031484,50792900
2017-08-07,21.90696144104004,21.950169777997996,21.872393452839756,21.941527780947922,39486800
2017-08-08,21.846467971801758,22.114363273227266,21.837825975201927,21.872392313308936,52736500
2017-08-09,21.846467971801758,21.863750316709105,21.664989339789933,21.664989339789933,46567000
2017-08-10,21.45758628845215,21.760049575180055,21.45758628845215,21.708199244061426,71130300
2017-08-11,21.37116813659668,21.569929114334585,21.319317805076423,21.457586454658646,50477800
2017-08-14,21.66499137878418,21.7254837123839,21.535364714171568,21.544006711584736,49472900
2017-08-15,21.68227195739746,21.87239092565505,21.68227195739746,21.846466585792594,48535000
2017-08-16,21.63906478881836,21.81189977426501,21.60449680275365,21.777333436492597,35084100
2017-08-17,21.26746940612793,21.621783058915344,21.258827408707205,21.58721506923244,76613100
2017-08-18,21.276113510131836,21.431664534228858,21.155127182555088,21.16376918083147,71725900
2017-08-21,21.215614318847656,21.28474863981019,21.129197653863663,21.258824299631883,45047200
2017-08-22,21.44894790649414,21.466231902543846,21.276112890874842,21.302037236656815,42644000
2017-08-23,21.379810333251953,21.500794990695198,21.276109669241272,21.293392014381492,36612700
2017-08-24,21.379810333251953,21.474870648838692,21.33660199796289,21.474870648838692,31067200
2017-08-25,21.440303802490234,21.535364123133707,21.414379459254686,21.42302145643068,37177300
2017-08-28,21.302034378051758,21.466229021904855,21.25018404515323,21.457587025039707,36486900
2017-08-29,21.232906341552734,21.267474339253905,21.042787299074853,21.06007129792544,42814200
2017-08-30,21.319316864013672,21.414377174514982,21.250182542274242,21.267466534782162,35176100
2017-08-31,21.345247268676758,21.414381604718688,21.276112932634828,21.388455610593244,44225200
2017-09-01,21.40573501586914,21.52671966592225,21.31931670227739,21.371167031115547,42132600
2017-09-05,20.947717666625977,21.276106906026,20.887225345760744,21.241538923650367,96579200
2017-09-06,20.999570846557617,21.10327315948958,20.93043652070042,21.025496836863695,77593900
2017-09-07,20.636613845825195,21.051421421563955,20.55883917668468,21.034137429180625,87667800
2017-09-08,20.826738357543945,20.904514689511487,20.61069335725468,20.653901697995515,68639500
2017-09-11,21.18968963623047,21.250181960058562,21.025495008488356,21.06870334028208,73305700
2017-09-12,21.440303802490234,21.457587796842216,21.250184809495714,21.267468803847695,66350600
2017-09-13,21.474876403808594,21.483518402840808,21.32796571684648,21.405742059843643,51049400
2017-09-14,21.431659698486328,21.53536200611139,21.38845136514637,21.48351167644499,47163200
2017-09-15,21.495012283325195,21.512368362346482,21.373521385342983,21.399555503874915,59250200
2017-09-18,21.746665954589844,21.755343992961645,21.555754075909988,21.573110152653587,44010400
2017-09-19,21.911542892456055,21.9636094616252,21.711952998002328,21.746663492392965,58443300
2017-09-20,22.04171371459961,22.119814408591957,21.824767710213457,21.928902520592143,70595500
2017-09-21,22.093786239624023,22.145854486412926,21.97229697411746,21.989653056380426,51050100
2017-09-22,22.067747116088867,22.093779576465206,21.946257887221666,22.007002501655265,42306600
2017-09-25,22.04171371459961,22.119814408591957,21.89419036541036,22.04171371459961,39774600
2017-09-26,22.033035278320312,22.111135970903693,21.97229066301471,22.076425471514764,46811000
2017-09-27,22.302051544189453,22.414862746448208,22.215272805054454,22.310727928452852,65919100
2017-09-28,22.336759567260742,22.388826142895404,22.223948377524547,22.380149759595124,37718900
2017-09-29,22.440898895263672,22.440898895263672,22.30205356215121,22.33676406784586,42740800
2017-10-02,22.631807327270508,22.631807327270508,22.39750524305816,22.39750524305816,52774000
2017-10-03,22.709911346435547,22.709911346435547,22.571066014392017,22.614454559968024,48062900
2017-10-04,22.605775833129883,22.718588696467688,22.597099448411775,22.649166032554756,39283800
2017-10-05,22.840072631835938,22.918173317467325,22.571060078642528,22.63180468854106,61260400
2017-10-06,22.866111755371094,22.96156688248296,22.74462085378905,22.90082225927536,66077800
2017-10-09,22.77933120727539,22.926854561300605,22.727264627962583,22.926854561300605,31340200
2017-10-10,22.88347053527832,22.88347053527832,22.753301578567868,22.814047864110698,35822500
2017-10-11,22.840072631835938,22.86610674543523,22.744615870471687,22.831394593969506,33748600
2017-10-12,22.666521072387695,22.909499557351698,22.640486953927212,22.900821517864873,53834800
2017-10-13,22.675199508666992,22.753300215949256,22.466931507636595,22.553710255190996,69561400
2017-10-16,22.822721481323242,22.831399521062423,22.683876155830035,22.692554195569215,42000700
2017-10-17,22.709911346435547,22.909501304352254,22.65784476071095,22.90082326420367,37844200
2017-10-18,22.83139419555664,22.866106346416625,22.709904977879596,22.805361737578103,52201500
2017-10-19,22.8487548828125,22.857432922279084,22.631808861648246,22.666521019514587,34671600
2017-10-20,23.11776351928711,23.13511959524249,23.013630373887825,23.09173106052054,56083800
2017-10-23,23.100412368774414,23.169835027257456,23.04834413353708,23.126444831226344,43555200
2017-10-24,23.265287399291992,23.308677590196353,23.161154251454608,23.178508672649812,61259200
2017-10-25,23.126440048217773,23.360742092827234,22.996272797379095,23.33470798059294,68653500
2017-10-26,23.256610870361328,23.360745680123138,23.213222331807785,23.213222331807785,41832600
2017-10-27,23.2392578125,23.282646353601038,23.091734455523024,23.213223694739327,56694400
2017-10-30,23.143800735473633,23.247935549997912,23.08305611665394,23.213223393434244,48157500
2017-10-31,23.083057403564453,23.23058076685121,23.057023284690263,23.14380202577074,39890800
2017-11-01,23.11776351928711,23.282642930530226,23.09173106052054,23.17850812996444,40921900
2017-11-02,23.334714889526367,23.369427049449655,23.030991766032024,23.14380297544894,51098300
2017-11-03,23.2392578125,23.27396831434748,23.16983515363829,23.256612235840365,42387000
2017-11-06,23.21322250366211,23.25661104253687,23.135121809554214,23.178510348428972,33642100
2017-11-07,22.89214324951172,23.30000282548104,22.83139862887802,23.23058016544727,70325500
2017-11-08,22.77933120727539,22.85743190382796,22.701230510722823,22.848753864748037,55844900
2017-11-09,22.70122718811035,22.779327873231892,22.46692513274573,22.63180454079859,94577000
2017-11-10,22.631807327270508,22.7619746001107,22.614451249514037,22.718586060886196,53209600
2017-11-13,22.666521072387695,22.718587654141867,22.475607514011074,22.49296359298473,50579200
2017-11-14,22.6578426361084,22.66652067544325,22.501641238414543,22.57974193726147,54101800
2017-11-15,22.718584060668945,22.796684748530158,22.440893461680865,22.45824788274272,64952300
2017-11-16,22.727264404296875,22.87478775687027,22.70990832630784,22.822719522903167,53648100
2017-11-17,22.70122718811035,22.753293759802556,22.588416006916166,22.61444846517903,41938700
2017-11-20,22.80536460876465,22.84007510882822,22.675195681817936,22.744618337111742,35232400
2017-11-21,22.874786376953125,22.90949687567059,22.82271814612703,22.88346441542414,35972400
2017-11-22,22.76197624206543,22.93553372181652,22.76197624206543,22.874789100453675,30959400
2017-11-24,22.753297805786133,22.892143125099086,22.73594338224709,22.848754583501325,12172500
2017-11-27,22.735946655273438,22.857435913369958,22.71859057406908,22.735946655273438,42346400
2017-11-28,23.326032638549805,23.352066753792393,22.744617306131406,22.761973382959795,86507000
2017-11-29,23.725210189819336,23.881411545001946,23.490908157045418,23.551652760690587,135340600
2017-11-30,23.881420135498047,24.193821303072227,23.759929229339342,23.933486720899257,135241700
2017-12-01,23.933486938476562,24.04629815039923,23.38678364887653,23.916130858129407,148119600
2017-12-04,24.297956466674805,24.471513960646398,24.297956466674805,24.332668627535895,99820400
2017-12-05,24.16778564453125,24.428120192304767,24.107041027061875,24.40208773062743,77706200
2017-12-06,24.08100700378418,24.219852317158427,24.011584347097056,24.08100700378418,60299100
2017-12-07,24.15911102294922,24.245889769537687,23.933486943885963,24.15911102294922,59625500
2017-12-08,24.30663299560547,24.30663299560547,24.107043048564655,24.280598876578345,55001600
2017-12-11,24.245887756347656,24.341342880018892,24.176465095874583,24.306632377365748,43278400
2017-12-12,24.488866806030273,24.584323587073023,24.263242740489932,24.34134344222185,69517100
2017-12-13,24.185142517089844,24.514899732115733,24.167786438623548,24.46283315188359,97335300
2017-12-14,24.028940200805664,24.306630824962557,24.002906084103447,24.271918669359607,76970000
2017-12-15,24.245149612426758,24.410794756732113,24.08822280864836,24.175404551064517,111826100
2017-12-18,24.463104248046875,24.585159358114073,24.402077524440028,24.445669229054563,61275500
2017-12-19,24.358482360839844,24.620025882118494,24.358482360839844,24.602589203939075,57366300
2017-12-20,24.314895629882812,24.602594227171423,24.297460610996758,24.55900418567604,69680300
2017-12-21,24.524126052856445,24.593871103397454,24.41950930847152,24.445664325994336,46123500
2017-12-22,24.45438575744629,24.628749249130202,24.34105065184919,24.59387588565202,43020300
2017-12-26,24.384639739990234,24.532848203271087,24.288741319881517,24.454384801366317,33710100
2017-12-27,24.410797119140625,24.41951546051132,24.332333709657956,24.40207877776993,29421000
2017-12-28,24.506696701049805,24.515415042238953,24.41079661082272,24.47182333629321,28129700
2017-12-29,24.33232879638672,24.585155656524407,24.33232879638672,24.585155656524407,55169800
2018-01-02,24.34104347229004,24.489251897650217,24.227708400121905,24.489251897650217,55436100
2018-01-03,24.471824645996094,24.489261329307585,24.306179480244243,24.384642892292298,56906200
2018-01-04,24.69849395751953,24.8815757874362,24.56772217206675,24.611312212933186,62247000
2018-01-05,24.768234252929688,24.82926096353693,24.61130747545212,24.82926096353693,37989500
2018-01-08,24.733367919921875,24.785676302800013,24.646186173222635,24.742084598023638,44252100
2018-01-09,24.925168991088867,25.055940793135445,24.794397189042286,24.83798723543992,51418700
2018-01-10,25.1343994140625,25.239017833462317,24.960035936013927,25.003627636952753,64670900
2018-01-11,25.256452560424805,25.282607580687202,25.11696244473204,25.239017543103216,42361700
2018-01-12,25.483131408691406,25.500568093652323,25.247741150280472,25.404667989221096,44537500
2018-01-16,25.41337776184082,25.744668012965782,25.273887654899756,25.701076315263425,67563800
2018-01-17,25.60517692565918,25.67492197645933,25.273886687218585,25.483121839619034,54312000
2018-01-18,25.570308685302734,25.701080473863044,25.535436984351623,25.69236213291189,49247400
2018-01-19,25.753385543823242,25.762102220236763,25.605177101995604,25.657485474742657,60727800
2018-01-22,25.962623596191406,25.971341936431447,25.727233398270386,25.76210509637718,46868900
2018-01-23,25.988779067993164,26.03237077273914,25.77954387377302,25.901597321354725,60862000
2018-01-24,26.16314125061035,26.224167971344034,25.95390606687198,26.110832870389117,66371000
2018-01-25,26.110830307006836,26.267755432264714,26.02364857329473,26.267755432264714,45423700
2018-01-26,26.302627563476562,26.31134590272626,26.067237392294356,26.1892924789369,33871900
2018-01-29,26.198015213012695,26.442123779889005,26.18058019333505,26.320070327877634,41037700
2018-01-30,25.85801124572754,26.171864916625374,25.85801124572754,26.00621973888999,67316900
2018-01-31,25.92774772644043,26.05851949168073,25.84056599532916,25.92774772644043,49504500
2018-02-01,26.171855926513672,26.19800928153556,25.86672070271718,25.875439042008875,60824200
2018-02-02,25.596464157104492,26.189298049352956,25.57902747489635,26.119551320520394,73086000
2018-02-05,24.30617904663086,25.465691860501256,24.062072136039376,25.047221445612752,147871500
2018-02-06,24.75079917907715,24.811825893639973,23.687186686909953,23.748213401472782,159006400
2018-02-07,24.768234252929688,25.116959501294755,24.60258913638635,24.707207542322443,102699400
2018-02-08,23.6784725189209,24.855421970789525,23.66103583658719,24.811830264955248,135270500
2018-02-09,24.13181495666504,24.31489512254985,23.329745904769407,24.03591487195197,149504900
2018-02-12,24.471824645996094,24.715933223796004,24.15797099780388,24.37592455063655,83571800
2018-02-13,24.57643699645996,24.628745370586195,24.26258342599609,24.332328479115482,43365500
2018-02-14,25.160551071166992,25.16926941018929,24.47181725408367,24.558998981453517,57379700
2018-02-15,25.300045013427734,25.404661771882527,25.021064773743763,25.369790073348728,66976000
2018-02-16,25.265169143676758,25.483122642147784,25.143115716646015,25.1779874117177,47508200
2018-02-20,25.186704635620117,25.46568483524982,25.108241246617617,25.212859652905333,58236100
2018-02-21,25.22158432006836,25.63133638322419,25.169275935226963,25.195429296220876,44578800
2018-02-22,25.012344360351562,25.42209634557011,24.951317645835317,25.28260623728919,47602700
2018-02-23,25.387226104736328,25.387226104736328,25.082090851816126,25.090809191939947,41187300
2018-02-26,25.770828247070312,25.770828247070312,25.4046662029066,25.570311372680436,55124200
2018-02-27,25.526714324951172,25.95390298216762,25.509277645998687,25.788257857825492,72752100
2018-02-28,25.169267654418945,25.753383025340813,25.169267654418945,25.657482965638515,65254700
2018-03-01,24.733367919921875,25.378510184930636,24.593876127490983,25.17799166866633,82467900
2018-03-02,24.794389724731445,24.864134775683233,24.314891044441378,24.55899955419922,78991200
2018-03-05,25.143115997314453,25.282606104864758,24.593872243838536,24.602590583417086,58952100
2018-03-06,25.24773406982422,25.30004411003717,24.986190520172798,25.282607429966188,49746100
2018-03-07,25.204151153564453,25.25645954570304,24.90773416002278,24.933889187518975,41530200
2018-03-08,25.282604217529297,25.317477573240218,25.01234236218217,25.26516753967384,50803000
2018-03-09,25.892879486083984,25.910314504349678,25.4482540946668,25.552870855674705,54595700
2018-03-12,25.805696487426758,25.98877664170714,25.76210478675046,25.892878225925994,51784500
2018-03-13,25.51799774169922,25.953904768392324,25.456971024018717,25.927749748163535,47049400
2018-03-14,25.23029899597168,25.631332659584093,25.151835598681714,25.631332659584093,57278900
2018-03-15,25.239017486572266,25.3785076019526,25.160554088814163,25.32619756154497,47451600
2018-03-16,25.26089096069336,25.505886403275184,25.26089096069336,25.29588959438807,61278200
2018-03-19,25.0771427154541,25.31338975134475,24.840895679563452,25.225890663728997,52145000
2018-03-20,25.138391494750977,25.2433907333313,25.077142634290073,25.173391797246513,37146500
2018-03-21,25.129642486572266,25.46213869877834,25.042145064429313,25.182142942545656,53291400
2018-03-22,24.202157974243164,24.893399010500016,24.11465887651481,24.79714983610818,85160300
2018-03-23,23.4671688079834,24.263407446217993,23.423420092482978,24.22840880759896,89289500
2018-03-26,24.22840690612793,24.298405846778923,23.712164092986956,23.939661067329283,84145000
2018-03-27,23.755916595458984,24.41215739460927,23.563419895181298,24.30715980133295,78827400
2018-03-28,23.799665451049805,24.035910855163973,23.49341943071627,23.8171639361981,84244500
2018-03-29,24.123411178588867,24.289659312718655,23.799666656706606,23.904664248541586,58290000
2018-04-02,23.58966636657715,24.14965960036894,23.230921561709202,24.123409369925003,74363900
2018-04-03,23.91341209411621,23.965910885133862,23.52841706587165,23.738413898848737,75160400
2018-04-04,24.167156219482422,24.23715515485554,23.467165196845002,23.48466534791485,70327000
2018-04-05,24.359657287597656,24.534655492186758,24.280908262423218,24.385907518957993,45378300
2018-04-06,23.77341079711914,24.237154779857384,23.554663918849332,24.079656760478123,88521000
2018-04-09,23.904659271240234,24.385903418486123,23.860910561902553,23.904659271240234,54633200
2018-04-10,24.26340675354004,24.403404641832513,24.10590871198439,24.289656983434806,67801500
2018-04-11,23.974660873413086,24.158409144657256,23.91341200596719,24.044659817480753,52480800
2018-04-12,24.394655227661133,24.552153273493797,24.14090967408025,24.15840982781866,63289100
2018-04-13,24.027164459228516,24.70965555176974,23.895916621522417,24.69215539503378,70103900
2018-04-16,24.132160186767578,24.307158390613914,24.062161239010358,24.16716049509947,44633600
2018-04-17,24.132160186767578,24.368407261288162,24.04466108484441,24.342157030039246,50750100
2018-04-18,24.018409729003906,24.289655411402176,23.96590927261222,24.193406243590445,66795500
2018-04-19,24.385908126831055,24.438406921953806,24.04466178626664,24.062161940943096,76142000
2018-04-20,24.394655227661133,24.534654788661904,24.289657643043704,24.429655535137954,49800400
2018-04-23,24.368408203125,24.490905949208027,24.289659175241162,24.46465571694454,45689200
2018-04-24,24.210905075073242,24.64839884103488,24.044656976714062,24.49965089385167,69592900
2018-04-25,24.193408966064453,24.315908375856836,23.948413484292793,24.184658889014532,51819000
2018-04-26,24.202157974243164,24.33340578638245,24.079660238767357,24.175907744252715,33456200
2018-04-27,24.23715591430664,24.298404776064018,24.123406597694675,24.15840690093107,47185200
2018-04-30,24.018409729003906,24.42965329063395,24.009659652938623,24.298405487467456,41731400
2018-05-01,24.027164459228516,24.044664615964475,23.773418862184304,23.965915579559457,46372400
2018-05-02,23.755916595458984,24.03591240273804,23.72091795400243,23.939664887052526,45430300
2018-05-03,23.55466651916504,23.677164250469264,23.152171350883922,23.642165613913665,68947900
2018-05-04,23.86091423034668,23.99216204744441,23.335921293049218,23.414670317089165,40575600
2018-05-07,24.018409729003906,24.114657227909273,23.852161621576286,23.948410789388017,36873600
2018-05-08,24.184656143188477,24.350904250448803,24.027158111984626,24.035908188041102,47718500
2018-05-09,24.54340362548828,24.60465416464299,24.210909043181157,24.298408144495628,43817000
2018-05-10,24.744646072387695,24.79714485291204,24.46464868214352,24.499648981763844,41445500
2018-05-11,24.72714614868164,24.893394235586065,24.674647367677245,24.762144779715847,25894000
2018-05-14,24.70965003967285,24.840897848100887,24.665901326498982,24.797149134927018,31292900
2018-05-15,24.665904998779297,24.797152826747617,24.569655812779413,24.674655076498077,54655800
2018-05-16,24.70965003967285,24.7796489820949,24.587152307660876,24.639651097250805,31984900
2018-05-17,24.657154083251953,24.744653188559987,24.499656027478814,24.683402646609725,45070400
2018-05-18,24.45590591430664,24.66590275372367,24.44715583738428,24.657152676801314,33266100
2018-05-21,24.630901336669922,24.727150509574326,24.587152622935076,24.595902699463334,29647900
2018-05-22,24.79715347290039,24.937151382235488,24.648405485618504,24.648405485618504,52841400
2018-05-23,24.639652252197266,24.709651197900406,24.37715662303711,24.63090217537106,44968500
2018-05-24,24.44715118408203,24.57839897512249,24.202154083608626,24.56089882460877,43245200
2018-05-25,24.368408203125,24.41215692132419,24.254658865556515,24.333407893440352,39312500
2018-05-29,23.55466651916504,24.06215926601937,23.379668329667783,24.02715896055735,126469700
2018-05-30,23.98341178894043,24.079660966240056,23.720916156731576,23.782165026319873,65843700
2018-05-31,23.78215789794922,23.96590445163864,23.71215897241429,23.930905823324192,66686900
2018-06-01,24.044658660888672,24.17590646608898,23.974659720188082,24.07090888949129,62934300
2018-06-04,24.123411178588867,24.210910284389104,24.079662460142064,24.158411488471614,44196900
2018-06-05,24.018409729003906,24.079658592554512,23.89591033299633,24.044658288293387,44996800
2018-06-06,24.45590591430664,24.47340439924483,24.132159743805467,24.158409974572546,61960000
2018-06-07,24.534656524658203,24.657154271681605,24.368408390193135,24.56090508821657,65166100
2018-06-08,24.56964683532715,24.59589705889197,24.377150202570004,24.508397982581968,47713400
2018-06-11,24.517147064208984,24.735893911672147,24.517147064208984,24.64839483890568,47319600
2018-06-12,24.45590591430664,24.648402599878956,24.333406506300143,24.587153730328968,55517200
2018-06-13,24.368408203125,24.657154082396865,24.342157970861514,24.46465571694454,61095800
2018-06-14,24.140907287597656,24.45590334812361,24.070908348470372,24.41215296810259,70635500
2018-06-15,24.14002799987793,24.21911814395408,23.823669099709132,23.99063569174918,63387600
2018-06-18,24.096088409423828,24.13123865138888,23.85003001112562,23.929120150716628,49824600
2018-06-19,24.034578323364258,24.09609251438431,23.841246093145806,23.8500340741681,50214700
2018-06-20,23.973060607910156,24.25426925473725,23.94669666871921,24.25426925473725,42833600
2018-06-21,23.902761459350586,24.043365800488512,23.735793175698316,23.89397347851247,75190900
2018-06-22,23.788516998291016,24.09608959222765,23.770941038377885,24.06972565235795,61389400
2018-06-25,23.533676147460938,23.727006709835802,23.37549583454693,23.683068478975716,80746100
2018-06-26,23.4545841217041,23.577612499215988,23.305191802095695,23.551248557119468,56387800
2018-06-27,23.16459083557129,23.621554165485794,23.155802853593062,23.445799554329806,78099200
2018-06-28,23.36670684814453,23.46337296324238,23.120648407957272,23.164588313063565,78544800
2018-06-29,23.36670684814453,23.78851988034898,23.331554924059496,23.656703517302088,77149900
2018-07-02,23.480945587158203,23.489733567557444,23.15579869306563,23.173374653864116,66202800
2018-07-03,23.270038604736328,23.612763128675372,23.217312399567184,23.542460963071232,30717800
2018-07-05,23.322769165039062,23.44579754994415,23.24367901013264,23.393071338718546,40668500
2018-07-06,23.4370059967041,23.53367209933161,23.17337330462007,23.261249751224227,41285000
2018-07-09,23.973060607910156,23.999422870965354,23.533671678208886,23.560033941264084,73447400
2018-07-10,23.88517951965332,24.069722042658263,23.814877366679692,23.99063191104599,51260600
2018-07-11,23.770944595336914,23.893974657002612,23.718218383843638,23.75337030892985,46023700
2018-07-12,23.814882278442383,23.937910652486654,23.67427794349582,23.92033469158436,64876800
2018-07-13,23.709430694580078,23.788520850862096,23.4633739204903,23.718218675959864,64146900
2018-07-16,24.13124656677246,24.148822531588003,23.76216136246365,23.779735651142936,55812000
2018-07-17,24.15760612487793,24.254272237664193,24.02578976498318,24.15760612487793,55502200
2018-07-18,24.544267654418945,24.58820588010895,24.219119085450927,24.25427100691163,59109200
2018-07-19,24.175182342529297,24.430027084206635,24.140030418912573,24.421240779438428,61765100
2018-07-20,24.219118118286133,24.289420282264224,24.043363546408806,24.131239994279568,51562300
2018-07-23,24.55305290222168,24.588203143634566,24.210328410665866,24.219116390053006,81516200
2018-07-24,24.62335205078125,24.772744329826903,24.561837878727538,24.649714309584,63133700
2018-07-25,24.67607879638672,24.720017012797598,24.473960319079847,24.605776644448003,44197200
2018-07-26,24.66729736328125,24.834265646991124,24.64093509689377,24.737599533874466,40056800
2018-07-27,24.720020294189453,24.84305033351513,24.57941597164788,24.65850611259448,63149400
2018-07-30,24.737598419189453,24.922142656265994,24.70244817354471,24.737598419189453,56474100
2018-07-31,24.561845779418945,24.816690527921228,24.50911789258177,24.8079025467817,84500100
2018-08-01,24.561845779418945,24.84305447133982,24.50032991144224,24.720024411522424,64046900
2018-08-02,24.57063102722168,24.614570931028723,24.32457427044601,24.40366442116275,38330700
2018-08-03,24.71123504638672,24.71123504638672,24.535478797633054,24.535478797633054,34894300
2018-08-06,24.84305191040039,24.904566095899906,24.693659598700492,24.746385803966383,38230100
2018-08-07,24.957292556762695,25.097896889668952,24.89577837063319,24.913354331280438,44608600
2018-08-08,25.018808364868164,25.062748269334918,24.904567965526542,24.922143927313243,47522000
2018-08-09,24.869413375854492,25.018805682754074,24.869413375854492,24.95729149923115,29357800
2018-08-10,24.57942008972168,24.667298225067334,24.456391705919373,24.544269841265027,83301400
2018-08-13,24.342147827148438,24.640932438974897,24.333359847255217,24.579416579722338,74413500
2018-08-14,24.57063102722168,24.614570931028723,24.3597245173557,24.430026687311027,43659000
2018-08-15,24.377300262451172,24.500328639746733,24.263059865839,24.368512281767785,55681100
2018-08-16,24.70244789123535,24.772750057857287,24.491541391369548,24.491541391369548,49534200
2018-08-17,24.755172729492188,24.790322972793238,24.63214436373485,24.63214436373485,43193100
2018-08-20,24.834259033203125,24.8781972495714,24.720016988828785,24.755168902831816,30053700
2018-08-21,24.93093490600586,25.053963301034276,24.799116852891217,24.851844744591542,47940000
2018-08-22,24.84305191040039,24.939716340698553,24.8078999894659,24.825475949933146,27323300
2018-08-23,24.728811264038086,24.860629298978832,24.693661017220244,24.834265356763492,31767800
2018-08-24,24.816688537597656,24.86941474407012,24.772750311559918,24.82547651803238,22064500
2018-08-27,25.150623321533203,25.238499767431136,24.904564915065997,24.913352894882944,52254500
2018-08-28,25.1242618560791,25.238502252677176,25.08032362880352,25.2209279674485,28896800
2018-08-29,25.11547088623047,25.185773047185812,24.99244252359255,25.124258865866853,34015300
2018-08-30,24.92214012145996,25.097894684079638,24.878200223703256,25.001230261286317,43264100
2018-08-31,24.89577865600586,24.913354616854573,24.755174321487896,24.834264469171234,34107800
2018-09-04,25.018808364868164,25.045172307548217,24.781539585291572,24.843053775409057,43145600
2018-09-05,25.036386489868164,25.168202862385787,24.983660276088337,25.001236239393652,32727700
2018-09-06,24.92214012145996,25.07153242156133,24.84304998163361,25.001230261286317,38328900
2018-09-07,24.89577865600586,24.99244476453791,24.790324567049446,24.974868803689198,43644300
2018-09-10,24.869413375854492,24.99244341903613,24.84305111213655,24.95729149923115,29927200
2018-09-11,24.89577865600586,24.96608082326484,24.71123609550199,24.799112547473804,32065200
2018-09-12,24.66729736328125,24.948506045654117,24.649721401598956,24.895779836743195,47963400
2018-09-13,24.632144927978516,24.851839401083847,24.579417047615454,24.72880935637251,44977100
2018-09-14,24.807903289794922,24.83426723400313,24.658510958220557,24.667298939623294,34151000
2018-09-17,24.70244789123535,24.878202469722257,24.67608395020118,24.807900303100322,26907900
2018-09-18,24.825485229492188,24.851849180047683,24.658516894913674,24.763971020999175,36405600
2018-09-19,25.24728775024414,25.326377892470276,24.807898816159266,24.807898816159266,75551800
2018-09-20,25.46698570251465,25.546075855564492,25.370321263559497,25.431835454568045,78555500
2018-09-21,25.368125915527344,25.597622039287533,25.332819726103033,25.553488881614133,64710000
2018-09-24,25.08566665649414,25.37694983948272,25.068012722113778,25.341641970721998,47985100
2018-09-25,24.98857307434082,25.20041524783242,24.979746106665512,25.182762996053743,32964400
2018-09-26,24.68846321105957,25.059187440118613,24.626676120145056,25.023881252555444,60288100
2018-09-27,24.60019874572754,24.803213969267652,24.573717840389754,24.714945968380448,57492200
2018-09-28,24.344223022460938,24.511932064820638,24.30891683034805,24.50310509589937,66454900
2018-10-01,24.441314697265625,24.617849001140986,24.36187367127153,24.485447852341476,49855000
2018-10-02,24.441314697265625,24.485447852341476,24.247124774359193,24.406006826347383,47629500
2018-10-03,24.670812606811523,24.776732860147334,24.529584479982397,24.60019854339696,79591400
2018-10-04,24.838518142700195,25.02388109786987,24.64432990337325,24.661983838831684,94700800
2018-10-05,24.714942932128906,24.988572186048778,24.653155844170083,24.90030419600537,58148700
2018-10-08,24.882654190063477,24.962095219913472,24.62667716419749,24.644331100513494,56594900
2018-10-09,24.785554885864258,24.891476801649528,24.609018920746053,24.76790095263809,47963500
2018-10-10,24.017629623413086,24.83851913575854,24.017629623413086,24.77673204275568,101604400
2018-10-11,23.30265998840332,24.026454471554416,23.232045933548868,23.876399394542222,178628200
2018-10-12,23.329139709472656,23.76165098401043,22.9760694530716,23.72634311658443,137933000
2018-10-15,23.223220825195312,23.5056770672229,23.223220825195312,23.337969725751524,82196400
2018-10-16,23.611597061157227,23.62925099572749,23.223218918470778,23.38210096245941,75137300
2018-10-17,23.849916458129883,23.999971511749298,23.443884443336106,23.55863331681827,79472100
2018-10-18,23.452716827392578,23.894055124283135,23.38210276723297,23.71752081567011,81706000
2018-10-19,23.54098129272461,23.726342541502945,23.320312177376074,23.43505937658575,73614300
2018-10-22,23.037858963012695,23.620425368302296,23.037858963012695,23.567465245159234,58645800
2018-10-23,22.852495193481445,22.98489802198569,22.43763782374093,22.570038968673273,93698200
2018-10-24,22.278757095336914,22.817190357986174,22.190489098965756,22.817190357986174,98050700
2018-10-25,22.62299919128418,22.808362141877417,22.358196900233164,22.38467780276703,72439400
2018-10-26,22.296409606933594,22.52590570940859,22.084567439319418,22.349369727944165,115308900
2018-10-29,22.490602493286133,22.887807691982083,22.25227937406856,22.570043533025324,97946100
2018-10-30,22.87897491455078,22.89662884858271,22.455290599215274,22.614172638359044,82719100
2018-10-31,23.19674301147461,23.48802623917656,23.064340166869275,23.099648041049925,93781100
2018-11-01,23.30265998840332,23.399754945167643,23.143777944087837,23.25852683545874,62346600
2018-11-02,23.285009384155273,23.664560614623042,23.108475063556103,23.532159453280638,73034200
2018-11-05,23.655733108520508,23.72634717187001,23.38210382348769,23.38210382348769,58705800
2018-11-06,23.779306411743164,23.779306411743164,23.523329407537364,23.63807830030958,51010900
2018-11-07,24.08824348449707,24.114722703100895,23.673384434937052,23.911707503802777,59990800
2018-11-08,24.158859252929688,24.291260406051737,23.867576042632372,23.947015387647998,46730100
2018-11-09,23.93819236755371,24.16768682343511,23.814616487188154,24.097072756185717,47051200
2018-11-12,23.461538314819336,23.991144484088107,23.417405168868438,23.885222576805713,47135500
2018-11-13,23.593942642211914,23.82343873619826,23.479195437004655,23.49684937121249,69820600
2018-11-14,23.276180267333984,23.814611792630398,23.020203271782908,23.779305607751667,104274200
2018-11-15,23.62042808532715,23.63808202292953,22.976074514989552,23.117302648664307,93998000
2018-11-16,23.64690399169922,23.752824227772855,23.364446100502004,23.49684892095174,80518300
2018-11-19,23.638080596923828,23.744000849004006,23.42623840919142,23.62925362865514,65491300
2018-11-20,23.117298126220703,23.461541424261988,23.04668407319757,23.36444647001575,103778300
2018-11-21,23.134952545166016,23.470370591142466,23.064338485524445,23.249701444316056,48618000
2018-11-23,22.94959259033203,23.143780844625816,22.887805495037288,23.01137968562678,24252300
2018-11-26,23.41740608215332,23.505672377497525,23.179083044151973,23.187910010400728,50168800
2018-11-27,23.435060501098633,23.505674554055656,23.320313296382906,23.373273415207716,47174300
2018-11-28,23.885231018066406,23.885231018066406,23.302664531057875,23.50567976789402,61375300
2018-11-29,23.682209014892578,23.841091044785944,23.585114066941806,23.70868991439871,43664100
2018-11-30,23.805789947509766,23.90288492306768,23.576293803918816,23.611601679966128,45435200
2018-12-03,23.955839157104492,24.24712232850995,23.788131837875618,24.15002906042265,65332700
2018-12-04,22.91428565979004,23.84109717807277,22.799538432887378,23.832270209299928,110918600
2018-12-06,22.59652328491211,22.605350253717408,22.005129843534363,22.402333338339858,134687100
2018-12-07,22.16400909423828,22.861322705393427,22.058087165626745,22.5435602867027,86740000
2018-12-10,21.855070114135742,22.13752632181895,21.44903805291228,22.07573923683472,101121800
2018-12-11,21.64322853088379,22.261101080641932,21.563787509925024,22.128699940234604,92308200
2018-12-12,21.766801834106445,22.08456590524054,21.66088159944293,21.943337803308005,86748900
2018-12-13,21.607921600341797,21.87272557622513,21.528480575933987,21.757976681604113,67232900
2018-12-14,21.396076202392578,21.696186319648575,21.351943054855028,21.396076202392578,66817000
2018-12-17,21.184236526489258,21.599093885713803,21.087141570333188,21.272504515397333,101180400
2018-12-18,21.10479736328125,21.537308695087987,20.972396210046046,21.307812577146695,90844000
2018-12-19,20.839990615844727,21.528477139381295,20.672281626246896,21.060659718736527,129331700
2018-12-20,20.654630661010742,20.963567786152634,20.53988345179501,20.6369767261862,107016900
2018-12-21,20.24163055419922,21.023228499994243,20.197220521212856,20.63242868006196,118502300
2018-12-24,19.8153018951416,20.206101699045,19.788657570512157,19.97517461919615,71752700
2018-12-26,20.712360382080078,20.72124238667761,19.5843712092309,19.868590274144445,108133500
2018-12-27,20.961057662963867,20.961057662963867,20.17057595936542,20.365976730490043,98005000
2018-12-28,20.952167510986328,21.227502852093927,20.86334916718965,21.05874816828714,76348400
2018-12-31,21.156450271606445,21.245268622774,20.889996912172926,21.06763192043889,56435400
2019-01-02,21.334089279174805,21.378497612522505,20.783416797688925,20.84558914200344,62945000
2019-01-03,20.854469299316406,21.227505026213546,20.80117896520801,21.17421469210515,65729700
2019-01-04,21.547252655029297,21.591660989049828,21.156452878185096,21.2097432178236,64638400
2019-01-07,21.57390022277832,21.769299278212507,21.369617467018177,21.502844172726462,48167000
2019-01-08,21.591659545898438,21.804822584274344,21.3429701814945,21.769296258246314,90114700
2019-01-09,21.6982421875,21.77817853966412,21.49396115155582,21.64495185074701,61037100
2019-01-10,21.707120895385742,21.778175231619862,21.502838196402273,21.573894226705395,48630500
2019-01-11,21.760417938232422,21.804826276805088,21.476200505600513,21.60054520885959,44961600
2019-01-14,21.911407470703125,21.982461825000957,21.52060767503033,21.547253693168056,50610600
2019-01-15,22.1068058013916,22.142333824417936,21.760416047231747,21.82258839345845,59156500
2019-01-16,22.577539443969727,22.710766127438777,22.302204072257794,22.364376411605406,72982400
2019-01-17,22.70188331604004,22.781819662095074,22.355493612514305,22.488720291249656,55771300
2019-01-18,23.09268569946289,23.11933171590415,22.675241606299096,22.861758639179943,58400200
2019-01-22,22.826231002807617,23.012748024996323,22.710766632250508,22.897285348508444,79651700
2019-01-23,22.852874755859375,22.941693109295972,22.59530339436935,22.915047095044237,44072000
2019-01-24,22.90616798400879,22.968340326449752,22.70188525218513,22.772939599841838,25496900
2019-01-25,23.09268569946289,23.24367640449138,23.003867338728014,23.06603968302163,63140000
2019-01-28,23.02162742614746,23.048273438047485,22.83510873098539,22.870636746852085,66894900
2019-01-29,22.941694259643555,23.101566965031964,22.932812254447615,23.01274860714182,29442100
2019-01-30,23.074922561645508,23.2170312665709,22.852877498440904,23.012750214999322,62076800
2019-01-31,23.039396286010742,23.07492261528999,22.843995545732017,22.879523569080657,64021500
2019-02-01,23.137096405029297,23.243678787652847,23.048279729257423,23.074924054361187,42920300
2019-02-04,23.23479461669922,23.243676622262857,23.021631565379973,23.145976255132197,30362500
2019-02-05,23.172616958618164,23.29696161985964,23.08379861741613,23.27919761280544,39094900
2019-02-06,23.14597511291504,23.27032149060031,23.066038760856387,23.101566781357683,51542800
2019-02-07,22.915048599243164,23.137093650375633,22.728531569445153,23.07492130710963,80395700
2019-02-08,22.799583435058594,22.89728378901901,22.50648406724646,22.790701430692273,54911100
2019-02-11,22.870643615722656,22.915051954824396,22.755180917616403,22.870643615722656,53115700
2019-02-12,23.208147048950195,23.296965404581265,23.030512031757286,23.039394036727316,37671300
2019-02-13,23.270326614379883,23.4746076950342,23.261444607298873,23.3147349557153,42969600
2019-02-14,22.98610496520996,23.16374169933388,22.852878261651743,23.092687344498202,47630100
2019-02-15,23.474605560302734,23.474605560302734,22.9861053796882,23.172624123288507,46880800
2019-02-19,23.510128021240234,23.58118236566063,23.28808298316784,23.359137327588236,23868300
2019-02-20,23.661123275756836,23.670005282280112,23.447960201406808,23.501250546476935,27509100
2019-02-21,23.536775588989258,23.696648298003293,23.45683923448224,23.616711943496277,46619900
2019-02-22,23.501251220703125,23.607833607970637,23.412434541061366,23.53677924781549,26343700
2019-02-25,23.598947525024414,23.82099257391485,23.5723032033619,23.607829530268347,33835900
2019-02-26,23.52789306640625,23.70552978231025,23.412430386917144,23.430192703252125,35659700
2019-02-27,23.616714477539062,23.661122815221557,23.45684175137089,23.483487770422084,42542400
2019-02-28,23.55454444885254,23.670007154649518,23.54566244162667,23.625598812589832,39835900
2019-03-01,23.705530166625977,23.927575218071148,23.634475817926294,23.758820504633412,82657300
2019-03-04,23.55454444885254,23.927580281990736,23.359143678022743,23.767707540064414,76611900
2019-03-05,23.46571922302246,23.607827909027645,23.288082518481396,23.598945904393673,39868100
2019-03-06,23.314729690551758,23.545656740298867,23.296965680401385,23.465720388691437,43158900
2019-03-07,23.074922561645508,23.225913272387412,22.941695862536623,23.225913272387412,62622100
2019-03-08,23.066036224365234,23.083800232662437,22.808464880332107,22.817346884480706,55826400
2019-03-11,23.30584716796875,23.37690151292323,23.07492012334939,23.181502487815717,63343500
2019-03-12,23.359140396118164,23.439076755850454,23.30585005431978,23.34137807823165,32521100
2019-03-13,23.519012451171875,23.607830814373017,23.376903747677797,23.447958099424838,42817500
2019-03-14,23.607826232910156,23.69664457887473,23.47459956099782,23.48348156500118,37665700
2019-03-15,23.772981643676758,23.84439872132209,23.59443980092215,23.612294496012844,70020400
2019-03-18,24.01401138305664,24.085428450185425,23.81761487413178,23.81761487413178,43980700
2019-03-19,23.826547622680664,24.192560387543327,23.764057887614,24.147923646268872,45029300
2019-03-20,23.335554122924805,23.78191132774107,23.3087737803751,23.77298397931863,65860300
2019-03-21,23.264135360717773,23.362334483565984,23.014176433784133,23.174863585648264,104914100
2019-03-22,22.621381759643555,23.11237397093558,22.523182636298152,22.987394506835972,121855900
2019-03-25,22.523183822631836,22.790999163302622,22.389277003655234,22.594600906267196,72835600
2019-03-26,22.790998458862305,22.844560844253884,22.56781986656027,22.701726681397986,51171500
2019-03-27,22.69279670715332,22.85348554744915,22.585670246050324,22.737431739361124,73148100
2019-03-28,22.889196395874023,22.89812374409278,22.630310108400433,22.737434881590342,52089300
2019-03-29,22.951683044433594,23.103444538310292,22.862412979685107,23.085591546991,50234400
2019-04-01,23.514097213745117,23.53195191023145,23.13022975287686,23.139157101120027,62485300
2019-04-02,23.49624252319336,23.621221993194098,23.41589809170215,23.45160748468383,41002400
2019-04-03,23.567663192749023,23.76406147859921,23.469465752541765,23.656934986070215,52030900
2019-04-04,23.710493087768555,23.808692212912945,23.567658925404455,23.567658925404455,54378900
2019-04-05,23.74620246887207,23.835474245988237,23.67478538772264,23.75512981685544,37088800
2019-04-08,23.772981643676758,23.781908991222107,23.630147488386097,23.683711573658176,34998000
2019-04-09,23.576581954956055,23.66585371576142,23.46945720416339,23.66585371576142,65954800
2019-04-10,23.64800262451172,23.683712015359085,23.46053343071547,23.57658554553446,48232700
2019-04-11,23.79083251953125,23.880104277936127,23.665853079394722,23.73727014557519,62205000
2019-04-12,24.228267669677734,24.397883878228036,24.01401642332251,24.138997594067884,84627600
2019-04-15,24.076505661010742,24.246121866064488,24.02294327620549,24.237194518144026,40030400
2019-04-16,24.41573715209961,24.442517492135458,24.1122141450987,24.130068840267565,56093400
2019-04-17,24.47822380065918,24.513931483783857,24.28182728668038,24.505005840040614,58834000
2019-04-18,24.406810760498047,24.505009885055685,24.371101368761625,24.43359280430036,52495700
2019-04-22,24.335390090942383,24.406807161165656,24.255045674101545,24.335390090942383,39324100
2019-04-23,24.48715591430664,24.513936256184465,24.228267924703893,24.326467052169427,54250300
2019-04-24,24.460369110107422,24.567495564926293,24.353244358005785,24.406806734056605,39505200
2019-04-25,24.505008697509766,24.60320611459111,24.281830118125225,24.344319847918108,44532300
2019-04-26,24.728185653686523,24.746038644800134,24.469297701290014,24.50500708895187,41527900
2019-04-29,24.978145599365234,25.112052403253585,24.754967025312183,24.817456753612255,61643200
2019-04-30,25.013853073120117,25.049560756821297,24.799601862761236,25.013853073120117,38800300
2019-05-01,24.808534622192383,25.12098330793878,24.790679925087552,25.040638873684667,67969500
2019-05-02,24.835311889648438,24.951365703740677,24.656770048862764,24.790676855131377,50972900
2019-05-03,25.05849266052246,25.103129401663082,24.897803797851374,24.942440538991992,34598900
2019-05-06,24.888877868652344,24.978149653305806,24.576429176441728,24.621064217409625,42517000
2019-05-07,24.47822380065918,24.897798867998215,24.308607623344578,24.656767324434263,60090800
2019-05-08,24.42466163635254,24.629985498571784,24.31753518061536,24.380024903663195,44254200
2019-05-09,24.371103286743164,24.424667378563235,24.014017854864274,24.130071684423445,56468300
2019-05-10,24.531787872314453,24.576424607702084,24.022941007916952,24.237192229625514,63453600
2019-05-13,23.817617416381836,24.094358368205064,23.73727299444648,24.04079598782062,54962500
2019-05-14,24.00508689880371,24.210412481156204,23.84439805292671,23.871180094812008,52398400
2019-05-15,23.915815353393555,24.031867455623537,23.674782099472868,23.764053864189858,49061700
2019-05-16,24.156850814819336,24.290757632211413,23.978308959202423,23.99616195286182,44872600
2019-05-17,23.99616241455078,24.22826836376432,23.88011029130281,23.91581968474378,62711500
2019-05-20,24.0229434967041,24.130069970015406,23.906891378107925,23.906891378107925,44357300
2019-05-21,24.272899627685547,24.272899627685547,24.121138145245958,24.121138145245958,36851400
2019-05-22,24.130069732666016,24.20148681326523,24.058652652066797,24.147922725777686,25867600
2019-05-23,23.79083251953125,23.906886316272743,23.58550866710205,23.897958970160538,51832900
2019-05-24,23.978313446044922,23.987240795903897,23.80869720416019,23.880114300314094,30582000
2019-05-28,23.701562881469727,23.978305527553978,23.701562881469727,23.906888454984532,35177700
2019-05-29,23.65692901611328,23.701564050151063,23.40696839843646,23.5140948639315,39700600
2019-05-30,23.576581954956055,23.844395534654932,23.46052985781113,23.710488744805495,40641200
2019-05-31,23.219499588012695,23.38911578499274,23.20164489302165,23.273061970268394,49259200
2019-06-03,23.371261596679688,23.469460718541903,23.139155664916476,23.18379070064432,63329300
2019-06-04,24.00508689880371,24.03186894068901,23.594439139533506,23.65692886788181,45454400
2019-06-05,24.156850814819336,24.174705511196297,23.844400439092784,24.049726041992702,46599700
2019-06-06,24.246124267578125,24.34432340171205,24.03187300441857,24.165779831053584,37297600
2019-06-07,24.210418701171875,24.326470840388893,24.174709302817206,24.246126396808716,33054800
2019-06-10,24.41573715209961,24.594278995635914,24.35324742172603,24.35324742172603,37081400
2019-06-11,24.42466163635254,24.647840191647525,24.353244566766836,24.54964108244821,34273400
2019-06-12,24.18363380432129,24.442520101032525,24.130071415815106,24.397885061063647,36866000
2019-06-13,24.26397132873535,24.344315739973588,24.165772225507034,24.228261944755182,31020000
2019-06-14,24.31753921508789,24.397883644541242,24.1032879707848,24.29075717103093,29724100
2019-06-17,24.094358444213867,24.38002674412191,24.06757640257847,24.3086096691449,40981600
2019-06-18,24.41573715209961,24.51393457009347,24.04079706714069,24.04079706714069,46237400
2019-06-19,24.371103286743164,24.62999128905389,24.34432294355078,24.4603750703923,58118500
2019-06-20,24.47822380065918,24.5764229090072,24.210410217713793,24.505005840040614,50583800
2019-06-21,24.423490524291992,24.65677903592299,24.38760090556028,24.495271473148236,65322300
2019-06-24,24.324798583984375,24.549114316521617,24.297880079978345,24.37863388060321,48377800
2019-06-25,24.244043350219727,24.360686771230924,24.127398217815408,24.32479714607099,47748500
2019-06-26,24.199176788330078,24.414519652190346,24.19020395507845,24.29787624270506,31448000
2019-06-27,24.414522171020508,24.48630484443932,24.288905915323845,24.288905915323845,59459800
2019-06-28,24.764455795288086,24.854182425439934,24.441440611298685,24.70164766759973,76728100
2019-07-01,25.060550689697266,25.168221269086786,24.925961609763867,25.05157785618264,48971100
2019-07-02,24.99774169921875,25.10541227487276,24.863150912561828,25.02465848743578,56626800
2019-07-03,25.195138931274414,25.204111764490474,25.00671456791599,25.078495522251522,23706800
2019-07-05,25.266923904418945,25.365623374101222,25.15028047684343,25.275896739062173,40683100
2019-07-08,25.14130210876465,25.23999984533098,25.069521158810566,25.132329276096282,26286700
2019-07-09,25.186168670654297,25.23103284131717,24.952880117386727,24.970825785651876,25895800
2019-07-10,25.09644317626953,25.32973174009279,25.06055354950844,25.195142644800615,36566700
2019-07-11,25.240005493164062,25.275896831868753,25.087470726455575,25.132334899836437,40907500
2019-07-12,25.41048240661621,25.41048240661621,25.213085205284894,25.275893327917906,31109900
2019-07-15,25.266923904418945,25.437404339853817,25.195142938666347,25.419458670567362,28346100
2019-07-16,25.204118728637695,25.356653512671695,25.15028342585905,25.311789334194977,47287700
2019-07-17,24.988771438598633,25.19514148934197,24.952880102090337,25.11438769359143,35062600
2019-07-18,25.177196502685547,25.222060674535477,24.925963985898584,24.952880777615377,46369800
2019-07-19,25.06951904296875,25.284861874656276,25.051573379146614,25.239997715100937,29338500
2019-07-22,25.12335968017578,25.168222137904582,24.97082492794756,25.015687385676365,26683300
2019-07-23,25.38356590270996,25.41945552544907,25.177194154236307,25.186166987769337,45307600
2019-07-24,25.64377212524414,25.64377212524414,25.3117841184989,25.329729786191738,36374200
2019-07-25,25.46432113647461,25.67069291051549,25.410485839999833,25.634801571936826,34180400
2019-07-26,25.74247169494629,25.76041565132189,25.464318978711052,25.518155982017078,33642800
2019-07-29,25.54507064819336,25.769386342470625,25.518153860171562,25.697605388757616,35955100
2019-07-30,25.473291397094727,25.500209898308665,25.29383985651428,25.347675147549108,30726100
2019-07-31,25.347679138183594,25.598913388221167,25.30281667382378,25.473295407505724,64485400
2019-08-01,24.773427963256836,25.500210396295856,24.73753662760401,25.329729974731073,107976300
2019-08-02,24.764455795288086,24.8900720506648,24.432467777144186,24.728564458670096,66036400
2019-08-05,23.938974380493164,24.333770534605847,23.759521116425628,24.217125399544,85527900
2019-08-06,24.324798583984375,24.342742541928505,23.858221449572536,24.091510016778454,53445000
2019-08-07,24.00177764892578,24.109449927840345,23.544173458476322,23.86718858382719,82354600
2019-08-08,24.459386825561523,24.468359659916302,24.118425965652598,24.235071100871554,66653200
2019-08-09,24.378631591796875,24.504247842578323,24.136370212667174,24.324796300232407,53782700
2019-08-12,23.912052154541016,24.18123200873307,23.84027120236838,24.091505390669052,56837600
2019-08-13,24.208148956298828,24.378629360608794,23.7774632404143,23.867189859071804,72255900
2019-08-14,23.310888290405273,23.79541104792534,23.292942622780146,23.669793085942516,92067300
2019-08-15,23.42753791809082,23.580072699414256,23.257057465695596,23.42753791809082,59504500
2019-08-16,23.840274810791016,23.903082939524488,23.5441781243381,23.5441781243381,48451800
2019-08-19,24.08253288269043,24.253013288173218,24.0376704287495,24.20814912283937,38297700
2019-08-20,23.759517669677734,23.992806194565546,23.732600881947583,23.947943740753352,40579300
2019-08-21,23.8671932220459,23.947947019076864,23.804385093553623,23.91205568199948,44913500
2019-08-22,24.028697967529297,24.091506088575727,23.840271892997055,23.992806634706795,43896700
2019-08-23,23.418563842773438,24.037675770827214,23.257056234464336,23.858222492396372,86245300
2019-08-26,23.642879486083984,23.66082515613056,23.427536579704945,23.57109851729097,34175500
2019-08-27,23.499311447143555,23.804380913154034,23.3557495468319,23.732599962998208,54240800
2019-08-28,23.71465492248535,23.750544542812523,23.355750162249173,23.373694116716315,51870400
2019-08-29,24.073562622070312,24.15431641690749,23.885138241712298,23.93000070044713,49818300
2019-08-30,24.154315948486328,24.27993219962228,24.06458932136362,24.208151240202728,40561000
2019-09-03,23.9030818939209,23.983835687729528,23.696711848140207,23.956918897388704,59997200
2019-09-04,24.136369705200195,24.1812338733882,24.02869912433503,24.08253441476761,43945700
2019-09-05,24.629863739013672,24.836233765529826,24.468356166473058,24.47732899954675,68639200
2019-09-06,24.62089729309082,24.72856789512118,24.531170650469942,24.65678692330315,35660800
2019-09-09,24.99774169921875,25.096439441669432,24.737534670501173,24.791369958328175,67797700
2019-09-10,25.08746910095215,25.19514139869654,24.85418226006001,25.078497978250468,77540100
2019-09-11,25.231033325195312,25.257950116716124,24.881099632886407,25.105415356323306,53285900
2019-09-12,25.365623474121094,25.464321232799332,25.078499609978543,25.159253410692788,72872200
2019-09-13,25.563018798828125,25.66171826154803,25.446375379480774,25.563018798828125,56248700
2019-09-16,25.473291397094727,25.509182732046643,25.31178381259719,25.347675147549108,36693600
2019-09-17,25.500207901000977,25.500207901000977,25.293837875370553,25.38356449432945,40868800
2019-09-18,25.589935302734375,25.652743424508976,25.329728270933355,25.401509226017605,57268900
2019-09-19,25.473291397094727,25.72452560757901,25.46431856335675,25.571990856819454,42335000
2019-09-20,25.323585510253906,25.612173104881887,25.30554835556022,25.51297219430211,82921100
2019-09-23,25.36867904663086,25.440825952027303,25.152238330441527,25.197331221387998,35827300
2019-09-24,25.12518310546875,25.49493619282568,25.05303620354832,25.44082472629699,61659700
2019-09-25,25.332611083984375,25.377702263054164,25.080096008886173,25.179298666981577,53544400
2019-09-26,25.215368270874023,25.323589495951403,25.179295675926905,25.296533759652554,53107500
2019-09-27,25.31456756591797,25.512972832274297,25.179292342568157,25.422788776668494,73386900
2019-09-30,25.25144386291504,25.40475626945889,25.233406704470326,25.37770053179182,30608000
2019-10-01,24.719358444213867,25.386717790902562,24.719358444213867,25.368680633395783,54786200
2019-10-02,24.21432876586914,24.575063295914017,24.16021901639189,24.566044717648158,78141700
2019-10-03,24.313528060913086,24.313528060913086,23.853592640931648,24.178252836205733,81128700
2019-10-04,24.76445198059082,24.78248913981849,24.322551900222,24.34058905944967,40697200
2019-10-07,24.6381893157959,24.8636485909699,24.611135303650386,24.665245048059173,36922900
2019-10-08,24.151201248168945,24.403714567610816,24.133164091032246,24.394695989042468,60008900
2019-10-09,24.376659393310547,24.49389746889037,24.286475332031813,24.30451248831114,45131000
2019-10-10,24.629173278808594,24.809541405599393,24.439788293784403,24.439788293784403,54305400
2019-10-11,24.935800552368164,25.242425366461273,24.926781973116235,25.016966045517403,78702500
2019-10-14,24.971872329711914,25.025982079602358,24.827578516592112,24.854632531478366,35821000
2019-10-15,25.332611083984375,25.48592350098717,25.016967670141177,25.11617032823658,65130200
2019-10-16,25.269474029541016,25.39573066348381,25.206345712569618,25.332602346512413,44595200
2019-10-17,25.287519454956055,25.47690446782118,25.224389397216157,25.404757550522344,32013600
2019-10-18,25.350645065307617,25.449845990847425,25.21536810482223,25.21536810482223,40523700
2019-10-21,25.702362060546875,25.738436376814846,25.558068235711147,25.56708681477814,44145400
2019-10-22,25.630212783813477,25.801562330043666,25.54904729981591,25.657268518518638,50423000
2019-10-23,25.738431930541992,25.738431930541992,25.56708239810564,25.57610097561469,30615400
2019-10-24,25.702362060546875,25.81058328923271,25.603159410928033,25.76549039389775,33469600
2019-10-25,25.828617095947266,25.90978258230582,25.45886397814407,25.67530470172755,28330200
2019-10-28,25.96389389038086,26.081131969875404,25.918800998176838,25.927819576617644,50104600
2019-10-29,26.02702522277832,26.153281895283257,25.882731391310347,25.909785409636743,48458100
2019-10-30,26.00898551940918,26.08113242808518,25.828617387660184,26.027022676607675,51106700
2019-10-31,25.88272476196289,25.927815927703115,25.675300927251804,25.918797350531527,56795500
2019-11-01,26.26150131225586,26.288555328710746,26.027023422311302,26.08113317533911,42302300
2019-11-04,26.48695945739746,26.532050629582738,26.41481254983025,26.48695945739746,37319100
2019-11-05,26.586158752441406,26.712417123042094,26.52303042719999,26.568121596624472,39516100
2019-11-06,26.7214298248291,26.7214298248291,26.53204487856003,26.568117464465647,40179900
2019-11-07,26.91983985900879,27.082170824770277,26.82063721990613,26.883765546564952,61738600
2019-11-08,26.910825729370117,26.919844308971886,26.7304575775711,26.89278857016658,53808800
2019-11-11,26.83867073059082,26.89278047178888,26.7124140944228,26.748486681848952,19702400
2019-11-12,26.874744415283203,26.955909890453015,26.77554350572278,26.84769040363842,44640600
2019-11-13,26.703401565551758,26.793583914601236,26.559107742930934,26.667327249837527,43495400
2019-11-14,26.75750732421875,26.75750732421875,26.577139212811915,26.63125067830464,46158400
2019-11-15,26.82965660095215,26.874747772738502,26.748491115642352,26.847693757713866,30097000
2019-11-18,26.883766174316406,26.892784752637954,26.748490939729045,26.82965642450505,25440500
2019-11-19,26.93787384033203,27.02805617057695,26.865726944065482,26.94689069726237,30770900
2019-11-20,26.811620712280273,26.883767622621487,26.62223571767884,26.829657869895083,46719500
2019-11-21,26.784568786621094,26.910825459543563,26.694384711625833,26.865734282105013,37192700
2019-11-22,26.982967376708984,27.010023110230723,26.820636415814235,26.820636415814235,35195000
2019-11-25,27.154319763183594,27.190392358211092,27.01002594283756,27.01904280150592,50094100
2019-11-26,27.12726402282715,27.1543197591823,26.99198878128743,27.1543197591823,33516200
2019-11-27,27.235485076904297,27.244501935514638,27.109226694825374,27.199410761990887,31012300
2019-11-29,27.190387725830078,27.271553200961446,27.136277982448405,27.181369148580178,19444200
2019-12-02,27.019046783447266,27.289599026557323,26.991992763219052,27.235489265982622,52427800
2019-12-03,26.640270233154297,26.712417136340097,26.468920693043824,26.70339855842714,66912000
2019-12-04,26.89278793334961,26.964934848337155,26.649291450222346,26.667328608998766,41793900
2019-12-05,27.019046783447266,27.064139684024745,26.901808682182367,27.001011343334547,44933500
2019-12-06,27.37978172302246,27.469964079380432,27.307634805865174,27.31665338552461,40811300
2019-12-09,27.316646575927734,27.433884642038457,27.307627998516484,27.325663433221223,21627500
2019-12-10,27.325668334960938,27.379779809135073,27.172355931703695,27.244502843817806,37362100
2019-12-11,27.26253890991211,27.36174155513986,27.235484894026722,27.316650381918883,24490200
2019-12-12,27.794618606567383,27.875784081599278,27.280571744777195,27.298608899254887,68427500
2019-12-13,27.695419311523438,27.929897187610884,27.5330900620333,27.767567938120745,48135700
2019-12-16,27.794618606567383,27.97498671110887,27.76756459496857,27.920875247675788,45914900
2019-12-17,27.902843475341797,27.99302753944848,27.80364083281265,27.812659411235114,30911900
2019-12-18,27.785602569580078,27.993026424801478,27.785602569580078,27.993026424801478,39079700
2019-12-19,27.776582717895508,27.857748196626194,27.749528705063817,27.794619873195174,36946900
2019-12-20,27.809215545654297,27.990500135898287,27.772957590280818,27.9179859540258,97416000
2019-12-23,27.74576759338379,27.890795966227792,27.709509635735497,27.88173147681572,38293100
2019-12-24,27.809215545654297,27.81828003449767,27.73670136378181,27.80015105681093,12315900
2019-12-26,27.963306427001953,27.963306427001953,27.836405321014986,27.836405321014986,15891300
2019-12-27,27.890792846679688,28.01769222650602,27.872663869883247,28.008627738107798,19417400
2019-12-30,27.809215545654297,28.06301431777078,27.782022079124186,28.0176936024284,18819300
2019-12-31,27.899856567382812,27.908921055531614,27.754828214750653,27.791084438471522,15788100
2020-01-02,28.171791076660156,28.171791076660156,27.917990534032675,27.999569218131693,28843300
2020-01-03,27.872669219970703,27.990504134016923,27.7276408355101,27.80921951787853,51363600
2020-01-06,27.854537963867188,27.87266694266223,27.60980193675782,27.61886642615534,27956100
2020-01-07,27.673254013061523,27.836409639428528,27.673254013061523,27.79108892025013,39627500
2020-01-08,27.854537963867188,28.008630825875915,27.700445101858463,27.700445101858463,47966600
2020-01-09,28.026758193969727,28.081143398354758,27.945179522954938,28.05395166059948,27705300
2020-01-10,27.818283081054688,28.053954630168786,27.78202512171037,28.044890140332708,33458200
2020-01-13,28.008628845214844,28.03582231148439,27.80921527919483,27.88172946037251,27542700
2020-01-14,27.954248428344727,28.171791009129052,27.917990467109963,28.00863364132212,37575400
2020-01-15,27.800151824951172,27.9089239652026,27.709508662887398,27.81828080313883,41457300
2020-01-16,28.044889450073242,28.044889450073242,27.87266760517588,27.936117303592116,34444000
2020-01-17,28.126468658447266,28.189918358060762,28.017696509913662,28.126468658447266,38819400
2020-01-21,27.890792846679688,28.117399870012072,27.890792846679688,27.990498761311358,41276500
2020-01-22,27.97237777709961,28.044891971648727,27.936119815387666,27.981442267527594,27391000
2020-01-23,27.899856567382812,27.96330625555009,27.63699159769056,27.827342391066733,43072300
2020-01-24,27.546348571777344,27.90892118389975,27.374128482780982,27.90892118389975,58924900
2020-01-27,27.120330810546875,27.24723020061568,26.966237953088534,27.00249590960792,50289300
2020-01-28,27.437580108642578,27.55541500569079,27.220037563332784,27.265358278611068,34257900
2020-01-29,27.392253875732422,27.62792536610643,27.34693316672267,27.528219460510133,41167500
2020-01-30,27.736703872680664,27.754832852007244,27.129396896237218,27.1475258755638,51210000
2020-01-31,27.156591415405273,27.53729137584903,27.056885476654987,27.501035142360237,58958800
2020-02-03,27.34693717956543,27.618864931274608,27.328808201751624,27.34693717956543,40168200
2020-02-04,27.60980224609375,27.872667254943263,27.600739485469266,27.718574391208104,79273300
2020-02-05,28.162723541259766,28.189917009310754,27.917987515424574,27.981438940876878,51086900
2020-02-06,28.126468658447266,28.344011226639818,28.07208171974314,28.316817757287755,37044400
2020-02-07,28.026758193969727,28.108336864984512,27.908923296323074,27.97237298958469,27982500
2020-02-10,28.108339309692383,28.108339309692383,27.927052974142356,27.93611746380732,17723700
2020-02-11,28.208044052124023,28.334943436570533,28.180850585939293,28.180850585939293,27997400
2020-02-12,28.226171493530273,28.443714037870887,28.189915267244068,28.353072607718143,26964200
2020-02-13,28.21710968017578,28.280561107723162,28.053954053106388,28.135532731078396,22758700
2020-02-14,28.25336456298828,28.27149354031393,28.117400690794767,28.189914871222935,22080200
2020-02-18,28.008628845214844,28.24430036626092,27.845471505346445,28.17178618508324,37768900
2020-02-19,28.21710968017578,28.289623868498165,28.072081303531014,28.10833926212952,25643300
2020-02-20,28.162723541259766,28.35307435986755,27.97237445152655,28.117402823382687,50344300
2020-02-21,27.890792846679688,28.09020640481741,27.736700001658694,28.02675671490424,51128200
2020-02-24,26.9843692779541,27.247232570080588,26.857468147975236,27.011561018833756,70455400
2020-02-25,26.068878173828125,27.047820670864795,25.94197876478395,26.993435456827974,111826900
2020-02-26,25.878528594970703,26.485835656138615,25.878528594970703,26.24110131658577,95015700
2020-02-27,24.77268409729004,25.733497561848804,24.754555117291364,25.325605885126773,143536200
2020-02-28,24.101924896240234,24.337596425144135,23.539938676719476,23.929703061873056,192063500
2020-03-02,25.334671020507812,25.334671020507812,23.893449922518297,24.14724873346631,127115500
2020-03-03,24.382919311523438,25.606597781363533,24.138183271780488,25.253091320984602,256525000
2020-03-04,25.189640045166016,25.198702805589907,24.292274622239557,24.70923248559549,124408000
2020-03-05,23.975025177001953,24.419174761517038,23.70309569560786,24.355725067854095,130265700
2020-03-06,23.15924072265625,23.42210574077909,22.68789935419836,22.88731294358921,160606600
2020-03-09,20.67562484741211,21.645502655171935,20.412761592716418,20.84784667358307,134165700
2020-03-10,21.890239715576172,21.908368693703864,20.702819310204724,21.636440937286572,149282300
2020-03-11,20.70281982421875,21.437026167874073,20.412763082472182,21.219483611564147,146915400
2020-03-12,18.463945388793945,20.131771884418818,18.400493954999295,18.980609247569696,161437500
2020-03-13,20.893165588378906,20.92942353976555,18.944345652077992,19.85077369025277,160945700
2020-03-16,18.02885627746582,19.343177854109832,17.15868603857361,17.539385950307597,110661600
2020-03-17,19.007802963256836,19.20721831813183,17.711611800944233,18.445818322313606,122295100
2020-03-18,17.39435577392578,18.173882766569626,16.56950633882483,17.81131187128477,145056400
2020-03-19,17.775056838989258,18.02885561828263,16.4154145937764,17.031786021559483,105652800
2020-03-20,17.14055633544922,18.05604898281351,16.923013784918275,17.965405821206993,157840900
2020-03-23,16.14325714111328,17.002525004374313,15.987857652476015,16.856266867249182,144547900
2020-03-24,18.14516830444336,18.245719686856525,16.984242782529808,17.10307686848521,158551100
2020-03-25,18.638792037963867,19.406648272618398,17.72467763894989,18.41026343821037,162949600
2020-03-26,19.808855056762695,19.945971839945653,18.85817543876313,18.88559949281352,129753900
2020-03-27,19.205543518066406,19.808858875196464,18.78504999257692,19.00443898020133,109305600
2020-03-30,19.571189880371094,19.680884379538714,18.830757677478122,19.232968516379515,67297200
2020-03-31,19.0318546295166,19.607747469120724,18.867313818201136,19.38835855834396,83819900
2020-04-01,17.870929718017578,18.227435397841752,17.7063906467921,18.02632918267574,79185000
2020-04-02,18.318851470947266,18.465109619959904,17.69725346587621,17.761241188127403,68398300
2020-04-03,17.95320701599121,18.410264235286586,17.697256089048153,18.14517195473343,68418100
2020-04-06,19.24210548400879,19.397504986094205,18.71191925516466,18.849037796178308,69015100
2020-04-07,19.434070587158203,20.311619494514453,19.42492923476474,20.293338533262215,70950900
2020-04-08,20.284198760986328,20.412174217394593,19.507201182361513,19.726588426290608,80003400
2020-04-09,21.37199592590332,21.627948609780223,20.77782185842178,20.814387274776344,147845500
2020-04-13,20.59499740600586,21.326288205381406,20.412173834394576,21.308005499513317,66236300
2020-04-14,20.686405181884766,21.15260366923576,20.302477118391867,21.08861594924271,96169000
2020-04-15,19.790573120117188,19.982538018831512,19.6900217384426,19.863702190214415,63482000
2020-04-16,19.443214416503906,19.78143578047605,19.25124947885533,19.744872109778886,68907600
2020-04-17,20.46702003479004,20.585855878389424,20.037386911744427,20.201927776091406,88698600
2020-04-20,20.110515594482422,20.43959731668689,19.881987008181486,20.064810574636134,59063100
2020-04-21,19.461496353149414,19.84542272617729,19.38836552758047,19.498060022399038,71957900
2020-04-22,19.67173957824707,19.918550850466087,19.626032818465063,19.863702738727675,47507800
2020-04-23,19.5894718170166,19.982541286899675,19.56204775741958,19.726588627932014,71740200
2020-04-24,19.87284278869629,19.95511320737927,19.498056100711366,19.799713721370804,33825300
2020-04-27,20.549293518066406,20.65898802509646,20.037389886841257,20.073953560161247,109435100
2020-04-28,20.768678665161133,21.326289010443897,20.722973642300353,21.170889491768445,46452300
2020-04-29,21.37199592590332,21.627948609780223,21.189174074735547,21.408561342257887,70064400
2020-04-30,20.832666397094727,21.170887722482433,20.732113262962574,20.942359140207333,56745700
2020-05-01,20.165363311767578,20.393891913308344,20.02824649955009,20.339045537128325,37534300
2020-05-04,19.982540130615234,20.009962445090625,19.598612036147067,19.900269700119573,50177200
2020-05-05,19.918546676635742,20.366462367433307,19.918546676635742,20.256767910477013,65123000
2020-05-06,19.488916397094727,20.156219410800446,19.47063369283397,20.101373041552826,63738400
2020-05-07,19.945972442626953,20.275054127037077,19.74486793745107,19.74486793745107,61339000
2020-05-08,20.375608444213867,20.403030757163695,20.119655814296046,20.32990168340641,42218300
2020-05-11,19.982540130615234,20.156220600741854,19.87284564210944,20.092232875586284,54994900
2020-05-12,19.461496353149414,20.13794079784853,19.443213646757176,20.06481171581443,62202700
2020-05-13,18.885602951049805,19.324377434995235,18.73934478973466,19.296955119457905,86848300
2020-05-14,19.37008285522461,19.38836381646862,18.36455675834691,18.556519927919222,103763100
2020-05-15,19.24210548400879,19.406646338397426,19.01357690703227,19.18725911372413,70285000
2020-05-18,20.22934913635254,20.384748640508583,19.817998738434564,19.955115537740557,79548500
2020-05-19,19.73573112487793,20.21107105756464,19.72658977114915,20.110517910083043,56673200
2020-05-20,20.174501419067383,20.29333724912796,20.046525980726376,20.0648086843564,50402600
2020-05-21,20.110515594482422,20.30247877007853,20.000821105902684,20.110515594482422,49939900
2020-05-22,20.037384033203125,20.128795805101007,19.83627952985541,20.101371750471284,37584500
2020-05-26,21.07947540283203,21.298862626992314,20.77781775166981,20.796100456233503,108349200
2020-05-27,21.993589401245117,22.030154809861507,21.518251293974586,22.021013457707408,121521200
2020-05-28,21.646224975585938,22.249540220383984,21.58223725924895,22.24039886897377,101590100
2020-05-29,21.399417877197266,21.591382807052078,21.180030631316654,21.390276524010385,86969000
2020-06-01,21.646224975585938,21.74677809756378,21.335426001776703,21.481684137271106,52619200
2020-06-02,21.81991195678711,21.975311477816206,21.664512435758013,21.838192920087383,52572800
2020-06-03,22.633468627929688,22.7340217515335,22.24954058016503,22.304386945978685,77622900
2020-06-04,23.127092361450195,23.127092361450195,22.414084284193308,22.596906108103003,97575100
2020-06-05,23.986358642578125,24.525686210512244,23.904088217399387,24.47998119365056,135859300
2020-06-08,24.44341468811035,24.49826105458934,24.10519339403294,24.379426969962438,80298400
2020-06-09,23.92237091064453,24.13261677776778,23.693842339371095,23.867524541728603,92833100
2020-06-10,23.026538848876953,23.91322905923017,23.008256145108533,23.78525361992042,110848900
2020-06-11,21.143461227416992,22.267823047675027,21.106897565106262,21.938741369205893,233116600
2020-06-12,21.78334617614746,21.99359207060528,21.22573583181294,21.99359207060528,127502900
2020-06-15,22.084999084472656,22.15812815123444,20.98806133951141,21.033768095946577,92469500
2020-06-16,22.4323673248291,22.962553586098338,21.89303971069758,22.962553586098338,108121300
2020-06-17,22.094144821166992,22.496355639957788,22.05757940876109,22.496355639957788,56320900
2020-06-18,22.06671905517578,22.276966673179075,21.810768162269554,21.87475588549611,61206500
2020-06-19,21.92045783996582,22.496350755577843,21.67364659041781,22.487209404461126,99903900
2020-06-22,21.811908721923828,21.968299539723226,21.646319992480585,21.784311477678422,47929500
2020-06-23,21.91309928894043,22.281077100388377,21.89469995970388,22.143085640427472,47218900
2020-06-24,21.14034652709961,21.637117924253786,21.075950624799642,21.62791825897426,90217500
2020-06-25,21.70151138305664,21.747507949618534,21.029951685176353,21.066748587494562,110208900
2020-06-26,20.772369384765625,21.39793260746675,20.717173145896936,21.33353670301048,123959100
2020-06-29,21.002355575561523,21.140347048846643,20.81836577474351,20.993155910054945,69107100
2020-06-30,21.287538528442383,21.434729669590546,20.873564101959474,20.891961678610386,60653100
2020-07-01,21.103548049926758,21.480725525030923,21.039152152419696,21.379530969144625,60500300
2020-07-02,21.131145477294922,21.64631617125387,21.08514890856773,21.572720608496393,50841900
2020-07-06,21.535924911499023,21.76591129607689,21.416332763567553,21.600320818435726,60271700
2020-07-07,21.094348907470703,21.370331833519845,21.039152673192202,21.36113216869732,43810900
2020-07-08,21.31513786315918,21.370334103300166,21.011555910398492,21.085151482138755,53046100
2020-07-09,20.86436653137207,21.351936577387733,20.68957637571101,21.30593999915655,71163700
2020-07-10,21.58192253112793,21.609521530289552,20.85516643310807,20.85516643310807,94440600
2020-07-13,21.673913955688477,21.995895208845926,21.545122156288162,21.857903744537495,102487100
2020-07-14,21.7843074798584,21.848703377489098,21.388730674805117,21.581918367697217,102468300
2020-07-15,22.216684341430664,22.317878911871578,21.97749829153378,22.308679245953595,90561800
2020-07-16,22.216684341430664,22.446670725409568,21.940701382518725,22.023496621123677,74678500
2020-07-17,22.032695770263672,22.281079725595816,22.02349610456147,22.26268214884823,47033200
2020-07-20,21.931503295898438,22.060295118710787,21.848708051331357,21.913103962737534,40127600
2020-07-21,22.363874435424805,22.474268666593797,22.051092827545567,22.07869182400201,46491300
2020-07-22,22.363874435424805,22.382273766395766,22.17988638968552,22.25348195891259,44437400
2020-07-23,22.382274627685547,22.511066440124747,22.244283149406854,22.31787872146595,49916100
2020-07-24,22.32707977294922,22.520267503597466,22.253484196322702,22.400675349575735,41245600
2020-07-27,22.143085479736328,22.244280035146378,21.949897788124336,22.225880706043352,43060200
2020-07-28,22.0878963470459,22.18909093498407,21.986701759107728,22.0602973445199,35370500
2020-07-29,22.501863479614258,22.52946247309175,22.014293544107957,22.051090447421362,36491600
2020-07-30,22.097091674804688,22.143088248657378,21.811907302016184,22.07869234340088,53994600
2020-07-31,22.106290817260742,22.133888059056417,21.811906785738273,22.087891486292442,50115900
2020-08-03,22.170684814453125,22.345474934307568,22.041891263407237,22.19828205387561,42982100
2020-08-04,22.07868766784668,22.11548632286152,21.959095548361347,22.07868766784668,30754400
2020-08-05,22.382274627685547,22.437470868065656,22.198284820209395,22.225883817727873,34860700
2020-08-06,22.373071670532227,22.465066560736886,22.216680883581276,22.30867577378594,33115400
2020-08-07,22.851444244384766,22.86984357379866,22.216681416858346,22.26267974039309,63302800
2020-08-10,23.01703643798828,23.09983167194669,22.879044966276524,22.98023777638154,45436100
2020-08-11,23.283823013305664,23.661000574904257,23.228626767735797,23.44941350467227,73758600
2020-08-12,23.219423294067383,23.706995021522403,23.05383282985033,23.697795356326264,58793600
2020-08-13,23.07223129272461,23.237821750715447,22.934239829284465,23.04463229817392,35222500
2020-08-14,23.16422462463379,23.27461708607961,22.934238282855706,22.96183552088889,28276900
2020-08-17,22.777849197387695,23.099830450798436,22.768649532472338,23.081431120967725,53397000
2020-08-18,22.63066291809082,22.8514496594067,22.612263584316903,22.796253412741994,35502500
2020-08-19,22.6214599609375,22.943441236521064,22.557064056752147,22.71345486176949,59847200
2020-08-20,22.409875869750977,22.538667695089813,22.345479957081558,22.363877535946376,45586100
2020-08-21,22.363874435424805,22.56626356679183,22.290278866197735,22.373074100910287,35349200
2020-08-24,22.89743995666504,22.89743995666504,22.437467266465056,22.492665252641782,51010900
2020-08-25,22.961837768554688,23.15502722698042,22.814646635781134,23.09063132572408,55236900
2020-08-26,22.851444244384766,22.961836711554888,22.768649016678857,22.906640477969827,30646600
2020-08-27,23.237821578979492,23.348214047053105,22.833045101844075,22.833045101844075,66463900
2020-08-28,23.329818725585938,23.41261396196671,23.13662925581187,23.403414296295868,49170600
2020-08-31,23.0538330078125,23.311418371322628,23.0538330078125,23.311418371322628,52259000
2020-09-01,23.118228912353516,23.201024145109507,22.86064530347419,22.9342408709621,42036100
2020-09-02,23.44940948486328,23.532204716353434,23.044632992539956,23.109030648431958,48432500
2020-09-03,23.09063148498535,23.92778171640521,22.94344035119659,23.587401122858246,98405500
2020-09-04,23.265419006347656,23.63339679956997,22.897439458468817,23.504603255949768,111105500
2020-09-08,22.667455673217773,23.0906314991119,22.58466044107885,23.035435262571525,84687600
2020-09-09,22.89743995666504,23.063030405882085,22.731849507447997,22.87904238259603,52321200
2020-09-10,22.575464248657227,23.127430165382155,22.529465919158913,22.971039354401597,55515300
2020-09-11,22.731855392456055,22.851449305477175,22.538667654793198,22.612263234091955,69285700
2020-09-14,23.044633865356445,23.247022996511962,22.869845485285307,22.9342413889596,51021000
2020-09-15,22.731855392456055,23.109034710351338,22.713457813624128,23.090635376862394,48459900
2020-09-16,22.98944091796875,23.24702632419461,22.731855511742893,22.77785384570663,62119900
2020-09-17,22.75025177001953,22.888243243943435,22.61226029609563,22.676656200283,47334200
2020-09-18,22.704252243041992,22.934238587878873,22.65825392128068,22.750248810146743,61707200
2020-09-21,22.135374069213867,22.357375098987248,21.79312137895448,22.22787493936295,72307300
2020-09-22,21.950376510620117,22.29262926608111,21.76537649938548,22.07987845922282,84561500
2020-09-23,21.46012306213379,22.153877017621205,21.46012306213379,21.996626050471754,54282500
2020-09-24,21.50637435913086,21.811626053655893,21.219623195015267,21.469373298311975,56512300
2020-09-25,21.72837257385254,21.802372921451614,21.30287101623472,21.34912057186885,46026600
2020-09-28,22.246376037597656,22.403627004068692,22.03362524893318,22.03362524893318,62803500
2020-09-29,21.968875885009766,22.218627739557384,21.848625972250318,22.181626680672878,53250800
2020-09-30,22.264877319335938,22.449879085313444,22.052126523477124,22.061376788206758,66732200
2020-10-01,22.3018798828125,22.505380427670495,22.126128369707853,22.357379710626912,65766100
2020-10-02,22.47762680053711,22.607128734870173,21.950374091938727,22.005875677070392,63368100
2020-10-05,22.847625732421875,22.921626066794364,22.634873227332225,22.690374801341946,58911700
2020-10-06,22.616376876831055,23.199129351570516,22.53312627125294,23.041878403734895,88404900
2020-10-07,22.995634078979492,23.106633735445367,22.829132829972952,22.829132829972952,53815200
2020-10-08,23.310136795043945,23.365636625059956,23.069635179230843,23.125135009246854,57646300
2020-10-09,23.337881088256836,23.46738301773764,23.152881104338793,23.43963222621159,52031600
2020-10-12,23.596881866455078,23.670882208755348,23.319379259598573,23.319379259598573,45931400
2020-10-13,23.143634796142578,23.59688721602546,23.069634437065936,23.52288685694882,60377800
2020-10-14,22.921630859375,23.245381287254194,22.89388006656785,23.162132437447767,48982200
2020-10-15,23.097381591796875,23.10663185646811,22.6718800027656,22.708879297142953,41637200
2020-10-16,23.11588478088379,23.263885504037532,23.004885120672377,23.143635578090535,40103600
2020-10-19,22.76437759399414,23.208379648175967,22.727376540658657,23.1991293848421,42989000
2020-10-20,22.949382781982422,23.217635186691194,22.903133219112227,22.912383484547814,67293900
2020-10-21,22.82912826538086,23.060379561806016,22.82912826538086,22.912378873238506,44307200
2020-10-22,23.282381057739258,23.31013184901289,22.81062819193198,22.819878455689857,39511800
2020-10-23,23.35638427734375,23.504384987065475,23.171382508037777,23.430384632204614,45092700
2020-10-26,22.82912826538086,23.060379561806016,22.616377496103482,23.02337850751045,54015100
2020-10-27,22.412879943847656,22.819882805233267,22.39437941280564,22.819882805233267,46083300
2020-10-28,21.83937644958496,22.135377873488114,21.709874503396588,21.941125836359387,89288300
2020-10-29,22.005878448486328,22.163127666574173,21.506374705238883,21.783875608615652,60908400
2020-10-30,22.070629119873047,22.107628417949012,21.70987581886276,21.876377070974005,66221600
2020-11-02,22.486873626708984,22.58862475291949,22.163121486836012,22.440624077144513,65136000
2020-11-03,22.98638343811035,23.217634776996153,22.87538201914978,22.903132814966845,79834200
2020-11-04,22.718130111694336,23.125132945542013,22.375879132112587,22.57937966688261,87397400
2020-11-05,23.273134231567383,23.439635475187618,22.912382713261987,22.912382713261987,65942300
2020-11-06,23.088130950927734,23.411883151915383,23.014130599071205,23.384134122661408,60783500
2020-11-09,24.984392166137695,25.382144708345482,24.66063997380758,24.956641373318252,162966800
2020-11-10,25.1138916015625,25.20639247727638,24.780890919022966,25.01214222615394,85851200
2020-11-11,25.01214599609375,25.271146369961336,24.864143514059485,25.252645839168586,65062400
2020-11-12,24.595888137817383,24.762389354269825,24.373887103983254,24.706887772580753,62733800
2020-11-13,25.00289535522461,25.10464474444129,24.762393751453704,24.827143843948235,45031800
2020-11-16,25.55789566040039,25.650396543253567,25.308145570296677,25.631896013821414,67556100
2020-11-17,25.52089500427246,25.567144561077782,25.095391671572003,25.271143163185727,63679700
2020-11-18,25.2803955078125,25.844649321670666,25.271145242828702,25.641147020642396,71578400
2020-11-19,25.363645553588867,25.391396347911396,24.993643784159847,25.150894756705632,47194800
2020-11-20,25.141643524169922,25.335893784027654,25.08614370196879,25.2341444040435,39974700
2020-11-23,25.6133975982666,25.68739795269758,25.33589494591973,25.46539688940465,51870500
2020-11-24,26.510648727416992,26.538399518396574,25.992646312616557,26.057396393928187,60983200
2020-11-25,26.41815185546875,26.436652385589895,26.103649900639912,26.362652029412974,45204600
2020-11-27,26.33489990234375,26.44590131314907,26.23315052043874,26.418150519370847,26981200
2020-11-30,25.78914451599121,26.251647121663495,25.742894961146956,26.177646775328228,72524200
2020-12-01,26.18689727783203,26.427398846690497,26.16839851431018,26.2701478887564,53972100
2020-12-02,26.47365379333496,26.519903354937256,26.103650243285887,26.149901569195862,57471800
2020-12-03,26.482900619506836,26.640151589041288,26.325649649972384,26.49215088410387,49566000
2020-12-04,26.806650161743164,26.852901480136396,26.64014894414232,26.658649471499615,52713100
2020-12-07,26.621652603149414,26.695652955003794,26.464401634920414,26.649401632402583,34631600
2020-12-08,26.612401962280273,26.677152048698723,26.37190038107779,26.37190038107779,31628500
2020-12-09,26.547651290893555,26.77890260261107,26.44590014915945,26.760402074239867,47589600
2020-12-10,26.593900680541992,26.621651472924555,26.26089822918116,26.34414884202137,41298300
2020-12-11,26.32564926147461,26.39040111269829,26.112898471805163,26.29790023240058,48216300
2020-12-14,26.02039909362793,26.677153793778377,26.001900327946515,26.677153793778377,38302900
2020-12-15,26.464405059814453,26.538405421245596,26.075902721223997,26.223903444086286,38604200
2020-12-16,26.510648727416992,26.529149254736716,26.381148564793733,26.510648727416992,55602800
2020-12-17,26.584653854370117,26.630905180988993,26.436653137805134,26.55690305839879,38510900
2020-12-18,26.353395462036133,26.62164779171822,26.19614452222769,26.62164779171822,56080100
2020-12-21,26.708650588989258,26.838847170218333,26.252966989115553,26.662152950260374,77688100
2020-12-22,26.448259353637695,26.76444824418122,26.429659589777227,26.727248716460284,42317900
2020-12-23,26.88534164428711,27.034136199230474,26.59705241580572,26.606352297211057,52681400
2020-12-24,26.922542572021484,26.95044044391939,26.699348954211615,26.941140562029723,16071000
2020-12-28,27.052736282348633,27.266628235890845,26.95973924096518,27.10853379767029,32824800
2020-12-29,26.959739685058594,27.173631642124136,26.931840040052673,27.164331760455497,23607000
2020-12-30,27.080636978149414,27.16433236749539,26.987639933155872,27.05273733252002,16616700
2020-12-31,27.415420532226562,27.4526200552213,26.96903689891505,27.043434171133637,26239300
2021-01-04,27.04343605041504,27.527019240326073,26.810944336854465,27.517719358931128,47086300
2021-01-05,27.164331436157227,27.285228122635175,26.894641966070562,27.0341366418927,35265400
2021-01-06,28.36398696899414,28.58717878475011,27.685111641015027,27.685111641015027,102254900
2021-01-07,28.773174285888672,29.070763388399293,28.717374998839702,28.782474167063498,64342700
2021-01-08,28.754575729370117,28.921970049994812,28.373289454067663,28.91267016842999,54266400
2021-01-11,28.84756851196289,28.894066139150674,28.354685504426794,28.47558217314828,56590400
2021-01-12,29.145160675048828,29.284655345182067,28.9312687292598,29.014965886093936,60546600
2021-01-13,29.126558303833008,29.200955572825052,28.912666377202232,29.098660436567744,55394700
2021-01-14,29.256755828857422,29.40555215458695,29.098663169451065,29.21025819653449,49828800
2021-01-15,28.773174285888672,29.005665993946465,28.559280566409566,28.82897179916667,68732700
2021-01-19,28.84756851196289,28.996363047488735,28.670874335861907,28.921965779725813,97457200
2021-01-20,28.72667694091797,28.940570675742197,28.624381788197958,28.940570675742197,56113100
2021-01-21,28.419790267944336,28.76387882925781,28.419790267944336,28.70808130739687,43713800
2021-01-22,28.215194702148438,28.326789732146803,28.08499990922667,28.13149754276415,37928000
2021-01-25,28.01059913635254,28.047796883787065,27.65721077998513,27.936201867712683,68321500
2021-01-26,27.78740692138672,28.159395056626263,27.76880893364145,28.122195533593956,55504600
2021-01-27,26.969043731689453,27.434027244304787,26.913246206831584,27.40612759499019,84059200
2021-01-28,27.471220016479492,27.787407095379514,27.229428436568146,27.313125590144033,62985900
2021-01-29,26.922542572021484,27.471223187114283,26.80164588122688,27.396824131996926,78260700
2021-02-01,27.275922775268555,27.313122294044618,26.98763359983679,27.22012527087514,41947400
2021-02-02,27.936203002929688,28.075697665576577,27.582814632201973,27.592114512881214,54263000
2021-02-03,28.094297409057617,28.103597290318103,27.843207710108462,27.89900522390039,46195200
2021-02-04,28.717376708984375,28.72667659071302,28.177995985120535,28.18729586684918,63061800
2021-02-05,28.72667694091797,28.94986878381312,28.661579541794936,28.92197091205816,38461900
2021-02-08,29.098663330078125,29.098663330078125,28.819672213287557,28.819672213287557,48756300
2021-02-09,29.10796356201172,29.200960607729264,28.90337148045001,29.005668408116417,33572000
2021-02-10,29.10796356201172,29.29395765344681,28.968468880320955,29.256758125651345,38899600
2021-02-11,29.01496696472168,29.23815879998618,28.819673000258344,29.126561995468414,31909500
2021-02-12,29.312557220458984,29.340455092347085,28.95916880386016,28.987068449519363,38271800
2021-02-16,29.81473731994629,29.95423021345563,29.479948699456894,29.610143485749024,71330600
2021-02-17,29.963531494140625,30.000727470086968,29.619442996958796,29.721738139009414,60460900
2021-02-18,29.78683853149414,29.944934748471468,29.545048699551504,29.749640778030308,45188200
2021-02-19,30.140222549438477,30.24251946064426,29.94493038125016,29.982129903059835,54361800
2021-02-22,30.41921615600586,30.530814737166505,30.028631764570065,30.037929872562373,65930200
2021-02-23,30.60521125793457,30.642410786220847,30.289022362585772,30.63310913037814,94331400
2021-02-24,31.200387954711914,31.28408511538498,30.633107593210262,30.651707356420065,66000600
2021-02-25,30.63310432434082,31.47007584175794,30.549407172599107,31.451476080532924,92189400
2021-02-26,30.047231674194336,30.67960944701083,29.93563309249107,30.58661062892477,103105700
2021-03-01,30.986494064331055,31.172488137273607,30.55871017984249,30.55871017984249,67590700
2021-03-02,30.874897003173828,31.125988452953816,30.846995588170515,30.94929249891884,49987000
2021-03-03,31.11668586730957,31.581669231307174,30.958593226370322,30.9957927469001,72541700
2021-03-04,30.763301849365234,31.330578587972973,30.31691468670812,31.032989511229314,101311800
2021-03-05,31.34917449951172,31.43287163879049,30.484305242811445,31.28407711868836,109299800
2021-03-08,31.749061584472656,32.15824919019244,31.451472533517162,31.581667299867526,90538200
2021-03-09,31.460777282714844,31.925760664031646,31.172486309183427,31.49797325708852,117224600
2021-03-10,32.102455139160156,32.22335181939973,31.553774571970575,31.60957385843697,73269300
2021-03-11,32.009456634521484,32.26054810470886,31.749067056938397,31.93506113273,50904800
2021-03-12,32.33494186401367,32.50233615008605,32.23264496168707,32.381439488469034,68126000
2021-03-15,32.14895248413086,32.465141342870766,31.851363387380577,32.45584323564688,57836400
2021-03-16,31.814167022705078,32.01876087736627,31.563075532223305,31.981561349692925,67373600
2021-03-17,32.02805709838867,32.21405117825424,31.693272011681064,32.04665686112943,64051100
2021-03-18,32.19545364379883,32.81853332234125,32.083858607172665,32.353549864266284,96690500
2021-03-19,31.823461532592773,31.972256062332868,31.488672953792204,31.944354649071872,98510500
2021-03-22,31.41340446472168,31.656265962642202,31.30131125343621,31.590880037691843,68170600
2021-03-23,30.974382400512695,31.441426769376438,30.862292749699808,31.226586787291005,70441900
2021-03-24,31.08647346496582,31.572200058264148,31.08647346496582,31.198566684141838,63357100
2021-03-25,31.609561920166016,31.656265642763532,30.82492726542458,31.06778876089105,60532600
2021-03-26,32.10462951660156,32.16067612468593,31.712313949808472,31.936493255614288,53779900
2021-03-29,31.824399948120117,32.029900590898066,31.497470346669207,31.65626370644096,71777800
2021-03-30,32.04857635498047,32.19803036609467,31.955165370993655,31.99252976458838,55011400
2021-03-31,31.805723190307617,32.113974207223826,31.78704098656124,31.9832023442652,51138300
2021-04-01,32.198036193847656,32.198036193847656,31.759013397809497,31.759013397809497,51690100
2021-04-05,32.45023727416992,32.60903061475485,32.347486965196154,32.54364470236518,51790700
2021-04-06,32.384849548339844,32.53430714275174,32.272759915796094,32.37551023032169,41336800
2021-04-07,32.543643951416016,32.61836917959493,32.31946114034948,32.47825804053513,38660800
2021-04-08,32.55299377441406,32.590358182194436,32.198042590298655,32.422221910448805,39927400
2021-04-09,32.83323287963867,32.85191152572997,32.59036772124676,32.77718625156351,40133700
2021-04-12,32.97333526611328,32.982678149921576,32.82388119457586,32.89861001197764,44435500
2021-04-13,32.66508483886719,32.823878216539796,32.48760569527332,32.78651381122889,39950900
2021-04-14,32.86124038696289,33.094762559375496,32.53431077089147,32.581014492720875,44065300
2021-04-15,32.83323287963867,32.97334410492592,32.524981770125954,32.93597968620915,55483500
2021-04-16,33.066741943359375,33.188170910783995,32.91728789145812,33.1227849857813,39115700
2021-04-19,32.97333526611328,33.150814425809436,32.86124560327675,33.05740340405721,31172300
2021-04-20,32.35682678222656,32.795849540704744,32.244737154008845,32.77716734212429,50227700
2021-04-21,32.80519104003906,32.833216121406046,32.15132829929867,32.244739298413165,39680000
2021-04-22,32.44090270996094,32.814539645057714,32.384856100716654,32.76783591898709,43611200
2021-04-23,33.04806900024414,33.18818020881832,32.38486311856634,32.44090973995601,50437700
2021-04-26,33.1788215637207,33.48706889367567,33.141457171221745,33.16947868396367,43749700
2021-04-27,33.44038009643555,33.487083826253105,33.15081483360698,33.22554008866183,50852400
2021-04-28,33.571144104003906,33.6645551050315,33.468397347771564,33.571144104003906,35771700
2021-04-29,34.168968200683594,34.196989722951095,33.80467059487703,33.83269568041033,48573000
2021-04-30,33.870052337646484,34.103574496399126,33.81400930003568,33.982145539398815,43940900
2021-05-03,34.03818893432617,34.22500737594249,33.90741709417437,34.159621455866585,33317300
2021-05-04,34.309078216552734,34.309078216552734,33.66455828330715,33.88873758040749,66939700
2021-05-05,34.589290618896484,34.72006241837398,34.411815114357644,34.411815114357644,38954200
2021-05-06,35.10305404663086,35.11239336552535,34.52391650373847,34.72941715207225,43332900
2021-05-07,35.28987121582031,35.2992140985853,34.617329750636486,34.70139787919268,64616700
2021-05-10,35.2618522644043,35.738235985437356,35.233830740598236,35.476692261204775,56341100
2021-05-11,34.636009216308594,35.224482506440935,34.50523381079151,34.90689221957321,82723700
2021-05-12,34.28105545043945,35.03766500476168,34.14094072239023,34.906893158990705,97911900
2021-05-13,34.83216857910156,35.04700855313214,34.13160205207184,34.15028425371784,66882600
2021-05-14,35.38328170776367,35.476689154448025,34.990962592504886,35.0283269964849,44850200
2021-05-17,35.448665618896484,35.48603002075345,35.13107532964327,35.271186491708654,40376700
2021-05-18,34.95359420776367,35.54207103199913,34.934915571166606,35.420638514526516,40299200
2021-05-19,34.73875427246094,34.75743647233308,34.17830252935775,34.551939400270065,63573900
2021-05-20,34.7574348449707,35.000299868672215,34.5145733845343,34.79479924296557,59216100
2021-05-21,35.10305404663086,35.28986893064466,34.878871197242596,34.89755339829708,44950300
2021-05-24,35.271183013916016,35.35525112817219,35.075025268406634,35.252504378094756,29159600
2021-05-25,34.916236877441406,35.588778323693205,34.869533154728394,35.31789530665147,38755900
2021-05-26,35.018985748291016,35.17777911156128,34.766781380215754,35.04700726809977,38601900
2021-05-27,35.420631408691406,35.51404238926369,35.13106627707872,35.336566871073195,39789500
2021-05-28,35.48603057861328,35.57943802145862,35.22448332476836,35.57943802145862,39265000
2021-06-01,35.70086669921875,35.94372816239551,35.60745570317757,35.84097784838279,35710700
2021-06-02,35.75690841674805,35.850319409349154,35.56075067718326,35.81295501230871,37537500
2021-06-03,35.84098434448242,36.05582432941868,35.532736909840246,35.64482656214051,54877500
2021-06-04,35.934391021728516,35.962412540606145,35.61680074247566,35.887683739245304,27250900
2021-06-07,35.70086669921875,35.990431878783525,35.635480783622505,35.990431878783525,37401800
2021-06-08,35.60745620727539,35.71954940411172,35.24316222572033,35.50470589180802,47747700
2021-06-09,35.271183013916016,35.51404803877393,35.1777755817492,35.46734432269052,40776200
2021-06-10,34.86017990112305,35.663496520551874,34.83215838848493,35.57008910291509,53775500
2021-06-11,35.08436965942383,35.1030518593142,34.91623342367579,34.92557274198833,40416700
2021-06-14,34.72007369995117,35.0750283876284,34.514576618256314,35.01898534865046,50613400
2021-06-15,34.78546142578125,34.96293697901567,34.56127859140568,34.72941482637104,51315100
2021-06-16,34.74809646606445,34.98161861494491,34.31841656730807,34.673367668055405,84961100
2021-06-17,33.72059631347656,34.94425363608042,33.61784956281691,34.92557143688816,97659900
2021-06-18,32.90793991088867,33.38432707726874,32.86123619501703,33.27223388325866,180960000
2021-06-21,33.67599105834961,33.69474726106959,33.178964207099874,33.23522923787991,89831400
2021-06-22,33.732261657714844,33.86355150712478,33.41341334741352,33.75101786154199,42576400
2021-06-23,33.79790496826172,33.95732732710846,33.71350384376052,33.760392562398984,48094900
2021-06-24,34.219913482666016,34.304314614299884,33.835420233529554,33.99484260584896,42942800
2021-06-25,34.632537841796875,34.72631528318605,34.20115588759856,34.398090660943865,56845000
2021-06-28,34.37934112548828,34.59503214442338,34.18240631394503,34.56689962202599,70250700
2021-06-29,34.257415771484375,34.74506626363463,34.163638344192975,34.5575078316723,61051200
2021-06-30,34.40746307373047,34.48248788024112,34.14488340570253,34.15425971782653,42414100
2021-07-01,34.67942428588867,34.69818048841123,34.398088402809954,34.576266960704515,36615600
2021-07-02,34.64191436767578,34.716939183151815,34.50124820472837,34.6794267754138,27018400
2021-07-06,34.09799575805664,34.57626639370961,33.87292490885656,34.55751019149462,49225300
2021-07-07,34.1448860168457,34.219910829093685,33.81666140671064,33.891682641578676,43747100
2021-07-08,33.46030044555664,33.7979049433122,33.30087450944767,33.6009701787481,75084200
2021-07-09,34.42621994018555,34.473108656470366,33.844791988018336,33.94794931027279,70546500
2021-07-12,34.76383590698242,34.82948084694577,34.06987409097536,34.21992017908885,62953400
2021-07-13,34.388710021972656,34.70755832408883,34.257420175933056,34.651293291431855,44476200
2021-07-14,34.22929000854492,34.63253946469902,33.854173070649864,34.40746858648594,69632700
2021-07-15,34.34181594848633,34.55750688726565,33.89167787050607,33.89167787050607,53977600
2021-07-16,33.8729248046875,34.52000125828542,33.79790357343804,34.52000125828542,56160700
2021-07-19,32.925758361816406,33.39465266243497,32.72882361412771,33.216470538676965,89972200
2021-07-20,33.74163818359375,33.96670905355793,32.82260565455191,32.888250579670604,70635800
2021-07-21,34.32306671142578,34.491868972086905,33.9854657674837,34.01359828513383,59975000
2021-07-22,33.94795608520508,34.285560633638504,33.80728633089767,34.201159496530146,35292300
2021-07-23,34.00421905517578,34.369959678636214,33.91044160959941,34.2761786556796,36766900
2021-07-26,34.2011604309082,34.266805364076966,33.919820914607165,33.9385771208526,25396000
2021-07-27,34.191776275634766,34.341822329508105,33.77915052182812,33.93857288896474,38988400
2021-07-28,34.1448860168457,34.360576985988736,33.91043884464067,34.31368826702372,42908200
2021-07-29,34.52000427246094,34.67005032544117,34.21991216650048,34.36995821948071,41434200
2021-07-30,34.248046875,34.679428857749336,34.163645741211624,34.42622545638421,52385300
2021-08-02,34.257415771484375,34.8763560927944,34.210527057838675,34.48248660531508,47589900
2021-08-03,34.64191436767578,34.68880666603835,33.87292789594695,34.37933466826987,42169600
2021-08-04,34.351200103759766,34.716937113956554,34.16364165362862,34.31368769825756,52346400
2021-08-05,34.80133819580078,34.80133819580078,34.55751113770951,34.56689102776373,37168200
2021-08-06,35.50468826293945,35.57033319963169,35.120194957721715,35.12957127265743,58081000
2021-08-09,35.59846496582031,35.76726725012432,35.2608603972123,35.45779878048742,48015600
2021-08-10,35.973575592041016,36.07673292282022,35.53281375230442,35.57032615938414,40907400
2021-08-11,36.38620376586914,36.39558365695502,35.90793306451734,36.07673533026039,48372100
2021-08-12,36.451847076416016,36.498735797623915,36.19864368903721,36.4237145591673,44566400
2021-08-13,36.179893493652344,36.52687434676315,36.09549235885454,36.479985622404456,43077200
2021-08-16,36.08610916137695,36.1236215683792,35.62659469642951,35.945443001188565,48011800
2021-08-17,35.832908630371094,36.104868236699325,35.47655146764477,35.842288521557755,52414800
2021-08-18,35.392147064208984,35.94544253955632,35.36401097062862,35.69223916161296,39550400
2021-08-19,35.12956237792969,35.3921456355939,34.90449510265161,35.00765242772899,48961300
2021-08-20,35.34525680541992,35.40152541844518,34.99827596854797,35.12956582156005,33898600
2021-08-23,35.63596725463867,35.786013289457756,35.52343362286928,35.52343362286928,28807400
2021-08-24,35.851661682128906,35.936062808484046,35.673483116436955,35.701615632762,37677300
2021-08-25,36.27366638183594,36.498733661413084,35.87041696376531,35.94544177521096,47904800
2021-08-26,36.095489501953125,36.479982735071005,36.05797709448307,36.4330904370434,38484300
2021-08-27,36.573760986328125,36.58313729971325,36.13299913224406,36.14237902300934,38511100
2021-08-30,36.057979583740234,36.611275111289956,36.039223378710375,36.592518906260096,30096500
2021-08-31,36.01108932495117,36.28304534284172,35.87979589533829,36.029841951801416,49876200
2021-09-01,35.80477523803711,36.057978633194885,35.68286169724702,36.03922242865947,43976200
2021-09-02,35.92668533325195,36.05797517502819,35.78601560141748,35.88917292777877,29611500
2021-09-03,35.70161819458008,35.9360653871252,35.61721706216863,35.861044145748494,34847500
2021-09-07,35.485923767089844,35.823528264011806,35.485923767089844,35.823528264011806,39214900
2021-09-08,35.40153121948242,35.57033350883863,35.213972722711,35.40153121948242,32523900
2021-09-09,35.50468826293945,35.84229283871712,35.326506082734156,35.35464218230279,33421000
2021-09-10,35.242095947265625,35.739122741353725,35.23271605829445,35.70161034022797,39350500
2021-09-13,35.64534378051758,35.70161238542961,35.39214400186261,35.49529774479849,40357300
2021-09-14,35.167076110839844,35.89855014918372,35.054542468951546,35.76726030408405,45670600
2021-09-15,35.50468826293945,35.58908940688387,35.110815065405255,35.148327479909604,36371300
2021-09-16,35.40153121948242,35.81415705047494,35.242108822524216,35.63597844610151,42630200
2021-09-17,35.242095947265625,35.579696825259006,35.148314944451236,35.354629573263416,82987200
2021-09-20,34.42457962036133,34.55643790316172,33.934817717910754,34.46225444198108,95008800
2021-09-21,34.37748336791992,34.77305816428908,34.29271682685963,34.641199898832696,45837600
2021-09-22,34.95201110839844,35.196890226504905,34.73538630583973,34.81073234492319,58347800
2021-09-23,35.809085845947266,35.97861888915427,35.23455759873104,35.29106981075585,71805000
2021-09-24,35.997467041015625,36.11990481432478,35.733746899027686,35.78084221954345,48066100
2021-09-27,36.48722839355469,36.590828755756746,36.25176616580112,36.317695302142646,58794500
2021-09-28,35.884437561035156,36.65675328354035,35.827928932914496,36.47780330637823,96152700
2021-09-29,35.912689208984375,36.07280175124534,35.74315616843312,35.997455729260004,49882500
2021-09-30,35.34758377075195,36.129319987308065,35.338166863758694,36.11989948744682,73319300
2021-10-01,35.93153762817383,36.17641676578265,35.30991748653923,35.4417757600877,70444000
2021-10-04,35.62071990966797,36.34594388792383,35.56420769048656,35.875019506682456,69772700
2021-10-05,36.31769943237305,36.496649452384204,35.7525878657761,35.884446153454725,56058400
2021-10-06,36.35536575317383,36.38362366305256,35.72432872082021,35.9880452605658,63405900
2021-10-07,36.57199478149414,36.958152689629415,36.52489946185182,36.732107371099,53295600
2021-10-08,36.75094223022461,36.88280049318915,36.44013038792116,36.609663466837915,38607500
2021-10-11,36.38362503051758,37.108849134943604,36.364787620846556,36.835712084016556,50748300
2021-10-12,36.27058792114258,36.51547056858115,36.1764044985076,36.33652062842779,58527700
2021-10-13,36.063392639160156,36.29885484715749,35.54537650013965,36.26118003158956,72105100
2021-10-14,36.666175842285156,36.67559274987803,36.119901787325254,36.468388447021006,51893500
2021-10-15,37.21244430541992,37.40081478297243,36.90163607139611,37.02407742073544,58411100
2021-10-18,37.221866607666016,37.43849140983661,37.03349612099257,37.137100068306374,56312700
2021-10-19,37.58919143676758,37.58919143676758,37.25012524003504,37.3914040196298,33082600
2021-10-20,37.89057922363281,37.89057922363281,37.41965479342181,37.523258742927155,44670200
2021-10-21,37.73046875,37.965930978261156,37.532677747680594,37.8811644323724,35067600
2021-10-22,38.25790023803711,38.3238293717569,37.87174234359191,37.90941716082274,41458200
2021-10-25,38.2108039855957,38.399174456562804,38.1166205465461,38.352082737038,33121000
2021-10-26,38.23905944824219,38.48394214572121,38.18255082026088,38.30498857613238,41586900
2021-10-27,37.608028411865234,38.314415115930515,37.598607910471294,38.14488201952536,62449500
2021-10-28,38.069522857666016,38.08836026287359,37.73046034253267,37.7587146539102,44566600
2021-10-29,37.9188346862793,38.1919717263489,37.8434886434588,38.11662568352841,42092000
2021-11-01,37.93767166137695,38.26732092444362,37.78697598459082,38.182554381697145,37503800
2021-11-02,38.031856536865234,38.14487738979488,37.824648645770765,37.928252591318,31436800
2021-11-03,38.17313003540039,38.31440879003507,37.83406389857155,37.909413525808176,42946800
2021-11-04,37.6739501953125,38.126037166512106,37.381975787866395,38.03185372817097,48279700
2021-11-05,37.69279098510742,38.135461089357044,37.57034962997851,37.975344918362595,57866300
2021-11-08,37.900001525878906,38.17313497780522,37.805814479638414,37.92825584331683,32864600
2021-11-09,37.69279098510742,37.82464924776862,37.447908274849596,37.70220789263971,48420400
2021-11-10,37.62686538696289,37.86232761893028,37.532678338454815,37.65511970508105,60695100
2021-11-11,37.73046875,37.8529065218305,37.52326083941227,37.68337343005299,31438900
2021-11-12,37.81523513793945,37.82465204616844,37.476168955800674,37.786977227515585,39218800
2021-11-15,37.81523513793945,38.01302254656426,37.73988550063375,37.91883549993212,30081100
2021-11-16,37.777565002441406,38.00360675664324,37.673961034736855,37.86233155848432,32599500
2021-11-17,37.34430694580078,37.72104431601842,37.2407030013088,37.72104431601842,53557200
2021-11-18,37.155941009521484,37.45733237971186,36.98640791468083,37.381982740729995,42990100
2021-11-19,36.75094223022461,36.96756703264753,36.46838829631942,36.83570876968299,71858100
2021-11-22,37.26895523071289,37.63627567309121,36.939309601108725,37.240700917566215,81965800
2021-11-23,37.8529052734375,37.881163183047455,37.353726515704736,37.51384269393328,61571200
2021-11-24,37.76813507080078,37.91883073360157,37.6268599079133,37.777555570714085,40410300
2021-11-26,36.51548385620117,36.741525589926354,36.10107161579261,36.58141299461006,76492200
2021-11-29,36.62849807739258,37.07116814885262,36.35536107190158,36.93930989595846,79316500
2021-11-30,35.75258255004883,36.3365314413305,35.6960739167991,36.18583217168232,121263700
2021-12-01,35.35700607299805,36.61908365364274,35.35700607299805,36.38362144526029,101946500
2021-12-02,36.4118766784668,36.60966407620578,35.55479436206292,35.686652627222244,98076400
2021-12-03,35.818504333496094,36.5531487507956,35.53595044662749,36.458961726594325,97178200
2021-12-06,36.364776611328125,36.71325960256673,36.10106014151161,36.38361401529608,69716600
2021-12-07,37.01465606689453,37.11826000680178,36.60966080700323,36.788614373340465,115475500
2021-12-08,36.81686782836914,37.18418826648074,36.72268439039565,37.03349261000245,53033200
2021-12-09,36.741519927978516,36.929890405633586,36.50605772912668,36.63791957849285,45521100
2021-12-10,36.779197692871094,37.005243002766356,36.543735475128166,36.99582250205039,38900900
2021-12-13,36.38362503051758,36.70385380918792,36.26118366409019,36.694433307918146,44343000
2021-12-14,36.600242614746094,36.87337961166039,36.2988513053468,36.32710561783179,51734400
2021-12-15,36.70384979248047,36.816870645269574,36.24234228821706,36.69442929224163,70424900
2021-12-16,37.16535186767578,37.429071968311796,36.939310173265426,37.12767705431807,71156600
2021-12-17,36.345947265625,36.967567362917286,36.11990196076043,36.9204756389904,97654400
2021-12-20,35.63996887207031,35.82924186714289,35.21410553567755,35.781924520895274,85242300
2021-12-21,36.37812423706055,36.539007522763875,35.999581912613245,35.999581912613245,57667900
2021-12-22,36.54846954345703,36.576862835097295,36.21724455833384,36.27402753153278,49702700
2021-12-23,36.737735748291016,37.068960672444746,36.7188080940421,36.756663402539935,39057300
2021-12-27,37.11628341674805,37.11628341674805,36.66203052294272,36.851299854467456,36120300
2021-12-28,37.135215759277344,37.37180606362776,37.04057747148825,37.05004310530793,34055200
2021-12-29,37.087886810302734,37.31501504192234,37.04056948165554,37.21091475285005,27150500
2021-12-30,37.02164840698242,37.40965634696823,36.90808607603281,37.2014593419075,30089100
2021-12-31,36.955406188964844,37.13521713739629,36.879699166005565,36.94594416487556,28497800
2022-01-03,37.40965270996094,37.55160831740793,37.21091774759999,37.22984540259833,49884400
2022-01-04,38.39387130737305,38.516899266864854,37.82605606524071,37.84498372132262,74210200
2022-01-05,37.94908142089844,38.706173243924745,37.92069174106343,38.50743465483559,76288400
2022-01-06,38.50743103027344,38.53582431751725,37.996398790938024,38.34655137957624,57725200
2022-01-07,38.96168518066406,39.056323457748704,38.46011494739946,38.59260492523682,62185500
2022-01-10,38.829200744628906,39.23613636896889,38.42226512028892,39.20774668683222,73620000
2022-01-11,39.169883728027344,39.188811382452634,38.61153055776453,38.9711487716832,60706300
2022-01-12,39.198280334472656,39.42540861764913,39.00901097692078,39.27399096555868,51560600
2022-01-13,39.04685592651367,39.46325710527809,38.91436595511807,39.25505651589588,51659600
2022-01-14,38.63993453979492,38.67778624904173,38.17621590322249,38.422268258695524,81135500
2022-01-18,37.77873229980469,38.422258118225336,37.54214203156418,38.38440641896842,82526700
2022-01-19,37.14468002319336,38.08157927336084,37.11629034018524,38.062651614661505,85975100
2022-01-20,36.9080810546875,37.73141415970018,36.83237043763391,37.24877161126679,80314000
2022-01-21,36.15099334716797,36.86076414478221,35.99957572141351,36.75666385018583,117914300
2022-01-24,36.255088806152344,36.33079580389148,34.845009421195925,35.52639045125062,169153300
2022-01-25,36.406517028808594,36.67149701329145,35.26141721711869,35.848163768590055,97364900
2022-01-26,36.50114822387695,37.106818764960295,36.065822973733454,36.803983494418624,106682000
2022-01-27,36.169921875,37.22984528087398,35.93333160341592,36.851299402307035,91498900
2022-01-28,36.643104553222656,36.65256657620167,35.573715452530685,36.02796836722998,79753600
2022-01-31,36.964874267578125,36.99326395180502,36.16993061848778,36.38759328775179,58740900
2022-02-01,37.47590255737305,37.570540844637634,36.82291462061427,37.012187585061916,64601500
2022-02-02,37.731422424316406,37.797667423708006,37.220390087592875,37.456980402586225,46649400
2022-02-03,37.315025329589844,37.85445096706396,37.258242353509814,37.72196096629232,50677000
2022-02-04,37.94908142089844,38.270844362660206,37.362338507126275,37.38126616371007,77792400
2022-02-07,38.06264114379883,38.308693419038796,37.77872995149324,37.99639616161573,52710400
2022-02-08,38.592613220214844,38.68725151764075,38.232998520242155,38.32763320758614,56921200
2022-02-09,38.83866500854492,39.09418296900553,38.70617501647235,38.80080969364375,67505300
2022-02-10,38.49797058105469,39.16988610862479,38.3370873137023,38.658850238325904,67260800
2022-02-11,37.95854187011719,38.838657925615976,37.73141363221262,38.374939427847885,77962800
2022-02-14,37.53268051147461,38.072106041474235,37.220383230460584,37.93961606709974,71521600
2022-02-15,38.04371643066406,38.242451392573365,37.854443491191894,37.986933465798096,55439600
2022-02-16,38.072113037109375,38.24245835262875,37.80713303967111,37.85445038063055,41168800
2022-02-17,37.12575149536133,37.79766711808997,37.0216511799929,37.67464275454699,59107800
2022-02-18,37.11628341674805,37.428580701828736,36.927010475142225,37.08789012895446,47816500
2022-02-22,36.92700958251953,37.28662780186958,36.61470869490689,36.945937237230694,60719700
2022-02-23,36.28348922729492,37.31502309888524,36.18885454956726,37.20146076359574,64169800
2022-02-24,35.8481559753418,35.96171828542052,34.826084354391085,35.08160225962877,143075700
2022-02-25,37.00271987915039,37.09735816111525,36.07528637638268,36.08475200961983,99127100
2022-02-28,36.45383834838867,36.69042867753703,36.075292377718526,36.122609721531816,107370200
2022-03-01,35.10999298095703,36.207771637982034,34.87340272202853,36.10367495652142,129873100
2022-03-02,36.01850509643555,36.22670208549255,35.38444127636991,35.403368931753484,88182500
2022-03-03,35.90494155883789,36.368660121460536,35.60210627266523,36.17938716508229,71952600
2022-03-04,35.2330207824707,35.280338112046906,34.826085249969836,35.270876090164,105904100
2022-03-07,33.94597244262695,34.949116531792185,33.927044786973134,34.911261220484555,116046200
2022-03-08,33.74724197387695,34.70306524633454,33.58636229448655,34.08793260091741,114915000
2022-03-09,34.98697280883789,35.280342454366924,34.73145486558012,34.87340687178025,88716400
2022-03-10,34.693607330322266,34.920735645270504,34.30559931693402,34.40969964419854,71547300
2022-03-11,34.44754409790039,35.214094247603335,34.428616443452285,34.99643163657158,76788200
2022-03-14,34.882877349853516,35.45069267368147,34.721994055050466,34.968050009435885,70969700
2022-03-15,35.37498092651367,35.431760285268204,34.93019002916955,35.233025309464736,51828700
2022-03-16,36.368656158447266,36.42543912219764,35.7156683206824,35.82923063810216,87007600
2022-03-17,36.82291030883789,36.832372331415634,35.923866540546186,36.16045681588184,58266400
2022-03-18,36.9080810546875,37.00271571592356,36.46329020469999,36.813446393451436,82342500
2022-03-21,36.87199020385742,37.185509482287465,36.68197665294468,37.07150280142263,46828600
2022-03-22,37.470523834228516,37.708039840433784,37.26151221322839,37.30901468962812,61053100
2022-03-23,36.7769775390625,37.31851374339249,36.75797582365712,37.233007836171616,42142600
2022-03-24,37.07149887084961,37.10950230184418,36.76747867130633,37.03349543985503,30421500
2022-03-25,37.54652404785156,37.62252727179268,37.13799629957583,37.195001435686166,48613100
2022-03-28,37.442020416259766,37.470521175235795,37.01449091058741,37.43252137133655,44761000
2022-03-29,37.527530670166016,38.012061749990586,37.30901636952303,37.89805507665659,67968600
2022-03-30,37.261505126953125,37.54652355535421,37.04299087770542,37.52752184356668,47405300
2022-03-31,36.40645980834961,37.36602667870082,36.39696076101275,37.21401292765268,66619600
2022-04-01,36.31144332885742,36.7294701391199,36.054925641580624,36.653466911893155,68422500
2022-04-04,36.149932861328125,36.44445399289426,35.89341515787498,36.22593971755411,134312400
2022-04-05,35.92192459106445,36.39695663663903,35.83641867789275,36.007430504236154,56165700
2022-04-06,35.67490005493164,35.826910139650835,35.541891683828126,35.63689662770027,55835100
2022-04-07,35.636898040771484,35.807909845887316,35.133365294711794,35.646400710059275,53346900
2022-04-08,35.9979248046875,36.15943757117979,35.684405565577244,35.77941051701512,44672300
2022-04-11,35.83641815185547,36.254445041110465,35.779413002508804,35.902922347323155,54435500
2022-04-12,35.4468879699707,36.140434232081134,35.294877879976724,35.80790966857739,67215400
2022-04-13,35.4468879699707,35.46588968424575,35.04785921860749,35.11436340646696,57445600
2022-04-14,35.04785919189453,35.617899747092295,35.03836014686746,35.370881085911336,68544200
2022-04-18,35.256874084472656,35.41838321781996,34.819845533314364,34.82934457824982,52748400
2022-04-19,35.74140167236328,35.79840680911436,35.34237658772383,35.35187563174599,41519100
2022-04-20,35.98842239379883,36.24494008774095,35.90291649581812,36.01692315172365,54635800
2022-04-21,35.41838455200195,36.40645197600191,35.3518803623295,36.2354401670709,54998100
2022-04-22,34.363807678222656,35.370876662862486,34.32580787865973,35.36137761902325,73170900
2022-04-25,34.42082214355469,34.49682901169395,33.56576662222974,34.07879848534193,91392800
2022-04-26,33.5562629699707,34.39232037401018,33.53726125349176,34.03129500932386,81457500
2022-04-27,33.52775955200195,33.86978317312151,33.40425021677399,33.508757837027915,81603000
2022-04-28,33.95529556274414,34.07880129735107,33.36625315868096,33.86978964113544,62680000
2022-04-29,32.78670883178711,33.907784702807305,32.71070559223335,33.7842789855066,74631700
2022-05-02,32.796207427978516,33.05272512499596,32.15016366309155,32.938714843517346,104408800
2022-05-03,33.22373962402344,33.55626057818687,32.910216760777985,33.024223427318795,73896300
2022-05-04,34.24031066894531,34.297312194845475,33.16673723260736,33.28074390861457,87794900
2022-05-05,33.242733001708984,33.907774743240154,32.83420528950802,33.84127056908704,101093900
2022-05-06,33.005218505859375,33.157228571190316,32.53018659867445,33.109722481107156,99281900
2022-05-09,32.2166633605957,32.75819943745875,32.06465329733951,32.558686908973584,85922800
2022-05-10,31.931642532348633,32.72019354334507,31.53261388132202,32.51118198728876,107581200
2022-05-11,31.637128829956055,32.61569716352873,31.5896263572676,31.96965338718795,110212200
2022-05-12,31.39961051940918,31.69413162701952,30.79157021588366,31.371109762745824,114304100
2022-05-13,31.85564422607422,32.121664606073836,31.570625755694934,31.779640991936102,64036200
2022-05-16,31.58962631225586,31.874644772186823,31.34261128010405,31.732137354324518,55662200
2022-05-17,32.435176849365234,32.53018540183019,32.026649134280206,32.207163571860754,62859300
2022-05-18,31.54212760925293,32.178668791698605,31.418618266313178,32.13116631340079,74279300
2022-05-19,31.33310890197754,31.56112584656321,31.06709215346624,31.114594626528064,71525400
2022-05-20,31.27610206604004,31.713134217478146,30.620559275192154,31.551621468766932,77984600
2022-05-23,32.292667388916016,32.53018331855904,31.71312794071416,31.874637033252792,78189300
2022-05-24,32.22616958618164,32.33067720750039,31.561127676347017,32.10266387390183,77871200
2022-05-25,32.48268127441406,32.68219743453203,32.0551554472328,32.15016038122732,72192600
2022-05-26,33.233238220214844,33.347244885214444,32.80570869620819,32.83421308061299,50803200
2022-05-27,33.79377365112305,33.860277836190036,33.3187416868124,33.37574682724394,43862500
2022-05-31,33.69876480102539,33.95528246691812,33.33773953522756,33.51825035602355,64778900
2022-06-01,33.15723419189453,33.69877036794829,32.84371134038633,33.613264465192096,48642400
2022-06-02,33.61326599121094,33.64176675202143,32.929218738106094,33.18573645802041,45334700
2022-06-03,33.128726959228516,33.44224978377496,33.090727157876394,33.29973875003456,36699400
2022-06-06,33.22373962402344,33.74627410522594,33.214236954357865,33.404250481396936,32829600
2022-06-07,33.480255126953125,33.50875588565116,32.96721972515032,32.99572048384836,32031400
2022-06-08,32.891212463378906,33.31874195960002,32.76770676107549,33.22373701564258,38251800
2022-06-09,32.06466293334961,32.872215957543816,32.045661216706506,32.85321786510758,49715100
2022-06-10,30.905580520629883,31.485120136009513,30.877079760596953,31.371113471671286,74190900
2022-06-13,29.984020233154297,30.497053866269102,29.80350937244717,30.12652947501378,104065100
2022-06-14,29.727502822875977,30.316541476071997,29.499485872880424,30.107528052696512,75592200
2022-06-15,30.060022354125977,30.487551850152432,29.546988770997384,30.04102245260503,87858800
2022-06-16,29.29997444152832,29.461485396970144,29.052957579552395,29.451984539343766,100838500
2022-06-17,29.385480880737305,29.71800365527502,29.100460583089262,29.366479165140102,116937700
2022-06-21,29.971927642822266,30.162954046762554,29.790454563018073,30.057889342419113,58065800
2022-06-22,29.905067443847656,30.182055533453227,29.589875168433252,29.628081176004798,48035800
2022-06-23,29.79045295715332,29.98147752903356,29.303337292950243,29.92417033964576,69348900
2022-06-24,30.888853073120117,30.91750575962915,29.866865961006148,29.914621653029783,65489300
2022-06-27,30.78378677368164,31.127633568123414,30.64051970501461,31.127633568123414,47244800
2022-06-28,30.478147506713867,31.395069908555893,30.45904450123477,31.098982432444306,42459900
2022-06-29,30.306222915649414,30.621417028438582,30.20116003314916,30.506800821809538,64507500
2022-06-30,30.038789749145508,30.30622454269971,29.46571232875909,29.828660329338177,75294300
2022-07-01,30.44948959350586,30.54500278845777,29.742694865681987,29.94327275725727,77308400
2022-07-05,30.34442710876465,30.36353011235316,29.6280808700597,29.971925825839445,51536800
2022-07-06,30.26801872253418,30.51635231871702,29.981479116894228,30.277570224898458,48001700
2022-07-07,30.70737648010254,30.79333817334098,30.497247086958495,30.525899770196197,33120100
2022-07-08,30.640520095825195,30.88885187079745,30.516352386576266,30.793340490467877,29062200
2022-07-11,30.39218521118164,30.621417628935053,30.306223509964823,30.468595409845168,30564300
2022-07-12,30.20115852355957,30.755132880757078,30.14384951222821,30.16295251600533,38211000
2022-07-13,29.93372344970703,30.134299534221732,29.561223966029562,29.876416257240376,51441600
2022-07-14,29.360645294189453,29.456158493651962,29.007248824469755,29.322441107462105,57782300
2022-07-15,30.353979110717773,30.525900680559143,29.704491552107967,29.78090174595837,59650200
2022-07-18,30.239362716674805,30.9939149701894,30.105645333728003,30.783785572115608,38671600
2022-07-19,31.14673614501953,31.242247522819554,30.554555765140503,30.640519284333482,40568000
2022-07-20,31.261350631713867,31.318659644700997,30.984362534231025,31.079877555876244,38507700
2022-07-21,31.461923599243164,31.461923599243164,30.93660378450552,31.17538584970674,40561800
2022-07-22,31.28045654296875,31.672059059292362,31.041674431953723,31.50968897269456,25741200
2022-07-25,31.48103141784668,31.62430213629592,31.251802640558758,31.471481736928734,24699300
2022-07-26,31.041671752929688,31.509686253278947,30.965259735107136,31.32820953271316,26357800
2022-07-27,31.519237518310547,31.67205791811284,31.060776318903663,31.165841026928817,44817200
2022-07-28,31.748470306396484,31.758019987451895,31.04167367194546,31.54789056897509,40974600
2022-07-29,32.1973762512207,32.302440954143954,31.79622408754162,31.8248767725114,38724000
2022-08-01,31.929933547973633,32.11140658026926,31.710254516186925,31.891727548482557,35131300
2022-08-02,31.5765438079834,31.987249280149495,31.53833780045041,31.77711988224347,36806900
2022-08-03,32.05411148071289,32.13051986061831,31.633852638892744,31.815329372779015,27314900
2022-08-04,31.949045181274414,32.111415257701594,31.891736166551247,32.02545355737966,24505800
2022-08-05,32.17827224731445,32.331092634949435,31.74846741201481,31.86308179185969,34366100
2022-08-08,32.15917205810547,32.522121876827256,32.13051937151783,32.41705716797155,24369100
2022-08-09,32.32154083251953,32.40750252264027,32.15916713183582,32.21647613975805,26425400
2022-08-10,33.04744338989258,33.17161111037318,32.81821459895633,32.8850732999399,45366000
2022-08-11,33.439048767089844,33.64917821297977,33.31488467954239,33.35308705227362,46985200
2022-08-12,33.9643669128418,33.973916593605345,33.429493701941496,33.601417103890675,36370300
2022-08-15,33.95480728149414,34.050322289016165,33.55365518047661,33.62051386397953,25366000
2022-08-16,34.20314407348633,34.355964448323114,33.80198831233655,33.80198831233655,41300800
2022-08-17,34.03122329711914,34.184043683634904,33.79244121546792,33.811544219223066,33158000
2022-08-18,34.06943130493164,34.11719064399387,33.84020250894743,34.002572602475745,15966200
2022-08-19,33.39128875732422,33.868852968304914,33.276674366876065,33.868852968304914,33587400
2022-08-22,32.65583801269531,32.91372311261445,32.569876312722265,32.904173431962164,36810100
2022-08-23,32.52211380004883,32.856410849161215,32.52211380004883,32.61762880416302,23244000
2022-08-24,32.69404220581055,32.79910690477618,32.39795111268243,32.464813447635905,20682200
2022-08-25,33.200260162353516,33.22891649072664,32.67494029350317,32.76090199157145,26402600
2022-08-26,32.206932067871094,33.35308327767472,32.17827573715792,33.34353359645422,38230600
2022-08-29,31.977691650390625,32.20692402119474,31.786665281974685,31.968141971556044,34872100
2022-08-30,31.80577278137207,32.187825572236626,31.614746385939792,32.0827608725726,41870700
2022-08-31,31.56698989868164,32.08276006023177,31.519234211914114,31.96814568328464,39768200
2022-09-01,31.662508010864258,31.710263702300075,31.051222772498427,31.43327559103636,40604600
2022-09-02,31.41417121887207,32.29289120586441,31.261350826811515,32.025452787114276,43208800
2022-09-06,31.3377628326416,31.652953297103743,31.022568724653915,31.57654492286541,45877100
2022-09-07,31.958595275878906,32.01590429134431,31.194493287301913,31.24224897842691,35023000
2022-09-08,32.52211380004883,32.541216800871666,31.66250062417025,31.79621798640526,50760900
2022-09-09,32.81821060180664,32.90417229881937,32.6558368881046,32.665390211953515,41327100
2022-09-12,33.08564758300781,33.257570988516285,32.87551816660285,32.951930188395835,41969600
2022-09-13,31.853530883789062,32.55077782649576,31.74846981968704,32.43615979443329,60771600
2022-09-14,31.75801658630371,32.073210680262974,31.471478819493267,31.92038665153699,39233200
2022-09-15,31.863079071044922,32.27378451090448,31.7102586964594,31.796220384884077,47653000
2022-09-16,31.5765438079834,31.633849175757465,31.242246707357864,31.54788748057095,53893300
2022-09-19,31.934682846069336,31.953886342993314,31.20496827642082,31.20496827642082,36491400
2022-09-20,31.464204788208008,31.742649953525618,31.176159707362032,31.675439556751286,42193600
2022-09-21,30.811302185058594,31.781054860134596,30.792098690354145,31.665837554600007,49644600
2022-09-22,30.29281997680664,30.926520675565758,30.23521132183203,30.87851376831127,52299500
2022-09-23,29.812744140625,30.062384092013673,29.380676473154963,29.99517368805252,56801000
2022-09-26,29.342269897460938,29.870355051426724,29.13103693468233,29.591909852388113,49969700
2022-09-27,29.21744728088379,29.72632704551545,28.919800453330748,29.572702758304462,60630400
2022-09-28,29.793540954589844,29.96636691394381,29.227050676782444,29.303862824721783,46088700
2022-09-29,29.419078826904297,29.591906609943425,29.054221598201906,29.476689308814663,41860000
2022-09-30,29.150238037109375,29.80314219925298,29.073425890465774,29.438283129186363,37984300
2022-10-03,29.937564849853516,30.091189152643263,29.09262935316377,29.43828495011377,47086100
2022-10-04,31.051342010498047,31.080145422725927,30.360032646836675,30.398437806922566,53441800
2022-10-05,30.811302185058594,30.98412997470653,30.465646605762718,30.571263995291137,41766800
2022-10-06,30.37923240661621,30.849708865431978,30.31202200716997,30.638474088491176,34717900
2022-10-07,29.659114837646484,30.206401556333834,29.495888813533956,30.110387756199515,36380700
2022-10-10,29.52469825744629,29.94716599732162,29.351870462436104,29.82234510921599,31011700
2022-10-11,29.150238037109375,29.63991615871708,29.025417154222254,29.332665740796653,50431900
2022-10-12,29.083030700683594,29.467091474350134,28.97741330117046,29.1598428554169,48265700
2022-10-13,30.283220291137695,30.36003244213773,28.410921592410958,28.49733549120426,83086100
2022-10-14,29.774333953857422,30.907312544718565,29.707123561242746,30.552057089085025,60886900
2022-10-17,30.523256301879883,30.72488749703308,30.32162327538068,30.408037167973767,47222200
2022-10-18,31.012929916381836,31.358585457013476,30.657674460817848,31.320178471900693,48150700
2022-10-19,30.504053115844727,31.003332982238636,30.331225328912527,30.744091301840335,35205700
2022-10-20,30.014373779296875,30.7728934639782,29.927959889335643,30.465644891380908,43124400
2022-10-21,30.907318115234375,30.936125190612433,29.87995671694388,30.100791427149744,54487300
2022-10-24,31.3201847076416,31.464209099143442,30.99373259457086,31.089750076469564,40117200
2022-10-25,31.694639205932617,31.752249686847993,31.099345553908023,31.1569560348234,33950300
2022-10-26,31.77145767211914,32.126713197924474,31.704247266228737,31.790661168472457,38012100
2022-10-27,32.03069305419922,32.38594850985724,31.9730825765148,32.069100039322166,41232200
2022-10-28,32.82762145996094,32.866028449306576,32.0594999865086,32.11711047052706,36421300
2022-10-31,32.6259880065918,32.84682268603895,32.577981104571435,32.61638809126446,40083800
2022-11-01,32.71240234375,32.981243928902984,32.56837797302268,32.894830039004965,38946100
2022-11-02,32.299537658691406,33.22128341207496,32.27073424848943,32.64519323188325,58039800
2022-11-03,31.973085403442383,32.222727166122134,31.761854291973382,31.89627508909693,40828100
2022-11-04,32.55878448486328,32.73161229877656,32.09791153532541,32.43396358310533,41825600
2022-11-07,32.88522720336914,32.90443069527366,32.58757857288647,32.7988133211446,30060300
2022-11-08,33.077266693115234,33.24049092089506,32.73161107817855,32.89483530595838,34839600
2022-11-09,32.52037811279297,32.98125107115607,32.45316770194997,32.85643382970062,42126200
2022-11-10,34.16223907470703,34.21024598314189,33.42292096419482,33.50933486445449,67677700
2022-11-11,34.440670013427734,34.59429427077392,34.21023545875406,34.33505264974763,46076100
2022-11-14,33.95100021362305,34.37346608499006,33.92219680455244,34.344662675919466,38002700
2022-11-15,34.02781295776367,34.45028252202171,33.68216103613277,34.315861719827666,57802100
2022-11-16,33.864585876464844,34.095020471370056,33.74936857901224,34.00860658260764,32852400
2022-11-17,33.682159423828125,33.70135925520065,33.374907181488,33.470924651810535,35706900
2022-11-18,33.96060562133789,34.18144033954126,33.6821640756769,34.133433429095746,39455400
2022-11-21,34.06622314453125,34.13343355193535,33.87419183936561,33.91259883293724,24630900
2022-11-22,34.4118766784668,34.45028366971379,34.24864879701321,34.24864879701321,29582300
2022-11-23,34.55590057373047,34.64231447146331,34.35426570389236,34.35426570389236,27916900
2022-11-25,34.671119689941406,34.71912659947425,34.527095298650465,34.594305704534925,11266500
2022-11-28,34.07582473754883,34.62311154461233,34.01821425055025,34.47908715846202,34196600
2022-11-29,34.27745056152344,34.35426086942567,33.99900541215794,34.037412397454915,31489600
2022-11-30,34.86315155029297,34.87275146727664,33.73977080319448,34.22945081128875,58607000
2022-12-01,34.66151428222656,35.035976947293804,34.39267267286855,35.035976947293804,58157600
2022-12-02,34.498291015625,34.52709442807997,34.19104240713092,34.29665980305557,40483300
2022-12-05,33.643760681152344,34.296664988592205,33.461329274175014,34.239054492279436,53402000
2022-12-06,33.34611129760742,33.797384353241,33.07726964541353,33.60535303194845,45102200
2022-12-07,33.21167755126953,33.58613646763432,33.1348635875581,33.21167755126953,37775900
2022-12-08,33.24048614501953,33.470924409432925,33.12526884415881,33.307696542412614,46600900
2022-12-09,33.15407180786133,33.39410998466355,33.10606490503927,33.11566848321882,40885600
2022-12-12,33.59574508666992,33.63414841159803,33.01965126044512,33.17327554823335,72570900
2022-12-13,33.682159423828125,34.46948436701298,33.46132107343229,34.46948436701298,55659000
2022-12-14,33.25969314575195,33.922200936610906,33.11567242016391,33.59574883084207,54685100
2022-12-15,32.606788635253906,32.87563391339952,32.395557507123016,32.741209442980555,70330100
2022-12-16,32.357147216796875,32.453161023186745,32.059498556681184,32.26112974771507,59619300
2022-12-19,32.27019119262695,32.598690277306105,32.06729198910541,32.27019119262695,37456800
2022-12-20,32.40545654296875,32.62767598147185,32.27985296967256,32.39579274505265,45446400
2022-12-21,32.90787124633789,33.004487123569994,32.6953118936359,32.71463580621422,31318100
2022-12-22,32.61801528930664,32.72429496254915,32.086620608753435,32.695310937359146,25605100
2022-12-23,32.80158615112305,32.84989408175857,32.434439244107146,32.598690631058545,17116200
2022-12-27,32.79193115234375,32.94651878325174,32.656667436006735,32.869226810627666,25601100
2022-12-28,32.67598342895508,32.93685068393162,32.63733560918249,32.84989493227277,24395100
2022-12-29,33.13008117675781,33.188049212148506,32.77259442544265,32.84989005350811,26624200
2022-12-30,33.04313278198242,33.110764628741954,32.772601709285084,32.88854517715218,24735700
2023-01-03,33.1590690612793,33.516552168623754,32.91752572389488,33.28467262870367,37396500
2023-01-04,33.690467834472656,33.93201120174006,33.40061653088363,33.49723240352688,44669300
2023-01-05,33.43926239013672,33.57452607815622,33.207379149489675,33.57452607815622,45585700
2023-01-06,34.1832160949707,34.28949575920776,33.42959833295293,33.661481571802796,41229700
2023-01-09,34.057613372802734,34.49239215299162,33.97065761676495,34.29915673005665,48726600
2023-01-10,34.250850677490234,34.279834702542175,33.883703722308546,33.99964350817564,34663700
2023-01-11,34.56968688964844,34.56968688964844,34.27017546139925,34.33780731201419,32014700
2023-01-12,34.63731384277344,34.840213051589075,34.41509440993623,34.68562545980411,56642400
2023-01-13,34.89818572998047,34.94649366776825,34.06727593165675,34.192879518432505,65920900
2023-01-17,34.66630554199219,34.83055326470127,34.56002586934074,34.811229352795614,65345200
2023-01-18,34.01896286010742,34.68562483221563,33.98997883894058,34.47306551523518,53693000
2023-01-19,33.622833251953125,33.79674475709422,33.390953702204335,33.603509341864225,61169500
2023-01-20,34.154232025146484,34.17355593758087,33.56486928136518,33.719456895180834,42330100
2023-01-23,34.55035400390625,34.695281466532045,34.07693117255783,34.18321082039561,44997300
2023-01-24,34.56968688964844,34.72427450329108,34.10592404872051,34.49239492565683,34333500
2023-01-25,34.840213775634766,34.84987388784631,34.26050753014957,34.2701713280201,38458700
2023-01-26,35.02378845214844,35.08176018745831,34.69528932337778,34.92717257895796,29944200
2023-01-27,35.02378845214844,35.22668399724403,34.92717257895796,34.9754805155532,30787400
2023-01-30,34.84987258911133,35.10107972515765,34.79190086102552,34.84021247725978,31595000
2023-01-31,35.32330322265625,35.332963335620384,34.75326073063105,34.9175084506363,30282100
2023-02-01,35.32330322265625,35.63247843673847,34.8788606274612,34.95615627381139,51418700
2023-02-02,35.41991424560547,35.564841719840466,35.139723094435816,35.51653010465628,42107300
2023-02-03,35.35228729248047,35.65180239398211,35.130067837428,35.139727950404506,43155000
2023-02-06,35.34262466430664,35.352284776595674,35.07209360664644,35.14938924759479,32273600
2023-02-07,35.748409271240234,35.854688915535746,35.12039520167132,35.12039520167132,33000500
2023-02-08,35.53586196899414,35.84503720996219,35.43924608831397,35.48755402865406,34555500
2023-02-09,35.13972473144531,35.78706281135057,35.062432777735715,35.68078315004829,44329600
2023-02-10,35.25566864013672,35.2846526624401,34.84987389959438,34.96581367446691,28108900
2023-02-13,35.66145706176758,35.66145706176758,35.20735442236435,35.23634212818626,32209000
2023-02-14,35.46822738647461,35.825714225937446,35.24600792948003,35.59383097022261,33525300
2023-02-15,35.50687789916992,35.526201812414605,35.13973091884007,35.188038859121995,28510000
2023-02-16,35.149391174316406,35.4199185611466,35.08175932760886,35.16871508561274,34379100
2023-02-17,35.1590461730957,35.20735410148032,34.86919491712933,34.97547457097069,35889800
2023-02-21,34.434417724609375,34.90784428945343,34.279830135495594,34.85953635891641,36425200
2023-02-22,34.395774841308594,34.569686364723225,34.21220320466398,34.43442266554726,31065200
2023-02-23,34.42475891113281,34.70494639307866,34.10591992337718,34.54069868592623,42357600
2023-02-24,34.45374298095703,34.56002264368889,34.06727215023372,34.12524388053991,48732600
2023-02-27,34.44408416748047,34.83055132711688,34.37645232240262,34.77258328028394,31664600
2023-02-28,34.51171875,34.6856302756116,34.40543907483075,34.49239483763655,32531400
2023-03-01,34.395774841308594,34.55036245260389,34.26051114213263,34.3571307027293,32790300
2023-03-02,34.23152160644531,34.27016942446274,33.82572688857989,34.19287378842788,38401900
2023-03-03,34.7725830078125,34.78224312032258,34.299156410318105,34.366788254866,33091600
2023-03-06,34.80155944824219,35.014118733741455,34.695279805492554,34.7918956521786,30111100
2023-03-07,33.90302276611328,34.704944724563866,33.81606701778406,34.675960703673724,53804400
2023-03-08,33.77742004394531,34.047951093099,33.603508542938975,33.86437579444848,50860300
2023-03-09,32.40545654296875,33.642157308780455,32.24120514932619,33.5841855782609,107108500
2023-03-10,31.816091537475586,32.57936943635726,31.42962068887092,32.028650872774065,166569400
2023-03-13,30.560060501098633,31.22672059044655,30.30885706616164,30.685664061396444,165965900
2023-03-14,31.17841339111328,31.7387919985969,30.791944432764566,31.72913188711387,128115500
2023-03-15,30.347505569458008,30.473109140226175,29.912726813459685,30.299197637826847,132235000
2023-03-16,30.927207946777344,31.246046927939677,29.854756759382827,30.14460987603146,133892600
2023-03-17,29.932052612304688,30.63735877847769,29.85475881111901,30.63735877847769,136760600
2023-03-20,30.265092849731445,30.527254829317144,30.11944792284241,30.167995614480184,75384500
2023-03-21,31.03215980529785,31.109839081803578,30.886514865801384,30.95448238076801,115899200
2023-03-22,30.313640594482422,31.119544500121226,30.294222628978726,31.032157173439547,67874100
2023-03-23,30.109739303588867,30.68261097893163,29.896126858468573,30.371901294401823,82366300
2023-03-24,30.090320587158203,30.11945031564047,29.50773898134395,29.740771253274477,76619100
2023-03-27,30.507837295532227,30.67290205222256,30.33306262939236,30.604934538051694,61393300
2023-03-28,30.498126983642578,30.604934134202196,30.313642410487557,30.46899725567836,42980100
2023-03-29,30.944774627685547,30.954482685368408,30.69232253248539,30.82825756375628,52147200
2023-03-30,30.87680435180664,31.187514043843684,30.702031539017693,31.168094225097406,45061700
2023-03-31,31.216644287109375,31.226352344090923,30.935062483274432,31.05157768681072,49034400
2023-04-03,31.274900436401367,31.40112740248314,31.090417719783066,31.187513106644996,51213500
2023-04-04,30.983613967895508,31.401130844277574,30.779711410765287,31.352583145525426,45939300
2023-04-05,30.944774627685547,31.032160110662613,30.74087022880331,30.750580138462073,57965300
2023-04-06,31.061288833618164,31.11954643770798,30.857386293315876,30.886514169372866,36762300
2023-04-10,31.129257202148438,31.138965259205982,30.87680327123348,30.944772634466776,27900700
2023-04-11,31.4011287689209,31.53706379802352,31.187514463787203,31.206934282794972,53912600
2023-04-12,31.333160400390625,31.721545658105367,31.25548112647669,31.55648275696572,63645800
2023-04-13,31.614744186401367,31.63416400609241,31.138967863850517,31.352582176500107,58550300
2023-04-14,31.925451278686523,32.187613267115296,31.770096437834464,31.944871096786976,65276200
2023-04-17,32.2944221496582,32.30413391231984,31.770101788447967,31.906036834093296,69670600
2023-04-18,32.391517639160156,32.45948515439248,32.11964757823085,32.362389762332526,49507500
2023-04-19,32.46919250488281,32.55657983741431,32.28470978240596,32.342969238744196,39478900
2023-04-20,32.37209701538086,32.45948434764361,32.245870045678735,32.25558180701442,39291800
2023-04-21,32.255577087402344,32.29441301520758,32.07109068853507,32.27499690328054,41545000
2023-04-24,32.17790603637695,32.352680719935776,32.100230456990865,32.236165498880595,32774200
2023-04-25,31.624446868896484,32.03225560518722,31.61473881267703,31.973996156016756,58534300
2023-04-26,31.323448181152344,31.711837137139565,31.187513157742295,31.537062477340474,54294200
2023-04-27,31.828353881835938,31.886613339237403,31.439968611014802,31.439968611014802,46398800
2023-04-28,32.20703125,32.23616283081676,31.605031669762635,31.672999185082087,54577500
2023-05-01,32.119651794433594,32.45948941520419,32.08081215093059,32.294422782292564,31950600
2023-05-02,31.391416549682617,32.003124099547435,31.100123007136034,31.993416043306468,76096700
2023-05-03,31.03215980529785,31.58561168656996,31.00303192858409,31.430256837510274,65642400
2023-05-04,30.63405990600586,30.925351609712326,30.352479962929557,30.760286866538042,76076600
2023-05-05,31.391416549682617,31.439964238789965,31.090414950895067,31.13896264000241,54989500
2023-05-08,31.439966201782227,31.67299660562752,31.40112656649085,31.566189460551975,34323600
2023-05-09,31.323448181152344,31.449675147440928,31.138965464231788,31.206932975936812,29736200
2023-05-10,31.148679733276367,31.59532447585767,30.876805960614448,31.527356958680162,39706100
2023-05-11,31.100128173828125,31.148679574952613,30.818548196670257,30.954483230334336,36693200
2023-05-12,30.973901748657227,31.304033113069455,30.769999206727864,31.304033113069455,36217700
2023-05-15,31.22635269165039,31.28461214604275,30.97390061187753,31.0321582142941,33208500
2023-05-16,30.935062408447266,31.255480143384904,30.9156425905796,31.168092814956182,31241400
2023-05-17,31.556486129760742,31.64387347027816,31.10984136887262,31.177808888835937,46818800
2023-05-18,31.78951644897461,31.828352381459773,31.38170767429183,31.498222879650513,42232500
2023-05-19,31.653575897216797,31.964285562901154,31.50793282489991,31.86719018135656,40131500
2023-05-22,31.711837768554688,31.828352976090155,31.517643286694465,31.760385463031827,35286200
2023-05-23,31.342866897583008,31.740963896697796,31.323447080071134,31.57590100377405,42217200
2023-05-24,30.935062408447266,31.13896494013045,30.867094897886208,31.109837065304717,46610700
2023-05-25,30.925352096557617,31.032157389486574,30.74086753317016,30.857384586882173,41658900
2023-05-26,31.177806854248047,31.255482427443475,30.944774578734055,30.993322274975174,44183000
2023-05-30,31.168092727661133,31.294319691471653,30.96419019654904,31.226352181100957,57900500
2023-05-31,30.83796501159668,31.01273966755023,30.575803027666353,30.983609940899385,67667900
2023-06-01,31.168092727661133,31.236060238031833,30.799125449087732,31.012739741082225,48643400
2023-06-02,31.847768783569336,31.96428397643017,31.46909162880823,31.46909162880823,65747500
2023-06-05,31.682706832885742,31.88660935236874,31.537060059568567,31.88660935236874,53591100
2023-06-06,32.080806732177734,32.12935442638018,31.634162019192548,31.653578133712212,46236100
2023-06-07,32.20703125,32.27500246927124,31.91574136949494,32.10993585781557,48467100
2023-06-08,32.17790603637695,32.22645373648727,31.925455773432038,32.100230456990865,36261200
2023-06-09,32.187618255615234,32.323553299434316,32.100230912595514,32.11965073370569,34021700
2023-06-12,32.17790603637695,32.30413301982546,31.935163831873265,32.216745678046045,33655200
2023-06-13,32.37209701538086,32.50803204246698,32.109935018592616,32.14877465603199,46054400
2023-06-14,32.245872497558594,32.61484167338459,32.13906533845486,32.449775053691916,57195400
2023-06-15,32.673099517822266,32.75077509081338,32.1099358718416,32.139063748719295,52241800
2023-06-16,32.605133056640625,32.847875249007686,32.56629341691343,32.81874366723634,49842000
2023-06-20,32.36130142211914,32.44908086874799,32.16623557176929,32.39055999747155,50683100
2023-06-21,32.32228469848633,32.47833662108787,32.185739731281394,32.28327078769311,35967600
2023-06-22,32.068702697753906,32.273520154809425,31.961416300085368,32.263768537099295,38690000
2023-06-23,31.93215560913086,32.03943827911462,31.717582828020973,31.824869218575916,35529600
2023-06-26,31.86387825012207,32.127216548127755,31.776102538024556,31.883385204111867,25728300
2023-06-27,32.11746597290039,32.18573845379305,31.902893192625665,31.92240014724802,34348100
2023-06-28,32.03944396972656,32.08821322541989,31.89314736436211,32.07845788605249,36663200
2023-06-29,32.59537124633789,32.59537124633789,32.16622943391299,32.20524334065278,47471000
2023-06-30,32.87821960449219,33.014764570447895,32.75142997643119,32.809947121514334,44727600
2023-07-03,33.063533782958984,33.161064838372745,32.829454041166166,32.87821956887305,19128000
2023-07-05,32.995262145996094,33.08303786577613,32.77093401576476,32.86846879425042,39831600
2023-07-06,32.7124137878418,32.75142769556108,32.429568537733545,32.722165404486105,45808400
2023-07-07,32.76118087768555,33.03427080362796,32.575870388020505,32.575870388020505,33479500
2023-07-10,32.9074821472168,33.09279264233784,32.74167488689055,32.77093345965405,27254400
2023-07-11,33.297607421875,33.33662132947773,32.956245031778614,33.024517509797896,33754200
2023-07-12,33.51218795776367,33.746264016472566,33.424408505604866,33.57070511215496,46546000
2023-07-13,33.62921905517578,33.67798458064051,33.5024257125106,33.56094657541094,40453700
2023-07-14,33.4048957824707,33.88280687743185,33.35613025536966,33.8730515396689,47547500
2023-07-17,33.72675323486328,33.82428428408134,33.365880167500194,33.365880167500194,38568900
2023-07-18,34.10713195800781,34.13639053073705,33.75601420297168,33.804779731044185,47176500
2023-07-19,34.25342559814453,34.38997055324003,34.09737368938238,34.1071290265012,45599800
2023-07-20,34.507015228271484,34.516766845653834,34.18515604608441,34.19491138403806,45591500
2023-07-21,34.38996887207031,34.58503467862986,34.30218944514706,34.56552772591682,30609200
2023-07-24,34.72158432006836,34.82887071420563,34.39972885822785,34.40948047561701,32299800
2023-07-25,34.497257232666016,34.702078387629065,34.46799866220173,34.624050572296284,36218600
2023-07-26,34.70207977294922,34.80936244245804,34.40947917434157,34.45824842115695,35638700
2023-07-27,34.263187408447266,34.78986037466451,34.21442187535311,34.702084647438035,44072800
2023-07-28,34.331451416015625,34.546020452726886,34.14613722724632,34.53626883674624,32422700
2023-07-31,34.458255767822266,34.565538460204266,34.31195543732651,34.399734891509574,28627000
2023-08-01,34.458255767822266,34.48751434569263,34.272941519784716,34.389979551838145,26480300
2023-08-02,34.1656494140625,34.29244276466073,33.97058729999919,34.1656494140625,48923800
2023-08-03,34.18515396118164,34.263181777766846,33.863298519195354,33.96082956935579,31861600
2023-08-04,34.04861068725586,34.487507875834034,34.0193521148744,34.15589708008289,36191800
2023-08-07,34.526519775390625,34.58503691674577,34.25342614030612,34.26318147757934,33119300
2023-08-08,34.214420318603516,34.24367889301441,33.81453329193984,34.07787162335246,37254800
2023-08-09,33.96083068847656,34.2924414787492,33.921816778898325,34.1949104253748,38304200
2023-08-10,33.990089416503906,34.38997269008967,33.902309979835266,34.13638971780871,38097500
2023-08-11,34.05836486816406,34.11688573790322,33.80478187377081,33.88280970008968,27516100
2023-08-14,33.990089416503906,34.058361898293825,33.83403749804534,33.96083084447143,23773800
2023-08-15,33.365882873535156,33.746259205134244,33.32686896245542,33.70724901462585,57472100
2023-08-16,33.31711959838867,33.57070259641548,33.27810568467021,33.30736798024485,33566500
2023-08-17,33.15131378173828,33.47316924650416,33.05377900410367,33.424403717972524,38205400
2023-08-18,33.14155578613281,33.239090555946305,32.88797282575981,32.91723139641834,40858300
2023-08-21,33.10254669189453,33.25859862571775,32.83920835596068,33.190326137205815,32308300
2023-08-22,32.790435791015625,33.15130883354244,32.74167026976277,33.11229492831185,43148900
2023-08-23,33.1122932434082,33.12204485893425,32.800189458586274,32.848954977357714,30240500
2023-08-24,32.995262145996094,33.463417921013146,32.995262145996094,33.063534630650366,35784900
2023-08-25,33.15131378173828,33.27810341180627,32.878220124932696,33.13180682621136,40347200
2023-08-28,33.33662414550781,33.4536621576315,33.22933775082305,33.25859632371114,34905300
2023-08-29,33.638973236083984,33.64872485261322,33.25859322116612,33.307362465525244,43394300
2023-08-30,33.65848159790039,33.85354744334737,33.59020911007968,33.68774389308894,33799900
2023-08-31,33.53169250488281,33.76576854675973,33.49267859104612,33.75601692858636,27999700
2023-09-01,33.834041595458984,33.94132799999908,33.70725195424947,33.73651052982525,41069200
2023-09-05,33.492671966552734,33.931569108977286,33.48292035030813,33.79502415812762,38612300
2023-09-06,33.473167419433594,33.54143989976563,33.229336069513145,33.40489493910156,35672800
2023-09-07,33.3853874206543,33.53168771636354,33.28785637056218,33.33662189560824,47632600
2023-09-08,33.45365905761719,33.52193153507709,33.287855532520574,33.41464515033411,39720800
2023-09-11,33.60971450805664,33.78527338876035,33.52193506770478,33.60971450805664,28965100
2023-09-12,33.834041595458984,34.07787298011497,33.56095163522721,33.59996554970937,48615200
2023-09-13,33.834041595458984,34.02910744729811,33.70725195424947,33.99009353281595,31994900
2023-09-14,34.146141052246094,34.19491029932472,33.90230969913772,34.068116953948426,65685500
2023-09-15,33.97058868408203,34.17540614453631,33.90231247669245,33.92181943300783,51766400
2023-09-18,34.063655853271484,34.112639367270155,33.818734546075575,33.926500519194185,32458700
2023-09-19,34.02446746826172,34.16162280202085,33.808935522524486,34.09304513514128,36112900
2023-09-20,33.789344787597656,34.2497942984112,33.779545842591666,34.14202832656042,31618000
2023-09-21,33.230918884277344,33.67177795439353,33.230918884277344,33.67177795439353,48103300
2023-09-22,32.97620391845703,33.30929703832842,32.97620391845703,33.279907678022916,41688300
2023-09-25,33.05458450317383,33.07417492093128,32.79986422589178,32.907630209572424,40141700
2023-09-26,32.61372375488281,32.956612106811086,32.55494129289393,32.809661557643004,46165400
2023-09-27,32.56474304199219,32.7018983945712,32.28063339039105,32.7018983945712,49360900
2023-09-28,32.799861907958984,32.91742309221042,32.584329955829126,32.594128901218305,63638100
2023-09-29,32.49615478515625,33.005591514027124,32.41778191613119,32.95660800373618,52853400
2023-10-02,32.22184371948242,32.46676500496004,32.045500094962364,32.38839213695236,49350600
2023-10-03,31.7124080657959,32.1532671419511,31.585051683841787,32.065095326720055,52921800
2023-10-04,31.94753646850586,31.967130621889254,31.55566087524329,31.722209310400803,40136000
2023-10-05,32.094486236572266,32.15326869530024,31.790786209484097,31.85936387606546,41407800
2023-10-06,32.36880111694336,32.554939966520244,31.849565400203474,31.957331374191046,54048800
2023-10-09,32.388397216796875,32.45697488851025,32.04550512102717,32.07489822119206,61396600
2023-10-10,32.62351608276367,32.8292490757553,32.47656554657069,32.48636075410259,44743400
2023-10-11,32.67250061035156,32.84884424902617,32.427579305214884,32.72148786114092,35746400
2023-10-12,32.46677017211914,32.77047395983932,32.24144300208268,32.77047395983932,41991200
2023-10-13,32.53534698486328,32.97620610468583,32.35900333693426,32.672502324985246,53213800
2023-10-16,32.878238677978516,33.03498817012371,32.711690240397736,32.78026790963609,45589300
2023-10-17,33.03498840332031,33.25051662078971,32.72148941681691,32.73128462511895,41925200
2023-10-18,32.46677017211914,32.89783409497396,32.3981925002473,32.86844099474115,46942100
2023-10-19,32.035709381103516,32.58433074571122,32.01611522705284,32.40799083366071,66656200
2023-10-20,31.545866012573242,32.084692156307334,31.516472913574994,32.025909695513505,59901700
2023-10-23,31.34992790222168,31.702615189074095,31.320536672116873,31.477288030741192,55913700
2023-10-24,31.565458297729492,31.712408835211676,31.398909870606744,31.496880632797314,35825000
2023-10-25,31.447895050048828,31.663427001090266,31.359723228004846,31.447895050048828,59240100
2023-10-26,31.379316329956055,31.692815300673125,31.32053574009692,31.36952112214725,56046100
2023-10-27,30.81110191345215,31.37931741609363,30.72293009131091,31.340130977698262,73057300
2023-10-30,31.359724044799805,31.43810066074814,30.948258022679273,31.026632770026236,48978100
2023-10-31,31.70261573791504,31.7124109461849,31.359723653226702,31.41850611445397,41050100
2023-11-01,31.908344268798828,32.035704381651136,31.692812345079872,31.76139000495369,51764100
2023-11-02,32.6627082824707,32.68230243707361,32.14347626570373,32.202254992309584,47417000
2023-11-03,33.09376525878906,33.25051474318939,32.96640887204052,32.97620407978944,58794800
2023-11-06,32.99580383300781,33.23092623091537,32.81946016597557,33.18194270945156,40599700
2023-11-07,32.946815490722656,33.02518836615651,32.83904951694884,32.897831976426176,27442000
2023-11-08,32.98599624633789,33.01538934127972,32.780263267755835,32.93701273770438,30165800
2023-11-09,32.848846435546875,33.14275501103637,32.7900677102112,33.09376775698627,34336600
2023-11-10,33.221126556396484,33.25051591788405,32.80966054676004,33.00559460628065,35146100
2023-11-13,33.17214584350586,33.260317672618896,33.05458465042279,33.10356816944049,28327300
2023-11-14,33.79914093017578,33.98527978120989,33.50523610431043,33.53462546573618,54296300
2023-11-15,33.98527908325195,34.08324984799678,33.848123749811734,33.857922694887485,35000200
2023-11-16,34.1224365234375,34.16162109026055,33.975482251943376,34.083248219412084,33222500
2023-11-17,34.29878234863281,34.30858129493494,34.16162699802716,34.24979882873122,31336100
2023-11-20,34.43593978881836,34.51431266947047,34.18121951799263,34.24979719001429,37285400
2023-11-21,34.41634750366211,34.50451933493651,34.35756503707816,34.38695440176862,27285700
2023-11-22,34.553497314453125,34.62207497920302,34.43593613733937,34.49471485729502,32719200
2023-11-24,34.6612663269043,34.72004505202017,34.54370140226702,34.553500347921506,13168500
2023-11-27,34.543701171875,34.60248363380158,34.46532829317563,34.53390596348861,35017000
2023-11-28,34.53390121459961,34.651462385083754,34.44572940243595,34.50451185627913,39329300
2023-11-29,34.77882766723633,34.98456068045188,34.63187337939506,34.63187337939506,36651300
2023-11-30,35.17069625854492,35.17069625854492,34.74943137047752,34.857197328429926,37334500
2023-12-01,35.435211181640625,35.474399485785675,35.053134559232376,35.11191701544994,51261600
2023-12-04,35.396026611328125,35.53318193862035,35.19028988318741,35.22947818732872,41366600
2023-12-05,35.21968078613281,35.29805365233138,35.062931316533536,35.28825844550737,39510900
2023-12-06,35.043338775634766,35.54297656506102,34.994355264860005,35.41562018448711,35616100
2023-12-07,35.20988464355469,35.22947879596386,35.04333995388039,35.131511771120444,26050900
2023-12-08,35.396026611328125,35.45480533033772,35.131511164177816,35.17069946831913,33210100
2023-12-11,35.61155700683594,35.6801346747131,35.40582400320444,35.40582400320444,31165700
2023-12-12,35.866275787353516,35.876070994989185,35.55277682217761,35.69972735992744,37245700
2023-12-13,36.44428634643555,36.483474647233926,35.80748953866905,35.87606719646519,56989000
2023-12-14,36.8067741394043,36.94392947494598,36.610836344115064,36.73819647163346,66865700
2023-12-15,36.59123611450195,36.67940792088011,36.434486651741004,36.5030643081238,69241700
2023-12-18,36.71332550048828,36.841312396753445,36.673943183620025,36.77239522008622,43434000
2023-12-19,36.98899459838867,36.998842055562115,36.59517893694962,36.69363473016163,32509000
2023-12-20,36.32936096191406,36.979154232915064,36.32936096191406,36.89054588888289,52985700
2023-12-21,36.68378448486328,36.693631941288274,36.349042324793274,36.4868804248138,27522200
2023-12-22,36.76255416870117,36.91023598975036,36.62471980543111,36.79208903062912,30327700
2023-12-26,36.91023635864258,36.97915354096639,36.73301967389428,36.79208939834054,17837600
2023-12-27,37.02838134765625,37.02838134765625,36.77240001037073,36.83147349336853,32640800
2023-12-28,37.13667678833008,37.21543766799682,36.95946011444925,36.969303816018396,25308000
2023-12-29,37.01852798461914,37.18590094856341,36.91023224995443,37.1268274749882,30211300
