Date,Close,High,Low,Open,Volume
2014-01-02,46.159969329833984,46.40278190049796,46.05112033290342,46.3106823428087,8771800
2014-01-03,46.26883316040039,46.46978498733646,46.1767335668265,46.23534385092849,3642500
2014-01-06,46.076263427734375,46.56189522401016,46.00928160405373,46.41118212820191,9123500
2014-01-07,46.5618782043457,46.71259124506413,46.285569898355156,46.285569898355156,5714000
2014-01-08,46.97215270996094,47.039137706887644,46.51164203516141,46.63723730738876,7793300
2014-01-09,47.32382583618164,47.35731834050528,46.93029689543139,47.03914593747272,6204700
2014-01-10,47.508026123046875,47.516397651184604,47.06425847525154,47.441041121862426,7734300
2014-01-13,47.12285614013672,47.784318476675814,47.02238185927629,47.60848768666511,12815600
2014-01-14,47.71735382080078,47.79271035700852,47.14799403479142,47.19822959624928,6943500
2014-01-15,47.675472259521484,47.81781376023613,47.54988019961797,47.81781376023613,10054100
2014-01-16,47.79271697998047,47.876445056693655,47.600136654301636,47.658746946805145,5489900
2014-01-17,47.74246597290039,47.92667152725137,47.60849916810529,47.792704722456264,6907500
2014-01-21,48.01877975463867,48.10251101897158,47.65037177363731,47.985290442926654,5697400
2014-01-22,48.060646057128906,48.14437412582625,47.90155825497442,48.05227133384652,5391300
2014-01-23,47.7257194519043,48.01877083759724,47.41592181645453,47.86805778380643,7052900
2014-01-24,46.603759765625,47.53315613512439,46.603759765625,47.441053331801534,13101900
2014-01-27,46.226966857910156,46.68747757924839,46.07625379361462,46.58700326772496,13825900
2014-01-28,46.84657287597656,47.03915000144378,46.494907938238086,46.52002891566166,8806300
2014-01-29,46.41952896118164,46.88841425356439,46.26044441981129,46.52837796002437,12281200
2014-01-30,47.26520919799805,47.37405822540964,46.854934060228544,46.880055032105425,10714100
2014-01-31,46.85493850708008,47.131246865805224,46.62886890285611,46.779581972338754,10821300
2014-02-03,45.933921813964844,47.10613079481952,45.850190547747296,46.972163962892665,15808800
2014-02-04,46.386051177978516,46.44466145482196,46.05113257256979,46.19347090375515,10080000
2014-02-05,46.126487731933594,46.44466007823945,45.75807983211974,46.36092883235873,16384200
2014-02-06,46.386051177978516,46.44466145482196,46.16835312625668,46.235338124946644,7842200
2014-02-07,47.18149185180664,47.19823810665246,46.32745521282058,46.453047333131934,11497100
2014-02-10,47.575016021728516,47.59176227487281,47.0893874566286,47.273589853173505,7902800
2014-02-11,48.219722747802734,48.26158677527752,47.49964997676229,47.60849900341319,10380300
2014-02-12,48.219722747802734,48.487656356466076,48.07738122156377,48.37043580192843,6535800
2014-02-13,48.56301498413086,48.5881327628981,47.87643468298032,47.96016274155158,8256400
2014-02-14,48.73884582519531,48.81420235552028,48.420676647397194,48.521150956490246,8379800
2014-02-18,49.19099044799805,49.29146476820423,48.85607178861602,48.95654930284326,10874200
2014-02-19,48.88956069946289,49.35007142674502,48.82257888892298,49.17424058080434,10732700
2014-02-20,49.333335876464844,49.40869242593079,48.78909696945214,48.95655632315663,9852300
2014-02-21,49.24121856689453,49.58450868128623,49.18260829326817,49.383556890267016,5196300
2014-02-24,49.60963821411133,49.89431812234133,49.33332983523171,49.408686375469685,6464300
2014-02-25,49.484039306640625,49.76034766536798,49.34170095991748,49.5342780611422,6858600
2014-02-26,49.484039306640625,49.79384016836903,49.366818740157825,49.62638084738465,7449000
2014-02-27,49.76872253417969,49.76872253417969,49.35007580063302,49.48404262760711,5980100
2014-02-28,49.76872253417969,50.2459795549012,49.34170427133137,49.810589762751235,10341200
2014-03-03,49.400299072265625,49.60125084674199,49.07375523350912,49.11561925493583,8919900
2014-03-04,50.33807373046875,50.40505872949987,49.852445263575326,49.852445263575326,9658900
2014-03-05,50.21249008178711,50.43855970045599,50.13713354223082,50.41343872458983,10740200
2014-03-06,49.90268325805664,50.65624856388805,49.79383742034154,50.480417723867625,14206800
2014-03-07,49.777095794677734,50.23760654924158,49.45892339220666,50.17062154071251,12630300
2014-03-10,49.98640441894531,50.01152219272831,49.52589380014333,49.77708112003349,7775900
2014-03-11,49.88594055175781,50.23760223426774,49.777091519257766,49.98641486190054,6031700
2014-03-12,49.877559661865234,49.93616993503619,49.49240552559315,49.64311856918142,8822700
2014-03-13,49.199363708496094,50.061778168845755,49.098889384754216,50.036657192394415,12551400
2014-03-14,48.93142318725586,49.3165805632925,48.90630540834808,49.12400027826382,8006100
2014-03-17,49.408687591552734,49.618010964696786,49.149128653027674,49.232856724676815,6430200
2014-03-18,49.936180114746094,50.03665443294695,49.45892311076576,49.50916186687669,6147200
2014-03-19,49.78546905517578,50.27110080183787,49.4672998356604,49.994792423077485,8404800
2014-03-20,49.78546905517578,49.84407934266657,49.51753539978329,49.78546905517578,4895400
2014-03-21,48.882266998291016,50.17616069948653,48.78984556176686,49.99971831836255,19504500
2014-03-24,48.33612823486328,49.10910467847967,47.9832499838063,49.05029163663684,20490000
2014-03-25,48.76463317871094,49.09230679821702,48.260517205949355,48.49577260859975,14646400
2014-03-26,48.78144073486328,49.36957126944108,48.739428663761124,48.99148827008993,13638300
2014-03-27,48.67220687866211,48.932666932071456,48.25211187933312,48.80663715024456,12961000
2014-03-28,48.48736572265625,49.27714639983041,48.3277307712407,48.8234430157181,13128800
2014-03-31,49.142723083496094,49.18473194981071,48.7310285014423,48.890663475466276,9508100
2014-04-01,49.4536018371582,49.680453603988575,49.11752443331951,49.28556313523885,10114900
2014-04-02,49.67203903198242,49.70564740602313,49.4115821458443,49.571217114931244,8999300
2014-04-03,49.562808990478516,49.798061162388926,49.23513220165556,49.76445279352445,9609100
2014-04-04,48.739437103271484,49.98292154759217,48.714232420302686,49.831687039636186,20115400
2014-04-07,48.25210952758789,49.03348644466215,48.025257854398234,48.487361690123684,15263300
2014-04-08,47.85722351074219,48.31932738788076,47.56315828121872,48.294122712513214,15165000
2014-04-09,48.882266998291016,48.890667490215336,47.9328511572765,47.966459535116435,14438600
2014-04-10,47.252288818359375,48.94106937275025,47.143063216760076,48.865452141653904,17622500
2014-04-11,46.80699157714844,47.63037752352965,46.68096498014159,47.042246994022356,14710100
2014-04-14,47.06745529174805,47.33631589878905,46.53813456941739,47.12626834922131,11085300
2014-04-15,47.57155227661133,47.67237737445762,46.56332373363973,47.25228241530863,17424500
2014-04-16,47.80682373046875,48.067280641596014,47.50435474522433,47.98326290350424,29585700
2014-04-17,47.798404693603516,48.0420605429726,47.54634835514974,47.82360936592782,8656900
2014-04-21,48.36973190307617,48.38653608555135,47.79840251920057,47.89082392027899,5545000
2014-04-22,48.899051666259766,49.15950847786419,48.646995343226116,48.714208867002405,8980300
2014-04-23,48.6554069519043,49.00828844885788,48.48736829645358,48.98308056724427,8668900
2014-04-24,48.579795837402344,48.907469494023424,48.12609237204801,48.907469494023424,8012600
2014-04-25,48.21851348876953,48.56299133130459,48.0924868859325,48.54618714324542,6368600
2014-04-28,48.50416564941406,48.84024291297015,47.87402318404914,48.621791730137595,9735200
2014-04-29,48.78984832763672,48.831857199782434,48.46217463780003,48.588204459308685,8955800
2014-04-30,48.831844329833984,48.907461561795465,48.53777909724527,48.705817746611956,11115200
2014-05-01,48.94107437133789,49.209934952680335,48.55458768629199,48.865457132518394,6857500
2014-05-02,48.52099609375,49.01670856299725,48.4201741421442,48.92428710524525,6126300
2014-05-05,48.840248107910156,48.85705229338238,48.067271601540895,48.35293634442748,7218700
2014-05-06,48.41175079345703,48.78983696485811,48.386546117053875,48.78983696485811,6117700
2014-05-07,48.546173095703125,48.55457678983655,47.91603064864542,48.47895956798682,9058100
2014-05-08,48.28573226928711,48.831853981330156,48.15130196423807,48.57139706815023,7710000
2014-05-09,48.579795837402344,48.63020840190988,47.983261580216734,48.33613991655599,7298600
2014-05-12,49.075496673583984,49.10910504204882,48.68901005144971,48.773027767541365,5244500
2014-05-13,49.1511116027832,49.327550721371196,49.08389486899524,49.201524153124176,3230400
2014-05-14,49.184715270996094,49.33594970250111,48.98306829396607,49.12590223708525,3746700
2014-05-15,48.68901824951172,49.05870074965923,48.46216653178337,49.00829139354469,6469400
2014-05-16,48.85704803466797,48.899056892151435,48.48736239664457,48.74782244115466,8913400
2014-05-19,49.15952682495117,49.1931352019175,48.73103123637987,48.857061047467965,4386100
2014-05-20,48.848655700683594,49.19313354027457,48.7058249110081,49.15952516444347,4611800
2014-05-21,49.260353088378906,49.30236195801701,48.9158752292324,49.0166971573781,3921500
2014-05-22,49.55442810058594,49.71406311855026,49.11752871949882,49.277166942535075,3526100
2014-05-23,49.57962417602539,49.67204561434924,49.41158869369627,49.57122368393749,2796300
2014-05-27,49.84849166870117,49.8905005423761,49.57962782602407,49.84849166870117,3246500
2014-05-28,49.70563888549805,49.94929474791936,49.70563888549805,49.823264969406154,4401700
2014-05-29,50.10052490234375,50.10052490234375,49.83166438931156,49.83166438931156,2682200
2014-05-30,50.23496627807617,50.26017095516743,49.99131038262453,49.99971087329801,7778100
2014-06-02,50.30217742919922,50.36099047633228,49.92409126543615,50.1929550302782,4880300
2014-06-03,50.39460754394531,50.42821592098406,50.08373806901506,50.18455999506005,3054500
2014-06-04,50.53742980957031,50.53742980957031,50.22655720175013,50.35258698384702,3599800
2014-06-05,50.59626007080078,50.75589507138524,50.23497799125612,50.59626007080078,3929800
2014-06-06,50.545841217041016,50.74748827093687,50.44501929262868,50.63826264986532,3950900
2014-06-09,50.285377502441406,50.54583759399771,50.18455558525582,50.503828728926294,5533400
2014-06-10,50.45341491699219,50.45341491699219,49.95770262926856,50.293779951649995,6921400
2014-06-11,50.39460754394531,50.470224789746865,50.21816837209879,50.24337305234222,5901200
2014-06-12,50.142539978027344,50.386195849778964,50.024913889614986,50.28537074107934,4305300
2014-06-13,50.10052490234375,50.226551464975635,49.96609464582766,50.18454261076501,2950700
2014-06-16,50.20135498046875,50.579441140164235,50.033316331151795,50.32738476872413,9021700
2014-06-17,50.1761474609375,50.30217403697923,50.02491300563105,50.218156319618075,3728200
2014-06-18,50.57944107055664,50.58784156072914,50.05852414295456,50.12573767954645,5374200
2014-06-19,50.74748611450195,50.74748611450195,50.520634390410514,50.55423956040583,4313800
2014-06-20,51.174217224121094,51.182649265575336,50.85374495801485,50.9043468580659,4426700
2014-06-23,50.98024368286133,51.25011402553602,50.938077045026205,51.2079473877009,3406700
2014-06-24,51.01398849487305,51.418794089942246,50.954951329552536,51.14892369322945,4868300
2014-06-25,51.570587158203125,51.60431853879124,50.95494201012259,50.98867660781901,20099100
2014-06-26,51.638057708740234,51.73082625206535,51.20795280990668,51.69709165138193,11236400
2014-06-27,51.50312423706055,51.629627385278916,51.326022403241794,51.48625693615752,4840900
2014-06-30,51.30073165893555,51.654935385940995,51.241694487325404,51.53686747693918,6434500
2014-07-01,51.95010757446289,52.05131140155043,51.444101307462745,51.503135264709115,8145300
2014-07-02,52.34646987915039,52.34646987915039,51.8573310223356,51.93323226769929,4036600
2014-07-03,52.55732345581055,52.57419076218245,52.228419024332766,52.45612283468886,2468600
2014-07-07,52.16093444824219,52.56574324781597,52.11876780327665,52.3464715466211,3900300
2014-07-08,51.67179489135742,52.10189981168244,51.49469305458293,52.076600468460015,7145400
2014-07-09,51.89107894897461,51.94168086771768,51.536875169102295,51.815177679414866,5879900
2014-07-10,51.857322692871094,51.96695530525795,51.28384742381609,51.47781652700996,4726600
2014-07-11,51.966949462890625,52.01755135168593,51.646480485177115,51.933218087468234,3779600
2014-07-14,52.1356315612793,52.270566746263405,52.00912841787169,52.270566746263405,4078700
2014-07-15,51.68865966796875,52.203101069090145,51.57059178255242,52.169366468368736,5498900
2014-07-16,51.519996643066406,51.89106764837627,51.292292883975456,51.857336260336474,5279000
2014-07-17,50.9549446105957,51.74769161137762,50.89591067016834,51.31758351156861,7321900
2014-07-18,51.78986740112305,51.88263595735665,51.02242282288468,51.14049072459689,8938700
2014-07-21,51.57902145385742,51.6633547346768,51.40191963387166,51.638055393852675,3731900
2014-07-22,52.02598571777344,52.16935613388417,51.815149330693146,51.84045188477619,5640400
2014-07-23,52.44766616821289,52.523567407355074,52.20309836840668,52.413934786345145,7264400
2014-07-24,52.33802032470703,52.62475790934729,52.28741843902665,52.56572398460732,6107400
2014-07-25,52.14406204223633,52.24526261742471,51.882623737799044,52.22839531870859,4129300
2014-07-28,52.194664001464844,52.32959918256548,51.916361597929736,52.16092940191256,7004900
2014-07-29,52.2368278503418,52.43079696173722,52.13562727420251,52.35489894246399,5321800
2014-07-30,52.44766616821289,52.69223718512753,52.17779581062033,52.498268066677156,7752700
2014-07-31,51.36818313598633,52.085025647779844,51.36818313598633,51.97539303018868,8415200
2014-08-01,51.41035461425781,51.67179294711792,51.0224163529366,51.25012008469695,16923800
2014-08-04,51.629615783691406,51.7308163492603,51.16577315585901,51.51997996101211,9208900
2014-08-05,51.132041931152344,51.579014046096255,50.963372176629434,51.41034429157335,10309500
2014-08-06,51.10673904418945,51.31757543169371,50.727236120368154,50.91276995373849,9568000
2014-08-07,50.448944091796875,51.27542256669638,50.35617554164642,51.21638861971133,10947000
2014-08-08,51.0477180480957,51.08145265075035,50.34774273711017,50.516412533274604,5472600
2014-08-11,51.02241134643555,51.40191752879764,50.99711200664751,51.2501150558528,4700600
2014-08-12,50.98024368286133,51.1067435963667,50.836873253692005,50.97180842502935,2878500
2014-08-13,51.59589767456055,51.64649958206649,51.165789503532494,51.18265680603448,4751900
2014-08-14,52.20310592651367,52.20310592651367,51.52842671774197,51.68866447752425,4797400
2014-08-15,52.253692626953125,52.51513092122743,51.772985892109645,52.45609698657003,7777600
2014-08-18,52.658504486083984,52.734405727964706,52.44766806053849,52.51513726092515,7448800
2014-08-19,53.0042724609375,53.03800705881775,52.548868257987536,52.734402112112214,3874500
2014-08-20,52.99584197998047,53.08861051832766,52.75970622208465,52.90307344163328,4513800
2014-08-21,53.071746826171875,53.23198135604824,53.021144924422615,53.071746826171875,3125900
2014-08-22,53.122344970703125,53.27414423099722,52.995841833831555,53.15607635237492,3248900
2014-08-25,53.52714920043945,53.63678181814108,53.307877530819546,53.44281270554398,4863000
2014-08-26,53.72112274169922,53.75485734243842,53.49341901237248,53.603054856220595,3601300
2014-08-27,53.67894744873047,53.872916546059024,53.603046217853375,53.84761399102794,4151700
2014-08-28,53.662086486816406,53.78015436720782,53.46811736658644,53.52715130678215,3466000
2014-08-29,53.85606384277344,53.9066625323311,53.61149278621488,53.746427986883575,4139100
2014-09-02,53.83076477050781,54.016301878782386,53.68739430944775,53.9656999718596,5076800
2014-09-03,54.0753173828125,54.31988835718419,53.948814267211176,54.16808590530575,5421900
2014-09-04,53.805458068847656,54.32833153171877,53.69582222083786,54.19339955785724,6231400
2014-09-05,54.11750411987305,54.12593938033908,53.25729414467444,53.82233434574698,6349400
2014-09-08,54.12592315673828,54.22712694934052,53.91508674781272,54.01629054041496,7204800
2014-09-09,53.98255920410156,54.21869496688909,53.847620805813285,54.20182444999457,6667300
2014-09-10,54.362060546875,54.42952974398058,53.94882297448268,54.058455594116666,7039600
2014-09-11,54.210269927978516,54.28617439987917,53.940399514743866,54.151235976152755,6360300
2014-09-12,53.81389617919922,54.21026651405207,53.66209367917595,54.184967169751154,7340200
2014-09-15,53.67052459716797,53.87292899866155,53.48498749722459,53.81389505179026,6082500
2014-09-16,54.40422821044922,54.44639163127791,53.52714798608431,53.59461396336178,6907900
2014-09-17,54.446388244628906,54.65722463830757,54.050014795038436,54.37049023132832,6704300
2014-09-18,54.8511962890625,54.876495626523806,54.52229203363353,54.623489383478734,5460700
2014-09-19,54.91129684448242,55.27522833955476,54.83512828970388,55.14828074825719,6833500
2014-09-22,54.615081787109375,54.84360039399418,54.40349383259111,54.79281489404648,4005700
2014-09-23,54.293453216552734,54.53043061737656,54.02262097887553,54.10725484243405,7833900
2014-09-24,55.24137878417969,55.24137878417969,54.41195764160002,54.42888183634273,8120900
2014-09-25,54.33576202392578,55.19057882028979,54.33576202392578,55.17365463196296,11661500
2014-09-26,54.50505065917969,54.58968453757518,54.03955464227794,54.58968453757518,6513000
2014-09-29,54.38655471801758,54.572753100059884,54.00569585864699,54.04801279222704,10284100
2014-09-30,54.09033966064453,54.59815264260096,54.04802271929208,54.49658810906427,7580800
2014-10-01,53.523277282714844,54.25113695593374,53.34554099074582,54.25113695593374,11141700
2014-10-02,53.41325759887695,53.65023504747964,52.956226894935554,53.523284226546316,7225200
2014-10-03,54.51350784301758,54.58121106133244,53.827958678947894,53.86181351668036,11383100
2014-10-06,54.25960159301758,54.93668545588324,54.039548369013694,54.75048707073767,8287500
2014-10-07,53.396324157714844,54.17496933168073,53.396324157714844,54.14957658749609,11281800
2014-10-08,54.75893783569336,54.80125799229231,53.37092516219349,53.506341269016005,11412300
2014-10-09,53.624847412109375,54.73356613864216,53.59099256724139,54.674321774411055,15686000
2014-10-10,53.29476547241211,54.21728568946063,53.29476547241211,53.56559774740487,15606800
2014-10-13,52.033714294433594,53.34555909043739,51.974469919867865,53.3201695666453,17937500
2014-10-14,51.644386291503906,52.52459292247875,51.2889168630589,52.34685659396833,19321000
2014-10-15,51.22120666503906,51.449722017685495,50.11248474558613,51.0604009999511,32120100
2014-10-16,50.95882797241211,51.55973682071572,50.31560219072762,50.527190086207064,30185000
2014-10-17,51.771331787109375,52.101411661142585,51.33123174554944,51.449720466629074,15704700
2014-10-20,52.397621154785156,52.43993808400473,51.602051908303004,51.602051908303004,9848900
2014-10-21,53.78564453125,53.819499370735564,52.78694936645228,52.837731625680625,14961400
2014-10-22,53.51482391357422,53.93799981347144,53.362480331325145,53.802583654647364,13813800
2014-10-23,54.42887878417969,54.725107061355686,53.93799644977095,53.93799644977095,11165000
2014-10-24,55.19058609008789,55.21597560449713,54.462723210322295,54.58121191566552,9703500
2014-10-27,55.249839782714844,55.30908414540168,55.0043970066833,55.199060745312195,9110800
2014-10-28,55.65610122680664,55.6899560767372,55.165215588542225,55.6899560767372,8770600
2014-10-29,55.68146896362305,55.83381250012728,55.309072217246076,55.63914880348027,10162400
2014-10-30,56.70554733276367,56.73940216573068,55.54604351795287,55.59682899597796,11630600
2014-10-31,56.934078216552734,57.543452497229914,56.747886259369174,57.43342909655537,11388000
2014-11-03,57.001773834228516,57.09487301841478,56.59552871882453,57.01870448070767,8680700
2014-11-04,57.010257720947266,57.16260130311676,56.66325038377994,56.98486820011098,5716000
2014-11-05,56.951019287109375,57.5434630255231,56.81559988567054,57.526538828919485,6592100
2014-11-06,57.29801940917969,57.424973481981006,57.02718706720798,57.02718706720798,7962400
2014-11-07,56.730953216552734,57.34879279650686,56.55322013504152,57.29800730382436,13895600
2014-11-10,57.306461334228516,57.33185084699022,56.637842850521366,56.85789605637239,5455300
2014-11-11,57.51804733276367,57.72963520838029,57.28953526824351,57.43341347394693,9777500
2014-11-12,57.433406829833984,57.5265060009072,57.204888334600184,57.2979875056734,3879900
2014-11-13,57.391090393066406,57.72116694564575,57.12025818435645,57.51804440340058,5216600
2014-11-14,56.91714096069336,57.374171566313784,56.68862888645805,57.374171566313784,6331800
2014-11-17,57.196441650390625,57.34878519394034,56.798655372391366,56.798655372391366,8587200
2014-11-18,58.118980407714844,58.16130058338004,57.187994657450595,57.238773702527055,8240100
2014-11-19,57.79734420776367,58.085100615832125,57.64500068080112,58.051245781268285,6253600
2014-11-20,57.55190658569336,57.78041866775525,57.36570820771329,57.54344126201699,9041600
2014-11-21,57.82273864746094,58.24591442985078,57.66192978386481,58.12742572735362,8098700
2014-11-24,58.118980407714844,58.12744573427833,57.93278196623155,58.05127070951143,5020100
2014-11-25,58.195152282714844,58.372885388014986,57.966633677934745,58.237465998937616,5510200
2014-11-26,58.55062484741211,58.576014371331496,58.16130374729212,58.389815919719204,5325900
2014-11-28,58.91453170776367,59.23614297107441,58.6098446342483,58.6098446342483,4395500
2014-12-01,58.770668029785156,59.19384390797854,58.62678332376429,58.70295833955787,8537400
2014-12-02,59.42234802246094,59.50698189524862,58.98224800967462,58.98224800967462,7444800
2014-12-03,59.515438079833984,59.60853726274829,59.28692601268498,59.55775823830398,6577000
2014-12-04,59.43925857543945,59.76086976615909,59.21074009330706,59.41386261075376,4235400
2014-12-05,59.91324234008789,59.96402137980185,59.42235676568112,59.481601131064586,8325100
2014-12-08,60.12480926513672,60.454885822202286,59.83704640732485,59.83704640732485,5942800
2014-12-09,59.87091064453125,59.93015499851096,59.0838033947149,59.430810651703425,9776300
2014-12-10,58.94839096069336,59.86245224971747,58.9060707973097,59.828597410440615,9011200
2014-12-11,59.11768341064453,59.81169176303416,58.98227045408592,59.16846891936292,7383300
2014-12-12,58.212066650390625,59.126128000895086,58.16128761663508,58.787586042506305,10438600
2014-12-15,57.678855895996094,58.57598641783504,57.475733344422075,58.559062229016156,17776200
2014-12-16,57.010257720947266,58.415198350153254,56.97640287411495,57.43343362062345,14735600
2014-12-17,58.07665252685547,58.22053075758798,56.96792747488856,57.07795732192572,17776200
2014-12-18,59.66780471801758,59.67627004441989,58.63525444010755,58.76220850753375,16048100
2014-12-19,59.81221008300781,60.253939195916296,59.480905147010496,59.88866058135528,17822000
2014-12-22,59.24304962158203,59.56585789256708,58.94573133071633,59.4639174152477,9896600
2014-12-23,57.88386154174805,59.42142610017184,57.57804666544647,59.37895577243895,22190400
2014-12-24,58.30860137939453,58.63989973533023,57.875362575074455,57.926336039792055,4519100
2014-12-26,58.72486114501953,58.8862652739376,58.50399984140284,58.53797999912519,4242800
2014-12-29,58.92873764038086,59.01368478774436,58.597439228926866,58.665393058186524,5225900
2014-12-30,58.67389678955078,58.97121508168652,58.605936471047556,58.83530092573277,4965100
2014-12-31,58.087745666503906,59.175091231084856,58.079255488170084,58.8437863255529,7863600
2015-01-02,58.300113677978516,58.91174350014327,58.062259076259295,58.36807398734167,7516800
2015-01-05,58.0027961730957,58.5124855377822,57.89236552974673,58.036776328215055,10784800
2015-01-06,57.80743408203125,58.69089243085971,57.450645596906064,58.1981962504506,13344500
2015-01-07,59.166595458984375,59.18358229695893,58.07075969963602,58.19818366812811,14146400
2015-01-08,60.177467346191406,60.2454276486308,59.65079120491396,59.752725177521896,22138400
2015-01-09,59.64234161376953,60.29644869909969,59.43846702661428,60.228488343029184,9724300
2015-01-12,59.66780090332031,60.31341106177518,59.50640322449683,60.101039896064705,11972100
2015-01-13,59.404449462890625,60.55974886478624,58.90325025361646,60.22845043876273,14219800
2015-01-14,59.31101608276367,59.46392357405337,58.67390261589881,58.83530676810831,12548000
2015-01-15,58.67389678955078,59.6423086445373,58.63991663029917,59.53187798775908,16382800
2015-01-16,59.778221130371094,59.888651772091336,58.563458147241214,58.5804449840244,13759300
2015-01-20,59.778221130371094,60.02457239056407,59.08164416332785,59.87166493530815,10387200
2015-01-21,59.89716339111328,60.12652139075644,59.421447588694235,59.71877239560117,8391000
2015-01-22,60.61073303222656,60.61922969405952,59.32800929971867,60.160507170890064,11497400
2015-01-23,60.262420654296875,60.58522236764423,60.23693716127618,60.525758723578896,6815600
2015-01-26,60.57672119140625,60.61070133991642,59.956601303984904,60.32187979915594,7871700
2015-01-27,60.143497467041016,60.56823966248325,59.88864955735505,60.03306034835303,10040100
2015-01-28,59.277015686035156,60.474791705788,59.18357189097425,60.25392396463939,11005400
2015-01-29,59.778221130371094,59.82918812177247,58.801312748516686,59.277021951067645,12120000
2015-01-30,58.843788146972656,59.91414042591275,58.758840993639836,59.523378335739906,13886500
2015-02-02,59.175113677978516,59.20059718475098,58.13874119553421,58.954245817526136,18042300
2015-02-03,59.5743522644043,59.59984224631763,58.67390066839351,59.46392160032567,17432800
2015-02-04,58.82680892944336,59.14961074634635,58.504007112540364,58.86078909138892,15184800
2015-02-05,59.820709228515625,59.871682716107,59.200589045461854,59.200589045461854,10801400
2015-02-06,59.277015686035156,60.06703637451758,59.11561158892066,59.82068514036165,11886100
2015-02-09,58.580440521240234,59.17508346017956,58.444526394173536,59.005182700032044,8139000
2015-02-10,59.565860748291016,59.62532440931498,58.92025065642155,59.05616481831077,8629000
2015-02-11,59.625308990478516,59.94811071241169,59.28551395204548,59.616812332228584,8088100
2015-02-12,59.837684631347656,60.00757892296275,59.3364854532951,59.90563845936262,10124100
2015-02-13,60.07555389404297,60.12652089775612,59.608334756494486,59.8801695780536,8592300
2015-02-17,60.508785247802734,60.53426874644971,60.0755463276464,60.1350099848402,8381700
2015-02-18,60.57672119140625,60.61070133991642,60.20295251989566,60.500270718046345,7780900
2015-02-19,60.67866134643555,60.78060179147801,60.40682664070624,60.50876708574871,5383600
2015-02-20,61.315799713134766,61.341283214592636,60.48330193954261,60.59373908726439,8213700
2015-02-23,61.596126556396484,61.79150437357418,61.298808260004705,61.40923891836371,8577500
2015-02-24,61.51964569091797,61.71502991328797,61.29028780305344,61.68104976674318,8052200
2015-02-25,61.49417495727539,61.681062561513535,61.24782370451162,61.46869146234321,9629700
2015-02-26,61.664058685302734,61.68954865692182,61.20534289296728,61.49416442747853,4424900
2015-02-27,61.36674499511719,61.71503667457125,61.33276484484964,61.638579716206536,6745300
2015-03-02,61.918922424316406,61.935915743084905,61.45170337396523,61.56214050280396,6769900
2015-03-03,61.358272552490234,61.89344549151834,61.052457592744794,61.884948831232954,10144000
2015-03-04,61.655574798583984,61.74052193616148,60.82307729580175,61.17985916225793,9153500
2015-03-05,61.87645721435547,62.15678869714678,61.6555958773563,61.73204638299754,6252100
2015-03-06,60.661705017089844,61.723560882973196,60.585248024598236,61.58764022123427,12314900
2015-03-09,61.035465240478516,61.09492890131389,60.50029229296009,60.848577597552186,10306300
2015-03-10,60.355857849121094,60.77210331205939,60.31338104469762,60.50026861448024,12323900
2015-03-11,60.3219108581543,60.74665321164999,60.27943403038313,60.67869287963772,7525100
2015-03-12,61.12042236328125,61.12042236328125,60.54277250056615,60.60223617109327,7574200
2015-03-13,61.001487731933594,61.40074653535189,60.59373874877894,61.03546789403868,6480400
2015-03-16,62.3521614074707,62.36065806686712,61.30729265748554,61.52816043442712,13635100
2015-03-17,62.17377471923828,62.301192213680174,61.79150279275474,62.131297900389235,10142500
2015-03-18,62.98078155517578,63.24411968143906,61.79999859534345,62.037853223071906,12886900
2015-03-19,63.34607696533203,63.43102414333947,62.870367583647,62.98079826695125,9403900
2015-03-20,63.80436706542969,64.74993295251785,63.44658713495885,64.2302974109944,9544300
2015-03-23,63.62545394897461,63.96619290209758,63.378413658535194,63.608413101811095,4667800
2015-03-24,63.07176208496094,63.87251316019794,63.0632416588552,63.702137133987485,8467700
2015-03-25,61.9217643737793,63.5658559974486,61.904723518033094,63.25066515796593,15039100
2015-03-26,61.77690887451172,62.288030276839855,61.26579397136219,61.57246421308763,18253800
2015-03-27,62.219905853271484,62.458425807659644,61.845085068272205,61.94731069123055,8841600
2015-03-30,62.85027313232422,62.94397831692308,62.64582841100874,62.722492744309356,8008200
2015-03-31,61.759883880615234,63.18248930123458,61.759883880615234,62.60322392349059,8442900
2015-04-01,61.13804626464844,62.02398226942503,60.746191079701845,61.785462287212496,21829300
2015-04-02,61.32545471191406,61.606570324439694,61.02730474371196,61.19767429720405,7560100
2015-04-06,61.41913604736328,61.751361096990756,60.9080210863348,60.984685405858365,5746200
2015-04-07,61.563968658447266,62.02397420685278,61.512859097240394,61.57248908504215,5599300
2015-04-08,62.08359146118164,62.35618656367717,61.623586007124196,61.70025683239039,12577100
2015-04-09,62.552120208740234,62.654345814056605,62.01545040398471,62.10063515882492,8181400
2015-04-10,63.08878707885742,63.17397832891508,62.36470694762662,62.61174727459805,5084300
2015-04-13,62.748046875,63.4124970179877,62.72248560096374,63.13138149620682,6814800
2015-04-14,62.85027313232422,62.91842353915621,62.339158079445276,62.81619792890822,5878700
2015-04-15,63.012123107910156,63.31879341214217,62.89286315617325,63.19953346040526,6254600
2015-04-16,62.97804260253906,63.23360333426508,62.884337434184815,63.080268195065344,4439500
2015-04-17,62.432857513427734,62.73952781674416,62.03248203414351,62.577672240221624,12115400
2015-04-20,62.816200256347656,62.98657627974035,62.654351158100546,62.74805634617133,6659500
2015-04-21,63.23361587524414,63.42101974994063,63.105835484038735,63.13139026244368,6577200
2015-04-22,63.33583068847656,63.47213149628926,63.012126018691745,63.378426315713085,6078200
2015-04-23,63.57437515258789,63.73623079957193,62.94399992098163,63.24214992922901,10532500
2015-04-24,63.36990737915039,63.659543352966544,63.097312256301265,63.44657821014128,10397200
2015-04-27,62.219905853271484,63.58288166347618,62.13472108373019,63.52325167487914,17847700
2015-04-28,62.526546478271484,62.63728597607681,61.50431023252309,62.398766135155654,15798400
2015-04-29,61.95582962036133,62.53509513809416,61.54693363759297,62.09212394849668,13661300
2015-04-30,61.086936950683594,61.9984277431738,60.76323218764724,61.6917573364311,14554400
2015-05-01,61.91321563720703,61.94729083393696,61.495805850829065,61.504319775627124,11508300
2015-05-04,62.30508804321289,62.55212841408142,62.00693811257191,62.15175286471452,8561700
2015-05-05,61.5213508605957,62.1858008434379,61.461720900575976,62.177280420812735,11373800
2015-05-06,61.28287124633789,61.71731559771558,60.839899967559795,61.68324688320878,10152200
2015-05-07,61.57247543334961,61.78544055673512,61.10395606140936,61.19765473645358,9019700
2015-05-08,62.56915283203125,62.739528836186516,62.15174299541589,62.20285254707246,11222400
2015-05-11,62.603248596191406,62.90139857742161,62.54361859994536,62.790659012731005,7980700
2015-05-12,62.20285415649414,62.45841491974934,61.913224690706414,62.15174460351517,7019800
2015-05-13,62.2710075378418,62.73101303419141,62.160268001364855,62.407308351210794,6005800
2015-05-14,63.13136672973633,63.15692149861554,62.34765682127548,62.6032110092458,6894400
2015-05-15,63.259159088134766,63.33582340933326,63.06322832421726,63.24211823952656,3872300
2015-05-18,63.634002685546875,63.710673541369026,63.18251747640447,63.21659269019404,6792200
2015-05-19,63.9321403503418,64.09398944419185,63.55731960824166,63.71917520127228,5869200
2015-05-20,64.017333984375,64.28992915300458,63.76177317039287,64.04288876593691,10577000
2015-05-21,64.02584838867188,64.09399230003318,63.78732195177429,64.00028711033292,4537900
2015-05-22,63.87250900268555,64.17917283154166,63.821392948559165,63.91509813208036,4612300
2015-05-26,63.22512435913086,63.7447600882376,63.097343909497724,63.67660964854211,9533800
2015-05-27,63.95768356323242,64.02583395841474,63.276192609768124,63.446568597723896,13043700
2015-05-28,64.00027465820312,64.17916457668518,63.693604369611144,63.949165109831,5766400
2015-05-29,63.83845520019531,64.41772084743124,63.64252434191999,63.89808520068213,9839200
2015-06-01,64.09397888183594,64.34101919394728,63.66804865388799,64.20472490057728,7466700
2015-06-02,63.676578521728516,63.96620800008025,63.42953817298002,63.889543667286134,5722400
2015-06-03,63.795841217041016,63.94917638838033,63.6169512670086,63.88954640503619,5357600
2015-06-04,63.35288619995117,63.8128917840016,63.13140058559021,63.557330959801895,6479500
2015-06-05,63.32729721069336,63.36989282915042,62.81618228510299,63.267667244360794,7772200
2015-06-08,63.012123107910156,63.480642489968005,63.012123107910156,63.34434818763151,6736600
2015-06-09,62.99507522583008,63.2165607539793,62.74804142422346,63.2165607539793,8297500
2015-06-10,63.77029037475586,63.84695471556748,63.02065532370175,63.1399152977517,7728800
2015-06-11,64.20474243164062,64.30696155478411,63.86399685640601,64.26437241986808,4912000
2015-06-12,63.41248321533203,63.9832280601618,63.327291985447175,63.889522906631136,6330600
2015-06-15,63.48917770385742,63.61695811024891,62.68842655637345,63.01213778578941,7150200
2015-06-16,63.80436706542969,63.83844227297662,63.31880673145317,63.455101062459605,6041400
2015-06-17,63.863990783691406,64.02584637885307,63.463615258300344,63.8810251362018,5132100
2015-06-18,64.76696014404297,64.97992529327324,63.95769517664015,63.98324995467889,9511200
2015-06-19,64.71653747558594,64.97297861911589,64.6738016327104,64.82765849294535,10327400
2015-06-22,65.2208480834961,65.52857474376604,65.1439131576451,65.1951987605011,6635000
2015-06-23,65.3490982055664,65.52006117884676,65.11830634360119,65.31491213248094,4631600
2015-06-24,64.6908950805664,65.3234416446774,64.6908950805664,65.26360624701243,7294400
2015-06-25,65.04987335205078,65.3575999562503,64.7165039510956,64.887466798743,9232500
2015-06-26,64.95585632324219,65.39180350598751,64.72506459212227,65.14391222644868,6147500
2015-06-29,63.36594009399414,64.7250673012403,63.33174751729208,64.39169783035425,13675900
2015-06-30,63.58820724487305,64.06689041606067,63.383058246016795,64.04979738347645,8722200
2015-07-01,64.27204895019531,64.33188434939945,63.89593700001542,64.24640613933202,7756500
2015-07-02,63.972843170166016,64.46008249328756,63.84462916046785,64.41734014234342,5678800
2015-07-06,63.94723129272461,64.34898610824409,63.37452003388931,63.37452003388931,9352600
2015-07-07,64.25493621826172,64.25493621826172,63.16079970201059,64.03269422197624,10653300
2015-07-08,63.152259826660156,63.938676277374135,63.13516679410009,63.74207053430337,13074900
2015-07-09,63.49415969848633,63.99849204551358,63.459967122283885,63.83607893894373,6654600
2015-07-10,64.3489761352539,64.42591108792162,63.92157857163339,64.2891407372098,8059500
2015-07-13,64.89603424072266,65.03280456982336,64.63104988005036,64.81055604581884,7815100
2015-07-14,65.545654296875,65.63113245791921,64.78488757691989,64.93020110285161,5831800
2015-07-15,65.63114166259766,66.04144602334644,65.4430857689864,65.75081240915635,6994900
2015-07-16,65.93888854980469,66.03291652548232,65.68244743039868,65.87050338175395,5109200
2015-07-17,65.7935562133789,65.87903438830413,65.5285719146407,65.86194136194578,3877900
2015-07-20,66.00727081298828,66.16113417354691,65.81066509388683,65.87905025892805,3874800
2015-07-21,65.71662902832031,66.1525762498041,65.41745212007359,65.98161987982525,8140200
2015-07-22,65.8619613647461,65.92179675752291,65.43456383874921,65.5371350711845,5765400
2015-07-23,65.62261199951172,66.11839468523033,65.50294121627876,65.98163087077918,5677400
2015-07-24,63.981422424316406,65.00718062549305,63.86175161241465,64.96443825485521,13229700
2015-07-27,63.92157745361328,64.04979802477065,63.588207881545614,63.82754946953582,11037000
2015-07-28,65.07554626464844,65.09264581810946,63.95576681099797,64.28058658950033,11445100
2015-07-29,65.18666076660156,65.48583767667564,64.91312666002419,65.3576171376246,9367000
2015-07-30,65.09264373779297,65.24650710618069,64.58831127191212,65.12683632205342,5381100
2015-07-31,65.46874237060547,65.75937604606581,65.29778598850028,65.34052834481055,7910300
2015-08-03,65.41744232177734,65.7337187325902,64.97295191346811,65.53711306715161,8447800
2015-08-04,65.38326263427734,65.77646752108058,65.17811367628605,65.74228146272185,10778700
2015-08-05,65.9303207397461,66.04144823782443,65.67388621205019,65.78500718856174,5391200
2015-08-06,64.49430084228516,66.05002798076842,64.43446543394235,65.99019257242563,13360200
2015-08-07,64.38316345214844,64.59686221646406,63.707874574322815,64.47719143017281,10863600
2015-08-10,64.90457916259766,65.18666305409516,64.59685246670361,64.59685246670361,7951100
2015-08-11,64.35751342773438,64.69943271661509,64.03269369016009,64.46009117086899,7914900
2015-08-12,64.40025329589844,64.46863846227077,63.16935290903852,63.870284560433895,9665900
2015-08-13,64.25493621826172,64.69088347824454,64.1010728630659,64.45154193051061,6329300
2015-08-14,64.43445587158203,64.46864846007078,63.93867964241866,64.07544347480425,5504000
2015-08-17,65.08407592773438,65.10117547591094,63.9642968201415,64.22073134868864,5796000
2015-08-18,64.99005126953125,65.34052028766885,64.88748006154337,65.01569407152822,5465900
2015-08-19,64.72505950927734,65.16954990975947,64.26346956171913,64.63958133859613,10070300
2015-08-20,63.22062683105469,64.49426934174285,63.22062683105469,64.2463845722315,12992900
2015-08-21,61.28878402709961,63.12659413569205,61.280240774700765,62.58807576406266,24008300
2015-08-24,58.681678771972656,60.75028113209464,48.407042355022895,57.604635232761616,33675700
2015-08-25,58.09188461303711,60.98109022049864,58.00640639204859,60.51950652284658,17883700
2015-08-26,60.54513168334961,60.604967072751904,58.27137384292565,59.698879934072124,26115600
2015-08-27,61.7247314453125,61.81020962061125,60.42544622469788,61.33152662168483,18689700
2015-08-28,61.37429428100586,61.75039971174041,60.88706130714363,61.41703012549622,10045600
2015-08-31,60.25450134277344,61.630721897153045,60.10063797266986,61.10075313912748,15143100
2015-09-01,58.673118591308594,59.63049118101041,58.399584497331965,58.673118591308594,21723600
2015-09-02,59.8784065246582,59.8784065246582,58.90394051584454,59.64760816797769,12491700
2015-09-03,59.450992584228516,60.553672353063526,59.314222259108114,60.220302837542604,14080100
2015-09-04,58.70732879638672,59.21165478420414,58.27993123861499,58.544915637531325,16587900
2015-09-08,60.348514556884766,60.433992736794,59.425334562103934,59.7843533522301,11697400
2015-09-09,59.41679382324219,61.092191002307366,59.26293048426847,61.04944864976069,12424000
2015-09-10,59.989501953125,60.44254217352293,59.25437787119237,59.44243377888217,17313700
2015-09-11,60.37417221069336,60.39982154038623,59.57066929600497,59.741625697878575,7633000
2015-09-14,60.18611145019531,60.50238138629615,59.91257082416814,60.39126039814821,6232200
2015-09-15,61.049442291259766,61.194755840275775,60.26303265022013,60.48528112149366,8414600
2015-09-16,61.22040557861328,61.33152655422276,60.61350205662292,61.07508550704183,12003400
2015-09-17,61.77604293823242,62.62229483660796,61.160595905190405,61.160595905190405,19149000
2015-09-18,60.83320236206055,61.485196400147295,60.74740781660267,60.927564580695446,23716000
2015-09-21,60.02680969238281,61.39943799363475,59.6235986971258,61.25359766839099,23860100
2015-09-22,59.65789031982422,59.76083985389692,58.98873471136493,59.20320799844574,29234000
2015-09-23,59.59784698486328,60.15547892380895,59.28900488160741,59.70937075456991,9578700
2015-09-24,58.988739013671875,59.340471826631074,58.3281575759689,59.108843539580455,20064500
2015-09-25,57.37589645385742,59.64073404116719,56.92121409245744,59.4605772495864,30973700
2015-09-28,55.15395736694336,57.135688663413944,54.67353597282167,57.015584133034274,66470200
2015-09-29,55.660099029541016,56.603786625821755,54.97378851294225,55.29978551743632,31776000
2015-09-30,56.81827926635742,56.98127455158883,56.08906468505387,56.48369483935085,26565600
2015-10-01,57.39305114746094,57.435941876420415,56.40647274852182,56.95552382276175,19853100
2015-10-02,58.58552551269531,58.594106277074516,56.38074032203486,56.646685110940815,23741800
2015-10-05,58.73995590209961,59.211793294826386,58.165168956040155,59.09168875520819,18389800
2015-10-06,57.358741760253906,58.72278885137371,56.54374581155784,58.5512128238185,30431600
2015-10-07,58.27668380737305,58.559790126787604,57.07563204987337,57.77910419359089,27466100
2015-10-08,58.44825744628906,58.636994984884936,57.36731679921216,57.94210363387761,23182700
2015-10-09,58.714202880859375,58.96299265266695,58.28525635261278,58.54262034243798,13890000
2015-10-12,58.86862564086914,59.05735662092992,58.379626845955976,58.45683408163473,11074500
2015-10-13,58.1308479309082,59.357635529205496,58.07079566575544,58.60268528704962,17273300
2015-10-14,58.01932907104492,58.920119771320444,57.85633377357961,58.43970155528406,21786200
2015-10-15,59.31474304199219,59.31474304199218,57.6418537024101,57.701905972415446,22133300
2015-10-16,59.84663391113281,59.93242192559861,59.331899279132074,59.47773955824453,17657000
2015-10-19,60.061092376708984,60.22408760035041,59.32330385326569,59.649300845752876,15694700
2015-10-20,59.11741638183594,60.061097478311595,58.86004583497672,59.87235994997548,14802000
2015-10-21,58.58552551269531,59.68362772583594,57.6161085844208,59.45199944924131,36068300
2015-10-22,58.233795166015625,58.76569137119715,57.50458716607127,58.67132258406484,35524500
2015-10-23,59.47771453857422,59.786556496899564,58.59408592538906,58.83429488293028,26524200
2015-10-26,59.70934295654297,60.11255365614365,59.13455629954777,59.33187454123437,17831900
2015-10-27,60.807472229003906,60.807472229003906,59.86379094713366,59.87237171243604,25160900
2015-10-28,61.31364440917969,61.347960931759715,60.172644577921496,60.71311508184027,18158000
2015-10-29,61.588157653808594,62.62620770848338,61.33078705884197,61.66536490517491,22780700
2015-10-30,61.202091217041016,61.94846057768968,61.202091217041016,61.776884574076306,12427200
2015-11-02,62.506103515625,62.549000796754406,61.20210209368242,61.55384147236633,18646600
2015-11-03,62.28306198120117,62.48038035085494,61.84553449733063,62.34311425975537,10428700
2015-11-04,62.00851821899414,62.52325281974462,61.63104312401453,62.506097835975346,11533000
2015-11-05,61.811195373535156,62.068559355179154,61.22782785185594,62.05140437448465,9172000
2015-11-06,61.55384063720703,61.61389290284973,60.84178766943936,61.43373610592165,12661100
2015-11-09,61.082008361816406,61.442328569482356,60.7302754661422,61.442328569482356,15625000
2015-11-10,61.49376678466797,61.63102625286482,60.97903232482317,61.099136813946835,9737400
2015-11-11,60.884681701660156,61.725413375803015,60.87610093696727,61.725413375803015,10580900
2015-11-12,59.8294792175293,60.816057859632224,59.8294792175293,60.72168906937502,10870800
2015-11-13,59.68362808227539,60.29273145272681,59.60642083801791,59.70936383036121,18196800
2015-11-16,60.43000030517578,60.43000030517578,59.54637133882224,59.55494555844479,12959800
2015-11-17,60.6873664855957,61.090577359087916,60.24126487685911,60.55010696952523,7882300
2015-11-18,61.87126159667969,61.939888080160614,60.72168127439638,60.72168127439638,12816300
2015-11-19,60.83320236206055,61.553829418431654,60.78172432574485,61.47662218176541,11128000
2015-11-20,61.35650634765625,61.656774142959016,61.15061385404654,61.15061385404654,9224500
2015-11-23,61.202091217041016,61.57956627923643,61.021934449685475,61.236407726804686,10362700
2015-11-24,61.390846252441406,61.450898525349224,60.790323523363234,60.82464004291153,7174700
2015-11-25,61.72541046142578,61.81120501389241,61.4251491634088,61.55383444690333,4594400
2015-11-27,61.845516204833984,61.957046507166126,61.68252095137287,61.88841348191643,2658000
2015-11-30,61.004791259765625,61.94847255246483,61.004791259765625,61.939891787063985,8846100
2015-12-01,62.03424835205078,62.08572638911005,61.18493601043005,61.32220204898146,10659200
2015-12-02,61.51094055175781,62.291626514719546,61.41657177502165,62.102888961247224,9875100
2015-12-03,60.1640510559082,61.63962848798295,59.89810624380382,61.56242123745176,13191400
2015-12-04,61.57956314086914,61.67393190160855,60.28414278043204,60.4299895757959,14929800
2015-12-07,61.23642349243164,61.768319712900464,60.91900714950595,61.450896824768094,8511000
2015-12-08,61.373695373535156,61.54527143755487,60.773166059051576,60.773166059051576,7483600
2015-12-09,60.75598907470703,61.68251519347257,60.51578005396151,61.090566860060434,17593600
2015-12-10,61.21065902709961,61.631024728636135,60.695924579984975,60.75597682306162,9778500
2015-12-11,60.309898376464844,60.80747148944621,60.232684580094876,60.55868166035248,15178300
2015-12-14,60.70452880859375,60.78173606016549,59.76942175325261,60.541526995000766,21091500
2015-12-15,61.49376678466797,61.78544724533863,61.167769820647145,61.36508153340583,14006300
2015-12-16,62.29164123535156,62.38601003438877,61.14206065853809,62.00853483823997,15273700
2015-12-17,61.62247085571289,62.46320253634179,61.57099281236415,62.46320253634179,11469100
2015-12-18,60.729068756103516,61.53890667105693,60.720458214023544,61.461365781807,15159800
2015-12-21,61.280460357666016,61.280460357666016,60.7807793081099,61.09092979290167,6707200
2015-12-22,61.69398498535156,61.78013642102259,61.14260790953713,61.49583076766831,7495800
2015-12-23,62.357337951660156,62.49518546216399,62.021342860970925,62.08164950358358,8091000
2015-12-24,62.417667388916016,62.615821614397504,62.12475118152035,62.15059595594544,2568300
2015-12-28,62.124755859375,62.28844820697088,61.95245296827806,62.23675208129462,6534700
2015-12-29,62.88287353515625,63.02933816634038,62.40903748088021,62.53826131290821,7243100
2015-12-30,62.61581039428711,62.97765031726733,62.55550374045707,62.8139645842614,8496500
2015-12-31,62.055816650390625,62.67611742086423,62.055816650390625,62.3918118055751,6591700
2016-01-04,60.935848236083984,61.16845778910663,60.31554733077857,60.97030355488205,19666300
2016-01-05,61.228759765625,61.495831189918945,60.961688341331055,61.10814644027075,14540000
2016-01-06,60.729068756103516,61.15122194360593,60.30692214153399,60.35861168574535,14651700
2016-01-07,59.49708938598633,60.31554448692652,59.333403624145056,59.557396050440154,17850400
2016-01-08,58.60108947753906,60.00538331318508,58.49771039864742,59.85030812191534,17022800
2016-01-11,57.90325927734375,58.88540004708045,57.08481082687411,58.85955527518204,28563800
2016-01-12,58.64417266845703,58.98016784474135,57.68787668274544,58.36848415014855,13727000
2016-01-13,56.90388107299805,59.031847993162344,56.84357442461981,58.75615951872875,16202500
2016-01-14,58.42879867553711,58.80787290410324,56.6971264448725,57.05035589838796,23342300
2016-01-15,57.610328674316406,57.877400014308755,56.791873855835725,56.94694902133187,17882300
2016-01-19,57.60171127319336,58.45462139268716,56.97279350157071,58.23923958462794,13495200
2016-01-20,57.7137336730957,58.27372794310552,55.87868220081204,56.58513458935136,24665600
2016-01-21,57.541419982910156,58.15310369225452,56.998660048038296,57.86018751014577,17102800
2016-01-22,58.45463562011719,58.60971082258124,58.07556801526386,58.351256533762985,11343800
2016-01-25,57.911869049072266,58.6700107446691,57.834328170276365,58.282326069485585,10131900
2016-01-26,58.35125732421875,58.463253526930544,57.49834041264602,57.946338369358884,12449700
2016-01-27,57.687870025634766,58.85954773646881,57.28295112326729,58.24786411246356,15924700
2016-01-28,56.343894958496094,57.99802603842814,56.04236167407087,57.963564152646306,26127300
2016-01-29,57.26572799682617,57.291572767458085,56.05958830818793,56.22328061943335,17578200
2016-02-01,57.35187530517578,57.64479802148037,56.576499377230746,56.87803263450603,16705700
2016-02-02,56.524818420410156,57.102040253809534,56.35251555379134,56.94696504467938,12968700
2016-02-03,56.895259857177734,56.955566501207635,55.62881375961858,56.68849515949396,19453100
2016-02-04,56.585121154785156,57.22264960455865,56.07681655954289,56.72296212392932,18958100
2016-02-05,55.48235321044922,56.43003181955014,55.198047655839666,56.27495666002955,16744000
2016-02-08,54.724212646484375,55.09466963591937,54.06945008012524,54.86205687838118,24652800
2016-02-09,55.1291389465332,55.680512661976046,54.00053688630523,54.06084354048488,20741700
2016-02-10,55.620201110839844,56.481728422087954,55.447898277762924,55.49097727249803,14728500
2016-02-11,54.724212646484375,55.16359010863491,54.31067995079395,54.6208302941782,22801100
2016-02-12,55.456520080566406,55.48236485042014,54.56053081235386,55.02575310205185,10316000
2016-02-16,56.49896240234375,56.52480716989921,55.8614274622943,56.05096452160999,17303000
2016-02-17,57.21403884887695,57.28295604672497,56.50758005777492,56.93834376575467,12140000
2016-02-18,56.860801696777344,57.515564284009585,56.72295417402039,57.28294823259013,9722100
2016-02-19,56.80049514770508,56.964187438031075,56.44726579972407,56.58511332272105,8875100
2016-02-22,57.610328674316406,57.61893921417144,57.170947943255456,57.26571646511039,7515700
2016-02-23,57.1795654296875,57.75678710444406,57.11925878565221,57.455253884267584,8211900
2016-02-24,57.369102478027344,57.44664335663636,56.24912087856765,56.85218738805118,11118600
2016-02-25,58.08416748046875,58.118629360325826,57.34325349587042,57.627559074992654,9496400
2016-02-26,57.980804443359375,58.58387107525485,57.929108322815964,58.35126153807611,10365700
2016-02-29,57.0589599609375,57.95494263140922,57.03310861886724,57.80848455767173,11091700
2016-03-01,58.282325744628906,58.299553399303086,56.99865185111396,57.37771941033351,14549100
2016-03-02,58.37710189819336,58.39432955511643,58.02387248840865,58.144485805668594,10923700
2016-03-03,58.213401794433594,58.28232555877444,57.67925248018997,58.230629449052834,10815000
2016-03-04,58.0755615234375,58.44601197204055,57.808483576700674,58.21340248081249,9855700
2016-03-07,58.54078674316406,58.73894094585987,57.687876420544555,57.69649353533986,11082400
2016-03-08,57.825721740722656,58.385709295150875,57.748180856413654,58.19617878747519,8204200
2016-03-09,57.92910385131836,58.178947600370776,57.53280201338677,57.98079996787139,13032500
2016-03-10,57.96356964111328,58.609715271606554,57.51557822939525,58.21341340698934,11287700
2016-03-11,59.0921745300293,59.10079164639263,58.29096017745532,58.33403261340414,10618300
2016-03-14,58.84233474731445,59.074944295514996,58.69587006725702,58.87679006539825,6140900
2016-03-15,57.92910385131836,58.575249438302365,57.75680099062908,58.45463612123331,15226500
2016-03-16,57.791263580322266,58.127258763806346,57.334655078302,57.81710835244675,16881300
2016-03-17,57.1192512512207,57.748162374212214,56.567874414791014,57.73954526250633,20920400
2016-03-18,57.79105758666992,57.998570633296154,57.116656676412475,57.22041319972559,19524800
2016-03-21,58.12828063964844,58.24932665191261,57.74784654595364,57.84295506937734,12183600
2016-03-22,58.70757293701172,58.889141954557104,57.938063321290024,57.938063321290024,13200200
2016-03-23,58.29255676269531,58.76809940560531,58.240681782200866,58.664342848103146,9105100
2016-03-24,58.26661682128906,58.4827713596071,57.81701828405327,58.033172822371306,8492800
2016-03-28,58.10232162475586,58.48275562069717,58.01586115199953,58.42223263011662,7156300
2016-03-29,58.77675247192383,58.82862745686416,57.7997296121219,57.998594715249595,10455600
2016-03-30,58.7853889465332,59.226346070872914,58.68163898540383,59.07071453266556,7607700
2016-03-31,58.60380935668945,59.044766401561574,58.57787187108147,58.69891786826015,8602700
2016-04-01,59.269569396972656,59.48572390739705,58.24931984390905,58.361717814585354,9120200
2016-04-04,59.97856903076172,60.194723588409175,59.399269802916194,59.4079178322459,17381200
2016-04-05,59.20039749145508,59.55488745310122,59.06205544051176,59.27820994772665,16555000
2016-04-06,60.79130172729492,60.817239217083156,59.21769691384801,59.21769691384801,24546600
2016-04-07,60.12554931640625,60.765364925643254,59.81428624239619,60.35899332365717,19216700
2016-04-08,59.96125793457031,60.52326096281311,59.606767979117194,60.497323477842386,12883800
2016-04-11,59.503028869628906,60.1082590179086,59.373334810279296,59.93533800311837,8695500
2016-04-12,59.98719787597656,60.116891902653,59.48572442081304,59.49436585181585,13510500
2016-04-13,60.54924392700195,60.58382946511115,59.94401350138322,60.26391818498873,9706200
2016-04-14,60.58379364013672,60.782658717540635,60.35899107361772,60.531918661906566,6655200
2016-04-15,60.540550231933594,60.730767249808636,60.134185307805566,60.730767249808636,7945300
2016-04-18,61.10256576538086,61.171736803586974,60.272533096447354,60.36764162485244,11505400
2016-04-19,61.3187370300293,61.64729625282846,60.98153637248337,61.20633900968568,6655000
2016-04-20,61.647281646728516,61.94124867483067,61.28413698143699,61.336018560200635,10763400
2016-04-21,62.01039123535156,62.148726656655036,61.604019803661174,61.681832241298665,12463100
2016-04-22,62.140106201171875,62.34761270141898,61.76832014845143,62.0449976809518,12052800
2016-04-25,61.89799118041992,62.096856196304934,61.69913276104587,61.906639206287345,8937500
2016-04-26,61.6645622253418,62.01905881035224,61.48299321710933,62.01905881035224,7433500
2016-04-27,61.59538269042969,61.854770721527835,61.33600125584319,61.70778724894432,9121200
2016-04-28,61.30143356323242,61.89801565374299,60.96423298270058,61.240910551252696,19512000
2016-04-29,60.34171676635742,60.8691344991884,59.9785786345273,60.748088455245025,13577900
2016-05-02,60.68753433227539,60.713471814611644,60.20334380812401,60.45408379822658,9074800
2016-05-03,60.49734878540039,60.869134950702765,60.26389812998173,60.471411289579365,9436800
2016-05-04,59.91802978515625,60.22064476457384,59.75375025496735,60.116888230268465,11802000
2016-05-05,60.16876220703125,60.25522928244921,59.796982807385554,59.926670227489076,10145200
2016-05-06,59.81428146362305,60.12554451276521,59.32144940190008,59.95261693184583,14164300
2016-05-09,60.49734878540039,60.68756588344087,59.78836198139524,59.814299477216274,13606600
2016-05-10,61.00745391845703,61.01610194689071,60.575144847954334,60.73942440562949,11073000
2016-05-11,60.272525787353516,61.067972840722156,60.26387775949816,60.91234132188807,8452500
2016-05-12,59.91802978515625,60.583782739874955,59.57218126731679,60.4022137522244,11322900
2016-05-13,59.77968978881836,60.237936287147996,59.727814818143166,59.848860814059975,11947300
2016-05-16,60.592445373535156,60.722139423553536,59.76241268853633,59.78835017923733,8338100
2016-05-17,59.96125793457031,60.63565892985689,59.745103431131696,60.48002742352061,14920000
2016-05-18,60.21200180053711,60.51461680540021,59.80563025264422,59.866153253616844,11515200
2016-05-19,59.70188522338867,60.14283572543072,59.32145113079122,59.866158184408825,8765700
2016-05-20,60.2552375793457,60.462744076595826,59.90074099155216,59.92667847914435,7925700
2016-05-23,60.01313400268555,60.28116345150904,59.96125244098548,60.168758898251696,5061400
2016-05-24,60.87775421142578,60.97285611898735,60.23793216647693,60.315751213678425,11936400
2016-05-25,61.25819396972656,61.37923998174391,61.03339140604596,61.042039434479456,8949200
2016-05-26,61.26685333251953,61.38789936693038,61.06798822083649,61.28414279607216,5257700
2016-05-27,61.54351043701172,61.68184588892307,61.22359939741682,61.22359939741682,9641300
2016-05-31,61.69047927856445,61.83746272275498,61.42244986898052,61.73371280756655,7669800
2016-06-01,61.915306091308594,62.05364156476902,61.44841149991783,61.50028647790137,9301700
2016-06-02,62.71076202392578,62.71076202392578,61.785620739531495,61.863439813964455,12473100
2016-06-03,62.50324630737305,62.72804887142676,62.00176620160434,62.520535767755824,13896000
2016-06-06,62.8404426574707,62.95284063373294,62.35625864094108,62.51189016004167,9117600
2016-06-07,62.451351165771484,62.64156155461973,62.295719686524166,62.58103856805192,6439100
2016-06-08,62.66751480102539,62.77991276495131,62.26114329039141,62.39947873856856,4621300
2016-06-09,62.56376647949219,62.97013804346561,62.38219746938946,62.52918096378034,9608500
2016-06-10,62.062286376953125,62.23521395545807,61.776960819804444,62.20062843975708,10270900
2016-06-13,61.5694580078125,62.30438212004317,61.55216854718333,61.837487524899295,8538400
2016-06-14,61.6645622253418,61.69049971273035,61.163082147454475,61.42247021436518,8000500
2016-06-15,61.240901947021484,61.95853655717877,61.18902037510415,61.82884252215439,7861100
2016-06-16,61.45705032348633,61.56080026391392,60.7567052430402,61.05932682665262,9341200
2016-06-17,60.819000244140625,61.5742485898535,60.59329932313352,61.548206685357925,10799100
2016-06-20,61.20096969604492,61.63501912651333,61.122843977633586,61.33986869286779,7983700
2016-06-21,60.992618560791016,61.470068887953566,60.853719585063054,61.40930224183951,7014900
2016-06-22,61.16624069213867,61.85203953934309,60.940533149536,60.992623581255536,11207600
2016-06-23,61.964900970458984,61.97358381446098,61.41800101358295,61.70447525802396,7626900
2016-06-24,60.167938232421875,61.11416956537301,59.942237266051926,60.202662986417934,22576500
2016-06-27,59.36058044433594,59.96825344391522,59.108831053190244,59.75990500933941,18241500
2016-06-28,60.51515579223633,60.56723959159279,59.76859042714747,59.77727326806257,13652400
2016-06-29,61.669734954833984,61.843352052679144,60.940528573135275,60.940528573135275,8968400
2016-06-30,62.25137710571289,62.286101859706164,61.48745238706964,61.79128570567379,9535200
2016-07-01,62.64201736450195,62.789592582220486,62.190602245156306,62.39026789853395,6793100
2016-07-05,62.58124923706055,62.83299872375117,62.26873971272557,62.26873971272557,8359800
2016-07-06,63.28439712524414,63.414613256031785,62.416298417416556,62.485747903578975,18791500
2016-07-07,63.188907623291016,63.67504079480058,62.90243345162243,63.666357953004265,8022400
2016-07-08,63.97021484375,63.98757390889766,63.16288254145903,63.50144060792916,11013200
2016-07-11,63.79659652709961,64.32613747078044,63.73582985928722,64.161203157044,7375100
2016-07-12,64.10910034179688,64.20459174751652,63.88339278072601,63.935483216707766,10237200
2016-07-13,64.08306884765625,64.39558502204977,64.02230218169473,64.30877644540043,6401900
2016-07-14,64.36083984375,64.81225489599503,64.1264560988646,64.50841503953221,4813200
2016-07-15,64.30878448486328,64.78623502765733,64.23065211996237,64.6039350069828,7131300
2016-07-18,64.33480072021484,64.4563340188224,64.1004103421374,64.32611787800916,3954300
2016-07-19,64.1959228515625,64.5692057123655,64.00494662170046,64.41294761660912,6634700
2016-07-20,64.77753448486328,64.8903849439395,64.4042517379888,64.49106029289882,6855000
2016-07-21,64.96849822998047,65.0987143489733,64.71675545581243,64.7775220949335,9230800
2016-07-22,65.09874725341797,65.17687961353279,64.76887199189058,64.9598548465376,5446500
2016-07-25,65.02928924560547,65.16818162020063,64.6299579388561,65.11609780761104,5868400
2016-07-26,64.91642761230469,65.0119190107503,64.65600194450887,64.77753524742724,6904200
2016-07-27,65.21157836914062,65.31574597699849,64.66467193561633,64.78620522682891,7983100
2016-07-28,65.15081024169922,65.31574449141199,64.82961133761857,65.10740265736732,5470100
2016-07-29,65.28102111816406,65.4025544091622,64.87302028299467,65.02927831757337,4889200
2016-08-01,65.69771575927734,65.97550710321025,65.3417920813584,65.3417920813584,9255100
2016-08-02,65.44597625732422,65.74980955103524,65.04665155372273,65.74980955103524,12149300
2016-08-03,65.26367950439453,65.44597948962473,65.13346333692456,65.40257189277827,9761200
2016-08-04,65.16818237304688,65.41124899869797,65.08137381003846,65.3070813723154,8415500
2016-08-05,65.32443237304688,65.45464851302204,64.95983247957084,65.45464851302204,8244400
2016-08-08,64.76887512207031,65.27237419536937,64.54316749902753,65.27237419536937,6655500
2016-08-09,64.92510223388672,65.1508097491849,64.74280230259231,65.11608500659537,11261100
2016-08-10,64.70809173583984,64.89907455038781,64.53446798485585,64.89907455038781,7031600
2016-08-11,65.08136749267578,65.15081698556867,64.7601685553473,64.88170185637577,6599800
2016-08-12,64.91642761230469,64.98587710627756,64.68204384898162,64.9598352018048,6211900
2016-08-15,65.02928924560547,65.1768644633218,64.91643215423636,64.91643215423636,4122500
2016-08-16,64.4476547241211,64.94247078799403,64.4476547241211,64.9337945683788,6042300
2016-08-17,64.5778579711914,64.62994177075149,64.17853338740754,64.30874950937485,7296300
2016-08-18,64.6039047241211,64.74280369747176,64.404245728764,64.56917998078343,4180100
2016-08-19,64.55183410644531,64.59524170025102,64.27404272606802,64.47370176220883,4323500
2016-08-22,64.68203735351562,64.92510393494327,64.50841363601901,64.57786312301766,4090200
2016-08-23,64.7428207397461,65.10742070616398,64.70809598726782,64.90775503518124,8557900
2016-08-24,63.72711944580078,64.85564361726462,63.57086143768222,64.71675128952951,8670400
2016-08-25,63.188907623291016,63.81393977127058,62.911116293418736,63.553507501923185,8766500
2016-08-26,63.43198776245117,63.761862967449716,63.05002211861243,63.258370627834914,9974300
2016-08-29,63.570892333984375,63.727150418046456,63.3017771417793,63.45803522584138,7372100
2016-08-30,63.353858947753906,63.64900938681495,63.19760088499546,63.64900938681495,5497900
2016-08-31,63.162864685058594,63.345164621384846,62.91979810329026,63.26703229263495,4756800
2016-09-01,62.997955322265625,63.24102202562254,62.711481011993136,63.16289628085965,9501400
2016-09-02,63.0673942565918,63.25837709804533,62.89377048114776,63.12816092222975,8052300
2016-09-06,63.2930908203125,63.431983193387126,63.0760661061401,63.171550887152776,8735800
2016-09-07,63.2930908203125,63.518791754442354,63.11078423210725,63.241000385224424,7561600
2016-09-08,63.34517288208008,63.397256692660385,63.032656772461266,63.09342342582779,4822200
2016-09-09,62.07774353027344,62.98924324486239,62.06037784633773,62.98924324486239,14135500
2016-09-12,62.997955322265625,63.16289628085965,61.713165660573566,61.73053135256817,13023400
2016-09-13,62.155879974365234,62.60729511171222,61.82600477635706,62.60729511171222,12194200
2016-09-14,62.155879974365234,62.563887517443426,61.90413049835807,62.129838067031564,13108500
2016-09-15,62.79825973510742,62.97188345712111,61.89544287290739,62.04301806931819,9613600
2016-09-16,62.84097671508789,62.92812137922046,62.59696899603204,62.7363991289018,8691000
2016-09-19,62.61437225341797,63.12853688561197,62.535944079141004,62.99781661310779,9919700
2016-09-20,62.80614471435547,63.041436074264226,62.78000196866723,62.88457960013477,5286600
2016-09-21,63.43355178833008,63.55555561333215,62.63181046725651,63.01524821067311,8485900
2016-09-22,63.91285705566406,64.02615108220658,63.66013957040107,63.69499211072595,6501900
2016-09-23,63.71241760253906,63.973858165472436,63.703701144118696,63.81699515745435,5420400
2016-09-26,62.97168731689453,63.52942105971901,62.82353409715157,63.477128950340635,5534100
2016-09-27,63.41612243652344,63.42483889557358,62.75381782033674,62.893247921588085,7839000
2016-09-28,63.32027053833008,63.48584337470656,62.989111568156204,63.477126915304495,6522600
2016-09-29,62.20480728149414,63.32028157450994,62.0218014944172,63.241846723641764,8857900
2016-09-30,62.84097671508789,63.015266043353016,62.300669159527295,62.33552835492266,7453500
2016-10-03,62.78868865966797,62.78868865966797,62.30066659294944,62.56210722328834,9187900
2016-10-04,62.66669464111328,62.980414138564306,62.35296849494979,62.71898011590304,10594600
2016-10-05,62.91068649291992,63.05011660670063,62.73639053980557,62.83225165184077,12842100
2016-10-06,62.675392150878906,62.762536807992305,62.30066414145124,62.70153488314181,9308900
2016-10-07,62.6318244934082,62.928117663706985,62.26580628772383,62.61439157238398,9920400
2016-10-10,62.91939163208008,63.111113841914495,62.745102340618025,62.745102340618025,11039500
2016-10-11,61.34206008911133,62.6143907091758,61.0719096553619,62.6143907091758,12499700
2016-10-12,61.05448913574219,61.62093949947221,60.9934871980305,61.376931748625445,11746400
2016-10-13,61.080596923828125,61.30717826941513,60.496720618573875,60.69715924134483,13623100
2016-10-14,60.67103576660156,61.385632561352836,60.65360284672105,61.22005306604226,8382400
2016-10-17,60.4705810546875,60.69716241211092,60.339860785069796,60.57515860012349,8463000
2016-10-18,61.193912506103516,61.32463281500191,60.880186424231816,61.028333004918146,5495800
2016-10-19,60.96733856201172,61.3246403402651,60.94991228808537,61.272348221062224,5296700
2016-10-20,61.25490188598633,61.44662407994621,60.932459409898364,61.04575342380724,6876000
2016-10-21,60.74946975708008,60.941192001796075,60.59260670674076,60.941192001796075,5511600
2016-10-24,60.63618087768555,61.080620635508716,60.63618087768555,61.019618709020556,7384700
2016-10-25,60.46187973022461,60.74946306562175,60.38345153804944,60.56645730183559,7922100
2016-10-26,60.095863342285156,60.46187484025559,59.85185567697154,60.366013736209496,8073700
2016-10-27,60.374732971191406,60.79303659432602,60.21786994360475,60.557738728590756,6974700
2016-10-28,59.06754684448242,59.81700283818392,58.80611288191667,59.65142334112796,18469300
2016-10-31,58.701541900634766,59.058837017550275,58.675399166313106,59.05012720525084,12689000
2016-11-01,58.3878173828125,58.90197556838393,57.93466112855822,58.73640269692987,14908700
2016-11-02,58.08280944824219,58.727687976815716,58.08280944824219,58.27453170912644,17942900
2016-11-03,57.53377151489258,58.5185253174403,57.48148605589375,58.27451764383181,22074200
2016-11-04,57.93465805053711,58.413957014360854,57.62964176144476,57.69064368952093,21382600
2016-11-07,59.41612243652344,59.572985448008694,58.5272364705802,58.56208900761261,17367800
2016-11-08,59.58171844482422,59.98258921906588,58.954266224720165,59.032694427877324,15943900
2016-11-09,61.681941986083984,62.37039623136385,59.58172669870974,59.58172669870974,49750100
2016-11-10,62.361671447753906,62.81483434178678,61.92594147587478,62.69283048155756,28378900
2016-11-11,61.429222106933594,62.18739480622514,61.15907159683902,62.18739480622514,15866100
2016-11-14,61.23748016357422,61.76907119901876,61.1154763176077,61.69935946468857,17406200
2016-11-15,61.41176223754883,61.47276414674112,60.84531213864359,61.47276414674112,10371600
2016-11-16,61.15034103393555,61.55121179957354,61.071912832461656,61.254918617945634,7585000
2016-11-17,61.39434814453125,61.41178106605071,61.01962011640072,61.16777335447018,12856200
2016-11-18,60.740745544433594,61.61220534649841,60.705893003216374,61.44663250522934,12185000
2016-11-21,60.958614349365234,61.0196162734185,60.801751309126686,60.87146969339072,6791800
2016-11-22,60.078453063964844,60.932480119880346,59.66886581014921,60.932480119880346,14522100
2016-11-23,60.31374740600586,60.32246386787705,59.076275768790175,59.076275768790175,13676000
2016-11-25,60.54903793334961,60.60132340076012,60.313740032579254,60.4880360051335,4009300
2016-11-28,60.095863342285156,60.44444857075186,60.00000223823906,60.435732111644874,6507200
2016-11-29,60.488014221191406,60.66230348226621,60.226573680870075,60.235290138536556,7093900
2016-11-30,59.9128532409668,60.54902173535771,59.886710514255206,60.53158881841016,8640700
2016-12-01,59.47711944580078,60.130714164985406,59.302830180168606,59.982567624327125,11360700
2016-12-02,59.61655044555664,59.8518415964094,59.38125264599522,59.58169126603981,7964500
2016-12-05,59.51198959350586,59.94771948657703,59.32026737676086,59.8605748377049,5832100
2016-12-06,59.67755889892578,59.694985166242915,59.33768352350241,59.686268708229655,5490800
2016-12-07,59.163394927978516,59.206970569830744,58.36165364808939,59.206970569830744,12758900
2016-12-08,59.27669906616211,59.337700992795426,58.64053706680206,58.98040589357499,7586600
2016-12-09,60.0000114440918,60.11330548373465,59.48585330596612,59.48585330596612,12100200
2016-12-12,60.28759002685547,60.374734678265256,59.88671931140186,60.00000669336352,15018100
2016-12-13,60.77560043334961,60.86274507764684,60.331160752820644,60.505450041415116,11041400
2016-12-14,60.46187973022461,61.089331862469,60.2527312357134,60.766895985245625,11682200
2016-12-15,60.85405731201172,60.91505924998907,60.48804568414761,60.705910698168516,8210100
2016-12-16,60.90218734741211,61.15602019627077,60.727126756192995,60.9897143040823,8257100
2016-12-19,60.64834976196289,61.21728495270381,60.56957083259718,60.94594272697549,9318300
2016-12-20,60.604591369628906,60.81466409187671,60.46454956600952,60.674615610378176,4885000
2016-12-21,60.26322555541992,60.66585488290323,60.15819588261118,60.63959746470105,5432300
2016-12-22,60.34200668334961,60.359509403495046,59.939377341217295,60.18445549052577,4458400
2016-12-23,60.797157287597656,60.83216940946662,60.35951578105473,60.35951578105473,4188700
2016-12-27,60.91968536376953,61.26979984129543,60.85841583104336,60.87592522775268,5141200
2016-12-28,60.45577621459961,61.05096872158101,60.44702151773717,60.98094450243564,4558800
2016-12-29,60.560821533203125,60.75338482549917,60.464539887055096,60.49079730366309,5539200
2016-12-30,60.34200668334961,60.63084497196105,60.149443372356174,60.569575434633926,6649000
2017-01-03,61.12974548339844,61.14725487841904,60.58707443955619,60.665846683516165,11792900
2017-01-04,61.61117172241211,61.77747763442608,61.22604505369747,61.22604505369747,9174500
2017-01-05,61.926273345947266,61.94377606799012,61.50613456024491,61.55865608213236,5979300
2017-01-06,62.10130310058594,62.27636364225704,61.724931283339124,61.94375195202037,5769300
2017-01-09,62.36389923095703,62.468935570539905,61.98752736146562,62.10131172093873,5751900
2017-01-10,62.58272933959961,62.94159854539031,62.328896489184444,62.468944963018515,10320500
2017-01-11,61.952537536621094,62.88033549748676,61.31358460511631,62.66151471970673,23742000
2017-01-12,62.01378631591797,62.04879842998117,61.49737265871108,61.64616913507124,9358900
2017-01-13,62.0750617980957,62.285134502617645,61.92626530746826,62.06631377714956,5279000
2017-01-17,61.759944915771484,61.864981243366216,61.25228602708952,61.68992737525202,6038200
2017-01-18,61.6811637878418,62.022523455975254,61.558624762249075,61.88247503936868,6174200
2017-01-19,61.28730392456055,61.80372429293088,61.19102895202883,61.66367582765134,6470700
2017-01-20,61.12974548339844,61.593650961158296,61.07723065409179,61.287296649195966,7006900
2017-01-23,60.87592315673828,61.217282924296384,60.648347752406885,61.05097705060675,10003700
2017-01-24,60.45577621459961,60.85840545786981,60.17568601589526,60.81464532931177,8703500
2017-01-25,61.024715423583984,61.05097283806468,60.47328300797919,60.50829511991263,6553800
2017-01-26,60.55205535888672,60.99845139025342,60.543300662383935,60.89341506585043,6612500
2017-01-27,61.050987243652344,61.09475406336575,60.67461529890606,60.69211802006396,7264900
2017-01-30,60.75337600708008,61.02471150981546,60.49954322025013,60.90217246484612,7281900
2017-01-31,61.72493362426758,61.72493362426758,60.38575214960999,60.42951895615684,14342500
2017-02-01,62.25886535644531,62.25886535644531,61.60240323328545,61.72494229537838,19490500
2017-02-02,62.241371154785156,62.27638327415654,61.75996286077736,61.95252617838048,14539400
2017-02-03,62.5126953125,62.57396484073722,62.14507814307668,62.44267108654954,15104800
2017-02-06,62.58272933959961,62.58272933959961,62.276381650436065,62.39892072610148,11561600
2017-02-07,62.64400100708008,62.871576445857706,62.43393496706635,62.626498286195186,11278000
2017-02-08,62.54772186279297,62.61774610490649,62.13633778772516,62.31139839300895,6812900
2017-02-09,62.775272369384766,62.95908092349403,62.486427493837354,62.538942315618115,7869200
2017-02-10,62.8978271484375,63.037868934196744,62.722773246768874,62.87156973097503,4440300
2017-02-13,63.2829475402832,63.3179529748818,62.95909050828627,62.95909050828627,6465200
2017-02-14,63.7818603515625,63.7818603515625,63.169158381843225,63.212925193208115,10403000
2017-02-15,64.4732894897461,64.59582846243738,63.58049791399737,63.641767400343014,10091700
2017-02-16,64.38581085205078,64.55211674737203,63.94816938257708,64.49084720876087,11332600
2017-02-17,64.4732894897461,64.50829490090946,64.1406779828356,64.1406779828356,12118400
2017-02-21,64.76216888427734,64.97224155261372,64.46457595428362,64.46457595428362,10651800
2017-02-22,64.66587829589844,64.89345364948815,64.61336347502255,64.68338768810808,6634300
2017-02-23,65.1385498046875,65.25234085201741,64.657148231274,64.73592048446083,8685600
2017-02-24,65.4536361694336,65.48864827713767,65.00724014355261,65.03350423273821,9103000
2017-02-27,65.76876831054688,65.80378043414147,65.35738420566017,65.49743270003853,8178200
2017-02-28,65.637451171875,65.84752383872794,65.44488789953184,65.58493634410047,10258600
2017-03-01,66.29390716552734,66.46021300876839,65.83876311807391,66.03132637280002,15196600
2017-03-02,66.0838623046875,66.42522211878604,66.07510760543708,66.18889866205586,7889300
2017-03-03,66.34648132324219,66.3989961878915,65.96135450812838,65.98761194045304,6635300
2017-03-06,66.09259796142578,66.30266393775966,65.8562678949078,66.25014911314544,5886900
2017-03-07,65.62871551513672,65.96132061682474,65.41864280871188,65.54993658075774,12330600
2017-03-08,65.89128112792969,66.11885650160166,65.5761788191153,65.61994562562505,8130000
2017-03-09,66.25016784667969,66.33769480507901,65.83878379653606,65.8825439367963,8451400
2017-03-10,66.50399017333984,66.60026513782411,66.25890537958685,66.53024758891534,10455800
2017-03-13,66.45147705078125,66.56526810313981,66.18889618400948,66.56526810313981,6898500
2017-03-14,66.20637512207031,66.48646528607658,66.13635091159968,66.26764463676305,7296300
2017-03-15,67.03791046142578,67.17795892319444,66.30267607077496,66.30267607077496,11044900
2017-03-16,66.39020538330078,66.87161364041633,66.13637254571972,66.87161364041633,12129400
2017-03-17,66.0247802734375,66.34980482272269,65.98964121636264,66.22682147400562,10401000
2017-03-20,65.92813873291016,66.1389663387037,65.79636896600591,66.04233562311316,4728300
2017-03-21,65.40985107421875,66.22681564860069,63.53874168867462,65.99841514874949,16650400
2017-03-22,65.42743682861328,65.59433899027253,65.10240554186112,65.50649468906916,9954300
2017-03-23,65.2253646850586,65.68215890295775,65.10238136862081,65.34834800149636,13250500
2017-03-24,65.26048278808594,65.55037481325995,64.98816363224208,65.26048278808594,9229500
2017-03-27,65.43622589111328,65.55042953083179,64.67197298944772,64.79495636907417,6946300
2017-03-28,65.48014068603516,65.56798498538335,65.10240416695655,65.30444538524834,7392300
2017-03-29,65.49767303466797,65.65579537265864,65.34833713270093,65.50645947069161,4357800
2017-03-30,65.50647735595703,65.63824712394093,65.24293781998925,65.41863307799737,7137400
2017-03-31,65.3219985961914,65.49768714198332,65.25172049703927,65.34835120785135,5895400
2017-04-03,65.37471008300781,65.6997412961611,65.11995697573995,65.3922829605237,12354800
2017-04-04,65.33956146240234,65.42741243293965,65.15508648803255,65.35713433734503,5228600
2017-04-05,65.13752746582031,65.81393577943071,65.09360197572963,65.42741961540568,6470100
2017-04-06,65.25172424316406,65.37470757269661,64.96183209408501,65.15509352680438,5253300
2017-04-07,65.3659439086914,65.53284606718739,65.11997048705702,65.29566578822444,5638200
2017-04-10,65.2429428100586,65.56797403566684,65.1814511405748,65.34835997292623,4530000
2017-04-11,65.15509796142578,65.30443391429537,64.79493438673506,65.13753178547788,5472600
2017-04-12,65.15509796142578,65.26051512338098,64.89156510967167,65.08481985345566,3782200
2017-04-13,64.98819732666016,65.29565567848624,64.98819732666016,65.07604161259769,6671100
2017-04-17,65.2253646850586,65.24293085794052,64.85641473574526,64.90911995647913,6149900
2017-04-18,64.51383972167969,64.86521691761635,64.26787300368787,64.86521691761635,7519500
2017-04-19,64.70704650878906,64.89152139136044,64.59284298475578,64.7246126729024,5023100
2017-04-20,65.1111831665039,65.24294624942287,64.5401852328596,64.83885715692881,7307300
2017-04-21,64.72465515136719,65.05846610527698,64.5753192010988,64.99697443739652,6763000
2017-04-24,65.3659439086914,65.52405962660642,65.27809290706247,65.34837102752944,5450000
2017-04-25,65.64704132080078,65.83151633694472,65.4449934257348,65.62946844187873,9035700
2017-04-26,66.00720977783203,66.27074936436676,65.83152118820227,65.88422642467319,6240400
2017-04-27,66.14774322509766,66.45520150208371,65.89299016642698,66.02475991430323,6962800
2017-04-28,66.32344055175781,66.35857960265838,66.09504007194839,66.20045722465012,5781100
2017-05-01,66.47277069091797,66.60454044477437,66.32343476418849,66.43763164308372,7182000
2017-05-02,66.65725708007812,66.67482995804853,66.14775755445348,66.53427374264226,5243800
2017-05-03,66.33222961425781,66.50791817362267,66.18288696649985,66.455212946231,8094100
2017-05-04,66.77146911621094,66.77146911621094,66.46401073377842,66.56063476646572,4275400
2017-05-05,66.73629760742188,66.93833871673937,66.46397841569532,66.92077254718052,5720100
2017-05-08,66.32344055175781,66.73631602222876,66.22680983730339,66.68361079692224,6558500
2017-05-09,66.4024887084961,66.525478719761,66.2795053993189,66.35856992784007,3830200
2017-05-10,66.20926666259766,66.30589741061955,65.93694059904001,66.29711096932002,4314900
2017-05-11,66.24436950683594,66.27072211423535,65.91055194087708,66.10381333125594,6791600
2017-05-12,66.13018035888672,66.31465535299627,66.08626157100662,66.21802463673572,2638000
2017-05-15,66.56061553955078,66.59575458769127,66.10382131790068,66.1653129766245,7320800
2017-05-16,66.3058853149414,66.5518520097306,66.12140359175973,66.4903603360333,5471700
2017-05-17,65.43622589111328,65.95451873561748,65.43622589111328,65.77004366617781,11434000
2017-05-18,65.72610473632812,66.10384124006927,65.40107346963778,65.40107346963778,10690500
2017-05-19,65.91056060791016,66.121388196916,65.75243824063372,65.84028251087881,9209800
2017-05-22,66.08626556396484,66.16532340817902,65.70852911451121,65.84907862714392,4999100
2017-05-23,66.3058853149414,66.44643483963961,66.12140359175973,66.17411552785012,4216100
2017-05-24,66.47277069091797,66.52548261371338,66.1828785728515,66.34100093706157,5186400
2017-05-25,66.78903198242188,66.92080176895601,66.46400743800606,66.62212313933932,4479400
2017-05-26,66.66603088378906,66.92957038668231,66.5957527894058,66.73630897817232,4507400
2017-05-30,66.56940460205078,66.73631341177757,66.45520771765732,66.45520771765732,4651200
2017-05-31,66.83295440673828,66.98229036363772,66.63969295564988,66.70118462626078,5884400
2017-06-01,67.57085418701172,67.62356612024804,66.87687293452313,66.94715104411198,9149900
2017-06-02,68.01008605957031,68.09793035034336,67.70262769081977,67.76411936456988,4833000
2017-06-05,67.81681823730469,68.08035778699323,67.6586958479094,68.01007968013106,5558900
2017-06-06,67.64991760253906,67.8958842798901,67.535714000848,67.68505665674482,4316500
2017-06-07,67.8343734741211,67.9046515627068,67.61475947385631,67.7377427778376,4415700
2017-06-08,67.64111328125,67.95735798340726,67.4654247587571,67.79044919557772,6304400
2017-06-09,68.097900390625,68.30873463823137,67.6411062583182,67.72895051044411,13419000
2017-06-12,68.01008605957031,68.29119181129792,67.68506151350108,68.04522511629749,7700600
2017-06-13,68.15062713623047,68.23847140747526,67.91344023157241,68.07156260064835,5592500
2017-06-14,68.47566986083984,68.66893133034127,68.23848959505452,68.26484221324287,6782300
2017-06-15,68.4053726196289,68.45807783610655,68.02763626333483,68.21211122309414,8186000
2017-06-16,68.5182876586914,68.65939531539502,68.15668709261195,68.4918303936035,14165200
2017-06-19,69.23263549804688,69.29437133698623,68.57999852515911,68.61527710865329,8294400
2017-06-20,69.46195983886719,69.84119629288806,69.19737376259089,69.22383102447782,7697200
2017-06-21,70.3438720703125,70.3703293200192,69.55894226174561,69.60303543502333,9481200
2017-06-22,71.07588958740234,71.50804714928294,70.43207400125561,70.45853125428889,12341100
2017-06-23,70.97008514404297,71.12001411560207,70.70549906471224,70.98772107593672,8779600
2017-06-26,70.8995132446289,71.17291386881338,70.79367748912098,71.17291386881338,7434400
2017-06-27,70.2557144165039,70.98772336602052,70.2380717553375,70.89953024629965,8428000
2017-06-28,70.62610626220703,70.80249244347198,70.44971335224058,70.48499193423388,8674200
2017-06-29,69.98231506347656,70.6084950329765,69.55016401694651,70.54675916918649,8445800
2017-06-30,69.8852767944336,70.25569857968793,69.8852767944336,70.25569857968793,7817400
2017-07-03,70.00875854492188,70.33508046281919,69.9999439437621,70.12341564703068,5904200
2017-07-05,70.42326354980469,70.51145664976937,69.85881963558805,70.10576300697005,8955500
2017-07-06,69.5148696899414,70.2557066164949,69.41785525040817,70.12341358724932,6367700
2017-07-07,69.86763000488281,69.94700176379025,69.58540809204332,69.76179426430507,4371400
2017-07-10,69.73533630371094,69.92054380131677,69.55895013323904,69.89408654861609,3580000
2017-07-11,69.65599060058594,69.84119816746906,69.3032113989832,69.69126246491297,4117500
2017-07-12,70.13221740722656,70.36152484075559,69.9822884705238,69.99993112701938,8808200
2017-07-13,70.19395446777344,70.41444057688749,69.71771039334489,70.19395446777344,9437700
2017-07-14,70.67021942138672,70.82015511941985,70.20278985306261,70.3439042209283,5750000
2017-07-17,70.4144287109375,70.81130767768362,70.39679278580921,70.75839317359784,5743700
2017-07-18,70.46739959716797,70.53795680479968,69.9911485387124,70.32628518190454,8042700
2017-07-19,71.04063415527344,71.04063415527344,70.76722677710163,70.76722677710163,8177900
2017-07-20,71.50804901123047,71.62269935359365,71.09353409304623,71.20818443540941,8276800
2017-07-21,71.42869567871094,71.53453145957657,71.30522396538623,71.35814522017091,4043600
2017-07-24,71.40222930908203,71.47278648732697,71.093550065139,71.36695071995956,4476800
2017-07-25,70.89068603515625,71.6227014771125,70.7848570171299,71.56978696809932,8486000
2017-07-26,70.65257263183594,70.80250157812452,70.45854377019077,70.73194440503494,4964100
2017-07-27,70.16751098632812,70.72314039674421,69.87647437897579,70.72314039674421,12536800
2017-07-28,70.52027893066406,70.60847203181969,69.89409916514614,70.19395705481573,6426100
2017-07-31,70.45855712890625,70.74960047655489,70.44973579842197,70.60848610362089,5516800
2017-08-01,70.2997817993164,70.71429671137689,70.2115887119783,70.71429671137689,8678800
2017-08-02,70.1410903930664,70.2910194401891,69.89414684987447,70.2910194401891,7718500
2017-08-03,70.2557144165039,70.39682206231656,69.94702840442525,70.17633589866251,8003600
2017-08-04,70.0969467163086,70.58201211876556,70.0087468897691,70.58201211876556,3930100
2017-08-07,70.24690246582031,70.25572379758141,69.96468040780685,70.02641627272527,4583300
2017-08-08,69.9205551147461,70.28215557003335,69.779447501277,70.15868388498457,4423300
2017-08-09,69.99993896484375,70.07048941261974,69.62951715268203,69.75298884716837,4886500
2017-08-10,69.1268081665039,69.85000239445769,69.11799356608317,69.78826654799954,7054700
2017-08-11,69.32083892822266,69.66479675769801,69.16208864317997,69.16208864317997,8318600
2017-08-14,69.78826141357422,69.90291849763432,69.62069654477443,69.62069654477443,3955800
2017-08-15,69.78826141357422,70.01756885299228,69.77062548532766,69.8764612409134,4653800
2017-08-16,69.98231506347656,70.11460812265643,69.82356473820161,69.90294326519134,3756900
2017-08-17,69.10919189453125,70.06169384970535,69.08273462833827,69.76182913254112,7133400
2017-08-18,68.79167938232422,69.2591089476885,68.7475794604696,68.85341523569869,8434600
2017-08-21,69.1003646850586,69.18855780776809,68.6329350788647,68.72994953245635,10269000
2017-08-22,69.9382095336914,70.01758131798442,69.07390086429315,69.1180007858137,5455500
2017-08-23,69.40904235839844,69.7177283737307,69.38258509507368,69.70008571237834,5662500
2017-08-24,69.61188507080078,69.7088995116459,69.34729900873175,69.47959203976626,5502800
2017-08-25,69.6295166015625,70.02639566958675,69.57660208397365,69.76180962423724,5476500
2017-08-28,69.99993896484375,70.11458933009459,69.80591009387874,69.82354602364705,7432800
2017-08-29,70.13221740722656,70.20277457580502,69.64715201282901,69.70888785315968,4243500
2017-08-30,70.49382781982422,70.67021403751528,70.03521961660573,70.05285554689368,3667900
2017-08-31,71.69328308105469,71.76384026959214,70.67022403337319,70.67022403337319,6987200
2017-09-01,71.6403579711914,71.94903721456443,71.36695058817287,71.79910825759794,6471600
2017-09-05,71.3316879272461,71.76384569317057,71.00537268083072,71.34050925865591,8076900
2017-09-06,71.67562866210938,71.74618583907284,71.26112038703022,71.57862095466305,8791000
2017-09-07,72.46936798095703,72.62811823826686,71.64915943963986,71.66680209528629,7251000
2017-09-08,72.79570007324219,72.91917176534594,72.24007745877535,72.3635491508791,4302600
2017-09-11,73.36017608642578,73.3778120235634,72.96330357812708,73.12205392718766,6286200
2017-09-12,73.51888275146484,73.52770407914488,73.23666082401725,73.3777684233903,6984800
2017-09-13,73.2454833984375,73.56298391330803,73.10436906796099,73.43069091066171,5873800
2017-09-14,73.34249877929688,73.45714912778482,72.95444109410428,73.04263418745667,6373800
2017-09-15,73.1079330444336,73.52397396097983,73.02826908346385,73.52397396097983,7091300
2017-09-18,73.09024810791016,73.3823628686828,72.9751756658515,73.18761969483437,7783100
2017-09-19,72.51486206054688,73.21416392453163,72.43519809357956,73.1256461545214,7329200
2017-09-20,72.58564758300781,72.66531151551867,72.06338823840544,72.54138534041064,5101800
2017-09-21,72.2138900756836,72.62107716290402,72.17848162199417,72.54140645373481,4527900
2017-09-22,72.2138900756836,72.31126163496153,71.8421114421526,72.11651851640568,6473300
2017-09-25,72.00145721435547,72.44405286505636,71.8952385804104,72.11653640576085,12439300
2017-09-26,71.8863754272461,72.40864173895616,71.8598207722134,72.20504479458411,4579400
2017-09-27,71.85980987548828,72.07225383700798,71.54999435796543,72.07225383700798,5384700
2017-09-28,71.92176818847656,72.1607667850832,71.69161663930147,71.79784198972182,4229000
2017-09-29,72.34667205810547,72.38207375928663,71.75358888450238,71.93063115776904,6902700
2017-10-02,73.08137512207031,73.09022892405065,72.4794449033781,72.55911561425684,8764900
2017-10-03,73.06366729736328,73.29381885257817,72.78040644228015,73.18759349937018,5141700
2017-10-04,73.41776275634766,73.44431741268437,73.0990933733608,73.16991029257413,3291100
2017-10-05,73.47087097167969,73.4797247748174,73.13450074065,73.41776165979948,7709600
2017-10-06,73.37349700927734,73.65675791920668,73.25842458612482,73.33808855135207,4035900
2017-10-09,72.9131851196289,73.38233526919174,72.79810596737822,73.36462766724331,4558800
2017-10-10,73.08137512207031,73.08137512207031,72.683041828093,72.93974805774563,4037700
2017-10-11,73.22300720214844,73.30267115766446,73.01941028226527,73.03711788580571,4031600
2017-10-12,73.14334106445312,73.3115295412388,73.05482330163471,73.19645712492209,4731600
2017-10-13,72.95745086669922,73.05482243068033,72.780415343173,72.90434156033581,5909600
2017-10-16,72.63876342773438,73.18758421951371,72.50599019489881,72.90432340034678,10219700
2017-10-17,73.61248779296875,73.80722414267521,72.7892598817439,72.7892598817439,8437800
2017-10-18,73.71871948242188,74.11705956060226,73.63020171620602,73.79839019944701,6938700
2017-10-19,74.17017364501953,74.18787449801329,73.52398107844112,73.63020645682299,6410400
2017-10-20,74.24983215332031,74.31179526445132,73.99312590621398,74.19672284477163,6343800
2017-10-23,74.06392669677734,74.63044837621128,74.02851824762884,74.3471875364943,7159600
2017-10-24,73.5682373046875,74.08164979453015,73.14334257949676,74.07279599202319,7145500
2017-10-25,73.46199798583984,73.67444868483072,73.17873714065661,73.49740643567166,6819100
2017-10-26,72.7273178100586,73.1522058366922,72.28472217612243,72.9397618233754,13466900
2017-10-27,72.70960235595703,72.78927307327368,72.43519525364204,72.47060371095246,6122000
2017-10-30,71.93064880371094,72.51487156513132,71.77131409541923,72.47061605106207,5884000
2017-10-31,71.79784393310547,72.10765943837825,71.67391773099637,71.88636168411605,6548600
2017-11-01,71.97489166259766,72.27586017132953,71.7801485252075,71.92178235366312,7427800
2017-11-02,71.64736938476562,72.12537338644462,71.48803471753929,72.10766578260163,10200300
2017-11-03,72.24044036865234,72.28470262146138,71.56769329609024,71.56769329609024,6862700
2017-11-06,72.01913452148438,72.20502380615211,71.96602522685669,72.12535986421058,4853200
2017-11-07,72.16964721679688,72.27587260641471,71.91294092365915,72.14309255776087,4439800
2017-11-08,72.33780670166016,72.4174706468014,72.00142981291857,72.08995431214811,6186200
2017-11-09,72.34667205810547,72.41748221393995,71.90407650514709,72.16077598280742,7086400
2017-11-10,71.87752532958984,72.16964005695324,71.42608266381711,72.16964005695324,4826300
2017-11-13,71.94833374023438,72.08996756225699,71.43492126561092,71.63851819640034,4704000
2017-11-14,71.65621948242188,71.78899950300605,71.32870308558293,71.70933554273898,7430100
2017-11-15,71.45262908935547,71.6739268718406,71.2047766535277,71.39066598039852,4952300
2017-11-16,72.19619750976562,72.28472203916387,71.55885871754937,71.55885871754937,4780500
2017-11-17,71.91293334960938,72.14308495947095,71.79786092141514,71.8686778403684,6129800
2017-11-20,71.61198425292969,71.96606215691125,71.49690505088796,71.90409903022504,4898500
2017-11-21,72.24044036865234,72.40862882516076,71.97488035874132,72.0014350090381,7974500
2017-11-22,72.2138900756836,72.51485180183573,72.09881091282496,72.24044472758267,4853100
2017-11-24,72.382080078125,72.4086414865379,72.15193523299534,72.31126991610891,1650600
2017-11-27,72.44403076171875,72.56796371929771,72.32010455761142,72.38206765966508,4241400
2017-11-28,72.97518157958984,73.03714470779262,72.42636047731216,72.62110366694212,8290400
2017-11-29,73.33808898925781,73.6036490485466,73.03712722530518,73.03712722530518,8144600
2017-11-30,73.88690948486328,74.1082072816894,73.3469423203297,73.56824011715584,10639600
2017-12-01,73.73641204833984,74.04622754364118,72.73614190904674,73.85148444560284,15315400
2017-12-04,72.8335189819336,74.17901316853244,72.8335189819336,74.16130556547435,9770300
2017-12-05,72.70960235595703,73.24071570866815,72.64763924403195,72.87779083981341,13240800
2017-12-06,72.64763641357422,72.99286041705966,72.32896706366883,72.75386178136682,8533000
2017-12-07,72.66534423828125,72.8069780755969,72.38208331712302,72.60338112282392,3979200
2017-12-08,73.47970581054688,73.48855285792824,72.82465961687679,72.87777566852138,8444100
2017-12-11,73.78952026367188,73.83378251383877,73.4265887220226,73.54166787106807,6588600
2017-12-12,74.08164978027344,74.19672219895152,73.81608973289626,73.81608973289626,6068600
2017-12-13,74.33836364746094,74.55080765506219,74.04624891608844,74.07280357285445,8459800
2017-12-14,73.58594512939453,74.49769777677928,73.5151349630464,74.40032620039327,6772100
2017-12-15,74.39556121826172,74.42222202397265,73.86232476263477,73.86232476263477,8012200
2017-12-18,74.42223358154297,74.83104848702712,74.3778011586143,74.63553362129419,5655400
2017-12-19,74.33334350585938,74.79548669681374,74.2977935080576,74.53775429810241,4777100
2017-12-20,74.0934066772461,74.60886481372567,74.08451748061721,74.49333237943152,4686700
2017-12-21,73.92455291748047,74.36891786486122,73.87123129354549,74.32447865793475,4304200
2017-12-22,73.68458557128906,73.9067680050023,73.50683555603659,73.81788960714118,7023600
2017-12-26,73.70234680175781,73.80010760125982,73.54237520079714,73.62235761104307,2504100
2017-12-27,73.82678985595703,74.02231151177227,73.74680742247124,73.75568983921134,4053300
2017-12-28,73.93344116210938,74.06674522022878,73.70236949391754,73.96010197373326,5380600
2017-12-29,73.48016357421875,74.1733715771079,73.40017438440222,74.05783917011595,4877200
2018-01-02,74.30670166015625,74.34225166702774,73.64904348420991,73.75568672435388,6708900
2018-01-03,75.01770782470703,75.07102945870196,74.0845385469621,74.29783186341409,7606500
2018-01-04,75.12434387207031,75.39984799519357,74.93771139055409,75.25765472471666,7762500
2018-01-05,75.76421356201172,75.83531357155283,75.22208785508347,75.36428787416568,7579300
2018-01-08,75.48871612548828,75.77310940814084,75.10656201625477,75.6753485815599,5167300
2018-01-09,76.37745666503906,76.53742833268744,75.64869835252351,75.71979159777817,6962900
2018-01-10,76.24413299560547,76.2619046088139,75.6753464463489,76.119711361735,10835800
2018-01-11,76.57295989990234,76.5907315118171,76.16413824069286,76.37743826648999,4247800
2018-01-12,77.15953826904297,77.2484099128798,76.65296244065404,76.715173269387,5391700
2018-01-16,77.54167938232422,78.16378756489387,77.41725774581029,77.63944020822383,8920000
2018-01-17,78.28819274902344,78.45705355472198,77.70163469736252,77.89715630807257,7214600
2018-01-18,78.30596160888672,78.38594401418675,77.85270763744796,78.29707241480835,7954800
2018-01-19,78.59927368164062,78.62593449347894,78.20823036008947,78.60815609860609,4802400
2018-01-22,79.1147232055664,79.15916240741355,78.43040424822392,78.5726042697586,11152500
2018-01-23,78.73257446289062,79.25692860227342,78.661481227772,79.10584615449915,7637600
2018-01-24,78.96365356445312,79.25693607104346,78.6881494536708,79.12362522436864,8291100
2018-01-25,79.63906860351562,79.7190510215328,79.04362133448947,79.34578617651367,6339300
2018-01-26,81.35431671142578,81.37208832183565,79.98567217390486,80.00344378431473,9784400
2018-01-29,81.13213348388672,81.57649832488919,81.12324428853525,81.14102267923819,12643800
2018-01-30,79.42578887939453,80.08344706774241,79.29247804623022,79.53243212154949,14270600
2018-01-31,78.29706573486328,80.06563549934029,78.02156176615446,79.83457071676351,15858400
2018-02-01,78.32373809814453,78.67923129828284,77.79939088280388,77.99491248190338,12848700
2018-02-02,77.22173309326172,78.36819536842182,77.2039614803663,77.68387639418708,10539200
2018-02-05,73.80011749267578,77.31059720922255,73.20467020169681,76.8395715378371,34979800
2018-02-06,74.61776733398438,74.93771066504944,72.34262078460759,72.37817079700055,33313400
2018-02-07,74.52886962890625,75.57757089609488,74.14671560491881,74.40444801927957,17338000
2018-02-08,71.94265747070312,74.75104622474666,71.88044667073221,74.51108543880984,20252500
2018-02-09,72.96470642089844,73.58682127412402,70.7073321875885,72.60033077270398,35535700
2018-02-12,73.64903259277344,74.21781905766247,72.778074504398,73.43573258308791,13389200
2018-02-13,73.70234680175781,73.87120759734653,72.76917799940911,73.2224319988758,8415200
2018-02-14,74.53776550292969,74.67106953913921,73.1602316980264,73.23133170431801,10110800
2018-02-15,75.36427307128906,75.3909338745128,74.28890428449408,75.04432987166669,9519100
2018-02-16,75.9063949584961,76.4396313382919,74.99099781629228,74.99099781629228,9323000
2018-02-20,75.07101440429688,75.79088344075822,74.85772113061776,75.5420401580541,8872100
2018-02-21,74.75994873046875,76.0663757624723,74.75105953447053,75.06211358970947,9417400
2018-02-22,74.64441680908203,75.53314664248617,74.4666735545894,74.9999100985378,6316100
2018-02-23,75.8353042602539,75.8619650654408,74.75994217474394,75.08876781267462,5498500
2018-02-26,76.79515838623047,76.88403002531221,75.96863925987458,75.96863925987458,6266100
2018-02-27,75.99526977539062,77.05285338562221,75.99526977539062,76.7951277691779,7460700
2018-02-28,74.77771759033203,76.34188378543679,74.75994597945942,76.2441229744634,6279000
2018-03-01,73.58683013916016,75.02656807540428,73.0269260257583,74.64441399025313,12720300
2018-03-02,74.33334350585938,74.49331510573299,73.17799230894224,73.18688150350987,11206000
2018-03-05,75.0087890625,75.2309714905403,73.83566611366598,73.99563773307379,11028800
2018-03-06,74.90215301513672,75.30208552842404,74.52888809377858,75.17765710750047,9573300
2018-03-07,75.28429412841797,75.36428332944563,74.23559278257224,74.2622535894249,6868200
2018-03-08,75.79090118408203,75.85311201932217,75.36431453685607,75.48873620733634,6403000
2018-03-09,76.8840103149414,76.91067112178389,75.96861978417787,76.25301302461382,8253100
2018-03-12,76.55517578125,77.02620143716376,76.46630416738374,76.91066901718457,5760200
2018-03-13,76.65291595458984,77.18615227470215,76.484055187375,76.84843752074015,6400700
2018-03-14,76.27967834472656,77.09730811179823,76.03083509218041,76.9195648686853,9416400
2018-03-15,76.1552734375,76.76849250719415,76.05751259818454,76.54631001429023,5883100
2018-03-16,76.1552505493164,76.56550170028102,76.1463301230826,76.1463301230826,7067700
2018-03-19,74.92451477050781,76.11067317632937,74.31805492508995,76.01257568178337,7190200
2018-03-20,75.03153991699219,75.2990983585476,74.60345457565612,75.0939693127826,5534400
2018-03-21,74.71044158935547,75.566625526277,74.64801221940192,75.15636760453539,5498700
2018-03-22,72.56107330322266,74.04154396336614,72.43621457782346,73.9880350251351,14648500
2018-03-23,71.05386352539062,72.78405898012498,71.00035457047466,72.63244573833487,11049000
2018-03-26,72.525390625,72.6234948707535,71.03599970025431,71.85650175174769,9183500
2018-03-27,71.66924285888672,72.99810072283209,71.25899166613486,72.78405810145988,10948400
2018-03-28,72.052734375,72.74837794747953,71.77626239216627,71.8743598664849,10146800
2018-03-29,72.59676361083984,73.1229530932748,71.94570857220353,72.43622995777142,6914900
2018-04-02,70.94686126708984,72.66813667430331,70.22445619489346,72.29355349437807,11364900
2018-04-03,72.0260009765625,72.15978019602333,70.89334462999372,71.33035720051868,8590700
2018-04-04,73.05162811279297,73.25675033968267,71.16089871079868,71.16089871079868,9085800
2018-04-05,72.99810791015625,73.37268423551112,72.72163588015046,73.31025484795198,8031300
2018-04-06,71.24114227294922,72.74837447762611,70.59901448579744,72.39163228190307,12171800
2018-04-09,71.94570922851562,72.94458605719701,71.4195197412806,71.62464191944989,6952600
2018-04-10,73.15863800048828,73.44403044450013,72.40948538656693,72.65920292454071,8097800
2018-04-11,72.56107330322266,73.0515945846411,72.46296904693897,72.61458224145369,6205800
2018-04-12,73.05162811279297,73.39944997951318,72.90000804439971,72.95352381148282,5096900
2018-04-13,73.01593780517578,73.46186387916889,72.62352068268844,73.39943450098153,7837000
2018-04-16,73.59564208984375,73.8632004771584,73.3815994625675,73.55105356148627,7217200
2018-04-17,74.16641998291016,74.32694682030763,73.77400290227322,74.1574995571799,6500900
2018-04-18,74.22884368896484,74.48747477678167,73.87210153418589,74.35370242249388,4704500
2018-04-19,73.60456085205078,74.16643209184164,73.33700927508148,74.09508228293292,5833600
2018-04-20,73.2121353149414,73.77400649032423,72.97133824284269,73.66698178922952,5250500
2018-04-23,73.49752807617188,73.72940470178366,73.22104932364873,73.40833743093098,9257300
2018-04-24,72.9446029663086,73.78294633479146,72.39165207156346,73.729430568014,8904800
2018-04-25,73.27458190917969,73.310250010323,72.34705478072637,72.85541027567466,8068800
2018-04-26,74.20208740234375,74.4874797844954,73.48860984911015,73.48860984911015,9463300
2018-04-27,74.50532531738281,74.62126364094192,73.9880494658886,74.14858311620434,6663300
2018-04-30,73.36375427246094,74.87097966621708,73.35483384642696,74.82639114462997,7241000
2018-05-01,73.32808685302734,73.5332090426943,72.7127066754423,73.27457789994764,8498000
2018-05-02,72.3202896118164,72.99809917008498,72.159762752421,72.94459021695319,11594300
2018-05-03,71.66924285888672,71.99923062023359,70.73279533340836,71.99031019309116,13524100
2018-05-04,72.24002838134766,72.48082548206354,71.17872208330988,71.45520089292269,7889500
2018-05-07,72.13301849365234,72.75731924611283,71.9457303092023,72.4719267549089,5886700
2018-05-08,71.58897399902344,72.01706605428741,71.16088874805185,71.95463667167522,9522300
2018-05-09,71.99923706054688,72.31138399553038,71.33034785517101,71.72275822873904,11340200
2018-05-10,72.96243286132812,73.28350022652393,72.26678917150151,72.30246407922249,7845500
2018-05-11,74.05049133300781,74.19319095926909,72.89108748895205,73.02485988320613,10434000
2018-05-14,74.5409927368164,74.85313957991045,74.0326373625516,74.18425057144142,11837600
2018-05-15,73.57781219482422,74.13967667476655,73.33701507607546,74.0504928087223,8806800
2018-05-16,73.98804473876953,74.24668264799219,73.53319829121996,73.54211871685966,7013600
2018-05-17,74.01480865478516,74.13966741250708,73.59563705202213,73.91670437310479,6610400
2018-05-18,74.20208740234375,74.35370742121425,73.81859075092515,74.06831503906258,5838900
2018-05-21,74.27346801757812,74.69263974123088,74.16645008254777,74.54994008879848,6406500
2018-05-22,74.13075256347656,74.51424925707498,74.0148074301589,74.42505859935619,5770200
2018-05-23,74.3715591430664,74.39831362208099,73.72942442954523,73.81860829435811,8360500
2018-05-24,74.07723236083984,74.45181540961218,73.74725144254113,74.32694985716043,7166500
2018-05-25,73.97020721435547,74.43396726145174,73.84534847843375,74.10397957120675,6853300
2018-05-29,73.2121353149414,73.62239326699202,72.7483752187807,73.48861409169652,18236800
2018-05-30,74.30912017822266,74.47857426252806,73.6313106452929,73.71158087628194,13167700
2018-05-31,73.49752807617188,74.22884645882722,73.47076680002506,74.16641708973314,11543500
2018-06-01,74.34481048583984,74.37156496694952,73.71159615050207,73.79185959383112,8037800
2018-06-04,74.62127685546875,74.72830157606253,74.19319158167907,74.43398869764917,7230800
2018-06-05,74.46964263916016,74.80854395252422,74.11290047524015,74.64801031897476,5444400
2018-06-06,75.30799102783203,75.38825444813578,74.42505257874282,74.72828582101452,7218900
2018-06-07,75.40609741210938,75.6022991575558,75.04043478681751,75.53095616116234,7405600
2018-06-08,75.84310150146484,75.89661044875173,75.25447586414363,75.37933461067394,6247100
2018-06-11,75.98580169677734,76.3514643502974,75.67365480004804,75.85202931553052,7074400
2018-06-12,75.94123077392578,76.06608956155915,75.60232251809784,76.06608956155915,6829200
2018-06-13,75.95904541015625,76.44956681067718,75.86094113005205,76.07499054352948,10379200
2018-06-14,76.3514633178711,76.3960586472117,75.89661681490625,76.11065942629891,9379800
2018-06-15,76.50003814697266,76.53584520988557,75.90923868265683,76.25834900918413,9349300
2018-06-18,75.76602172851562,76.0345713256566,75.45271841818443,76.0345713256566,7342600
2018-06-19,75.96296691894531,75.98982051619899,75.13047125657715,75.24683912117669,6431700
2018-06-20,76.12411499023438,76.30314357115839,75.90032584932806,76.0614543039607,5900800
2018-06-21,75.68548583984375,76.06144993589484,75.50645043969881,76.05249645851204,7423400
2018-06-22,76.02564239501953,76.32104568134139,75.76604618850962,75.96298171272419,9829800
2018-06-25,75.3274154663086,76.03458987039213,74.75451589354499,75.73918660738858,9925100
2018-06-26,75.09464263916016,75.44375296230022,74.99617492447975,75.3900457832014,5560100
2018-06-27,74.4591064453125,75.47958415137164,74.40539924904655,75.09466664262996,7420500
2018-06-28,74.55757904052734,74.74556106918511,73.6624226205371,74.1816149832118,9026900
2018-06-29,74.70972442626953,75.37213800264992,74.65601724776536,74.79029202352459,6479300
2018-07-02,74.94247436523438,74.98722807527031,74.04731821052206,74.2979608411216,9364700
2018-07-03,75.12150573730469,75.47061610463382,74.92457028301651,75.21101999029938,3023100
2018-07-05,75.90029907226562,75.98085985640941,75.29159255056747,75.47062106833155,7458600
2018-07-06,76.99238586425781,77.12666065874512,76.17779045266789,76.26730470582619,9822500
2018-07-09,77.55635070800781,77.70852565841551,77.26990093038688,77.29675452992925,7874400
2018-07-10,77.85174560546875,77.88755267751556,77.50263518988822,77.70851731728152,6122900
2018-07-11,77.23407745361328,77.51157369595914,77.18037026593342,77.43101291443936,6434500
2018-07-12,78.09343719482422,78.14715121928859,77.57425170800842,77.61900542731104,4461600
2018-07-13,78.23665618896484,78.40673122930276,77.87859232959542,77.92335287307912,6048700
2018-07-16,77.76224517822266,78.2993376955013,77.65482394296617,78.2993376955013,5388500
2018-07-17,78.19190216064453,78.30827685159879,77.69957028880171,77.73537053117155,5849300
2018-07-18,78.25454711914062,78.2724540662313,77.97705090472854,78.20979341041247,7575700
2018-07-19,77.81595611572266,78.22772729304847,77.47579909867146,78.06659884718167,5204000
2018-07-20,77.66375732421875,77.780125176843,77.43996826413357,77.60109666057491,4822600
2018-07-23,77.82489776611328,77.92336551415124,77.52949452199938,77.61900879398813,3824600
2018-07-24,78.53206634521484,78.66633432856557,78.18294910000091,78.23666312284188,6467100
2018-07-25,79.53463745117188,79.55254440204389,78.40673857875962,78.48730619868228,9285900
2018-07-26,79.31082916259766,79.58833219789668,79.14075414751012,79.40034340677515,5763000
2018-07-27,78.73794555664062,79.34665210012308,78.45149582026654,79.34665210012308,5742900
2018-07-30,78.78269958496094,78.93487450086744,78.54995705919225,78.67527838164466,5531200
2018-07-31,79.60624694824219,79.71366815870091,78.95277986957718,79.06915455494921,6719100
2018-08-01,79.6241455078125,79.91954870865838,79.56148484364823,79.56148484364823,5733000
2018-08-02,79.9195556640625,80.0896375513821,79.24818841980189,79.28399549236921,5666200
2018-08-03,80.39396667480469,80.45662732825002,79.8747813303287,79.98219569080696,5884800
2018-08-06,80.53720092773438,80.7162294282009,80.06276925494849,80.34921895339465,4751100
2018-08-07,80.54613494873047,80.81467763457393,80.43871377669436,80.54613494873047,5170300
2018-08-08,80.6714859008789,80.78785375792114,80.37608269127124,80.55511121433628,5020400
2018-08-09,80.58195495605469,80.9042117217656,80.50139417937673,80.68042268054967,5680300
2018-08-10,80.23284149169922,80.70727997748753,79.95534527677529,80.28655550357107,5389500
2018-08-13,80.25971984863281,80.64463051432077,80.05383088769429,80.32238051857048,6563900
2018-08-14,80.63568115234375,80.77890260901991,80.2955173874243,80.37608500577386,5497700
2018-08-15,80.50140380859375,80.599871544867,79.99116500676892,80.38503595186191,6840600
2018-08-16,81.28914642333984,81.39656764457504,80.63568610862013,80.73415385404381,6916700
2018-08-17,81.53977966308594,81.79042915026186,81.0384943477345,81.22647634099128,5455300
2018-08-20,81.80834197998047,81.96051692728246,81.6830206316728,81.72778118299752,8144900
2018-08-21,81.80834197998047,82.05003802993188,81.63826008034809,82.01423095477237,6395900
2018-08-22,81.88890075683594,82.06792928378486,81.52188339823995,81.62035113691202,3954300
2018-08-23,81.86205291748047,82.05898842510331,81.66512423935922,81.84415279383366,6058300
2018-08-24,82.25592041015625,82.25592041015625,81.89785648703969,82.0500382642776,4028900
2018-08-27,82.55132293701172,82.61398361079654,82.20221249313897,82.55132293701172,4671300
2018-08-28,82.59607696533203,82.70349819057692,82.41704841942513,82.67664459164102,4954100
2018-08-29,83.13316345214844,83.22267771130872,82.52445692855818,82.61397118771848,5338500
2018-08-30,83.07051086425781,83.34800714348415,82.89147549903045,83.07051086425781,5266100
2018-08-31,83.05260467529297,83.12421882204123,82.7124477224901,82.87357613792324,5808100
2018-09-04,82.39020538330078,83.03471915839735,82.19326985985437,82.98100512413788,6875500
2018-09-05,82.72139739990234,82.72139739990234,82.17535150764616,82.32752644037312,10218900
2018-09-06,82.72139739990234,82.891472453744,82.22010522518318,82.7124439245947,5940300
2018-09-07,82.84671783447266,82.9272786228628,82.39913968697037,82.52446102191097,5591100
2018-09-10,82.63188171386719,83.20478124004049,82.5513209193277,83.05260629735406,4234000
2018-09-11,82.56025695800781,82.7213853425566,82.21113976690242,82.48864282498621,5683900
2018-09-12,82.9720458984375,83.12422084184952,82.45285356614828,82.61398198549662,11056600
2018-09-13,84.00148010253906,84.00148010253906,83.24955194378833,83.33011274815368,10603800
2018-09-14,83.7239761352539,84.07308658129101,83.57180118790467,84.07308658129101,5929000
2018-09-17,83.41960906982422,83.73291237620168,83.32114134074845,83.72395890187664,5543000
2018-09-18,83.90300750732422,84.11784311859498,83.29430091747295,83.41962225983931,5422900
2018-09-19,83.78662872314453,84.02832474984481,83.69711445860764,83.84928939127042,4186600
2018-09-20,84.6012191772461,84.65492636685522,83.97460570397206,84.0283197230814,5083000
2018-09-21,84.7153549194336,84.90407661174557,84.5356284629101,84.8231949070226,8579100
2018-09-24,84.88607788085938,85.05682276964919,84.54459495940281,84.66141644029301,5392600
2018-09-25,84.62548828125,85.12873468026257,84.53562505660922,85.002917938416,5215900
2018-09-26,84.8141860961914,85.47918890860828,84.63445968296278,84.78722781981944,10880500
2018-09-27,85.24554443359375,85.47919427034533,84.83216817234009,84.93101976265332,7168800
2018-09-28,85.50615692138672,85.56007348027003,85.03885722398479,85.07480388194833,5995800
2018-10-01,85.92852783203125,86.32392738614024,85.67690120798531,85.8296762294729,7307100
2018-10-02,85.82968139648438,86.00041947435281,85.66792484220777,85.92853300499368,5572700
2018-10-03,85.66793823242188,86.27002950117863,85.5331399401011,86.11726130274052,6367500
2018-10-04,84.83218383789062,85.64096660975119,84.39184921725956,85.60501994698795,10976400
2018-10-05,84.73333740234375,85.34441699437573,84.20313266437283,84.90408234686197,12291000
2018-10-08,84.69738006591797,84.94001145365608,83.98744894873131,84.62548674506058,11924000
2018-10-09,84.84115600585938,85.13770391877208,84.21209981189243,84.47270792503427,7463900
2018-10-10,82.83719635009766,84.93104337262068,82.7832797789835,84.83219175482772,22549300
2018-10-11,80.59955596923828,82.80123576385434,80.01543474124085,82.61252094055506,46581800
2018-10-12,81.8396987915039,82.14524202598044,80.8961176585954,81.57010222320847,20797300
2018-10-15,81.27352905273438,82.06433489540701,81.21062412043227,81.7048752010564,13909700
2018-10-16,83.50215911865234,83.64594572558632,81.89358244822306,81.90257082518713,13505900
2018-10-17,83.94252014160156,84.14920486737533,83.02589744779148,83.44826213453491,14232300
2018-10-18,82.98994445800781,83.90656708190731,82.32494843604807,83.89757870352136,14455600
2018-10-19,82.2350845336914,83.42129679414703,82.12724456233224,83.13373039331306,11318600
2018-10-22,81.56109619140625,82.37886031889767,81.18365973797904,82.2260921756257,8288300
2018-10-23,81.12076568603516,81.51617209212746,79.87164838256106,80.5186745539396,15424500
2018-10-24,78.44278717041016,81.55210059630592,78.3439355908945,81.08480782996881,17431900
2018-10-25,79.4582748413086,80.00644943025247,77.52618463897562,78.43381898632732,15725100
2018-10-26,78.55962371826172,79.2785431879018,77.59807286988952,78.72138025612453,25507900
2018-10-29,78.75731658935547,80.0513687225949,77.65198610564953,79.46724758711191,14024300
2018-10-30,79.60204315185547,79.7278530099009,78.36190761380335,78.76630231991199,15432000
2018-10-31,79.70989227294922,80.56361003109545,79.64698733128576,80.24009694364786,13460700
2018-11-01,80.71637725830078,80.85117551919257,79.95252958807983,79.9794878690333,9668500
2018-11-02,80.21311950683594,81.6329745447559,79.68291496275445,81.49818317061236,12953000
2018-11-05,80.92305755615234,81.2825103935799,80.32095965560205,80.32095965560205,7783500
2018-11-06,81.33642578125,81.42628898174299,80.69838814479027,80.81520961981887,7980500
2018-11-07,83.72683715820312,83.7987304759311,82.03738532834079,82.09130188857469,13310600
2018-11-08,83.77176666259766,84.0773029585743,83.45724198846769,83.57406347996634,7345600
2018-11-09,83.52912902832031,83.80771390402872,83.12474113820556,83.67291565528255,8486500
2018-11-12,82.3968505859375,83.52913956351942,82.20813575634052,83.40332967712142,8423200
2018-11-13,81.82171630859375,83.00792868571956,81.57907806320183,82.67542721675171,14227000
2018-11-14,81.16570281982422,82.33394531008506,80.77928478284176,82.32495693077162,11664000
2018-11-15,81.8846206665039,81.98347226856951,79.82672063751234,80.59056831664472,15563900
2018-11-16,82.71138000488281,83.10678644525899,81.6959124766099,81.74084066366402,11323200
2018-11-19,81.65994262695312,82.84615475514629,81.3004829519594,82.79223134741724,8821000
2018-11-20,80.89608764648438,81.74980522527726,80.70737286114019,81.14771421639963,11604300
2018-11-21,80.43780517578125,81.16570623997585,80.4198284163969,81.15671786028366,9345100
2018-11-23,80.55461120605469,81.03988077429881,79.96150852672756,80.00643670430429,3939500
2018-11-26,81.33642578125,81.55209883365771,80.86014464812672,81.20162755244915,7141200
2018-11-27,82.18116760253906,82.18116760253906,80.77029376588592,81.06684856842352,9262000
2018-11-28,84.1581802368164,84.18513851373916,82.40581681948086,82.42379357484492,11870400
2018-11-29,84.4367904663086,84.93104858561055,83.8436875792722,83.96050910923178,8796000
2018-11-30,86.1531982421875,86.1531982421875,84.2930012153775,84.38286444806816,15875900
2018-12-03,85.73979949951172,86.09925233641816,85.2455415645803,86.09925233641816,12158200
2018-12-04,83.8257064819336,86.19813161963923,83.67293829155022,85.72185028719367,15011300
2018-12-06,83.51115417480469,83.51115417480469,81.00393157887973,82.78325327332185,18492900
2018-12-07,81.38138580322266,83.39435793390956,80.97699781467975,83.27752955703575,14930800
2018-12-10,81.69588470458984,82.00142095474261,79.66494348232516,81.42628824941286,15372000
2018-12-11,81.94750213623047,82.92702264107056,81.36338107027545,82.37884822521828,13632300
2018-12-12,82.6484603881836,83.72683267182352,82.59454383083873,82.85514509542142,12581000
2018-12-13,82.72933197021484,83.33142988008657,82.17217594990242,82.87311859231063,11567100
2018-12-14,79.94355010986328,81.99246196394357,79.7009186981433,81.92057549210531,19422700
2018-12-17,78.35293579101562,79.78177943687302,77.81374278279692,79.11678341116024,22089500
2018-12-18,77.66998291015625,79.17072025579996,76.92410499964147,79.02694044459116,24712500
2018-12-19,76.65450286865234,78.75733111693077,75.96254164238583,77.82273849898773,23075600
2018-12-20,75.57611083984375,76.61854326472876,75.03692472799302,76.30401860415945,25321600
2018-12-21,74.63729095458984,76.97534501275321,74.48382938286166,75.69347737729892,28909200
2018-12-24,72.8498764038086,74.42062225154696,72.80474430371375,74.14077292709196,14235500
2018-12-26,76.02750396728516,76.09972362342077,72.76866602205443,73.1207282366587,20575100
2018-12-27,76.86699676513672,76.91212886026536,74.11368413434514,75.13376728308516,14045700
2018-12-28,76.9572982788086,78.0315431214574,76.64134593898378,77.36352173183414,15770600
2018-12-31,78.09471130371094,78.16692404131767,77.3364190172791,77.39058717953726,10163100
2019-01-02,76.91215515136719,77.4808762197779,76.0726207578865,76.89410368459349,14179900
2019-01-03,75.3504409790039,77.18297124101282,75.15184041888091,77.02048049975252,17668000
2019-01-04,77.59822845458984,78.02251024247373,76.19900904824807,76.23511198202003,16262600
2019-01-07,77.89610290527344,78.62730759304492,77.3905793569121,77.62528278308454,12387200
2019-01-08,78.50096130371094,78.76275236727498,77.63434617290142,78.51901965967802,13371000
2019-01-09,78.85298919677734,79.31338065231273,78.61827888198101,78.84396002272007,11259700
2019-01-10,79.00646209716797,79.06063026207049,78.10373740421144,78.50093847303002,10396800
2019-01-11,79.26826477050781,79.29534541332995,78.49192086913534,78.63636014717852,7187900
2019-01-14,78.39261627197266,78.82592719500566,78.3835939830245,78.78981737748262,5449000
2019-01-15,79.80084228515625,79.81889374366338,78.48286542242546,78.50091688093259,10540600
2019-01-16,79.65645599365234,80.2522578288658,79.60229469490405,79.90921790413847,8288900
2019-01-17,80.36055755615234,80.6945682069487,79.37659084361398,79.43978130325182,8731600
2019-01-18,81.31745910644531,81.36259121824479,80.35154375720981,80.95636777582813,13367500
2019-01-22,80.75775909423828,80.90219836688598,80.19806724359385,80.7487299178869,12244500
2019-01-23,80.8480224609375,81.29036252566777,79.97237839420742,80.91121291486427,7722800
2019-01-24,80.17097473144531,80.83899593766644,79.79183202774743,80.76677631203563,11307000
2019-01-25,80.27029418945312,80.5681950509836,80.03559068089355,80.5681950509836,7241900
2019-01-28,79.35855102539062,79.80088430777504,78.9794013246737,79.7196354836055,7113800
2019-01-29,79.7467041015625,79.80990144818747,79.13285786028189,79.35853905625042,11099200
2019-01-30,80.8390121459961,81.06469335590982,79.84600931258052,80.04460987926363,11706500
2019-01-31,81.85005950927734,82.03963089902143,80.66749217395969,80.7487341036026,13409900
2019-02-01,81.9222640991211,82.11183545403837,81.36257232228722,81.94934473736032,9386500
2019-02-04,81.68757629394531,81.93131587983356,80.9924811341326,81.93131587983356,9308600
2019-02-05,81.57020568847656,82.28335903883486,81.5521473373448,81.82296750637713,8921400
2019-02-06,81.94031524658203,81.97642505984281,81.32646219563415,81.42576246029061,6135900
2019-02-07,81.03759002685547,81.54312052183306,80.60428604515194,81.40771044483473,9511700
2019-02-08,81.1910629272461,81.20008521556515,80.60429048608654,80.72164221942126,7284200
2019-02-11,81.09178924560547,81.42579309123936,80.8661079932603,81.37163179459499,5017400
2019-02-12,82.20213317871094,82.24727218189719,81.29940821294518,81.44384751334526,9093200
2019-02-13,82.3826904296875,82.62642316409605,82.01256985134067,82.36463207173392,6435600
2019-02-14,82.5722427368164,82.9423563421806,82.0576898502654,82.17504160079669,6938600
2019-02-15,83.8179931640625,83.86313215726977,82.57223546611648,83.19511775871119,8234200
2019-02-19,83.6194076538086,83.9443891790725,83.58329783019654,83.59232700791071,6284100
2019-02-20,83.52010345458984,83.62843292035964,83.10485083333879,83.41178087606437,6959900
2019-02-21,82.78890991210938,83.27638224439968,82.41879623905736,83.2222209476714,8368500
2019-02-22,83.54717254638672,83.61938528705053,82.85207068046056,82.95137094702145,6488100
2019-02-25,83.6645278930664,84.1700515357805,83.60133743772714,83.97145099407336,7652600
2019-02-26,83.36663818359375,83.70064885615358,83.26733789951498,83.4749676445644,7288000
2019-02-27,82.97845458984375,83.37565567046762,82.6986121306277,83.08678403562564,9827600
2019-02-28,82.73472595214844,83.27635943279927,82.6444548532472,82.82499705104968,9464100
2019-03-01,83.90827178955078,84.02563042751905,83.17706686726119,83.24928650797335,10795200
2019-03-04,82.77082824707031,84.35961872762677,82.20210728991457,84.20615718471667,15208400
2019-03-05,82.72570037841797,83.02360121628335,82.30141861913884,82.80694919203746,13591700
2019-03-06,81.51606750488281,82.84306742482937,81.29038626249637,82.73474483632064,11662400
2019-03-07,80.8751220703125,81.5702241137937,80.59527954974567,81.39870417551361,14430700
2019-03-08,80.70359802246094,80.74873012984912,80.00849607369558,80.4418070055325,11531200
2019-03-11,81.6243667602539,81.69658639011166,80.68553223383209,80.92024258724828,9694300
2019-03-12,82.22018432617188,82.40975572589248,81.71465370633925,81.83201234943606,8981600
2019-03-13,83.10482788085938,83.33050904011631,82.40973294073464,82.46389421503874,10098300
2019-03-14,82.96943664550781,83.18608866117184,82.67153581944267,83.07775920971812,9283800
2019-03-15,83.35089111328125,83.4868054641966,82.82536622284151,83.11531361211176,10219400
2019-03-18,83.22405242919922,83.51399986329615,82.92504219353586,83.43245538787457,7183500
2019-03-19,83.88549041748047,84.12106793185104,83.21498142549561,83.51399163168685,11308700
2019-03-20,83.30558776855469,83.88548252503087,82.97939610392548,83.78581246567802,11123700
2019-03-21,83.63178253173828,83.75863408236161,82.4901116632372,82.60790041370429,7398200
2019-03-22,82.10958099365234,83.57743705470334,82.09145538804577,83.26937088832234,12162600
2019-03-25,82.06426239013672,82.32702833145731,81.47530472254866,82.25453974497741,9893300
2019-03-26,82.62602996826172,83.15155488332664,82.04613516254835,82.54447858873473,8107200
2019-03-27,81.93740844726562,82.71664344712707,81.36657639927536,82.52636609779698,10817400
2019-03-28,82.14582061767578,82.37234228461679,81.71995877776386,82.1820580010408,6726800
2019-03-29,83.13343048095703,83.20591905491163,82.45386565413722,82.63508017613282,10120900
2019-04-01,83.26029205322266,83.76769830621323,83.0700147083512,83.64084674296559,9082000
2019-04-02,83.07001495361328,83.40526946483858,82.91598189962805,83.27841790121641,7002200
2019-04-03,82.96128845214844,83.48682034917704,82.71664810719638,83.4415132531637,7398700
2019-04-04,82.78913879394531,83.13344922853939,82.30890706786631,83.03377914509775,9212400
2019-04-05,83.35995483398438,83.50493198666601,82.93409308909601,82.98845606490606,6262000
2019-04-08,83.34185791015625,83.42340239516577,82.75290017114676,83.29655080988901,5961200
2019-04-09,83.12437438964844,83.30559583916063,82.82537109551336,83.051892722735,7207600
2019-04-10,83.15156555175781,83.37808720533042,83.00659528817532,83.22405413999519,5433400
2019-04-11,82.12769317626953,83.37809026117671,81.76525713469147,83.33279007653728,8534200
2019-04-12,81.37562561035156,82.47198943580068,81.23971816690478,82.44480794711131,11659000
2019-04-15,81.7018051147461,81.76523088319188,81.3212505040714,81.47528352559826,7921900
2019-04-16,80.02557373046875,82.48106775552905,79.88965934855771,82.38139766965381,14857100
2019-04-17,77.72410583496094,80.31551401041392,77.3163696385479,80.29739532046108,34381800
2019-04-18,77.8509521484375,78.33117689803119,76.7002253095748,77.9596850194912,35300900
2019-04-22,77.89625549316406,78.34929873142801,77.47945654350819,77.72409685049858,18717700
2019-04-23,79.12852478027344,79.54532368318671,77.73315093336008,77.86906527217516,30503400
2019-04-24,79.03792572021484,79.31881031343586,78.6845456375001,79.15571447252566,14612800
2019-04-25,79.8534164428711,80.08900091475921,78.53959352493852,78.86578528204737,16166400
2019-04-26,80.65077209472656,80.67795358730186,79.78998565678603,79.9621443269526,11321700
2019-04-29,80.50580596923828,80.82293494764033,80.16149549452938,80.67796466303936,13264400
2019-04-30,80.87728881835938,81.03132187548835,80.17054240292818,80.74137445087833,11750900
2019-05-01,80.7322998046875,81.30313868177691,80.27925658814841,80.98600289988684,25596400
2019-05-02,81.0766372680664,81.15818174916691,80.18866930080286,80.65077543238351,18927500
2019-05-03,81.69276428222656,81.71994577187067,81.16723243946863,81.30314680058072,13624000
2019-05-06,82.10958099365234,82.31797706787641,80.3698892387543,80.5058036292313,25168300
2019-05-07,80.53297424316406,81.87398544823749,80.06181225445249,81.47530513347931,18011600
2019-05-08,80.70513916015625,81.07663801184687,80.04369285151625,80.49673618505544,13783300
2019-05-09,80.53297424316406,80.79574018580993,79.60876895600624,79.98932366760698,15692300
2019-05-10,80.56017303466797,80.76856910760253,78.83860689602918,80.27021864990158,17771800
2019-05-13,79.04698944091797,80.5148521545702,78.73892332916543,79.19196660848986,17436000
2019-05-14,79.44569396972656,79.99840749211093,79.25541656392285,79.4094496667791,13147000
2019-05-15,79.68123626708984,79.95305802584294,78.67547986005576,79.02885298545797,10587700
2019-05-16,80.30644226074219,80.99506992138312,79.79903604389689,79.85339902058996,15124000
2019-05-17,80.13429260253906,80.76855038999771,79.64500506097464,79.64500506097464,13354100
2019-05-20,80.09801483154297,80.35171784047753,79.50905746772288,79.78994195434493,10757400
2019-05-21,80.85009002685547,81.19440035962442,80.49670998186548,80.55107986495878,11690600
2019-05-22,81.31219482421875,81.49341625913812,80.54202273626146,80.61451131022919,9021800
2019-05-23,81.03132629394531,81.03132629394531,80.3517613323768,80.90447472081723,13545300
2019-05-24,81.14909362792969,81.63838110054967,80.94975351913372,81.31218945213635,9986400
2019-05-28,79.98931884765625,81.7108846605933,79.98025604662364,81.2215970982075,20796000
2019-05-29,79.21914672851562,79.60876421850905,78.66643338427166,79.59970141746965,16302700
2019-05-30,79.65408325195312,79.78093483395443,79.2916471978525,79.37319168075645,12457600
2019-05-31,79.08323669433594,79.45473551548201,78.62113059651026,79.13759967776528,10712900
2019-06-03,79.27352905273438,79.95309412578567,79.11043315868632,79.1557402620471,19371000
2019-06-04,80.58733367919922,80.72324112077808,79.83528024230375,79.93495030805575,15837200
2019-06-05,81.19441986083984,81.38469721514102,80.61452499642898,81.17629425782522,24291700
2019-06-06,81.61121368408203,81.93740538872672,81.13098892804724,81.3212662702747,18840900
2019-06-07,82.46293640136719,82.66227654250802,81.84679728915528,81.87397877878512,9302700
2019-06-10,82.70757293701172,82.97940164665685,82.40856273898032,82.71663573743756,8552800
2019-06-11,82.57167053222656,83.32372407991194,82.3632744825113,83.11532803019668,8317900
2019-06-12,82.97035217285156,82.99753366560368,82.50824605738828,82.58979744853703,5799200
2019-06-13,82.87067413330078,83.11532137036278,82.54448242581257,83.11532137036278,9031800
2019-06-14,82.68038177490234,83.15154364855054,82.61695600512489,82.90690336880618,5056300
2019-06-17,83.05189514160156,83.1062581215928,82.6441520529923,82.7619408139372,4861500
2019-06-18,83.75863647460938,84.04858387187124,83.30559323433198,83.46868907734749,7979600
2019-06-19,84.51069641113281,84.70098068559085,83.72240547220238,83.77676845753763,6988100
2019-06-20,84.88218688964844,85.47114452007621,84.39289933111881,85.20837859533485,9241200
2019-06-21,85.28985595703125,85.45364769447738,84.31620700176452,84.79848074469285,9026100
2019-06-24,84.8439712524414,85.23525111480454,84.68928098979214,85.18065618501934,6493600
2019-06-25,84.49819946289062,85.29895525609938,84.41630011839219,84.90767535822054,14930600
2019-06-26,83.43354034423828,84.62557580334551,83.26064716135608,84.61647433519748,10498400
2019-06-27,84.01590728759766,84.17969899832522,83.56093108473064,83.7247227954582,7416200
2019-06-28,84.2979965209961,84.37079438498955,83.57003176583439,84.05231240800121,9390600
2019-07-01,84.71656799316406,84.99865796112194,84.37078857657957,84.96225903163105,7797200
2019-07-02,85.17154693603516,85.17154693603516,84.3070948955934,84.78936857767476,7952500
2019-07-03,85.89952850341797,85.91772450112232,85.35355832124966,85.36265284890808,4066000
2019-07-05,85.30804443359375,85.74482467574379,85.11695524714887,85.53553255208334,5934300
2019-07-08,84.67108917236328,85.0077671791689,84.27980929069116,84.9804697129292,15202000
2019-07-09,84.75298309326172,84.84397696315732,84.3526017348564,84.36170320456215,5537300
2019-07-10,85.04418182373047,85.27167000759741,84.68930081228912,84.94408646743794,5347300
2019-07-11,85.06236267089844,85.67202917912537,84.48908815333543,85.63563024607481,13691700
2019-07-12,84.11601257324219,84.79847695839752,83.53364351996724,84.78027402039014,11508200
2019-07-15,84.2979965209961,84.49818717578488,83.87941921661336,84.16150226160497,5811100
2019-07-16,83.87940979003906,84.35258196804743,83.82481486937269,84.23429065914175,9092300
2019-07-17,83.89762878417969,84.33440909641529,83.88853425649903,84.05232600578894,9566700
2019-07-18,84.37081146240234,84.50730574942114,83.47905480394898,83.88853766500537,6559500
2019-07-19,83.49725341796875,84.59829524272511,83.42445554301275,84.56189630524712,8105900
2019-07-22,83.32435607910156,83.64283808829673,83.25155820774634,83.58824315597387,5192500
2019-07-23,83.84302520751953,83.97041800579483,83.09686441374132,83.44264387443327,6688600
2019-07-24,83.88851928710938,83.89761381316717,82.96036389262765,83.71562609860298,5430400
2019-07-25,83.4790267944336,83.97950336478289,83.29703910106231,83.66102143019037,6618700
2019-07-26,83.77932739257812,83.93401765324302,83.46084540227199,83.77022592360176,3812400
2019-07-29,84.1251220703125,84.18881847989994,83.68834867382381,83.82484296362202,5887500
2019-07-30,83.76112365722656,83.79751564499593,83.133254261221,83.47903368411849,7959200
2019-07-31,82.93309020996094,84.01593616655667,82.42351890915744,83.6701496903929,8557400
2019-08-01,83.04228210449219,83.9340318279473,82.54180536207195,82.94218675600814,16422500
2019-08-02,82.85115814208984,83.17874151935267,82.3142826850927,82.9239490485155,15956600
2019-08-05,80.90387725830078,82.24150155459134,80.24871037059074,81.91391811073632,17626200
2019-08-06,81.95032501220703,81.96852795107276,80.86748619085627,81.31336099964776,10135900
2019-08-07,81.97761535644531,82.20510347579483,80.25780572955391,81.28605647214104,12452500
2019-08-08,83.0695571899414,83.1514495753321,82.12320584079495,82.23240263036854,12034800
2019-08-09,83.16967010498047,83.69744428598466,82.4508067085894,82.92397901206344,7253100
2019-08-12,82.35982513427734,83.16968252430073,82.0413430610752,82.86029498005543,7097100
2019-08-13,83.43354034423828,83.87031362193869,82.25970087904102,82.33249873945311,12232500
2019-08-14,81.11315155029297,82.77836600930148,81.06765115604819,82.57817538244117,16426100
2019-08-15,81.3952407836914,81.70462821497996,80.86747365895255,81.4589371750764,12315200
2019-08-16,82.39619445800781,82.6145810950724,81.89571784974939,81.95031277341903,10239300
2019-08-19,83.18785095214844,83.39714306939095,82.90576791543506,83.0422621708205,6427200
2019-08-20,82.47810363769531,83.38805624353255,82.4144072329822,83.21516302685949,4708800
2019-08-21,83.08776092529297,83.28795158697078,82.84207680384353,83.05136199204367,5687100
2019-08-22,82.67829132080078,83.43355362240503,82.35070783919863,83.24246441520164,6486900
2019-08-23,80.76737976074219,82.84207019370166,80.36699846933384,82.53268275696263,9822700
2019-08-26,81.61363983154297,81.6773362271968,81.07676426041508,81.41344917594905,8913900
2019-08-27,81.13136291503906,82.39619625175163,81.07676104779473,82.11410627441676,8252000
2019-08-28,81.72283172607422,81.89572492247427,80.73098683435872,80.84927815998755,5691500
2019-08-29,82.34158325195312,82.5781727983286,81.81381618411046,82.34158325195312,4360300
2019-08-30,82.44170379638672,82.88757862448938,82.08682283939252,82.72379382192655,4784100
2019-09-03,81.95941162109375,82.35069142711693,81.66822713352204,81.95941162109375,6437800
2019-09-04,82.0140151977539,82.54178930666791,81.63183681918302,82.49629584772558,9318700
2019-09-05,82.82389068603516,83.00588538924143,82.2779204611925,82.71470080649947,7897400
2019-09-06,83.05134582519531,83.28793537406769,82.87845960389865,82.99675090714219,13166400
2019-09-09,82.28700256347656,83.15145463747291,81.9867165806577,83.12415717401419,10675900
2019-09-10,82.52357482910156,82.53266935342124,81.00394923913234,81.8684080740656,8770700
2019-09-11,83.34252166748047,83.36982606606675,82.45987383329216,82.66005749289953,8124300
2019-09-12,83.31526947021484,84.0614304287279,83.26977599929369,83.71565089169593,9344700
2019-09-13,83.2697525024414,83.94311538660669,83.0968593115178,83.41534128765096,6351000
2019-09-16,83.08776092529297,83.29705305587976,82.71468400866432,82.81477933950322,6668100
2019-09-17,83.21514892578125,83.44263703869196,82.923964418951,83.04226268079178,3932900
2019-09-18,83.20606231689453,83.31525217835396,82.61459177857064,83.21515684375821,5369800
2019-09-19,83.5973129272461,83.97038972730168,83.15143134105413,83.30612849462302,5058600
2019-09-20,84.0633316040039,84.45623658491493,83.7800769565637,83.78920925593727,8935700
2019-09-23,83.61560821533203,84.11815657816663,83.58819737369647,83.81663034895433,4232900
2019-09-24,82.84806823730469,83.98110079258133,82.55567431331546,83.9262721391189,10542600
2019-09-25,82.44603729248047,82.93031411279738,82.32724767685602,82.85721388337026,7956800
2019-09-26,81.98916625976562,82.74755843683778,81.35868901947107,82.72014759529822,10004500
2019-09-27,81.62368774414062,82.38208703773071,81.32215448699434,82.26329740667293,10017300
2019-09-30,82.35466003417969,82.85721540670366,81.67850032760155,81.733322015069,8031600
2019-10-01,81.55059051513672,82.75671661701588,81.38611845709761,82.57397298418253,13413900
2019-10-02,80.36272430419922,81.45920685545101,80.00636939212836,81.29473482132434,13385000
2019-10-03,81.0845718383789,81.11198268166848,79.67742378933407,80.25307938330153,11958800
2019-10-04,82.35466003417969,82.40034942121703,81.27645602958238,81.32214541661972,9146600
2019-10-07,82.0805435180664,82.61964202747988,81.89779294360468,82.0165825598102,8247200
2019-10-08,80.51805877685547,81.43179069091829,80.4997802346903,81.39524057780922,10649300
2019-10-09,81.10284423828125,81.340409509611,80.73735008925408,81.01147244382972,7350200
2019-10-10,81.50489044189453,81.78815209826057,80.79218060751762,80.86528083956188,8232300
2019-10-11,82.18104553222656,83.14959907083241,82.14449542136322,82.28155659429557,10773200
2019-10-14,82.14449310302734,82.54653036873596,82.01657120422632,82.12621456250112,4915600
2019-10-15,83.64302825927734,83.93542222092742,82.99427937471692,83.04910106401947,12607900
2019-10-16,83.53336334228516,83.96281842352194,83.39630217170863,83.57905272288423,7851500
2019-10-17,84.15470123291016,84.39227346371254,83.7709355324591,83.80748564267645,7536100
2019-10-18,83.84405517578125,84.2826426575489,83.46942168768331,83.91714844192764,6784700
2019-10-21,83.75265502929688,84.31916424918597,83.58818303647294,84.19124236268068,4948400
2019-10-22,83.9354019165039,84.93136621108782,83.89885180873657,84.3922678067652,8702400
2019-10-23,84.45624542236328,84.70294998446154,83.90800764008365,84.08161197221887,5525000
2019-10-24,84.02678680419922,84.69381417533982,83.72525359651011,84.60243540606095,6892300
2019-10-25,84.11813354492188,84.34656645763019,83.5881744855652,83.8074681298238,5536900
2019-10-28,84.98622131347656,85.1598256653869,84.26437214561483,84.33747238390467,6937900
2019-10-29,86.19233703613281,86.3293982237033,84.97707186221442,85.18723327931869,13768400
2019-10-30,86.67662048339844,86.71317060095951,85.8816711116948,86.21975447071817,10179700
2019-10-31,86.57609558105469,86.63091726303297,86.01871857687212,86.5121346283397,9675200
2019-11-01,86.68574523925781,87.41672655440333,86.66746669792713,87.0421001117757,14670800
2019-11-04,86.42074584960938,87.13345546013602,86.38419574506703,87.08776608665319,9878200
2019-11-05,85.8085708618164,86.55783078276328,85.61668101743766,86.54869151131153,13273800
2019-11-06,86.10094451904297,86.26541651031145,85.62580011261406,85.89078315250327,13130200
2019-11-07,86.29283905029297,86.56695442543689,86.03699524500362,86.4298932522545,7827900
2019-11-08,86.92332458496094,86.94160312925203,86.13751448977388,86.23802556970864,7756900
2019-11-11,86.56696319580078,86.77712461213532,86.32939790751841,86.59437403897016,6092500
2019-11-12,87.08778381347656,87.39845627971444,86.58523545896917,86.70401809449541,13801500
2019-11-13,87.18829345703125,87.39845485469678,86.71315595145225,86.85021712634534,6507700
2019-11-14,87.19743347167969,87.32535537701246,86.66746730888904,87.17002263071137,6498800
2019-11-15,89.05229949951172,89.20763223086303,87.41671875734714,87.49895824355804,11337700
2019-11-18,88.75077819824219,89.4817665171158,88.64113483026603,88.97007887663703,11251400
2019-11-19,89.3538589477539,89.4817808784043,88.83303195261375,89.06146496752123,10025800
2019-11-20,89.23506164550781,89.51831630671774,88.70509546480048,89.20764383239158,12305600
2019-11-21,89.46349334716797,89.5274543010846,88.67768335835144,89.28988205601374,9122400
2019-11-22,89.78330993652344,89.91123186119735,89.42695500761438,89.61883789462526,6141800
2019-11-25,90.8340835571289,90.8523551261888,90.01172352502293,90.14878469224402,11726500
2019-11-26,90.760986328125,90.9711407497287,90.45945314455018,90.82494727877231,11073300
2019-11-27,91.22698211669922,91.3640432847758,90.80666631349281,90.888905802827,6333200
2019-11-29,90.90718841552734,91.19958235637483,90.7244448167057,90.98942791485209,2392000
2019-12-02,90.5051498413086,91.11734855716438,90.21275590454005,91.08993771484566,6682200
2019-12-03,90.30413055419922,90.37723078350497,89.57314220358488,89.81985373468639,7709700
2019-12-04,91.14474487304688,91.26352749457047,90.57822866093854,90.66960741573232,6237600
2019-12-05,91.14474487304688,91.28180603401731,90.37721352556483,91.19956654894696,7390400
2019-12-06,91.74783325195312,92.0584987850412,91.5559433977259,91.61990435872767,5658500
2019-12-09,91.10821533203125,91.80265359214826,91.10821533203125,91.78437504857524,5148900
2019-12-10,91.3092269897461,91.39145951270822,90.73357841534818,91.08993329062608,6027900
2019-12-11,91.3914566040039,91.61988956658973,91.20871302242355,91.38232430477943,6064300
2019-12-12,92.2412338256836,92.54276703005631,91.39146286777402,91.43715225191096,9769100
2019-12-13,92.17726135253906,92.7163667388612,91.80263494006878,92.14985051397056,6433200
2019-12-16,93.17324829101562,93.51132465178334,92.71638231486764,92.71638231486764,7730300
2019-12-17,93.07274627685547,93.42910121523536,92.94482434878178,93.29204001480718,4643600
2019-12-18,93.2006607055664,93.38340431061806,93.00877782889566,93.10928890304058,5202900
2019-12-19,93.56613159179688,93.66664264091763,93.2463268769672,93.39252033036651,6637200
2019-12-20,94.22859954833984,94.4396306569989,93.84324569781803,93.84324569781803,8586500
2019-12-23,94.60476684570312,94.70569383662149,94.21023597213185,94.4487913143088,4770900
2019-12-24,94.48550415039062,94.72405252147176,94.25612587045676,94.6047783359312,2071800
2019-12-26,94.42127990722656,94.71488382987756,94.11849889322312,94.60477973385731,2910100
2019-12-27,94.44879150390625,94.63229130590689,94.23776043154363,94.62311421578623,3605000
2019-12-30,93.88178253173828,94.64827212780256,93.74325793873513,94.44510366415173,5665100
2019-12-31,94.06646728515625,94.14957780472473,93.52160582281397,93.67860410253121,4746700
2020-01-02,94.3157958984375,94.46355731177687,93.6416538256196,94.35273625177234,6277400
2020-01-03,93.49391174316406,94.02953640878752,92.76435546667422,93.22609941035235,8247500
2020-01-06,94.07569885253906,94.10340235750606,93.04139004464024,93.06909354960722,6441800
2020-01-07,93.8910140991211,93.9741316747436,93.36462627235726,93.81713337537967,6335300
2020-01-08,94.5005111694336,94.9253147250116,93.90024267185376,93.93718303046745,7494700
2020-01-09,94.90685272216797,95.16543526433965,94.5836333515207,94.78680182611437,6660600
2020-01-10,94.9345474243164,95.4239948246502,94.7683193406509,95.26700359164741,9300300
2020-01-13,94.60208892822266,95.11000297172619,94.27886257385835,95.09153631650801,7621700
2020-01-14,95.1746597290039,95.19313343237765,94.14958760701852,94.31581570911489,7294900
2020-01-15,95.99654388427734,96.24588950958933,95.21158074605654,95.28546145323432,7521800
2020-01-16,96.49525451660156,96.55989839167326,96.01504387973381,96.39367027782404,5479900
2020-01-17,96.49525451660156,96.64301597142484,96.25515272099467,96.25515272099467,6533400
2020-01-21,96.59683227539062,96.81846739710367,96.23667256048684,96.2736129217146,6644800
2020-01-22,96.71688842773438,97.04010777545156,96.58759364299415,96.80923580627453,9431500
2020-01-23,96.2274398803711,96.68918384725512,95.56253448640727,96.55066629371295,8522600
2020-01-24,94.62056732177734,96.38443255416392,94.38045850023892,96.33825534191112,15962700
2020-01-27,93.90023803710938,94.26039770874985,93.34614677655884,93.47543450249887,11762300
2020-01-28,94.36199188232422,94.7313884435414,93.91871459973292,94.17729712454232,8079900
2020-01-29,94.1034164428711,94.7867955017365,94.08494273969309,94.45433930106611,6435700
2020-01-30,93.42003631591797,93.47544333351176,92.61659933254145,93.41079946443456,10989400
2020-01-31,91.5545883178711,93.1245149034688,91.24983562498868,93.05064122739557,14476700
2020-02-03,92.38571166992188,93.05062395070081,92.1917800956367,92.1917800956367,11850600
2020-02-04,94.01106262207031,94.38968896343455,93.52160816053897,93.54008186245113,9575100
2020-02-05,95.82110595703125,96.15356216288023,94.4451039206244,94.45434077235728,14131000
2020-02-06,95.9041976928711,96.26435733769058,95.4886310398185,96.26435733769058,6166500
2020-02-07,95.15618896484375,95.99655924509307,95.00842752684426,95.91344872045822,6057200
2020-02-10,95.66410827636719,95.66410827636719,94.73139056928926,94.80527129232124,4010100
2020-02-11,96.2366714477539,96.31978902096868,95.8026310154132,95.99656262537648,10277100
2020-02-12,96.35671997070312,96.81846390089585,95.96885676029802,96.59682878718624,4705700
2020-02-13,95.9041976928711,96.30129769173003,95.71026611840308,96.00578190506656,4778500
2020-02-14,95.97808074951172,96.04272460924955,95.5071000310491,96.00578425430618,5114200
2020-02-18,95.63639068603516,96.09813456852186,95.32240822785741,95.97808369551021,8409300
2020-02-19,96.07967376708984,96.21819834940614,95.79339479711497,95.88574217010819,6427900
2020-02-20,95.46094512939453,95.95039258073241,94.59286426360829,95.85804520143999,8080900
2020-02-21,95.51634216308594,95.60868953272487,94.75908245900241,95.09153862622472,6510800
2020-02-24,92.50577545166016,93.83560019888537,92.06250523302047,93.20762818443492,16284500
2020-02-25,89.69837188720703,93.04140042398792,89.38438940168474,92.83823197069556,20301600
2020-02-26,89.68913269042969,91.25905904496312,89.49520110868043,90.19704672482467,13721600
2020-02-27,86.64163208007812,89.892306297342,86.62316542268064,88.7194797971351,22047900
2020-02-28,85.52421569824219,85.57039291188997,83.09544503735569,84.36061896172326,27750600
2020-03-02,89.5321273803711,89.67065194091761,85.25638197642756,85.55189775095593,22359400
2020-03-03,87.30653381347656,91.32370416667727,86.13370041086274,89.753777790464,33385500
2020-03-04,92.33954620361328,92.48730763841424,89.74454765438513,89.92924240223333,26418700
2020-03-05,90.19705200195312,91.6007574076725,89.17197997726753,90.36328008827114,17873000
2020-03-06,89.71685791015625,90.0400772913019,87.36196076273748,87.72212050825037,17917700
2020-03-09,85.05323028564453,87.06643409727099,83.12314404495135,84.39755475215125,21968500
2020-03-10,87.9714584350586,88.11921283382105,83.98199102932405,87.50971448973908,26473200
2020-03-11,84.6099624633789,86.50310839807193,83.5294762844679,85.89361005840871,23217900
2020-03-12,78.29328918457031,82.86455770830257,76.55713477613224,79.42918220071778,20652200
2020-03-13,83.7234115600586,83.94504667047399,77.72074055677221,81.93184288293028,29162800
2020-03-16,75.46744537353516,80.38963842318549,74.49778009249128,76.20623159397617,21474800
2020-03-17,80.20491790771484,80.85136362643419,76.04922260632388,77.02812451280676,27899700
2020-03-18,77.5452651977539,78.77350555982747,73.80513710278325,76.0953897550283,28931000
2020-03-19,75.95687103271484,77.81308347085636,75.10726395345755,76.67719038450485,27121100
2020-03-20,73.03865051269531,77.39751428233834,72.62308379937768,76.61255102070885,22004900
2020-03-23,69.2451171875,72.66932133885568,68.2429079861941,72.5672440824348,33633000
2020-03-24,74.58094024658203,74.7294117427598,71.98262180491348,72.52084602323525,16775800
2020-03-25,75.5738754272461,78.03299014497908,73.18899292525396,74.08911783484645,16851800
2020-03-26,80.59416961669922,81.02103484282311,76.10279952281958,76.25127099806619,18822500
2020-03-27,78.8681640625,80.94682184784247,78.209306247629,78.26498217907337,13043200
2020-03-30,82.56148529052734,82.71923847848086,80.2786801265308,80.28795472828195,13766700
2020-03-31,82.19956970214844,83.08113821365963,81.32727579149879,82.63571665747325,13584900
2020-04-01,79.07231140136719,80.16731612601306,78.31137639473859,79.4527824446056,15255200
2020-04-02,81.26232147216797,81.44791261477556,77.88451170180218,78.67328467765687,13588000
2020-04-03,80.52922058105469,81.77270383271312,79.61981411387792,81.00248717592713,12934200
2020-04-06,84.7514877319336,85.23402893670672,82.7192315037,83.09042085805905,13472900
2020-04-07,84.0555419921875,87.06216344269963,83.97202099308538,86.90441020865765,16699200
2020-04-08,87.51683807373047,88.02722434524787,83.72144462137736,84.77932972975125,32624300
2020-04-09,87.99939727783203,88.48193856532312,87.2013425071031,88.31490368122057,12982500
2020-04-13,87.2291488647461,87.99008370994682,85.9856729069155,87.68385202008822,9606600
2020-04-14,90.12442779541016,90.44921580320847,88.63967048002196,88.93662052713007,12830800
2020-04-15,89.66046142578125,90.1894040277033,88.42625966134675,88.92736429682803,11019000
2020-04-16,91.61846923828125,91.85046170795397,90.0409161965978,90.32858459344051,11331600
2020-04-17,93.52081298828125,93.84560106370229,92.23093528885978,93.84560106370229,11504400
2020-04-20,92.7784423828125,94.10543974695045,92.52788652169497,92.62996378661705,10558100
2020-04-21,89.9573974609375,91.71125987081622,89.66044739894342,91.19159195244063,9291400
2020-04-22,91.3307876586914,91.89684981325533,90.69976790015365,91.26583005471757,11994100
2020-04-23,91.83190155029297,93.2516943814603,91.62774703708094,91.81334526720485,16013300
2020-04-24,93.06609344482422,93.25168457558375,91.81333561257783,92.38867236584107,7853300
2020-04-27,94.2631607055664,94.66218794655465,93.56718345359945,93.71565491916544,8022100
2020-04-28,92.36082458496094,94.89418502159893,92.2494727502826,94.89418502159893,11517500
2020-04-29,92.9732894897461,93.78061862353111,92.37010774943565,93.78061862353111,9939900
2020-04-30,92.54644012451172,93.1496148883488,92.06389181762398,92.57427808839978,12768900
2020-05-01,90.78329467773438,91.65558154696872,89.96667665566609,91.48854668607733,10102000
2020-05-04,90.73688507080078,90.9410395576855,89.91099252283819,90.50489262294954,8991300
2020-05-05,92.70418548583984,93.37232488218211,91.30294908961355,91.53494154224084,11498300
2020-05-06,91.78550720214844,93.25169427935492,91.73910587470613,93.18673666884482,9493200
2020-05-07,91.77622985839844,92.73203777815752,91.66487091518276,92.72275609626065,9453900
2020-05-08,92.2494888305664,92.79698765942985,91.97109503564879,92.75986801478429,10374500
2020-05-11,93.83631896972656,94.07758604657758,91.86902023019313,91.86902023019313,15115100
2020-05-12,92.4072494506836,94.46734387536917,92.3979677688128,94.3838228982298,18471000
2020-05-13,91.40502166748047,93.00113079282526,90.6719247050327,92.28659011050705,12667200
2020-05-14,92.4072494506836,92.45364370033981,90.54202786619139,90.56058415008411,12021400
2020-05-15,93.18671417236328,93.2702351256267,91.93395651218687,92.14739265510728,15170200
2020-05-18,93.95695495605469,95.36746612766896,93.90127902607675,94.93132620976066,10557300
2020-05-19,92.82482147216797,94.1425369388449,92.81553979145954,93.65999573972658,10561400
2020-05-20,92.93617248535156,93.88269852139965,92.72273632632498,93.53007256284201,10058000
2020-05-21,92.2494888305664,92.73203005126219,91.71126460297812,92.67635412421798,12259500
2020-05-22,92.44437408447266,92.51860630389622,91.77623455071581,92.25877583629061,10233200
2020-05-26,92.2773208618164,93.98478192665443,92.12884229277944,93.90126804145703,10828800
2020-05-27,93.23312377929688,93.23312377929688,91.00599491880014,92.40723125167248,15551900
2020-05-28,94.44876861572266,95.39530181155827,93.96622741695109,93.99406537920837,11707700
2020-05-29,95.5901870727539,95.79434159568493,93.43729705976575,94.85708995852382,19055300
2020-06-01,94.64364624023438,95.09835657970056,94.04974608240948,94.98699764516527,8436200
2020-06-02,95.19114685058594,95.23754109417231,94.11469844957176,94.68076061220026,13162300
2020-06-03,95.00556945800781,95.56235714185276,94.60654206050533,95.4695544746456,10020900
2020-06-04,94.25389862060547,95.0890729125564,93.6507167942049,94.43021515997516,10848300
2020-06-05,95.77577209472656,96.54598880739445,94.35597928694624,94.84780219893828,14579500
2020-06-08,96.43461608886719,96.47173572897545,95.1633020444345,95.39529448522558,8191300
2020-06-09,95.43242645263672,96.71302951732936,95.32107458951484,96.23976285951474,10371100
2020-06-10,95.283935546875,96.06342674945874,94.86635198546905,95.74792042836935,10519700
2020-06-11,89.98524475097656,94.63437605711665,89.66973129498699,94.45805950583282,39561900
2020-06-12,90.5698471069336,92.16595622597346,89.01085762785367,91.86900618614145,19397200
2020-06-15,90.77399444580078,91.29365520466439,88.54686578234023,89.21500508936307,14521800
2020-06-16,93.01042938232422,93.6043295723067,91.47927757883711,92.90835212343517,13272800
2020-06-17,92.91761016845703,93.64143253337987,92.59282216616006,93.47439769222036,9086200
2020-06-18,92.60210418701172,92.81553326937208,92.01748578072544,92.38866802480388,7115200
2020-06-19,93.49296569824219,94.04046453080295,92.52787617048497,93.6600005603511,12177000
2020-06-22,93.13418579101562,93.26465135883258,92.17432892357361,93.10622989931773,6889200
2020-06-23,93.53489685058594,94.33633220158191,93.35783340262365,93.77718596798309,5369900
2020-06-24,91.09332275390625,93.02235753959536,90.43167389705873,92.83598018352352,15739700
2020-06-25,91.9879379272461,92.09976859593286,90.24528066686905,91.00944623813575,10506300
2020-06-26,90.86965942382812,92.05317044727799,90.43166486000473,91.82019522054978,16631400
2020-06-29,91.68973541259766,91.85747787075536,90.87897901319542,91.58722573762128,7490200
2020-06-30,93.25531768798828,93.7492240004526,91.44742776552863,91.71767986495688,9183000
2020-07-01,93.97288513183594,94.36428892076353,93.10622410378707,93.69331912241881,10932800
2020-07-02,94.6811294555664,95.22163368071699,94.47611012121001,94.80228112214405,6502400
2020-07-06,95.6409912109375,96.19081646436902,95.18436173966856,95.77145677415719,6374400
2020-07-07,94.81159973144531,95.95784101702186,94.68113416851335,94.94206529437729,5913200
2020-07-08,94.82091522216797,95.4266522204937,94.18722233481542,95.13775811092447,5624900
2020-07-09,94.07539367675781,95.07252736242012,92.89188265371251,94.71840757745656,10521700
2020-07-10,93.85173034667969,94.24312698312382,93.16212573344397,94.14993832347126,10502700
2020-07-13,94.38294982910156,96.12560758520546,94.1406535329417,94.39227083160357,10167200
2020-07-14,96.25605010986328,96.41447156521758,93.98220951361557,94.1592729695057,10889900
2020-07-15,97.50479125976562,97.78436438130637,96.75927478538999,96.96429412654123,9606900
2020-07-16,97.34637451171875,97.42092829571003,96.65676978439984,97.41160729525107,6412200
2020-07-17,98.67899322509766,99.01447814335884,97.71913636278823,97.85892293037043,7548600
2020-07-20,98.66034698486328,99.2381209699746,98.33417599474505,98.9026360903051,6776300
2020-07-21,98.59512329101562,99.36859567554362,98.39010394457206,98.9958409836535,7458600
2020-07-22,99.48042297363281,99.64816542322784,98.5298871658208,99.04242840469912,5648400
2020-07-23,99.03311157226562,100.20730876884328,98.70694765928296,99.7972700726136,6970100
2020-07-24,97.9427719116211,98.93059158678345,97.3184000867407,98.87467270451917,6241000
2020-07-27,98.67899322509766,98.93061046871364,97.59799179613177,97.90551371300437,5934200
2020-07-28,98.5671615600586,99.21949649895001,98.38078421171254,98.72559012697685,6239400
2020-07-29,99.60157012939453,100.00228781888022,98.72558807853554,98.79082086008717,5449800
2020-07-30,98.91195678710938,99.07969922643098,97.84959037468565,98.64170468432238,5349200
2020-07-31,98.34349822998047,98.87468144449248,97.057477581646,98.60442933748259,6920400
2020-08-03,99.35929107666016,99.68545501748504,98.78150987445561,98.9585733465494,8811800
2020-08-04,98.92127990722656,99.36858834844772,98.30622191324812,99.13561312827518,6092900
2020-08-05,99.37791442871094,99.55497788024309,99.1263043063904,99.46178920937768,4406600
2020-08-06,98.84674072265625,99.67613206012219,98.12918006692435,99.2567794458405,5369700
2020-08-07,99.16358947753906,99.18222436933235,98.46466372292379,98.74422975886563,4274000
2020-08-10,98.82808685302734,99.26607427523932,98.56714864575494,99.182206612424,4640200
2020-08-11,98.20372772216797,99.47111368840375,97.97075246528405,99.3779250076183,8115900
2020-08-12,99.85317993164062,100.17002281563528,98.69762484024919,98.73489461849846,8205500
2020-08-13,99.72270202636719,99.82521167845412,99.05173234355762,99.73201591485615,5323300
2020-08-14,99.52700805664062,99.97431645810933,99.14492531679055,99.53632194553538,3826200
2020-08-17,100.11412811279297,100.49620383864563,99.65749859804788,99.70408938372518,4610200
2020-08-18,100.08616638183594,100.48688408645994,99.5642969998678,100.31914162615593,4220500
2020-08-19,99.760009765625,100.45893554975639,99.5456693968281,100.17936239216753,6308100
2020-08-20,99.44316101074219,99.66681527382745,99.18222985216923,99.32201643278783,4938300
2020-08-21,99.54566192626953,99.67612749406247,98.77218241018264,99.28473079068364,6466700
2020-08-24,99.08904266357422,100.05822063135591,98.48330554498055,100.02094373530574,6363200
2020-08-25,99.760009765625,99.79727955078549,99.21018445165777,99.59226729303982,5096500
2020-08-26,99.63883209228516,99.75066274812193,98.56714474749242,99.55496443278673,6995300
2020-08-27,100.42164611816406,100.88759658274928,99.09834139526372,99.80658809218842,7775200
2020-08-28,100.64529418945312,100.70120596663199,99.8997706478177,100.70120596663199,5159600
2020-08-31,100.88760375976562,101.37218914907753,100.3470994760344,100.43096715290285,6721100
2020-09-01,99.983642578125,100.91554342372984,99.377905606514,100.75712198633843,10999300
2020-09-02,101.98722839355469,102.25748048553598,99.65747633492882,100.07682886154585,8495800
2020-09-03,99.2101821899414,102.26681641195212,98.50193542074557,102.11771594518702,13337300
2020-09-04,98.50191497802734,99.73202379036974,97.2997691628756,99.55496746719682,14715500
2020-09-08,96.88041687011719,98.38077789037136,96.61016475549206,98.34350100112931,9660200
2020-09-09,98.59512329101562,99.40587256670062,97.58866855929631,97.60730344995481,8200800
2020-09-10,97.08543395996094,98.87468194314727,96.82450285114287,98.87468194314727,9186200
2020-09-11,97.46751403808594,97.93346449917595,96.7219975662458,97.5420678182219,8764300
2020-09-14,98.86536407470703,99.3965544185605,98.06393583360111,98.25963417141253,5846900
2020-09-15,98.99581909179688,99.78793330165585,98.74420190958946,99.37789469944434,5580500
2020-09-16,98.82808685302734,99.72271080558664,98.71625619276774,99.52701248251172,7193300
2020-09-17,98.50191497802734,98.83739984592428,97.59797714435743,97.91482001412726,7597300
2020-09-18,98.35282135009766,98.98651424334005,97.43955534430965,98.62307346293451,8649300
2020-09-21,96.53585815429688,97.0410864120053,95.18858280040776,97.0410864120053,8783000
2020-09-22,96.3300552368164,96.62944906502429,95.45994080825723,96.37683842233186,7833300
2020-09-23,95.33831024169922,96.76978714165767,95.244751012978,96.73236202254687,7681900
2020-09-24,94.86113739013672,95.33829867828602,94.28105882144324,95.00147978525249,8434600
2020-09-25,96.38618469238281,96.6481605252562,94.43077040783103,94.53368770050339,6769000
2020-09-28,97.25629425048828,98.01414038055248,97.06917580298004,97.31243549522974,6511100
2020-09-29,97.1346664428711,97.92057961386679,96.75107149009013,97.42470217337215,5402700
2020-09-30,98.6877670288086,99.4830310477625,97.4153417432382,97.43405073062435,7565500
2020-10-01,98.3509521484375,99.54852725691778,97.92992496497725,99.1462161997148,9113200
2020-10-02,97.45276641845703,98.43514885930213,97.03173925400024,97.4153413057424,8628700
2020-10-05,99.45497131347656,99.55788859694694,98.12640469179833,98.1544788821083,6661200
2020-10-06,98.13575744628906,99.79178481755307,98.0421982313167,99.73564357808121,7747200
2020-10-07,99.98827362060547,100.29701835421467,98.80940738010666,98.8281163701603,7873100
2020-10-08,100.47477722167969,100.80223805523133,100.25959173310753,100.56833644010719,5942700
2020-10-09,101.38231658935547,101.68171037106856,100.7741709626571,101.0361396293922,5636300
2020-10-12,102.07466888427734,102.47697996938123,101.50394834173203,101.84076725661488,5065000
2020-10-13,101.29813385009766,101.9998388722012,101.03616511727702,101.46654334092702,6773600
2020-10-14,100.70868682861328,101.68171848131865,100.39058403309436,101.26069839592917,5999900
2020-10-15,99.9789047241211,100.16602315682943,99.29590888232543,99.46431832700719,6197700
2020-10-16,100.97066497802734,101.71915313120526,100.26896001121507,100.30638513268516,7462100
2020-10-19,99.37077331542969,101.54138028043762,99.03395437791883,101.23262839803407,8308500
2020-10-20,99.50175476074219,100.32509308978948,99.33334529690174,99.72629833315897,7421100
2020-10-21,99.005859375,99.77305626318218,98.77195779765043,99.49237151511885,5474300
2020-10-22,100.50283813476562,100.68060563559754,99.13685364244712,99.14621170515153,6127100
2020-10-23,100.8770751953125,101.60684699770623,100.30635475741794,101.0080595117365,5697900
2020-10-26,99.75436401367188,100.18474213162696,98.80004142063639,100.06310872260842,8135500
2020-10-27,99.07135772705078,99.88533783685303,99.01522362917136,99.3894676039578,6893100
2020-10-28,95.927734375,98.02349095975126,95.8061080983607,97.43406142788375,11431700
2020-10-29,95.14183044433594,96.28327155452669,94.55239376127373,95.86224433260921,15974200
2020-10-30,95.11375427246094,95.58155749322705,93.85067986590387,95.02018791781917,10741700
2020-11-02,96.82591247558594,97.05046316989896,95.81546290362111,96.51716776259968,10287300
2020-11-03,98.2386703491211,99.30526105614845,97.93927659167676,98.0141268155654,9812900
2020-11-04,102.5986099243164,104.24527218809119,100.83966517521881,101.03614167925635,25531500
2020-11-05,102.80445098876953,104.08623460485977,102.61733252337633,104.01138436345774,12864800
2020-11-06,102.84185791015625,103.54356273837202,102.1775781960186,102.91670813831249,12311200
2020-11-09,103.8055191040039,107.04272327629309,103.67453478929968,106.58427103671856,20443000
2020-11-10,104.10491943359375,104.4791634156307,102.98219462559318,104.28268693113611,12526500
2020-11-11,103.97395324707031,104.93763398879885,103.46872485390855,104.93763398879885,9935400
2020-11-12,103.59033966064453,104.18912717351795,102.8979929372803,103.77745808162615,7856300
2020-11-13,104.90020751953125,105.30251861604766,103.91781780023655,104.10493625243012,6576100
2020-11-16,104.72245025634766,105.90131660741105,104.1985128283693,105.73290712868771,7586000
2020-11-17,104.0394515991211,104.42305373338505,103.54358124067211,104.18915208218368,8898100
2020-11-18,102.10272979736328,104.30141067565769,102.07466274582944,104.26398556090898,9849900
2020-11-19,102.02789306640625,102.18694446042048,101.27004693719452,102.10273616245864,10410900
2020-11-20,101.79401397705078,102.27116826474304,101.43847885510817,101.79401397705078,7674500
2020-11-23,101.53201293945312,102.35535121730415,100.89580024207326,102.29920997410728,7747700
2020-11-24,101.83140563964844,102.52375957281119,101.48523581117801,102.02788928156689,9615900
2020-11-25,101.45718383789062,102.02790444534453,101.03615657734763,101.95305420283307,11671800
2020-11-27,102.39277648925781,102.46761958344916,101.5413711575679,101.86883200125207,4443900
2020-11-30,102.67346954345703,102.76702877880356,101.88756340081163,102.43021695917847,12723400
2020-12-01,103.53422546386719,104.66630854607443,103.3564579330861,103.66520981135487,12682400
2020-12-02,104.3107681274414,104.48853564909292,103.54357107236659,103.60906324274696,8552400
2020-12-03,104.17979431152344,104.59146350299562,103.7307071372919,104.27335354464569,9795700
2020-12-04,105.29315185546875,105.3118608438983,104.08621866560439,104.2172029989437,7859600
2020-12-07,104.6475830078125,105.27443763415394,104.26398806412256,105.18087841409135,5803200
2020-12-08,105.44283294677734,105.52704123021994,104.35753329097834,104.39495840160727,7953200
2020-12-09,105.07798767089844,105.87325908757535,104.61018431431802,105.86390102177216,7386400
2020-12-10,104.90020751953125,105.48027900419814,104.6850148752084,105.05925891770691,5411000
2020-12-11,104.488525390625,104.7224269958925,103.7681115871697,104.46981640297223,5222400
2020-12-14,103.70262145996094,105.8077360936137,103.63712929021618,105.2837987356557,8469300
2020-12-15,104.82534790039062,105.04989145054607,103.87102532053616,104.42303683988546,5007500
2020-12-16,104.51659393310547,105.10602341707374,104.06750684192315,104.73178655379202,5355400
2020-12-17,105.63935089111328,105.70484307146903,104.67567004000406,104.68502810522982,4263700
2020-12-18,105.72352600097656,105.97613659490052,104.59144308355707,105.74223498870367,7876700
2020-12-21,104.66572570800781,104.759670708632,102.74921759158912,104.15841410358426,6129600
2020-12-22,104.3462905883789,104.72207770974234,103.75443071032313,104.47781500572462,13104100
2020-12-23,104.42144012451172,105.19180042914266,104.34628127343979,104.71267171298727,3920700
2020-12-24,104.72207641601562,104.91936303959696,104.32750316885297,104.46841706602314,1674700
2020-12-28,104.985107421875,105.5018155155766,104.70326534030288,105.26694950344712,4390100
2020-12-29,105.4830322265625,105.96216094366696,105.1260384345775,105.47363557827427,5053300
2020-12-30,105.46424102783203,106.05610082577427,105.35150275642017,105.69910705095006,3563700
2020-12-31,106.57282257080078,106.74192641577025,105.12604682329373,105.47364399472762,5581200
2021-01-04,106.11246490478516,107.00496008077046,104.38385443905118,106.98616678535825,12911800
2021-01-05,106.8828353881836,107.24923300835216,105.47363913422514,105.92458508921068,11081900
2021-01-06,108.34840393066406,108.63023887979709,105.38909037573931,105.38909037573931,17833700
2021-01-07,109.75759887695312,109.91730606298825,108.32021986755164,108.48932370204257,12407100
2021-01-08,110.28369903564453,110.77222442093718,109.2408932269907,109.95488800758766,9350600
2021-01-11,110.80039978027344,110.97889308781373,110.17095337723443,110.31187442769217,6428200
2021-01-12,109.59789276123047,110.70645359338921,109.0999707338082,110.58432583244192,9225500
2021-01-13,109.89852142333984,110.27430135615336,109.13755057404408,109.54152045260712,5259600
2021-01-14,109.55091094970703,110.49037506407376,109.41938654709908,110.07700856013884,5792300
2021-01-15,109.88912963867188,110.14278182130244,108.81814101415512,109.25029369005283,10335200
2021-01-19,110.71585083007812,111.0728518013544,110.13338763280467,110.76282690552273,6194500
2021-01-20,111.32649993896484,111.5050004181346,110.23671810251743,110.90374394545414,6872000
2021-01-21,110.80039978027344,111.29831461335414,110.42461270156686,111.18557633947945,5796200
2021-01-22,110.47158813476562,111.09163792640331,110.33067424352323,110.47158813476562,4796400
2021-01-25,111.19498443603516,111.26074664401393,110.3118857852832,110.53736235624739,6962000
2021-01-26,110.78162384033203,111.78685031202394,110.72525827833509,111.51440481646624,5504000
2021-01-27,107.41832733154297,109.56031161150632,107.14588903583312,109.56031161150632,13096900
2021-01-28,108.98723602294922,110.35885279635342,108.12292357367953,108.32960682964527,12626100
2021-01-29,108.06655883789062,109.59788997275811,107.19285690130829,108.82752249739885,10462400
2021-02-01,108.47991943359375,109.30664525106477,108.31081561098125,108.94965147779045,10105300
2021-02-02,108.7899398803711,109.87031780406951,108.76174993812985,109.33482358215623,11515700
2021-02-03,108.01959991455078,108.84632585353886,107.68139221961401,108.78996029356381,11280300
2021-02-04,108.47051239013672,108.91206161617092,107.78470768515972,108.01957368474883,8451500
2021-02-05,108.66780853271484,109.38180324121065,108.40475973683273,109.21269941992327,5557000
2021-02-08,108.79933166503906,109.20330150188512,108.47991732162416,109.05299097779047,6956700
2021-02-09,108.95906066894531,109.06239513642565,108.68661519184226,108.78995682686559,4730300
2021-02-10,109.15635681152344,109.77639950820503,108.77117301692104,109.74821672665728,5406400
2021-02-11,109.36302185058594,109.63546013844925,108.84631371661948,109.54151515978509,4684000
2021-02-12,110.18034362792969,110.30247854275473,109.00601355487017,109.1469345971457,6345300
2021-02-16,109.090576171875,110.42461350178552,108.7335752191226,110.32127187520375,9531900
2021-02-17,109.48514556884766,109.54151112045919,108.61144368115806,108.73357143216377,5022200
2021-02-18,108.79933166503906,109.2408809247943,108.34839292521306,108.94964935667575,7756600
2021-02-19,107.48410034179688,108.9684482997975,107.3901481897035,108.88389996396494,9390800
2021-02-22,107.23042297363281,107.5592339480574,106.27217282423238,106.96737419409315,7213300
2021-02-23,107.05194854736328,107.81291946469473,106.55403364108008,107.15529018838924,8731500
2021-02-24,107.79410552978516,108.37657583428324,106.83585533081558,107.17406296987356,9842000
2021-02-25,106.71371459960938,108.07594172923942,106.16883091529901,107.6437891401111,14494800
2021-02-26,105.7930679321289,107.08952599434099,105.52062244424616,107.08952599434099,14687000
2021-03-01,107.174072265625,107.67198711977426,106.6291813368213,106.6573641145969,7361800
2021-03-02,106.8640365600586,107.65318292808196,106.76069494031144,107.39953078622929,8456100
2021-03-03,105.51121520996094,106.58220375555028,105.26695969433008,106.46947264604144,14946600
2021-03-04,104.09263610839844,105.9715645062573,103.27529967501434,105.27635583841854,23441700
2021-03-05,106.1782455444336,106.51645324517148,103.85777488595892,104.70328697026027,15645200
2021-03-08,105.9151840209961,107.59682567398708,105.78365961618496,106.26278832944982,12691800
2021-03-09,106.53523254394531,108.22626365787124,106.48825647097136,106.69493972398887,11022300
2021-03-10,106.77952575683594,107.85051458551501,106.74194632121893,107.23986129994147,11641100
2021-03-11,107.42772674560547,108.01959376180395,106.99557408614443,107.14589179424019,6549400
2021-03-12,107.66259002685547,107.81290773109495,107.03315076732362,107.2022546008217,7452400
2021-03-15,108.40476989746094,108.43295267572667,107.34317796670885,107.46530572837466,7119100
2021-03-16,108.3390121459961,108.71479926258725,107.94443889896976,108.51751263907408,8618600
2021-03-17,107.9444351196289,108.47992941257112,107.29620254539358,107.86927626543351,7524900
2021-03-18,107.71895599365234,108.60204736427309,107.3995344759487,107.44651054746288,8553300
2021-03-19,108.10413360595703,108.74296948010121,107.2867972593551,107.83168815708972,12595800
2021-03-22,109.04497528076172,109.12039499052113,107.49890719279065,108.03626003809255,6156800
2021-03-23,107.94200134277344,109.09212687468018,107.6686102579415,108.91300684161989,9170500
2021-03-24,107.8194351196289,108.64903033246269,107.79114733474317,107.99854793605644,12647000
2021-03-25,108.2719497680664,108.47935039003724,106.8578624645416,107.97970736024567,11505300
2021-03-26,110.31764221191406,110.45905235665731,108.2530799913701,108.54532234939907,8286500
2021-03-29,110.83615112304688,111.21324247021744,109.83686516660123,109.8745750205602,8958900
2021-03-30,109.83686828613281,110.53448262313916,109.58232856278521,110.53448262313916,6865700
2021-03-31,110.0536880493164,110.72302177544032,109.88399730238223,110.072546572542,8504100
2021-04-01,109.72374725341797,110.33651985857202,109.37493646158075,110.23281954728041,6676400
2021-04-05,110.48734283447266,110.82672433525971,110.10082940949924,110.2799494216978,7190900
2021-04-06,110.0631103515625,110.9492738842326,109.90284887637456,110.62874374143796,5206700
2021-04-07,109.81802368164062,110.37423512330754,109.53521052169876,109.99714371763137,5753200
2021-04-08,109.98770141601562,110.46849308106749,109.83686918707785,110.13854083737287,4292400
2021-04-09,111.19438171386719,111.26037215886528,109.98769518109113,110.05368562608922,5919100
2021-04-12,111.3075180053711,111.5337699458456,110.91157531143584,111.0341269474388,8279500
2021-04-13,111.76944732666016,112.08054822943758,110.85500314163399,110.9587034425598,6519600
2021-04-14,111.76004028320312,112.21254420951774,111.56206172396772,111.63748144249357,6226600
2021-04-15,113.67374420166016,114.00369640280505,112.20308880275658,112.20308880275658,8438300
2021-04-16,114.52220916748047,114.65419006097395,113.86229750759385,114.25824018807427,7447400
2021-04-19,114.55048370361328,114.57876429466391,113.96599178303119,114.30537326047641,7094300
2021-04-20,114.99356842041016,115.28581079197329,114.02255588416084,114.02255588416084,8063900
2021-04-21,116.3510971069336,116.41708755751519,115.29524989762807,115.35181108600668,9635900
2021-04-22,115.83259582519531,116.52078088397283,115.38951402965455,116.25681909745985,10030800
2021-04-23,116.59619903564453,116.86016081863355,115.53092264217625,115.77602590214082,4974500
2021-04-26,116.20025634765625,116.53963783786529,115.98342648741523,116.53020857635417,6907100
2021-04-27,115.53092193603516,115.92686460809861,115.3423726690389,115.90800608518943,7034700
2021-04-28,115.18211364746094,115.47435602702548,114.97471304554317,115.34237513351768,6788100
2021-04-29,114.72017669677734,115.33294202803303,114.09797491176082,115.30466143642664,8148900
2021-04-30,114.38079833984375,114.93700250309334,114.1733977391679,114.26766877790622,7153400
2021-05-03,115.68174743652344,115.80429905863686,114.84272302628693,115.00298449960881,13179100
2021-05-04,115.80431365966797,115.88916263368971,115.0124282617029,115.5120712664789,16186300
2021-05-05,116.01171875,116.3699587992693,115.77603753544699,115.96458682254134,16713700
2021-05-06,116.16254425048828,116.17197351181728,114.75788639406407,115.35180039424958,16115000
2021-05-07,116.96387481689453,117.57664742341258,116.38881206842282,116.43595118908576,7576700
2021-05-10,117.11471557617188,118.0197306022793,117.06757645497478,117.38809946337072,8846700
2021-05-11,115.85145568847656,116.99215188844488,115.58749388252288,116.501938133448,11357800
2021-05-12,114.75789642333984,115.80431436490352,114.64476685476177,115.229258837119,10946500
2021-05-13,115.79489135742188,116.32281495500493,114.78617608780019,114.96528891274039,11228000
2021-05-14,116.3793716430664,116.76589225665258,116.08712926176322,116.46422061363722,6590400
2021-05-17,116.16254425048828,116.78473884224181,116.0871245446942,116.24738602519234,5997700
2021-05-18,116.20025634765625,116.8695900665632,115.73831603506,116.12483664040553,9202000
2021-05-19,116.00230407714844,116.07771660437517,114.6259193670606,115.44609263527673,10063000
2021-05-20,117.21839904785156,117.7180492371847,115.96458052080355,115.96458052080355,7522700
2021-05-21,117.23725128173828,118.46279634203053,117.14298024458175,117.60491336134213,8423300
2021-05-24,117.35037231445312,118.07626715947194,117.3032332030907,117.84058598749694,4958800
2021-05-25,117.00157928466797,117.52950288815526,116.86959838379614,117.52008081839276,6798500
2021-05-26,116.32281494140625,117.0110072245348,115.82317193769218,116.9732973686519,6848800
2021-05-27,116.06827545166016,116.6621894632933,116.00228500592314,116.56791842544315,8102900
2021-05-28,116.5207748413086,117.48235809078962,116.44535513695345,116.51134558015949,10059900
2021-06-01,114.6070556640625,116.69990590765958,114.51278462088831,116.662196051906,13368300
2021-06-02,114.38079833984375,115.00299294945209,114.10740729280914,114.71075057163752,13245100
2021-06-03,114.72960662841797,115.03127828025877,113.70204003672946,113.9565725710497,13244400
2021-06-04,115.09727478027344,115.67233752064293,114.96529387518076,115.3329559954275,11228900
2021-06-07,115.51207733154297,116.53022191874487,115.18212506506642,115.38009642495236,13978500
2021-06-08,115.15383911132812,115.86088273191456,114.26767547195217,115.79489228168994,10799500
2021-06-09,116.26625061035156,116.4642219540696,115.44607745001734,115.44607745001734,7965600
2021-06-10,118.25540161132812,118.3873825083785,116.50193290203674,116.54906482674362,9350900
2021-06-11,117.4163818359375,118.13284753663106,116.82246058289604,118.0762863477394,6958100
2021-06-14,117.52006530761719,117.5389166370738,116.69046296315182,117.35037457283279,5156000
2021-06-15,117.55776977539062,117.82173873877593,117.0581268242871,117.64261874029775,5409100
2021-06-16,117.10528564453125,118.27426248085685,116.77533337529661,117.68034839623449,11653200
2021-06-17,118.00084686279297,118.31194773441052,116.87900938069775,116.89786070969645,6527000
2021-06-18,116.65276336669922,117.28439444151225,116.49250187876399,117.12412576115766,11152600
2021-06-21,118.05439758300781,118.27207361483298,116.59693499303397,117.02282099778216,6655400
2021-06-22,118.30992889404297,118.47081579058201,117.73262205776781,118.13010987997743,7194000
2021-06-23,117.81779479980469,118.4234925912378,117.77047894701326,118.14903465129355,6506600
2021-06-24,118.42349243164062,119.25633230910418,118.29099649122364,118.50867251932995,7029200
2021-06-25,118.96292114257812,119.3225591060256,118.30990761510814,118.3761555735612,8344200
2021-06-28,119.14275360107422,119.29418164923048,118.68848389757895,119.085971693259,4631400
2021-06-29,119.2752456665039,119.6443424963116,119.00078775348267,119.15221579673019,6165500
2021-06-30,119.19952392578125,119.44559086988045,118.74525426642923,119.15220808069536,8542700
2021-07-01,120.2594985961914,120.34467867019295,119.23738103108926,119.28470409669967,12021000
2021-07-02,121.41411590576172,121.52769416175408,120.20272762946823,120.41093758431857,12327900
2021-07-06,121.30055236816406,121.31001120577946,120.43932881352494,121.05449262140245,11413100
2021-07-07,122.06713104248047,122.06713104248047,120.86520165972428,121.31000528198973,18435700
2021-07-08,121.39520263671875,121.48983433901148,120.29737091511073,120.93145964027038,8386600
2021-07-09,121.81160736083984,122.18070416796249,121.53714224420096,121.83052503435331,5224200
2021-07-12,122.04821014404297,122.65390784824038,121.71696311977479,121.81160925270066,9097900
2021-07-13,121.93463134765625,122.33211911040603,121.64124855426753,121.89678155923964,9698800
2021-07-14,121.8210678100586,122.31320170639354,121.60339903399543,122.20909673680293,7487000
2021-07-15,121.39520263671875,121.69804430141899,120.6475428719313,121.16806055746311,8750600
2021-07-16,121.7264404296875,122.17125132819261,121.31002048717424,121.70752275300931,6511000
2021-07-19,120.44879913330078,121.50877390669648,119.4645456114538,120.93146705570719,19460400
2021-07-20,121.91572570800781,122.60659633234086,120.83681889899759,120.83681889899759,15053700
2021-07-21,122.11446380615234,122.44571086547224,120.79896328872513,122.40784663190624,8295700
2021-07-22,123.01354217529297,123.01354217529297,121.88731952314362,122.21856657647236,9261100
2021-07-23,124.43314361572266,124.55618070713902,123.38263502240297,123.53406306707339,8303800
2021-07-26,123.62870025634766,124.44260788631988,123.22173922087549,124.08296991650337,6626500
2021-07-27,124.2060317993164,124.2060317993164,123.12713211541437,123.45836475919722,9551600
2021-07-28,124.65083312988281,125.01045670288994,123.71388830234096,124.02620324485491,7432600
2021-07-29,124.95365142822266,125.14292923772364,124.58455464535582,125.05775638959388,5662700
2021-07-30,125.06724548339844,125.53098850369527,124.57512594783104,124.74547168530252,6634400
2021-08-02,125.23760986328125,125.7297438563333,124.868512978736,125.55938367217193,8366300
2021-08-03,126.97898864746094,127.01685288418128,125.20921826662538,125.29439113778349,7701700
2021-08-04,126.43952941894531,127.26289594730264,126.27862809547547,126.4868380471707,8322100
2021-08-05,125.91902160644531,126.36383252344882,124.96314457838557,126.34490040500874,8240900
2021-08-06,125.81487274169922,125.9757595898968,125.0104240597412,125.86219580080913,6923700
2021-08-09,126.29754638671875,126.53414726583998,125.90005864271167,125.99470477074881,9852500
2021-08-10,126.0041732788086,126.61932983535243,125.5215126471037,126.36381126378835,5832600
2021-08-11,124.75495147705078,126.40168478913515,124.65084648505892,126.20294808504414,14512500
2021-08-12,125.73917388916016,125.84327885536044,124.79277035678382,124.87794320886444,8220300
2021-08-13,126.5246810913086,126.5530720398788,125.90005134082232,126.05147936051065,7922900
2021-08-16,127.9632568359375,127.98217451335323,126.08936702157143,126.52471909871029,8404200
2021-08-17,129.4774932861328,129.4774932861328,127.55629485028972,127.62255004372052,13874500
2021-08-18,127.50895690917969,129.44908723709037,127.43324288593251,129.30713246911023,12427700
2021-08-19,128.0862579345703,128.74873755694384,126.62880276534854,126.66665255478159,11669200
2021-08-20,128.81500244140625,129.2030314069398,127.76449380360434,128.20930467805033,7252700
2021-08-23,128.86231994628906,129.63836340286122,128.82445571466712,129.54373170575263,8471300
2021-08-24,128.40805053710938,128.88125239983336,128.03895366182368,128.86233472282626,6548100
2021-08-25,128.057861328125,128.35124411643866,127.52787765362649,128.28500337761238,6918500
2021-08-26,127.55625915527344,128.41748978301922,127.31019945061935,128.13356585243622,5972100
2021-08-27,127.4143295288086,128.1903730216883,127.20611956806613,127.84020828815497,8679200
2021-08-30,128.13357543945312,128.59731837546857,127.2912768616506,127.30073569835506,6417200
2021-08-31,127.9632568359375,128.75823251665182,127.50897264040778,128.1619935356285,9299100
2021-09-01,128.0010986328125,128.1809176438507,126.78970306905163,128.06735382255258,10571100
2021-09-02,129.37339782714844,129.3923299468054,128.33236230163257,128.47431709661961,6847800
2021-09-03,129.51535034179688,129.69515491190776,128.62572856546473,129.24088518562246,5632800
2021-09-07,128.75819396972656,129.2408545368836,127.9158954656854,129.03264461984233,8739100
2021-09-08,128.70144653320312,128.909656505994,128.16198948343367,128.50269539882106,6986200
2021-09-09,127.215576171875,128.81500064177536,127.13986214739157,128.52161782251054,8905600
2021-09-10,126.05150604248047,127.78342647672191,125.9852508544782,127.66984821742858,10561600
2021-09-13,125.27544403076172,126.78969561694934,124.6413553308255,126.71398159354263,11676700
2021-09-14,125.25651550292969,126.15559598640291,125.03883228913126,125.86221319673005,10436300
2021-09-15,126.07042694091797,126.65719253798761,124.90634014283313,125.09561797018083,10299900
2021-09-16,125.74864959716797,126.46792562049976,124.88743324229651,126.23132470566142,10525700
2021-09-17,125.8716812133789,125.97578618901386,125.04831468670356,125.64453914627359,13541400
2021-09-20,124.55818939208984,125.66939610886676,123.4754881607442,124.44422541779821,17245000
2021-09-21,124.74813842773438,126.03027650880459,124.72913960295978,125.1280279720832,11741800
2021-09-22,124.95708465576172,125.58390096794975,124.35874484354942,125.11853844010238,11964100
2021-09-23,125.85934448242188,126.59063266077237,125.1470406390886,125.24200578975109,10366500
2021-09-24,125.34646606445312,126.11575182576019,125.08054048009656,125.65038929906491,6962600
2021-09-27,123.56095123291016,125.13750570275899,123.29502568417153,124.98555859766229,11631400
2021-09-28,121.44305419921875,122.77268943449168,121.02516697632264,122.77268943449168,17433400
2021-09-29,122.40229034423828,122.97212469245143,121.73746186686928,121.9844031271005,11171400
2021-09-30,120.9017105102539,123.57996546832467,120.79723869855043,122.8106796238986,21653100
2021-10-01,120.93019104003906,121.50003262533541,118.98322444052023,121.06315383507724,23188900
2021-10-04,119.08769989013672,121.05365812946862,118.48936729414147,120.4363267073553,27580700
2021-10-05,119.79998779296875,121.01565164961028,119.41059886041707,119.5720526313305,19151800
2021-10-06,119.58155822753906,119.68602277899942,118.24242368606087,119.13518004704633,21322100
2021-10-07,121.16761779785156,121.94639569215529,120.17988906581324,120.40782423599796,15806400
2021-10-08,120.55979919433594,121.56651961621033,120.31286517250533,121.33858442079011,9552300
2021-10-11,119.61956024169922,121.09165780356541,119.58157707841424,120.45533475256195,7843400
2021-10-12,119.04020690917969,120.12291534535161,118.745790325531,119.99944471665076,13007200
2021-10-13,119.23017883300781,119.77152951847084,118.49887608935502,119.23967824739982,10609000
2021-10-14,120.93968200683594,121.41455119752575,120.46481281614612,120.46481281614612,8857900
2021-10-15,121.53802490234375,122.08887491651664,121.31008971390044,121.56651589515803,8976100
2021-10-18,120.71175384521484,121.129641076025,120.1894020526314,121.00617768779892,11660700
2021-10-19,122.29782104492188,122.61123646419475,121.36707420021342,121.36707420021342,9487000
2021-10-20,124.04534149169922,124.22579411874428,122.9151503996666,123.02911437807026,13665700
2021-10-21,124.54869842529297,124.62467923950584,123.39950853662869,124.30177164799501,8267500
2021-10-22,125.05207061767578,125.09956044259015,124.2448015615713,124.43474636936882,8009700
2021-10-25,125.2040023803711,125.33696516328341,124.14030011707251,125.10902275320953,10629700
2021-10-26,125.82132720947266,126.1822324045474,124.80511475387411,125.48892749619651,9271600
2021-10-27,124.8240966796875,126.1537389827301,124.78611352444914,126.02077620161147,11851400
2021-10-28,125.86882781982422,126.35318918224218,125.0520522237605,125.0520522237605,9282500
2021-10-29,127.093994140625,127.25544792261071,125.22300841429441,125.7073697602516,15415100
2021-11-01,126.94207763671875,127.73036249374088,126.45770162677101,127.20800331235725,14356700
2021-11-02,127.73980712890625,128.37613007967053,126.3246917808186,127.4358839030658,20851500
2021-11-03,128.49008178710938,128.53757159809916,127.01799908941595,127.49286821560239,14610000
2021-11-04,127.60686492919922,128.3951496200689,126.72360059196569,128.19569815944863,15818500
2021-11-05,126.1822509765625,126.98002779607314,125.2704956886513,126.45766875049165,14867300
2021-11-08,126.9325180053711,127.09398626921376,125.91630556007945,126.41017353382692,8948800
2021-11-09,126.46714782714844,127.08447188792289,126.22020660935426,126.97050793623666,7287000
2021-11-10,126.82807159423828,127.3409384943444,126.41019883174718,126.4291831674109,8445400
2021-11-11,126.45767974853516,126.89456584970627,126.15377095403953,126.80909285986624,8597300
2021-11-12,127.08451080322266,127.37892742980416,126.38171356347584,127.26496344322034,8317600
2021-11-15,126.29620361328125,127.44539341037763,126.17274748039857,127.37890476879225,6268900
2021-11-16,126.82807159423828,127.51188446647359,126.04929356810652,126.26772936311357,6150900
2021-11-17,127.0085220336914,127.50239009774958,126.41968881737601,126.97053887116033,8229000
2021-11-18,127.05596160888672,127.37886908420715,126.61909019918339,127.1414345596739,9029300
2021-11-19,126.2867202758789,127.86328954871652,126.1727563016019,127.435895661461,10166100
2021-11-22,125.71684265136719,126.90401541793779,125.55538889413619,126.46714395527864,11146200
2021-11-23,125.84986114501953,125.98282397407417,124.74817534365032,125.12806500041742,12075200
2021-11-24,125.8023681640625,126.03029612941314,125.17553727562937,125.61240887045771,6760800
2021-11-26,125.33698272705078,126.99902499228892,124.90009666948472,126.25823017056003,11896900
2021-11-29,125.67888641357422,126.5241530247134,125.54592361491834,126.02079282324053,17137100
2021-11-30,123.20953369140625,125.52689723809863,123.02908111315242,124.95706300829467,19467000
2021-12-01,122.99111938476562,125.45093829441514,122.97212055957297,123.79840279909203,22241400
2021-12-02,123.58946228027344,124.09282247150288,122.36429163229393,122.9531392930939,17531100
2021-12-03,123.81739044189453,124.92858262971647,122.79167123193784,124.4537134302101,22111900
2021-12-06,124.52021026611328,125.06155365339808,123.95036139247351,124.14032067825933,15230900
2021-12-07,126.12527465820312,126.42918343992984,125.19453499359967,125.36548096609734,11974700
2021-12-08,127.07500457763672,127.16047755811938,125.84983388995202,126.48615689775345,15144700
2021-12-09,127.36943054199219,127.78731779979505,126.85657812950829,126.95154328418933,9095800
2021-12-10,127.81578826904297,128.08171384641906,126.9800138876569,127.03699586968648,8554300
2021-12-13,129.02195739746094,129.3828481069164,127.81578566559372,127.81578566559372,12201800
2021-12-14,128.49961853027344,129.17392473189557,127.8632954912228,128.4236377132714,11070800
2021-12-15,131.13040161132812,131.19687577054106,128.66107571533314,128.77503969790357,14996300
2021-12-16,131.9091796875,132.57399373913907,130.88346036845996,131.12089499346388,19227500
2021-12-17,130.98789978027344,132.0516019997648,130.4750474935489,131.24433316956362,21504200
2021-12-20,130.19468688964844,131.1194745834812,129.06969582563278,130.71905329556634,16185700
2021-12-21,130.73814392089844,130.79534489202825,129.3557192300227,130.56652645995786,10773400
2021-12-22,132.26351928710938,132.33979207634442,130.44255917898067,130.67136299913878,7246000
2021-12-23,132.8070068359375,133.2360287058017,132.21589613646339,132.60678887130624,7743800
2021-12-27,134.20848083496094,134.20848083496094,133.1406760007132,133.28369298039317,6968900
2021-12-28,133.855712890625,134.57075412304832,133.5029638711792,134.3324070455739,6065900
2021-12-29,134.61842346191406,134.89491421227984,133.62690604253697,133.72223614288146,7103600
2021-12-30,134.89491271972656,135.36206366561245,134.7232952649241,134.86631223518458,7931700
2021-12-31,134.3228759765625,135.24766378428532,134.27520365241736,134.73284050714983,7882800
2022-01-03,132.9404754638672,133.9987371271035,131.7964123395027,133.75084684266406,15122300
2022-01-04,131.1862335205078,132.79744749835237,130.62372337756784,132.64491642925663,14304500
2022-01-05,130.25189208984375,132.2635417870442,130.20423431756825,131.4722278301071,15370700
2022-01-06,128.7455596923828,130.23285777655613,128.5167557929347,129.4415436800098,15182000
2022-01-07,128.08773803710938,128.6788341930218,127.82079044750037,128.44048709176002,9619400
2022-01-10,129.40338134765625,129.47965415232989,127.22012868562959,127.52520535677414,15589900
2022-01-11,130.4330291748047,130.45210101092837,128.70739896809943,129.59404295594524,12168300
2022-01-12,130.06121826171875,130.26143618735514,129.49872270750407,129.68939744057943,10831800
2022-01-13,128.0400390625,129.9944877956408,127.81122065578636,129.83239899866683,13804900
2022-01-14,127.82078552246094,127.95425931212259,126.50510491897326,127.69684037936369,14341800
2022-01-18,126.02838897705078,126.76250196722727,125.70424047919863,126.56228404352477,16471400
2022-01-19,125.5135498046875,127.2582519437955,125.38961923191599,126.26673462387669,14639600
2022-01-20,124.69361877441406,127.10570396558634,124.61736053096159,125.81862425722798,15127800
2022-01-21,123.43517303466797,125.46589458248398,123.23495510912358,125.07500192395186,25804800
2022-01-24,123.02519989013672,123.23494644594334,119.09724538602835,122.31970197292226,37938000
2022-01-25,122.2339096069336,123.28262791628393,120.38432686601674,121.39492332141359,19326800
2022-01-26,121.59513854980469,123.54005145700756,120.6417502976724,122.43411759312207,29557400
2022-01-27,121.9097671508789,123.78793603213808,121.50933852823232,122.18625063665428,18483600
2022-01-28,124.39810180664062,124.44577413134087,120.94684080209731,121.80489173027333,20906800
2022-01-31,125.11311340332031,125.34193177915871,123.92137830581372,124.16926851652553,19044400
2022-02-01,125.44683074951172,125.67564917222737,124.44577015301273,125.56123268709426,14674800
2022-02-02,127.13432312011719,127.43939978138582,125.10360158562621,125.36102047462285,13595200
2022-02-03,126.59090423583984,127.06759841191923,126.35255714780014,126.9627251112797,13805600
2022-02-04,126.13325500488281,127.01989900050766,125.20846733667595,125.43728572952205,12004100
2022-02-07,125.91399383544922,126.61949183379981,125.56123028872364,126.18094138307652,9229200
2022-02-08,126.94364166259766,127.16293143777855,124.96060687329096,125.24661171474355,11071600
2022-02-09,127.9256591796875,128.19262133766185,127.42036444942315,127.55383825463348,10811000
2022-02-10,125.92353057861328,127.55381645306478,125.42776458075993,126.44789706215516,14393300
2022-02-11,124.1788101196289,126.70528297098943,124.0262645198168,125.75189479348748,13072300
2022-02-14,122.91082000732422,124.1597563742279,121.9860321765915,123.92140929512257,14386900
2022-02-15,124.29322052001953,124.77945783412858,123.663995336105,123.97860065428722,8969900
2022-02-16,124.4839096069336,124.83665860087832,123.31123159629826,123.65445194495128,8779200
2022-02-17,122.48178100585938,124.04533704372055,122.30063492352285,123.97859288810218,11906800
2022-02-18,121.56653594970703,123.02521151249638,121.15657871747604,122.36738584991932,13505600
2022-02-22,121.26145935058594,122.25297677468045,120.45107348227296,121.13751421724255,13682100
2022-02-23,120.65129089355469,122.30064856036213,120.53688168030503,121.88115538555543,12022800
2022-02-24,121.13750457763672,121.38538755082259,118.27733992538003,118.49662241584731,23220000
2022-02-25,124.84619903564453,125.15129028439094,121.547476283219,121.68095006765769,17012300
2022-02-28,123.9023666381836,124.04536908351751,122.46274079990836,122.84410490005372,17987700
2022-03-01,123.21589660644531,124.26461490133144,122.26250840334002,123.25402573364775,14064200
2022-03-02,125.07501983642578,125.75191741760581,123.597264985924,123.75933925955233,12395600
2022-03-03,125.71378326416016,126.44789633690824,124.64599301110918,125.62798180758665,11172600
2022-03-04,126.343017578125,126.4574195152766,124.07394884094799,124.44576968424124,12160400
2022-03-07,124.14070892333984,125.79006676818646,123.57819871591961,125.55171967018629,15704000
2022-03-08,121.60466003417969,124.2360060605988,121.52838723735687,123.32076159382193,21794600
2022-03-09,123.9023666381836,124.54113513993003,122.67248741810008,123.58774671089601,15576500
2022-03-10,123.85468292236328,124.12163049415045,122.27205478423102,122.4055285701246,10708800
2022-03-11,122.92989349365234,124.91294296407833,122.80594835564091,124.18835852345934,9869100
2022-03-14,123.79747772216797,125.58030920448635,123.4351855095916,123.9214083099827,14373200
2022-03-15,126.26673889160156,126.40021266124714,124.58876630457175,124.79851287795049,14374100
2022-03-16,127.78263092041016,127.80170275946102,125.6089067902352,126.90551544222997,13840400
2022-03-17,129.80380249023438,129.8610180043266,127.2392003557739,127.41080325540064,10973100
2022-03-18,130.60464477539062,130.76671901130032,129.33663682057536,129.72752944411846,11364200
2022-03-21,130.50518798828125,131.662378040604,129.89311678390567,130.54343605414846,11473100
2022-03-22,130.5338897705078,130.8207867733938,130.05570864179123,130.63909020254266,8892100
2022-03-23,128.1907958984375,130.151341526324,128.15254782743816,129.91225095201906,10013400
2022-03-24,129.72097778320312,129.72097778320312,128.39163481096324,128.66897344851108,7189200
2022-03-25,130.32347106933594,130.5434302724198,129.3288462856969,130.16089125897585,7040100
2022-03-28,131.27027893066406,131.3085415932146,130.0748261022352,130.5434488644341,8467000
2022-03-29,132.04495239257812,132.88654131012834,131.26072828636967,132.36053911607763,12327700
2022-03-30,132.3031463623047,132.8291485032813,131.63369572512053,132.06405580667254,10752900
2022-03-31,131.01205444335938,132.75262594493842,130.78252227695117,132.02579597403798,15843000
2022-04-01,132.04495239257812,132.09275883418474,130.4956355125624,131.37548709491494,20785700
2022-04-04,130.9451141357422,131.9779870902084,130.63908581197228,131.74845490268385,16769500
2022-04-05,131.22247314453125,132.7813337173634,130.54344951371718,130.61040187704862,15025100
2022-04-06,133.22125244140625,133.53685370686156,130.80165733251079,130.8877264250181,23197800
2022-04-07,135.7843017578125,136.1285927352737,132.74307695101274,132.74307695101274,18160200
2022-04-08,136.5972137451172,137.16146393655114,135.5930305241183,135.79387300548967,19102700
2022-04-11,133.88113403320312,136.75977866636293,133.68029157371413,136.20508690383758,16570700
2022-04-12,132.58053588867188,134.3306809863625,132.00671256083012,133.54645674450765,14085400
2022-04-13,133.2308349609375,133.36472510452924,131.88236056216508,132.57094261290288,15496400
2022-04-14,132.59005737304688,134.0341590693522,132.49441531403673,133.35515006633997,10993400
2022-04-18,131.12681579589844,132.7622015035846,130.57212399425424,132.45615860905193,10125000
2022-04-19,132.37969970703125,132.8483226003843,131.4233371766297,131.4711582217366,11733100
2022-04-20,134.15846252441406,134.6749061854291,132.5900294008697,132.74305082583166,13674800
2022-04-21,132.67613220214844,134.68449878469025,132.37966223651026,134.53147732083505,11409700
2022-04-22,127.83694458007812,131.51894520572364,127.7030544442145,131.4806825423738,17525300
2022-04-25,128.6976776123047,128.97501624957275,126.02941870833635,127.46396211259842,16501900
2022-04-26,126.43109893798828,128.61160391452495,126.24938775778834,127.9230218595206,20087700
2022-04-27,126.15372467041016,127.43524634713322,125.53208056661906,126.41193192345551,16726700
2022-04-28,127.89434051513672,128.31514230879978,125.86685688341346,127.0431785572027,15510700
2022-04-29,124.60442352294922,127.31093027633464,124.41315400321459,126.65103802926056,17430200
2022-05-02,123.82977294921875,125.19737847668604,121.82141379857961,124.49922356727697,23615100
2022-05-03,124.22189331054688,125.41734613499702,123.78196025026003,124.21233494140607,13585300
2022-05-04,126.97618865966797,127.43523834027776,122.97858785361754,124.02101894636893,19053500
2022-05-05,124.50880432128906,126.48846660094223,123.2272824018102,126.35457646895085,16119800
2022-05-06,124.11669158935547,124.46098258293894,122.67258984587114,123.3037778399993,21742300
2022-05-09,120.90331268310547,122.75865776439456,120.43469722830844,122.72996806461624,17289800
2022-05-10,121.33367156982422,122.6247590446622,120.21472228159791,122.16570199097137,21850200
2022-05-11,120.53031921386719,123.45678502441471,120.38686343372065,120.73115438748673,19987300
2022-05-12,121.69709777832031,121.77360851039344,119.81306295569304,120.09040888710942,17497100
2022-05-13,122.9881820678711,123.37072110233473,121.96486753164127,122.50042801706188,9841500
2022-05-16,123.896728515625,124.73831734600613,122.81603453732215,122.84472423648688,8839800
2022-05-17,125.59905242919922,125.6564318276792,124.26013656197225,125.18780908521035,9058700
2022-05-18,122.35699462890625,125.05392871847188,121.9648825847821,124.74790037171611,10005000
2022-05-19,122.624755859375,123.3707171678393,120.94155643485034,121.38148214762508,9672800
2022-05-20,124.11669158935547,124.38447185181707,121.77360699635156,123.44724093320147,12833700
2022-05-23,125.20692443847656,125.69466385624713,124.69049532512699,124.948702585338,9196500
2022-05-24,125.57991027832031,125.79031111657098,124.04016664908318,124.84350734444303,9031300
2022-05-25,125.54167938232422,126.36415151898439,124.36534328225191,125.493858350195,8532400
2022-05-26,126.0772476196289,126.55542878426698,125.4938660150532,125.85728836991608,9090100
2022-05-27,128.171630859375,128.20032055004575,125.7711530584709,126.29715504230995,13696000
2022-05-31,126.45977783203125,127.27269159199192,125.43647779990326,127.04315939563207,11740800
2022-06-01,124.6427001953125,126.93796387602552,123.64807523218775,126.91884713695318,9259900
2022-06-02,125.62772369384766,125.65641338887772,122.57692631694735,124.80525171948872,9575400
2022-06-03,124.15495300292969,125.31214314130325,123.99235858034956,124.75745129094489,5852600
2022-06-06,124.17407989501953,125.30259501883991,123.83936183940203,125.04437310690061,7729000
2022-06-07,125.79032135009766,125.91465310815923,123.72457545717751,124.17406686701464,7219100
2022-06-08,124.79571533203125,125.89552608302976,124.44185137612324,125.43647628877028,5372000
2022-06-09,121.97444915771484,124.79572233308747,121.94575945602226,124.37492058435514,7772900
2022-06-10,120.01390075683594,121.1328501723847,119.54528528154255,120.53033726482802,11289000
2022-06-13,116.37972259521484,118.35939212781936,115.89197581284422,117.64212045228925,14886200
2022-06-14,115.27033996582031,116.54230349999045,114.44786785323397,116.24583353956918,9299500
2022-06-15,116.43709564208984,117.66123806744301,114.65826140010338,115.90153515511392,10301600
2022-06-16,114.72520446777344,114.80171519214483,113.56800712339705,114.30440278019502,9383300
2022-06-17,114.65825653076172,116.47534605842979,114.62000116953601,114.76345695001636,13724900
2022-06-21,117.7449951171875,118.27321785331854,115.88182478675796,116.26597878328839,7987200
2022-06-22,119.37767791748047,120.69342073190366,116.93826195803219,116.99588359157838,10188900
2022-06-23,122.05718231201172,122.15322813434905,119.93470006371822,119.93470006371822,11943300
2022-06-24,124.08362579345703,124.10283788878941,122.12441705106771,122.9503612959407,10448100
2022-06-27,124.54462432861328,125.07284708716962,123.68986919368983,124.08363658229877,8963600
2022-06-28,122.3741226196289,125.41858777584532,122.14362875342715,124.79433386018505,7518700
2022-06-29,123.44014739990234,124.05480249789007,122.34529254865754,122.53736951905367,9157700
2022-06-30,123.16165161132812,123.86273922534664,121.865106272337,122.79669506904186,10697600
2022-07-01,124.54462432861328,124.70790517133307,121.83630483266221,123.20966935037247,9366600
2022-07-05,123.8243179321289,123.8531434033575,121.17362021461031,123.34411811452902,9987000
2022-07-06,124.65987396240234,125.3033399510931,123.77630806802688,123.99719587798693,9033300
2022-07-07,125.18810272216797,125.35136890736175,124.41016668042921,124.47740169143981,6805500
2022-07-08,125.56265258789062,126.8111603801407,124.70789750550917,124.83273949201298,6505800
2022-07-11,125.2457046508789,125.94679219570139,124.72708070465562,124.86153605098505,7027300
2022-07-12,123.65145111083984,125.69710699148403,123.09441757253416,124.8519506361878,9280400
2022-07-13,122.4509506225586,123.44016105130352,122.13401699181482,122.60461807768317,9296500
2022-07-14,122.09558868408203,122.278066938122,120.27083545274988,121.04875672141814,7784800
2022-07-15,125.04402160644531,125.10164323616097,123.36332235191101,123.91075714327876,9684800
2022-07-18,122.4029312133789,125.28413013399765,121.98995907499952,125.16888686662426,7047700
2022-07-19,124.48699188232422,124.6982809673995,123.17124911533865,123.70907054842662,6585700
2022-07-20,123.25768280029297,124.47739441192398,122.75827822559162,124.31412823627812,7599500
2022-07-21,125.20729064941406,125.20729064941406,123.30570355247708,123.6226371777224,9507700
2022-07-22,124.68867492675781,125.73550691574182,123.92995107820309,125.49540702902802,8657100
2022-07-25,125.34174346923828,125.57224464325988,124.66946669651014,124.78470995625366,5489000
2022-07-26,125.98521423339844,126.76315022994933,125.36096034659285,125.69710607304825,7482400
2022-07-27,126.77273559570312,127.33936779074737,125.32253760808133,125.90838189663675,7680700
2022-07-28,127.57948303222656,128.51107184349962,124.77511787776267,126.93601704018332,11052600
2022-07-29,127.15690612792969,127.3874073165348,126.26374149933888,126.93601831460113,8309500
2022-08-01,126.2156982421875,127.13768819345937,125.92757546650672,126.44619939363875,7665400
2022-08-02,125.76432037353516,127.54106543438074,125.69710002419995,126.52304423803936,7935100
2022-08-03,126.91678619384766,127.41619802976123,126.1004554235913,126.44619982468022,6825700
2022-08-04,126.29255676269531,127.24335771281548,126.09086638374764,127.21454689504239,5493000
2022-08-05,126.24451446533203,126.3021360920313,125.20728122114372,125.50500272877917,8883400
2022-08-08,126.54225158691406,127.37780924075368,125.89878558515242,126.4846299531049,7075100
2022-08-09,126.1580810546875,127.31055754340781,125.86035954934256,126.70550115865285,5802500
2022-08-10,127.53144836425781,127.62749417999284,126.79195127032736,127.5026375504441,6736300
2022-08-11,126.70550537109375,128.3958179549776,126.43659466993661,127.14729561129997,8471400
2022-08-12,128.32859802246094,128.3862196573993,126.80156607845134,127.01285517624919,7515500
2022-08-15,128.9720458984375,129.14492543347492,127.80037195888957,128.2613596280997,7486100
2022-08-16,128.62632751464844,129.05851911244324,128.12693021132378,128.6935625292518,7138400
2022-08-17,127.877197265625,128.6167090400034,127.6851202819582,127.877197265625,7251800
2022-08-18,127.31058502197266,128.0981198295412,126.62870942472362,127.83880780088609,7053600
2022-08-19,127.65633392333984,128.27098918154903,127.12811112615917,127.31058942468862,5946500
2022-08-22,125.98521423339844,127.27216085261485,125.5626507133731,126.86879477358944,6420400
2022-08-23,124.22769927978516,125.56265419303149,123.88195482324835,125.42819882963026,7501900
2022-08-24,124.38135528564453,124.8615551179404,123.92996627092353,124.35254446806965,6719500
2022-08-25,125.75472259521484,125.79313213018911,124.0355991507927,124.90956628043594,5636600
2022-08-26,122.24927520751953,125.80275839258734,122.15323670571078,125.79314501695805,9044500
2022-08-29,121.39451599121094,122.15323258626906,120.76064871156703,121.50975925858782,6727700
2022-08-30,120.58778381347656,121.82670030396315,120.29006225163148,121.82670030396315,7910500
2022-08-31,119.81945037841797,121.74024948593292,119.80023828407323,120.98153295919246,8954500
2022-09-01,121.78828430175781,121.84591326662645,119.46411877314432,119.62738496452425,11212400
2022-09-02,120.04034423828125,122.60461674511218,119.52172757377389,122.48936615502139,9730300
2022-09-06,120.15559387207031,121.66342094257041,119.81945547939846,120.5109443599048,9663400
2022-09-07,122.11482238769531,122.31650544388259,119.74263397445205,120.12679531697133,9038300
2022-09-08,124.23729705810547,124.27570659541351,121.41371979356335,121.66342574967187,9394800
2022-09-09,125.33216857910156,125.66831435664588,124.31414717904708,124.54463374235763,8880400
2022-09-12,126.16769409179688,126.82077345738814,125.47620518918743,125.81235091987143,7982400
2022-09-13,121.99957275390625,124.43899619915189,121.6730403729006,124.16047207953096,11928500
2022-09-14,122.0667953491211,123.12323350991483,121.26006315162086,122.40293376474621,8080100
2022-09-15,122.74867248535156,123.92036118836685,122.47015571764567,122.59501235708447,8624200
2022-09-16,122.4029312133789,122.67184926754157,121.46174366924673,122.36452167576628,10810100
2022-09-19,121.74340057373047,121.77232622985966,120.00778764123864,121.62769059273965,9430100
2022-09-20,120.31633758544922,121.10700404696232,119.57388545407277,120.9238057766857,9010600
2022-09-21,118.32039642333984,121.59877252458176,118.29147076540565,120.79846165818786,11642400
2022-09-22,118.94713592529297,119.75708370484446,117.63578559570814,118.13718078926755,9505600
2022-09-23,118.33968353271484,118.55180747358177,116.86440878933371,118.31075051868919,16611100
2022-09-26,117.21153259277344,118.20468608006172,116.69084868209836,117.63579519179932,10450600
2022-09-27,116.85476684570312,118.79285938407911,116.38228993751522,118.03112591266216,13239900
2022-09-28,119.40995788574219,120.00778172333668,117.73220370471732,118.49394448994339,16360000
2022-09-29,118.40717315673828,119.34246791465938,117.60686234169148,119.05320399740177,10791700
2022-09-30,116.77763366699219,119.23641758844511,116.64264235863139,118.41681804364443,12389800
2022-10-03,119.1785659790039,119.63175426527648,117.26939887248435,117.62615848437764,9326800
2022-10-04,121.9458999633789,121.99410694302067,119.89208989099915,120.17171685623077,13717900
2022-10-05,122.35086059570312,122.98725445214431,120.71167633667578,121.16486456357043,9913400
2022-10-06,120.78882598876953,122.27373783991449,120.47063637218318,121.89768954683282,9399300
2022-10-07,118.2336196899414,120.0849353662395,117.55865579204813,119.87280406565803,10068700
2022-10-10,117.49115753173828,118.67716097846582,117.03796928263488,118.51324401582504,8377800
2022-10-11,118.117919921875,119.37141915751354,116.95120502419921,117.25011332462333,10792900
2022-10-12,117.53936767578125,119.19784063191241,117.5104420194608,118.49395111672683,9292800
2022-10-13,120.27777862548828,120.8466768760942,115.6591263920412,115.85197637380362,14063600
2022-10-14,119.46781921386719,121.87838857913297,119.1014079622035,120.98165648099514,11442300
2022-10-17,121.38663482666016,121.62769177203941,120.08492879290701,120.2295644314294,8420400
2022-10-18,122.06160736083984,123.22832960339218,121.46379076593465,123.1897596042894,10016700
2022-10-19,120.35491180419922,121.69518783655019,119.30390704987725,121.68554349888943,7676200
2022-10-20,119.33283996582031,121.0202386918668,119.17855997975967,120.1427878232148,7196600
2022-10-21,122.01338195800781,122.34121586617307,118.60965913318206,119.24604563110981,8433100
2022-10-24,124.36608123779297,124.74212944202895,123.03544969637893,123.03544969637893,7411300
2022-10-25,125.31106567382812,125.4556939751671,123.92257512917293,123.99006343214768,7174200
2022-10-26,126.69952392578125,127.87588298995084,125.65817087472945,125.6967335120858,8277100
2022-10-27,126.03423309326172,127.00809795868193,125.84137574625188,126.98880928139097,6496800
2022-10-28,128.10731506347656,128.2037437354056,125.83173670767796,126.2270736644575,6267100
2022-10-31,128.00125122070312,128.50265383851942,127.15272597716017,127.4419972840907,7852800
2022-11-01,128.078369140625,128.79190294633935,126.70916755096825,128.15550912337363,8033300
2022-11-02,125.89924621582031,129.23546657020728,125.83174319939755,127.77948771184192,10228700
2022-11-03,125.36890411376953,126.0631493147693,124.09611634095367,124.98320416157588,7916600
2022-11-04,126.13063049316406,126.58381871582485,124.35645495203768,126.31383612099901,8082200
2022-11-07,127.4805679321289,127.81803884500277,125.86065752630755,126.33313445986984,6054400
2022-11-08,128.116943359375,129.10045983716174,126.63203901780953,127.50948984884526,8930700
2022-11-09,126.73811340332031,128.77263479459177,126.58383341323584,127.9144725800526,8963500
2022-11-10,129.95863342285156,130.21897907194756,127.9144750107124,129.6597251319765,12416800
2022-11-11,128.36764526367188,129.8139868909031,126.69952066027606,129.79469821624795,10487200
2022-11-14,128.48336791992188,130.01648675273634,128.43515358223993,128.75335055540052,10552600
2022-11-15,128.31944274902344,129.84292450220795,127.24914925780294,129.3029592657272,8184100
2022-11-16,128.2615966796875,129.50544417082554,128.03981367402852,128.63764496425944,6122200
2022-11-17,128.20372009277344,128.72439657150085,127.1430637489531,127.24912938333513,6498700
2022-11-18,129.75613403320312,129.9779022937764,128.8690315650147,129.29329412468368,6720700
2022-11-21,129.81399536132812,130.3732492592362,129.3415184356087,129.48614672258972,7995200
2022-11-22,130.942138671875,131.0385526244661,130.10325047793532,130.122539153633,5931100
2022-11-23,131.4628143310547,131.6556569478931,130.63357783699576,130.9614264698645,5340600
2022-11-25,132.2438507080078,132.3499163656126,131.59781978003332,131.61710845767513,3256000
2022-11-28,131.25067138671875,132.61987297155227,130.9903404979249,131.8388508792762,5026800
2022-11-29,130.9228515625,131.18319719221313,130.21896937707442,130.9710658958467,5439600
2022-11-30,134.0469512939453,134.13372826381374,130.4214453924372,131.11569057728136,9377400
2022-12-01,134.4326629638672,135.14619696444424,133.70949198016996,134.81836298294317,15140200
2022-12-02,134.77975463867188,134.96296026649503,133.0827190837403,133.0827190837403,7779800
2022-12-05,133.4877166748047,134.2205246032491,133.03452837171588,133.91197931709638,6921500
2022-12-06,132.47525024414062,133.66124625934432,131.81958243506799,133.2369836944395,8171500
2022-12-07,133.56484985351562,133.95053511974746,132.43670500119023,132.4752676426335,7427000
2022-12-08,134.77011108398438,134.92437633567312,133.53590079279107,133.79623168104865,6765000
2022-12-09,133.04415893554688,134.9919033753022,133.00559629399473,134.58692943073027,6203000
2022-12-12,134.46157836914062,134.46157836914062,133.13095386544774,133.13095386544774,5669700
2022-12-13,134.87620544433594,136.69859561497864,133.94090318984703,136.29362165627475,9886500
2022-12-14,135.08831787109375,136.2260995893452,133.95052143989398,134.8183352697138,10882200
2022-12-15,132.61024475097656,134.22050337006453,132.13776784445025,133.88303247650137,8746700
2022-12-16,130.68179321289062,131.69423535056205,129.95862235926083,131.60745837923417,10843900
2022-12-19,130.19381713867188,130.8812306646132,129.60321472030614,130.63918073534128,6801600
2022-12-20,130.16476440429688,130.6682323631256,129.45798279044888,130.2422221497747,4815500
2022-12-21,131.8784942626953,132.28513638429766,130.55205056103983,130.95869268264218,5937500
2022-12-22,131.6945343017578,131.73325579144333,129.99049328448035,131.14265335223797,5483300
2022-12-23,131.77200317382812,131.89785910609277,130.8038033408788,131.56867470854368,3766900
2022-12-27,131.43312072753906,132.1302257541663,130.91029934434675,132.02372318694393,7050500
2022-12-28,130.58111572265625,132.50783884121046,130.53271754652596,131.86882336186386,5054200
2022-12-29,132.0043487548828,132.6820856168827,131.09423863724487,131.3943929658607,6297300
2022-12-30,131.52992248535156,131.69451464567132,130.19380230051016,131.55896729166955,6369500
2023-01-03,131.15232849121094,131.9946574424869,130.15506927979695,131.63642830662081,7239200
2023-01-04,131.50088500976562,132.2270347553027,130.64886458079806,131.88815896463032,8469800
2023-01-05,130.15509033203125,130.94902124902555,129.6419456265813,130.62951354634902,6714200
2023-01-06,131.35565185546875,131.71388101782918,129.36116283223757,131.0264675022967,7175700
2023-01-09,129.15786743164062,131.52996912819088,128.98359853193392,131.49123285699463,7719500
2023-01-10,130.2422332763672,130.44554694875552,128.91578958537846,129.10944135239387,7675200
2023-01-11,130.97804260253906,130.99741073141445,129.7290716008188,130.3293506339731,7307200
2023-01-12,130.56173706054688,131.1039265354479,129.29338302815782,130.69728442927214,7580500
2023-01-13,131.1426544189453,131.5396198658405,129.78718066559085,129.8452702873695,6334100
2023-01-17,130.53269958496094,131.2975708999797,130.35841594477637,131.0748890903245,6664100
2023-01-18,128.69313049316406,130.87158029453693,128.56725977710167,130.5327191895694,10629100
2023-01-19,129.00294494628906,129.5160896515461,128.0540985180102,128.31551659711204,9902300
2023-01-20,129.65162658691406,129.74843769368775,128.3058295822521,129.2933826485415,5962200
2023-01-23,130.09701538085938,130.82316530332196,129.4386465424678,129.72910946616443,7211000
2023-01-24,129.2353057861328,130.20350559076817,128.40265336320414,129.44831092503713,5754800
2023-01-25,129.27403259277344,129.30307740290283,128.00569330527216,128.37359915809614,5999000
2023-01-26,129.51608276367188,129.69035162476766,128.50914676548894,129.57417238403713,6861100
2023-01-27,128.63502502441406,129.4580007574739,128.47043283251338,129.32245337746414,5854600
2023-01-30,127.47319030761719,129.19658478452268,127.27955330066672,128.3929771707994,7055400
2023-01-31,129.11911010742188,129.13847823764593,127.63776577670717,127.76363646283153,6290600
2023-02-01,129.72906494140625,130.52298090189925,128.1508949240315,129.11909448834916,11843000
2023-02-02,128.84803771972656,129.02230660129584,127.92825081758834,128.780256638967,11274600
2023-02-03,128.4704132080078,129.35147843026235,128.04440300060764,128.93514490082885,10046800
2023-02-06,127.75395202636719,128.5575595789157,127.57968316544502,128.28646483511082,7328300
2023-02-07,128.5769500732422,128.95454744447025,126.86323210833419,127.3086105640802,7551000
2023-02-08,128.19932556152344,128.91578388298888,128.00568857662887,128.11219113435413,5614100
2023-02-09,127.07622528076172,129.0126249040876,126.87289681994756,128.51884831861992,8085700
2023-02-10,128.27679443359375,128.4123418121293,127.07622138545284,127.25049025490304,6198600
2023-02-13,129.34181213378906,129.3515035871947,128.29615454141137,128.29615454141137,6300300
2023-02-14,128.5769500732422,129.74846368268086,127.92825791105851,129.51610516103779,6905900
2023-02-15,127.93793487548828,128.24776593644395,127.50224787288272,128.07348227126687,6491900
2023-02-16,126.659912109375,127.79270416678156,126.38880255833013,126.76639991079898,8008000
2023-02-17,127.7927017211914,128.0250602268441,125.94343648806762,126.05961574089396,10798800
2023-02-21,126.13704681396484,127.38603261182995,125.95308652020533,126.86319653761304,9066200
2023-02-22,125.71104431152344,126.57274144541864,125.44964103195923,126.27260190503057,7318900
2023-02-23,126.04991912841797,126.68893446502793,125.1301323840244,125.68199852123864,9955500
2023-02-24,124.42334747314453,125.22695505732484,124.05544160553092,124.98490511414606,9008000
2023-02-27,124.04574584960938,125.44964729019021,123.76497442562656,125.10109479316172,6463900
2023-02-28,123.1259536743164,123.8424267684578,123.01945111672181,123.764969019884,10282800
2023-03-01,122.92264556884766,123.19374033062628,122.39014011157629,122.53536417197323,11101000
2023-03-02,123.6778335571289,124.02639344361017,122.37076537663003,122.37076537663003,10203100
2023-03-03,125.06236267089844,125.11077561416882,123.6294311461431,124.24907840875807,10048000
2023-03-06,125.00426483154297,125.57549911333886,124.7138019645697,125.14948887825206,8153400
2023-03-07,122.99041748046875,125.40124026308551,122.77741234592962,125.25600143123268,9604400
2023-03-08,122.33203125,123.1162780340626,121.83824733214983,122.7386733532754,10793200
2023-03-09,121.09274291992188,123.0097816827489,120.59895897715496,122.80645323407353,13270300
2023-03-10,120.20201110839844,121.89636082128064,119.7372719369682,120.88943210549722,20483200
2023-03-13,121.32510375976562,122.9807243837764,119.66948313575483,119.8147145701651,21294200
2023-03-14,122.40949249267578,122.7870897974617,121.18955876125631,122.1480818150462,14582900
2023-03-15,122.3030014038086,122.47727766750226,120.87006241490748,121.09275162448546,17244600
2023-03-16,123.44546508789062,123.50355470769253,121.04432651678319,121.38320233036819,16011400
2023-03-17,121.85761260986328,123.43577543283256,121.47033125957304,123.33895694195435,15071400
2023-03-20,123.40209197998047,123.58676982276491,122.0607675531813,122.0607675531813,10592100
2023-03-21,124.15052032470703,124.29631081875429,123.12994237283786,123.87836076610945,8816300
2023-03-22,122.27460479736328,124.67538711678993,122.25516112128949,124.21855713172143,10480000
2023-03-23,122.04132080078125,123.51872867463372,121.34149679901844,122.78002473770749,10092300
2023-03-24,123.73255920410156,123.84919158890654,121.46785313501042,121.92468308373401,8163700
2023-03-27,124.23799133300781,125.17108754816326,124.09219342722957,124.60733960080178,9455400
2023-03-28,123.48957061767578,124.55873546486842,123.18825297395774,124.11163474931585,8037400
2023-03-29,123.82976531982422,124.25742979125897,123.29517546104371,124.10191746044352,8183100
2023-03-30,124.50041198730469,124.53929933579556,123.71311373891055,124.50041198730469,6820400
2023-03-31,125.83202362060547,125.90005423062907,124.85031833639314,124.91836377759398,9202500
2023-04-03,127.24138641357422,127.38717688648191,125.57930086654007,125.92921283269581,8937300
2023-04-04,127.26081085205078,127.99952210569316,127.02754610347048,127.37745805751771,9052600
2023-04-05,129.45748901367188,129.68103934646942,127.82456158108776,127.97036688339868,12325800
2023-04-06,129.7782745361328,130.3517369707043,129.34088818486947,129.96295239873263,8276300
2023-04-10,129.69076538085938,129.7588108275998,128.74796219780742,129.42834250931946,8024300
2023-04-11,130.12815856933594,130.60441734279496,129.91432265143197,129.9920825153223,8887500
2023-04-12,130.1670379638672,131.11957039229569,129.9337583598695,130.63358234068426,8988600
2023-04-13,131.85829162597656,132.00408211993832,130.43919988297117,130.7210812795365,9373500
2023-04-14,130.79884338378906,131.83885019786945,130.31285528739008,131.5569836276771,6632100
2023-04-17,130.69190979003906,130.98349074808718,130.01151467145235,130.83770026906313,7187000
2023-04-18,129.7976837158203,130.95433766427263,129.62273513429568,130.95433766427263,7194200
2023-04-19,130.1962127685547,130.39060504790996,129.43807249724293,129.8365863101884,7048100
2023-04-20,129.66160583496094,129.8560129199447,129.04927097703262,129.57413154542522,6672000
2023-04-21,130.53640747070312,130.9737937972967,129.96294506847642,130.37117329537577,6535900
2023-04-24,131.265380859375,131.3042533793114,130.34200649130142,130.6724748198871,6299800
2023-04-25,129.86575317382812,131.4695081257053,129.68107530506552,131.07100911704947,7752000
2023-04-26,128.0189971923828,128.80629557438596,127.25112765674439,128.71880644102305,10128800
2023-04-27,128.6896209716797,128.8742987911317,126.95950481761957,128.0772861554481,10008900
2023-04-28,129.7879638671875,130.15731952097838,128.3299997573955,128.53412125848467,7917300
2023-05-01,130.45863342285156,130.98349399151274,129.71993692554148,129.97264537250007,6793900
2023-05-02,129.89491271972656,131.07101057370662,128.96180894183334,130.24482478253884,14365800
2023-05-03,129.71995544433594,131.11958877096987,129.53527758584926,130.49752457096133,8961500
2023-05-04,128.6896209716797,129.25336885115215,128.14531676561725,129.17560898868933,9625300
2023-05-05,129.84628295898438,130.29339848835946,129.1075864660801,129.53525832082718,7650300
2023-05-08,129.56442260742188,129.69076942059496,128.9617873145868,129.65189690065992,5305700
2023-05-09,128.69935607910156,129.68104657889884,128.66046873051235,129.06869690363135,6452700
2023-05-10,129.05897521972656,129.37972908723745,128.30083510785613,129.06868964073826,6556600
2023-05-11,128.6604766845703,128.864598199338,127.85373471001617,128.78683832853025,8764800
2023-05-12,128.48553466796875,129.12704251154815,127.9120722765173,128.85489036539562,6626300
2023-05-15,128.26199340820312,128.59246177612235,127.70795982270855,128.50498747246974,5725600
2023-05-16,127.19282531738281,128.03843999300014,127.16366721347752,127.98983820943064,7106000
2023-05-17,127.34832000732422,127.51355417396711,125.92922829501018,127.4066362036477,15512700
2023-05-18,127.03727722167969,127.24139873469338,126.05558666962787,127.07616457233884,12196900
2023-05-19,127.63018035888672,128.48552407983945,127.27055394493088,127.32887013841794,9276200
2023-05-22,127.75655364990234,128.65076997100346,127.45524340195499,127.81486984870767,12856100
2023-05-23,126.35690307617188,127.42608280390358,126.07503651041323,127.24140495718815,8723100
2023-05-24,125.49183654785156,126.143058763847,125.20024074770383,126.11390066695007,7952900
2023-05-25,124.20882415771484,125.0544460169585,123.3534878768949,124.88921186309368,13737000
2023-05-26,123.95612335205078,125.25856789796754,123.72285114088164,124.09219942653193,8794900
2023-05-30,123.1882553100586,124.28659310674331,122.87722323834025,123.33405321583678,12114500
2023-05-31,124.24771118164062,124.46154711794654,122.51759484693193,122.8480631735215,15099100
2023-06-01,125.06417083740234,125.30716487761596,123.40209249221196,124.36434681509279,9751900
2023-06-02,126.66793060302734,126.8914809500008,125.17107912564119,125.46267491757675,10293000
2023-06-05,127.12474822998047,127.69822540354821,126.79427991380813,126.94979965006982,7880200
2023-06-06,126.06529998779297,127.67878390890796,125.51128131077071,127.63991138976795,9413500
2023-06-07,125.56959533691406,126.1333432573713,125.38491750403587,125.95837984631571,7519600
2023-06-08,126.37635040283203,126.5512990008709,125.17109456868245,125.58905204929734,6583100
2023-06-09,126.76514434814453,127.2025307068397,125.71540818856752,126.4055178714011,10446100
2023-06-12,127.22196197509766,127.25112007408767,126.20138401690848,126.69710136209784,7321100
2023-06-13,127.86345672607422,128.05784897650125,126.81372077635471,126.94008241316239,8362700
2023-06-14,126.55127716064453,127.31914653599812,126.0652891417241,127.21222857858852,12401600
2023-06-15,128.5146942138672,128.6896428107149,126.54158371645924,126.56102739316891,10598600
2023-06-16,128.5049591064453,129.51580766494143,128.36888305374052,128.84514182261864,10535000
2023-06-20,128.36053466796875,128.92660327140604,127.2576755878037,127.27719930302052,8585100
2023-06-21,128.38003540039062,128.81923705781819,127.45286003114532,128.0482067237732,9444800
2023-06-22,129.25845336914062,129.44389146382352,128.40935776952287,128.5752721457566,8036400
2023-06-23,128.82899475097656,129.3560159041945,128.47764235142103,129.0827434703436,8096500
2023-06-26,128.09703063964844,128.71190115223328,126.85753520191957,128.50693935062736,7092800
2023-06-27,127.8042221069336,128.23365449379577,126.91607920612606,128.09701826999702,8578200
2023-06-28,127.39431762695312,127.80422631183579,126.98440894207046,127.77494818378932,10897800
2023-06-29,128.22390747070312,128.3019874448346,126.88680839052107,127.10152459632454,7843300
2023-06-30,129.54144287109375,129.8439934046535,128.66306939351838,128.74114935253854,8260900
2023-07-03,128.4776611328125,129.17061162209535,127.93111618521455,129.17061162209535,5240300
2023-07-05,128.40933227539062,128.68260471048927,127.9115743532796,128.20437050295124,7942100
2023-07-06,127.38455963134766,127.86277897080787,127.06248533966523,127.55047398302075,8213100
2023-07-07,125.90105438232422,127.13078024997213,125.83272883245114,126.68183909337371,8749700
2023-07-10,126.89656829833984,127.05271334280803,125.90106731717003,125.91082172862704,7476500
2023-07-11,126.92582702636719,127.33573562838181,126.36951292148588,126.7208652792454,7279200
2023-07-12,126.58424377441406,127.36502853699503,126.37929689572785,127.24791603488863,11900400
2023-07-13,126.633056640625,127.22840339855537,126.50617482414135,126.90632909748825,7526200
2023-07-14,128.53619384765625,128.94610248326867,127.45285856345548,127.58949477532629,13298600
2023-07-17,127.95062255859375,128.4678893061848,127.47238834815468,128.19461686942842,7905000
2023-07-18,128.89730834960938,129.38529692082668,127.76517129025018,127.99939627340771,8130300
2023-07-19,129.49266052246094,130.30272346544302,129.2681899141409,129.53170795396198,12484000
2023-07-20,131.63983154296875,132.176607179061,130.26369988641733,130.36130357965195,12650200
2023-07-21,132.96714782714844,133.37705649101798,131.54221446892754,131.7666850698542,11308500
2023-07-24,132.67433166503906,133.56247441562596,132.5572191765147,132.9671277785789,12034000
2023-07-25,132.61578369140625,133.15255922543835,131.6105283896019,131.78619713334407,7802900
2023-07-26,132.52793884277344,132.95737119809053,131.6398108994371,131.98139398772634,8205300
2023-07-27,131.55194091796875,133.2013445265226,131.52266279764646,132.723125299773,8800800
2023-07-28,131.94235229492188,132.16682286790257,131.19084572527245,131.9521067051456,6897600
2023-07-31,130.9273223876953,131.75690888199193,130.43933383628053,131.7081070484047,9735900
2023-08-01,130.24415588378906,131.10302059534075,129.92208161695717,130.6247864005485,10555300
2023-08-02,130.33200073242188,131.16158738567705,129.98064831239083,130.27344447778864,13873000
2023-08-03,129.67811584472656,130.06851575051982,129.42436707513622,129.9026013751453,11863400
2023-08-04,129.2193603515625,130.517411664236,128.89730101803937,129.71711819691888,12631200
2023-08-07,130.71263122558594,130.83951303872644,129.5414614567118,129.60978701524334,8165600
2023-08-08,131.7178955078125,131.88380985235705,130.8199833374536,131.5422118597924,12601200
2023-08-09,131.6788330078125,132.39129214513525,131.51291868225675,131.60075305009877,9833600
2023-08-10,131.5910186767578,133.2501770771773,131.45438245301108,132.00092734799804,9541700
2023-08-11,132.4108123779297,132.56697228925336,131.23964282745973,131.55194775787828,7674400
2023-08-14,132.81097412109375,133.23063715289135,132.3132311291927,132.43034362323303,8723300
2023-08-15,132.322998046875,132.86954292702916,132.1765925232566,132.4791579818422,9118500
2023-08-16,131.31773376464844,132.53770525095652,131.28845564035544,132.10827290501928,9462400
2023-08-17,130.27342224121094,131.3079556090963,130.21486599657274,130.84926006202085,11163800
2023-08-18,130.32225036621094,130.6638483851509,129.9025872668244,130.01969977972632,9463000
2023-08-21,130.45887756347656,130.61503749802264,129.86353084372186,130.273439502732,6872400
2023-08-22,130.00018310546875,130.57600618140427,129.93187243331968,130.26370116600458,6939400
2023-08-23,130.39053344726562,131.0737143703416,130.00990301210706,130.78091829124412,7276800
2023-08-24,129.25845336914062,131.1616063815082,129.25845336914062,130.13682710031526,10241700
2023-08-25,130.20513916015625,130.66384969660214,129.23891624232152,129.67810306234378,8509100
2023-08-28,130.50765991210938,131.08348283098397,130.02942576857708,130.6638198233316,6768400
2023-08-29,131.6788330078125,131.6788330078125,130.5076634265648,130.6833321622488,10737000
2023-08-30,131.5812530517578,132.40107032437325,131.46412566121973,132.0009160988478,7892700
2023-08-31,130.0099334716797,131.66909178564754,129.98064045390248,131.60076623121856,7540200
2023-09-01,130.3612823486328,131.01518528855658,130.01968437017803,131.01518528855658,10183600
2023-09-05,129.01443481445312,130.52720252751715,129.01443481445312,130.4295988458107,11042600
2023-09-06,128.31173706054688,128.98516378155395,127.68711218307674,128.85828196680427,12840000
2023-09-07,128.8875274658203,129.4438415352899,128.60450067252688,128.7020894426638,11055700
2023-09-08,128.8875274658203,129.27792722305196,128.5849769616083,128.6142550818722,8716900
2023-09-11,129.77569580078125,130.02944452394635,128.80947296448366,128.82899667925972,7179000
2023-09-12,129.60977172851562,129.95135480419071,128.68259639135493,129.38530114824573,6941700
2023-09-13,129.62928771972656,130.14655439992535,129.25841165006366,129.29744418213028,6430300
2023-09-14,130.03921508789062,130.43935444517732,129.64881524973993,130.3612893697783,6433300
2023-09-15,129.01443481445312,130.34176446761347,128.9266004362559,129.72689403577104,9611900
2023-09-18,128.81842041015625,129.34761819927613,128.3284302108378,129.22021596239279,6559400
2023-09-19,128.9262237548828,129.2006170806705,128.06383618622735,128.602828416637,6252400
2023-09-20,128.93603515625,129.8572042196954,128.91643136029563,129.49461623777205,6350700
2023-09-21,127.80905151367188,128.90662485853764,127.75025507781339,128.691042911495,7979500
2023-09-22,127.54444122314453,128.29903030709468,127.39745014660866,127.64244524304443,7790300
2023-09-25,128.24024963378906,128.27944227457635,127.06427601706427,127.41706959741329,6826300
2023-09-26,127.15247344970703,128.06384816273746,127.0544694156255,127.6522581355641,8200700
2023-09-27,126.51548767089844,127.51505700771307,125.58449423957751,127.38766971183412,9888600
2023-09-28,127.12306213378906,127.48565010656745,126.73107594447808,126.73107594447808,9129000
2023-09-29,126.16268920898438,127.51505206915635,125.96668115525607,127.39745919957141,12692300
2023-10-02,125.98628997802734,126.02549757166337,124.51631923630491,125.76089865122495,16035100
2023-10-03,124.86909484863281,125.63347832809811,124.33990456054374,125.36888692238195,11971100
2023-10-04,125.3982925415039,125.57468931461652,124.3889139140596,124.97690066554921,10064300
2023-10-05,126.08428955078125,126.30968086961437,124.9671049480478,125.6824939734545,9609700
2023-10-06,127.40725708007812,127.80905266648895,125.66289301840456,125.73149882973514,10692100
2023-10-09,127.84825897216797,127.96585184376141,126.5448831498512,127.05446222896632,8047600
2023-10-10,128.4558563232422,129.03404127710724,127.368077280442,127.8090655511303,8154900
2023-10-11,127.88744354248047,128.81842194159043,127.31905311011616,128.61263442928617,9591800
2023-10-12,126.78987121582031,128.23044362597645,126.69186719273323,127.98544852157323,10927700
2023-10-13,127.58366394042969,128.3186493168866,126.86828236094004,127.26026858039076,11383800
2023-10-16,128.54403686523438,129.27902222007714,127.98545577127786,128.09325422145406,10545000
2023-10-17,128.3676300048828,129.07321704531626,127.82863782770264,127.92662688962695,9149900
2023-10-18,127.2504653930664,128.9066197664818,127.02505912675912,128.54403179080055,10085700
2023-10-19,125.99608612060547,127.22106161005689,125.21209134003671,127.08385000005681,15492500
2023-10-20,125.49629211425781,126.39787232006499,125.47668831862957,125.74128722300915,12296300
2023-10-23,124.71231842041016,125.82948809678055,124.59471807079645,125.40810366647801,12344200
2023-10-24,125.0945053100586,125.48649898342292,124.31051796332996,124.31051796332996,9375900
2023-10-25,123.97732543945312,124.90830385088245,123.0561414490631,124.52611208394559,11427000
2023-10-26,122.75235748291016,123.87933653450757,122.65436092987076,122.9581524872902,14699100
2023-10-27,120.67478942871094,122.56615195574383,120.13579720209897,122.40935897496593,13566100
2023-10-30,121.3509750366211,121.72336489797652,120.4297910657359,121.30197302583298,15224500
2023-10-31,122.04676818847656,122.20356117524608,121.07658962015842,121.78216927560767,13917400
2023-11-01,122.30155944824219,122.899348102778,121.68416699837165,121.89976388711011,13802600
2023-11-02,124.24191284179688,124.34971128299765,122.44854693090089,122.77194225450319,11894000
2023-11-03,124.85929870605469,125.63347659518357,124.65349625520037,125.09449189418679,11635600
2023-11-06,125.6922836303711,125.88829167755972,124.87890556180217,125.38849209186911,8425100
2023-11-07,125.78050231933594,126.08429387978387,125.31010839273665,125.64330564838153,8241900
2023-11-08,125.60408782958984,126.30967492371933,124.83970430316863,126.30967492371933,10021100
2023-11-09,123.00714111328125,125.63348898245644,122.88954824594904,125.48649789829118,13905500
2023-11-10,123.74212646484375,123.91852324253382,122.10556092978769,123.47753503663735,10401300
2023-11-13,124.45751953125,124.7025146484375,123.15414371341467,123.86953274533153,11373800
2023-11-14,125.30029296875,126.13328227961593,124.85930478495028,125.17289820994624,11216900
2023-11-15,125.3982925415039,125.89808464476582,125.08469910893231,125.38849064392622,9262700
2023-11-16,125.9372787475586,126.20187764863579,125.2904955563892,125.77068387008467,7665900
2023-11-17,125.68248748779297,126.40767837383967,125.30029572631354,126.20187590843643,6766100
2023-11-20,126.44686126708984,126.7212545642739,125.10429299491689,125.19248763615894,6910000
2023-11-21,127.21125793457031,127.46606241791143,126.72126771684017,126.87806817530937,8373000
2023-11-22,127.81884765625,128.12265416780167,127.46606903634908,127.6326639246297,6737700
2023-11-24,128.50485229492188,128.53425051469637,128.06384909167224,128.07365846714123,3708800
2023-11-27,127.70124816894531,128.66162480889346,127.46606243452563,128.2304459780191,10530200
2023-11-28,127.044677734375,127.76005934799197,126.95648307378862,127.47587156833038,6261300
2023-11-29,127.08385467529297,127.76985293727392,126.84866894278714,126.9074653759136,6979000
2023-11-30,128.6812286376953,128.75962886696033,126.7408715616591,127.18185976712442,7743100
2023-12-01,129.19081115722656,129.32800780790535,128.40682388764205,128.50482790383265,9370900
2023-12-04,129.43582153320312,129.68081664930475,128.8086346341156,128.84782727323318,6943900
2023-12-05,129.26922607421875,129.47501359697313,128.46563491938508,129.17122204688752,6581000
2023-12-06,129.36721801757812,129.79841182209512,129.11242847550693,129.55341670164825,6210400
2023-12-07,129.2104034423828,129.70039357306564,128.6224093042386,129.38679271183884,6396700
2023-12-08,129.42601013183594,129.7298016434159,128.6518172926678,129.29860790311665,6007600
2023-12-11,130.27859497070312,130.52359006732223,129.48481325018747,130.12179452007155,9016800
2023-12-12,130.837158203125,131.0233568437367,129.8473835307246,130.46477587521355,6779000
2023-12-13,133.2479248046875,133.28711743788213,130.1021814098806,130.2785856425388,9074300
2023-12-14,132.60113525390625,133.7771086520968,132.10135067183634,133.6987084317757,10098700
2023-12-15,131.4741668701172,132.23855034409235,130.98417669688627,131.98374588389171,8296600
2023-12-18,131.6887664794922,132.10219928930482,131.3442316278489,131.9643883527006,5944300
2023-12-19,132.57467651367188,132.64358948416952,131.6493832003401,131.85609207130534,6358200
2023-12-20,130.65516662597656,132.57468131288817,130.64532835280525,132.49594508698897,7299000
2023-12-21,132.24986267089844,132.34829047054623,131.13752189099364,131.44267360435308,5606800
2023-12-22,132.90939331054688,133.32282613575563,132.37782609223123,132.57469672038786,5355100
2023-12-26,133.20469665527344,133.5590547469068,132.6337613627558,132.80110213500433,3688600
2023-12-27,133.76577758789062,133.85436711009294,133.02750152900825,133.05703136974236,5444100
2023-12-28,134.1103057861328,134.56310666848913,133.85436048541789,133.8740520516877,5800200
2023-12-29,134.2481231689453,134.48436189449313,133.69687944898064,134.11031223895415,5590000
