Date,Close,High,Low,Open,Volume
2014-01-02,30.678443908691406,30.87782306035044,30.62643396894229,30.87782306035044,8552500
2014-01-03,30.53107452392578,30.756458619771855,30.513736777039608,30.756458619771855,5204800
2014-01-06,30.479063034057617,30.591756741872597,30.366369326242637,30.496400781939712,4524700
2014-01-07,30.75645637512207,30.799799085755748,30.557077260737678,30.617757716992195,7161800
2014-01-08,30.75645637512207,30.860479542010264,30.652433208233877,30.773794120742913,4696400
2014-01-09,30.557079315185547,30.886489890455117,30.47906110806478,30.886489890455117,6341900
2014-01-10,30.617759704589844,30.70444513148451,30.46172329070979,30.643764671290832,12960100
2014-01-13,30.288349151611328,30.739120646825533,30.19299650469425,30.591754759632444,6445300
2014-01-14,30.799795150756836,30.817132894162597,30.375032011243192,30.409707498054715,6419400
2014-01-15,31.172561645507812,31.25057987064905,30.92983974810744,30.973182471666387,9674000
2014-01-16,31.163890838623047,31.215900778175733,31.094539843436188,31.189895808399392,6931300
2014-01-17,30.990509033203125,31.1725503905266,30.921158055078003,31.11186993808544,6338700
2014-01-21,31.14655113220215,31.233236563899908,30.886491530271613,31.233236563899908,6294200
2014-01-22,31.111862182617188,31.16387540324533,31.033844005092877,31.111862182617188,4215900
2014-01-23,31.051198959350586,31.051198959350586,30.843152575173658,30.973180738574825,6418000
2014-01-24,30.453046798706055,30.97316581538738,30.444376274554266,30.92115259098482,15496700
2014-01-27,30.166994094848633,30.513742483747123,30.01962817901129,30.496404733618427,8014000
2014-01-28,29.98493194580078,30.03694516022255,29.8115578712303,29.898246561933252,13145500
2014-01-29,29.750892639160156,29.924266802297435,29.638198937095357,29.733554892162715,11219400
2014-01-30,30.1149845123291,30.21900770751063,29.950277537550786,30.106313983741952,8329900
2014-01-31,30.184322357177734,30.331691533530428,29.863582347708945,29.87224956663008,10943500
2014-02-03,29.551509857177734,30.227665372337754,29.43881616903883,30.114974991035556,15975800
2014-02-04,29.66420555114746,29.742223754851867,29.516836363333837,29.60352509347036,5725700
2014-02-05,29.690216064453125,29.776901503950086,29.40414816180557,29.603530624956164,9203100
2014-02-06,30.01961326599121,30.028280483331038,29.71620774972015,29.71620774972015,9139700
2014-02-07,30.42704963684082,30.43572016415675,30.080304601460835,30.210332749664353,10464800
2014-02-10,30.48772621154785,30.539739448296572,30.34902755372145,30.427045755426104,6758700
2014-02-11,30.860471725463867,30.947160431610975,30.583074479465143,30.617749961923987,7041400
2014-02-12,30.981836318969727,31.03384623650169,30.912485353145694,30.938490311911675,8047800
2014-02-13,31.20722770690918,31.23323267181048,30.76512676940284,30.808469479850626,6914300
2014-02-14,31.26790428161621,31.32858473007821,31.103200679624567,31.181218871480908,12376300
2014-02-18,31.285236358642578,31.363254536368302,31.198550964207698,31.30257409889672,5946500
2014-02-19,31.18122673034668,31.363268121614087,31.111875739290184,31.224569446338357,8611700
2014-02-20,31.285236358642578,31.354584012823317,31.042514608756246,31.181213223953552,6697000
2014-02-21,31.163890838623047,31.432617677878486,31.155220310805962,31.3806077383258,6372600
2014-02-24,31.285236358642578,31.44127271409403,31.129200003191126,31.129200003191126,7845200
2014-02-25,31.19855308532715,31.345918927252686,31.12053490229714,31.337251709954263,5611600
2014-02-26,31.224573135375977,31.34593407722581,31.103212193526144,31.215902607050904,5820700
2014-02-27,31.475955963134766,31.493293707668013,31.189888138591204,31.215893101972746,5449400
2014-02-28,31.510637283325195,31.59732603113081,31.155221684416176,31.458627341479428,9701000
2014-03-03,31.172561645507812,31.25057987064905,30.92116921929295,31.12055169997221,9027300
2014-03-04,31.579975128173828,31.66666053303645,31.467281456383443,31.510624158814753,11604900
2014-03-05,31.62333106994629,31.684011540121695,31.562650599770883,31.649336040925004,8930800
2014-03-06,31.666667938232422,31.727348397193524,31.59732025949274,31.666667938232425,8665400
2014-03-07,31.571308135986328,31.770690541783743,31.441280014144024,31.753352797504117,7197400
2014-03-10,31.51930046081543,31.623323627085018,31.39793954902811,31.553975951850905,7557700
2014-03-11,31.449939727783203,31.683994259449477,31.363254333907907,31.571300601942944,9456600
2014-03-12,31.501968383789062,31.536643881064077,31.21590049152636,31.319926983351394,6356100
2014-03-13,31.07719612121582,31.597318564630896,30.964505735953853,31.58864803848039,9397400
2014-03-14,30.886493682861328,31.120548332962088,30.86048540606959,31.016521839470094,8939800
2014-03-17,31.250564575195312,31.337253286721626,31.03384775663385,31.094528201284163,16444900
2014-03-18,31.658002853393555,31.692678348520328,31.267911800310394,31.267911800310394,6864000
2014-03-19,31.52796173095703,31.7446785487799,31.328582655380334,31.597312699941728,7789400
2014-03-20,31.77068519592285,31.857370595898363,31.441274723711036,31.493287947797967,5895500
2014-03-21,31.611373901367188,31.98573082536919,31.550432385465797,31.916081480874148,9109700
2014-03-24,31.58524513244629,31.82901445070968,31.3240668038651,31.707128131046666,10354100
2014-03-25,31.776784896850586,31.846434238680146,31.52431101431354,31.646194041451864,7626300
2014-03-26,31.39373207092285,31.985738354223944,31.39373207092285,31.92479350291372,7513400
2014-03-27,31.28055763244629,31.428557562196865,31.11514536018422,31.376323855727136,12927400
2014-03-28,31.402423858642578,31.60266070848196,31.271833020412867,31.376307019421827,6355800
2014-03-31,31.64620018005371,31.768086551898467,31.559141806942936,31.60267099349832,7283500
2014-04-01,32.02055740356445,32.02055740356445,31.698437435351117,31.707141944302148,7024200
2014-04-02,32.037967681884766,32.133733879506906,31.916084638025264,32.10761703326955,10504700
2014-04-03,31.881256103515625,32.151142325869586,31.785489917484753,32.081492982914966,7762600
2014-04-04,31.27183723449707,32.09890490559108,31.18477887798756,32.04667122011074,10095800
2014-04-07,31.028074264526367,31.31537284748786,30.906191224868916,31.14125279609275,11181300
2014-04-08,31.306671142578125,31.350200333676195,30.993255652969,31.089021866023387,7329700
2014-04-09,31.724538803100586,31.73324662886666,31.315360660781426,31.4111268178335,6656900
2014-04-10,30.99323844909668,31.776776738189387,30.94100477719887,31.72453974522902,8086800
2014-04-11,30.645004272460938,31.028065621981426,30.61888411333573,30.78429961056501,14254400
2014-04-14,30.949718475341797,31.062896999842742,30.732069254951117,30.845247779452063,4992300
2014-04-15,31.106433868408203,31.184787739958423,30.584076938782967,31.001963146696028,8589300
2014-04-16,31.411136627197266,31.419841134619208,31.06289655117667,31.28054576842367,13999700
2014-04-17,31.367603302001953,31.489486329084873,31.097720405193606,31.26313261036851,7881700
2014-04-21,31.489482879638672,31.52430754672283,31.306658359041403,31.3937200267518,3526000
2014-04-22,31.620079040527344,31.689728386413673,31.445958996875127,31.506900513993866,5478500
2014-04-23,31.28055763244629,31.56785298122407,31.271849800658163,31.56785298122407,11424100
2014-04-24,31.524307250976562,31.80289794291014,31.315365892557885,31.794193436752284,5010700
2014-04-25,31.12383460998535,31.41113313895706,31.054185274090468,31.332779296606876,6402000
2014-04-28,31.419830322265625,31.524300980695426,31.010648871910576,31.228298014259032,12069100
2014-04-29,31.637502670288086,31.707148719971592,31.43726571098393,31.49820724985629,5476100
2014-04-30,31.733251571655273,31.811605410442095,31.506894561354244,31.593956227263476,9165600
2014-05-01,31.768077850341797,31.92478221480567,31.689724007578288,31.724545354646292,4977700
2014-05-02,31.6810245513916,31.855144616993588,31.65490770392371,31.846440108192297,6720100
2014-05-05,31.846445083618164,31.846445083618168,31.489497066782267,31.602675625265245,4082200
2014-05-06,31.489482879638672,31.785485907727935,31.480778373399154,31.785485907727935,4699900
2014-05-07,31.50690460205078,31.585258465807602,31.14995996072838,31.541729279512484,6826900
2014-05-08,31.593952178955078,31.872542832041308,31.385007528609133,31.42853669545463,3787400
2014-05-09,31.628786087036133,31.646195102013543,31.402429039567547,31.567841250361113,7438500
2014-05-12,32.05538558959961,32.07279793047133,31.75938243690921,31.776794777780932,5593400
2014-05-13,32.072792053222656,32.15985042056362,31.985733685881684,32.09890889921218,5744100
2014-05-14,31.924789428710938,32.08149714964851,31.85514339777418,32.02055562717989,5111600
2014-05-15,31.733251571655273,32.00313443331646,31.602660733322914,31.977017594075175,7288300
2014-05-16,31.93349266052246,31.95090499601563,31.62878509205052,31.724547955667834,5803700
2014-05-19,32.14244079589844,32.18597330430716,31.82032082427138,31.82032082427138,3298500
2014-05-20,31.959606170654297,32.2033755210763,31.855135489652337,32.17725536002851,4237100
2014-05-21,32.17726516723633,32.18597299726065,31.98573608053436,31.98573608053436,4161400
2014-05-22,32.23821258544922,32.34268663845168,32.13374185351145,32.1772710483968,3175000
2014-05-23,32.50809097290039,32.52550331081748,32.26432488418887,32.31655857687627,3312100
2014-05-27,32.78667449951172,32.79537900601673,32.577729811696805,32.586437639264965,5674500
2014-05-28,32.699615478515625,32.830202999787254,32.67349531741084,32.804086159745545,6776900
2014-05-29,32.89113998413086,32.89984781032266,32.73443232330459,32.812786153717724,4664000
2014-05-30,32.92597579956055,32.969504982076046,32.786680422872706,32.899858954264,6219200
2014-06-02,32.87373352050781,33.00432436819333,32.73443816613943,32.97820752708151,5461500
2014-06-03,32.82151794433594,32.89987183195867,32.71704720119397,32.82151794433594,5669300
2014-06-04,32.88245391845703,32.925983110638,32.68221697757296,32.76927536193491,3499200
2014-06-05,33.100101470947266,33.13492615129825,32.795390499472624,32.995630750958625,5667600
2014-06-06,33.24808883666992,33.27420899761044,33.16103048970302,33.27420899761044,4798900
2014-06-09,33.35257339477539,33.40480709106287,33.230687020955024,33.29163186839726,6392000
2014-06-10,33.3699836730957,33.41351285766845,33.30033432092819,33.352571335053824,3594700
2014-06-11,33.291629791259766,33.378688160349874,33.20456810110576,33.23068494762001,4254700
2014-06-12,33.00432205200195,33.413503579708525,32.899851373823054,33.30902958046665,4818000
2014-06-13,33.19586944580078,33.256810979122,33.056574038057356,33.204573955819036,7331700
2014-06-16,33.19586944580078,33.29163566132398,33.0826908891766,33.13492791247956,7064400
2014-06-17,33.27421569824219,33.33515721760379,33.13492032240655,33.169741675567664,7037600
2014-06-18,33.44832229614258,33.465734627981014,33.10008562256207,33.3438516261747,13035300
2014-06-19,33.38737487792969,33.5005533542893,33.25678739387979,33.5005533542893,5918700
2014-06-20,33.31391906738281,33.42761938359481,33.24394861544473,33.41012677061029,5427200
2014-06-23,33.410133361816406,33.410133361816406,33.2527031502724,33.278940406737924,3767100
2014-06-24,33.2352180480957,33.56757116276199,33.15650292452674,33.39264829523362,8471300
2014-06-25,33.36640167236328,33.41887618243747,33.130256367903634,33.165238262494675,5111900
2014-06-26,33.3314208984375,33.41013601044975,33.13900543876852,33.3926433926275,11352300
2014-06-27,33.532569885253906,33.532569885253906,33.28767998965685,33.30517260168158,10883300
2014-06-30,33.54132080078125,33.65502113203523,33.48009831542339,33.50633890655906,4490400
2014-07-01,33.88243103027344,33.987383414298556,33.637537685713326,33.6637782840017,7488900
2014-07-02,33.91740417480469,33.96113738186577,33.86492966453182,33.94364476631639,4970000
2014-07-03,34.06608963012695,34.08358224562053,33.92615204255356,34.039849038698954,2193000
2014-07-07,34.101078033447266,34.12731529094079,33.97862971360115,34.06609279920552,10482200
2014-07-08,33.79497528076172,34.08359857008006,33.61130773467378,34.08359857008006,6923900
2014-07-09,33.961151123046875,33.978640409297405,33.77748025365011,33.847450744158714,7118100
2014-07-10,33.86492919921875,34.01361142478262,33.42762382561882,33.42762382561882,4421900
2014-07-11,34.03985595703125,34.03985595703125,33.85618846158256,33.94365155682665,3261300
2014-07-14,34.28474426269531,34.328474135720505,34.1622992836746,34.19728118026948,4209100
2014-07-15,34.22351837158203,34.40718582185771,34.03110294574554,34.363455953179,7414500
2014-07-16,34.53838348388672,34.62584323319539,34.468413015339316,34.54712812426735,8064800
2014-07-17,34.09232711791992,34.54712511473206,33.98737476061721,34.503395243887205,5670700
2014-07-18,34.50339126586914,34.52962851807601,34.206023507483295,34.24975337328638,4770500
2014-07-21,34.459659576416016,34.55586394154158,34.319722011426876,34.48589682723438,6181600
2014-07-22,34.7482795715332,34.774516822522955,34.59959736742493,34.660819843984186,4789800
2014-07-23,34.80950927734375,34.90571699945297,34.67831965877472,34.82700189376138,5473400
2014-07-24,34.783260345458984,34.914449919992556,34.713289903274955,34.914449919992556,11659600
2014-07-25,34.73953628540039,34.78326615087688,34.573358125664925,34.678313806458334,4749500
2014-07-28,34.80076599121094,34.870733123228,34.529635430752855,34.765780757014625,7762200
2014-07-29,34.73079299926758,35.054401387506644,34.71330038344044,35.054401387506644,7312400
2014-07-30,34.765785217285156,34.88823021630575,34.59961033809664,34.88823021630575,7762300
2014-07-31,34.10981750488281,34.582108086449665,34.05733966147258,34.547122857509514,17416500
2014-08-01,33.92615509033203,34.16230041614676,33.75997689640191,34.02236281600199,15507400
2014-08-04,34.171043395996094,34.25850314069576,33.85618297687667,34.03110580265139,6333700
2014-08-05,33.847434997558594,34.074832313167875,33.707497418020175,33.96113532355077,12293400
2014-08-06,33.74248123168945,33.90865605780401,33.57630306919997,33.62003293540118,9140900
2014-08-07,33.602542877197266,33.943643866808024,33.4888458837022,33.88242138219524,6865000
2014-08-08,33.82119369506836,33.84743428443682,33.480096060653395,33.58505174537723,6022800
2014-08-11,33.98738479614258,34.083592542233895,33.90866967082935,33.9786368175654,6507700
2014-08-12,33.96989440917969,34.05735418244507,33.80371950542487,33.95240178725131,6704900
2014-08-13,34.30223846435547,34.30223846435547,34.048600518162615,34.048600518162615,5492700
2014-08-14,34.363468170166016,34.363468170166016,34.21478256014716,34.328482928234955,4614600
2014-08-15,34.363468170166016,34.529643064774106,34.118574813024885,34.44218329632275,8910900
2014-08-18,34.687068939208984,34.70456155796676,34.50340144681616,34.59960918179599,4248000
2014-08-19,34.90571975708008,34.91446439779202,34.73954489254763,34.783274768858725,5047800
2014-08-20,34.90571975708008,34.96694225119076,34.82700464516982,34.853241903681344,7005300
2014-08-21,35.0718879699707,35.12436581341663,34.90571313695453,34.90571313695453,3454500
2014-08-22,35.08064270019531,35.15060983522036,35.00192758805732,35.0981353180455,4407700
2014-08-25,35.115631103515625,35.255568722564554,35.04566062580316,35.24682074466249,3430700
2014-08-26,35.13310623168945,35.17683943082796,35.08937636892561,35.16809145645039,3352300
2014-08-27,35.12437438964844,35.168104268343264,35.0281666546943,35.14186700840155,4330700
2014-08-28,35.0718879699707,35.12436581341663,34.940698365918486,35.00192084841787,3528300
2014-08-29,35.22931671142578,35.23806468649362,35.03690463280734,35.1331090039291,7684000
2014-09-02,35.23807144165039,35.30803857373121,35.1331157389658,35.30803857373121,5688800
2014-09-03,35.045654296875,35.369259356915,35.001924424389934,35.369259356915,6891600
2014-09-04,35.028160095214844,35.281798015074045,34.92320773872579,35.11562317260177,5213200
2014-09-05,35.23807144165039,35.246816082019656,35.010670755542684,35.098133841113174,7025200
2014-09-08,35.29054260253906,35.3780056797969,35.14186037576361,35.22057547710804,6386100
2014-09-09,35.03691101074219,35.456723808296005,34.940703285732354,35.308038232451125,8562700
2014-09-10,35.2468147277832,35.29054460070049,34.94944692102,35.045654643263305,7229800
2014-09-11,35.32552719116211,35.34301980629563,35.05439999753051,35.17684496708997,10322200
2014-09-12,35.17683792114258,35.316775477805955,35.063137613736544,35.29928286617622,5555700
2014-09-15,34.96694564819336,35.23807624586335,34.90572314813498,35.23807624586335,6882200
2014-09-16,35.22931671142578,35.27304991401513,34.80075935159956,34.86198183157473,11910600
2014-09-17,35.299293518066406,35.430483140315346,35.08938545154236,35.22057841016683,7654500
2014-09-18,35.50918960571289,35.5266822183637,35.36925204088113,35.36925204088113,7395300
2014-09-19,35.43365478515625,35.63568067384042,35.30189716827139,35.63568067384042,15726300
2014-09-22,35.196495056152344,35.44243904732548,35.099873245124165,35.44243904732548,6380400
2014-09-23,35.11744689941406,35.27555473411304,35.05596089155737,35.14379708828518,5968500
2014-09-24,35.345829010009766,35.354611290043536,34.968127304566536,35.126235151065394,7144500
2014-09-25,34.57284927368164,35.22284506154303,34.57284927368164,35.20528050575051,9351500
2014-09-26,34.95055389404297,35.020822175465035,34.63433825080405,34.63433825080405,4881500
2014-09-29,34.941768646240234,34.994472370934226,34.55528471735862,34.66947444549432,4826400
2014-09-30,35.04718017578125,35.20528801753407,34.90664024430499,35.0032587247217,6759900
2014-10-01,34.50257873535156,34.97690217435748,34.40595692176862,34.93298408202041,13059200
2014-10-02,34.485015869140625,34.607991236690346,34.13366772834987,34.52015168844054,13376800
2014-10-03,34.76609420776367,34.87149830017742,34.57285057939207,34.69582257899739,6705100
2014-10-06,34.77488327026367,35.003259406836904,34.68704706790543,34.941773395038865,6947800
2014-10-07,34.230281829833984,34.704601880378064,34.230281829833984,34.67825169721878,9006700
2014-10-08,34.880279541015625,34.9417655389896,34.03704012531343,34.27420183924259,8670600
2014-10-09,34.3005485534668,34.90662954465422,34.26541274368356,34.845140202165936,15300100
2014-10-10,33.42219924926758,34.24787466375951,33.42219924926758,34.07219882977796,30182600
2014-10-13,33.05326461791992,33.7032604859401,33.00934652155142,33.378262551930014,28603900
2014-10-14,33.105960845947266,33.4836624587249,33.018124664213865,33.32555465101633,21542100
2014-10-15,32.87758255004883,33.00934016451604,32.13096500336216,32.63163857716105,29067200
2014-10-16,32.684349060058594,32.903942918324084,32.23637906352099,32.32421526653265,27123100
2014-10-17,33.070838928222656,33.307997364667145,32.851245053136815,33.00935291125755,12785900
2014-10-20,33.30800247192383,33.325570386712855,32.71949240480861,32.886382569198645,9221400
2014-10-21,33.957984924316406,33.975552830314825,33.54514751019222,33.54514751019222,11572800
2014-10-22,33.79988479614258,34.15123629442283,33.77353460652923,34.072182374846584,12079200
2014-10-23,34.17757797241211,34.362035955240316,33.96676645579746,34.03703807824747,32216000
2014-10-24,34.47622299194336,34.50257317295037,34.133657235911734,34.326900831923474,6903200
2014-10-27,34.51137161254883,34.59920781567086,34.3356958555684,34.37083167711177,5943500
2014-10-28,34.985687255859375,35.003251811930845,34.60798563634615,34.60798563634615,7745400
2014-10-29,34.95055389404297,35.064740270195806,34.73096006965326,34.9417682646553,13176100
2014-10-30,35.06474685668945,35.12623622174559,34.77488469643053,34.92420691671072,9188200
2014-10-31,35.60933303833008,35.618115316407525,35.42487504208304,35.4951433189095,9962900
2014-11-03,35.758663177490234,35.82014918992056,35.60055533103044,35.65325906342916,9529800
2014-11-04,35.749874114990234,35.84649593068861,35.53028029776147,35.70595602169163,6433200
2014-11-05,35.84649658203125,35.98703649358189,35.68838876269481,35.969468585796086,7278100
2014-11-06,35.828922271728516,35.85527245333063,35.60932848975038,35.828922271728516,8589600
2014-11-07,35.87285614013672,35.90799196488757,35.697180367119124,35.864073859317344,7475700
2014-11-10,35.9694709777832,36.00460679569136,35.79379523897844,35.8552812449497,4820900
2014-11-11,35.987037658691406,36.004605567045985,35.837712113045434,35.99581993750074,3054300
2014-11-12,36.10121536254883,36.127568894116465,35.85527140615155,35.872839310284945,4516600
2014-11-13,36.294464111328125,36.41743610698958,36.127574024464096,36.189060022294825,5396100
2014-11-14,36.54920196533203,36.54920196533203,36.303257918601545,36.303257918601545,4343300
2014-11-17,36.47892379760742,36.53162751993755,36.30325142464511,36.443791333456396,4132700
2014-11-18,36.601898193359375,36.680952106658175,36.443793717497734,36.45257599642607,4829900
2014-11-19,36.36473083496094,36.61067479312441,36.19783741986276,36.61067479312441,7167000
2014-11-20,36.54920196533203,36.54920196533203,36.171500264575165,36.24176855618259,4897400
2014-11-21,36.601898193359375,36.85662784184838,36.45257599642607,36.83905993325576,6462800
2014-11-24,36.795143127441406,36.80392875741378,36.56676700920081,36.67217111371677,3113200
2014-11-25,36.81270217895508,36.962027695930765,36.78635199685036,36.847837988918215,4744600
2014-11-26,37.14650344848633,37.16407136187497,36.821502076901766,36.821502076901766,10241000
2014-11-28,37.3221549987793,37.40120888233095,37.14647932969399,37.2167475868873,5432500
2014-12-01,36.900543212890625,37.27824484289907,36.742438748704856,37.23432675002881,11664700
2014-12-02,36.909332275390625,36.97081828127585,36.76000672485794,36.88298208736439,5630600
2014-12-03,37.04108428955078,37.10257364239261,36.830276096826076,36.98838391673751,4271700
2014-12-04,37.04108428955078,37.15527401520588,36.90054437748904,37.01473410314414,3766800
2014-12-05,36.99716567993164,37.13770559003569,36.90932949264252,37.06743731035154,7179500
2014-12-08,36.619468688964844,36.98838809400049,36.4613608511976,36.926902084950584,6689900
2014-12-09,36.610679626464844,36.66338334620144,36.01338420572567,36.13635620104216,8221700
2014-12-10,36.05729293823242,36.6194523999069,35.987024680890464,36.6194523999069,8270600
2014-12-11,36.21540832519531,36.628245732667686,36.118786519128555,36.118786519128555,9038200
2014-12-12,35.679588317871094,36.20661528039559,35.63567024201099,35.93431784888788,8983000
2014-12-15,35.46000671386719,36.066087760491286,35.301898906116165,35.91676223062174,10251100
2014-12-16,34.985687255859375,35.8464945849927,34.985687255859375,35.20528106484448,15651500
2014-12-17,35.64447021484375,35.75865658789419,35.029606853111005,35.0910928542107,15283000
2014-12-18,36.663387298583984,36.680951856320775,36.17149591355562,36.27690001365601,10659300
2014-12-19,36.70398712158203,36.89823590750216,36.659840588826874,36.81877080127707,11694400
2014-12-22,37.14548110961914,37.14548110961914,36.78347393829827,36.8452797942677,6107000
2014-12-23,37.24259948730469,37.36621117908801,37.224940193026214,37.30440533319635,6699400
2014-12-24,37.207279205322266,37.33089089147961,37.198451242667815,37.33089089147961,2655600
2014-12-26,37.3661994934082,37.43683664843146,37.260247129038255,37.27790641779407,2278500
2014-12-29,37.180789947509766,37.33088888171551,37.14547136246171,37.224936494737,4638300
2014-12-30,36.91590881347656,37.16313218264419,36.88059022697667,37.11015430289436,5503400
2014-12-31,36.50975799560547,37.08367333496069,36.47444277128337,37.0395267784333,5955300
2015-01-02,36.439125061035156,36.82761948331511,36.25370749823107,36.739326368122626,8495200
2015-01-05,35.882850646972656,36.30666344577571,35.776898289313074,36.30666344577571,7194700
2015-01-06,35.45022201538086,35.98881531582389,35.28246040951954,35.98881531582389,8745600
2015-01-07,35.75043487548828,35.838728004372385,35.49438008629063,35.72394424228948,6534600
2015-01-08,36.53623962402344,36.61570475346452,35.9888116798002,36.041789555482765,14211700
2015-01-09,36.421443939208984,36.730473025366805,36.156561384193076,36.64217996308298,9169900
2015-01-12,35.997642517089844,36.492092578862426,35.874030843688075,36.4037961206001,5628700
2015-01-13,35.97114944458008,36.7481379426009,35.715094809289944,36.29783786688804,11679200
2015-01-14,35.76807403564453,35.927004287649595,35.44138557015207,35.67978094815967,8830700
2015-01-15,35.308937072753906,36.00646037233124,35.282446458628,35.91816730701701,9327700
2015-01-16,35.653297424316406,35.68861264210453,35.17650661843647,35.1941659114134,18821500
2015-01-20,35.95349884033203,36.032963975024934,35.503195287683646,35.8652023750256,12015800
2015-01-21,36.01530456542969,36.165403503716306,35.61797889325078,35.79456845512649,13919100
2015-01-22,36.60687255859375,36.63336317989195,35.81222465112211,36.11242586989996,8812200
2015-01-23,36.59803771972656,36.765795904985964,36.47442607078123,36.59803771972656,6478800
2015-01-26,36.44794464111328,36.65102145387509,36.333164291399434,36.553900396770835,9733500
2015-01-27,35.39723205566406,35.84753210222429,35.238301834956985,35.84753210222429,10792000
2015-01-28,35.33543395996094,36.147741160615794,35.33543395996094,36.032960818022474,13047200
2015-01-29,35.67095947265625,35.741593281854264,35.0175790547031,35.35309891085018,16817600
2015-01-30,35.229488372802734,35.75042578434809,35.15885119312453,35.57383620331869,13006300
2015-02-02,35.591495513916016,35.63564206715128,34.77918478808943,35.353100084646236,15623600
2015-02-03,35.997642517089844,36.03296110039478,35.60031687532308,35.6974412953289,9883700
2015-02-04,36.06826400756836,36.33314992379996,35.9358244176169,35.9358244176169,5889400
2015-02-05,36.4037971496582,36.42145644180986,36.103595919411205,36.21837963431418,5091800
2015-02-06,36.289005279541016,36.6245250186901,36.183052918607295,36.456766833197975,4790300
2015-02-09,36.23603439331055,36.41262392457004,36.15656927265203,36.191887852536965,7165700
2015-02-10,36.77463912963867,36.81878568023403,36.350822813058706,36.483265833010684,11245700
2015-02-11,36.91590881347656,36.977714655768466,36.721659955892974,36.82761234722685,6250000
2015-02-12,37.419185638427734,37.44567289333912,37.145471654402584,37.19844953239104,6769200
2015-02-13,37.65757751464844,37.68406476708221,37.43684142925933,37.50747522513785,4315800
2015-02-17,37.67523193359375,37.73704113374757,37.578110889158275,37.69289122389981,5340300
2015-02-18,37.71055603027344,37.745874616051736,37.569285055325956,37.67523744449514,3749800
2015-02-19,37.84299850463867,37.87831708991465,37.613431068510444,37.68406823906242,3125400
2015-02-20,38.03725051879883,38.090225032952674,37.64875278478555,37.843001651792186,6933500
2015-02-23,38.0637321472168,38.090219400376924,37.869483308934626,38.08139143871203,4047000
2015-02-24,38.17852783203125,38.23150235496625,37.84300792472135,38.03725682392706,4655500
2015-02-25,37.940120697021484,38.116706876676716,37.86065556891044,38.07256033176291,5867400
2015-02-26,38.17852783203125,38.23150235496625,37.948960338757864,38.05491275279438,7559400
2015-02-27,38.04607391357422,38.24915071916774,38.01075532960173,38.1696855893124,6056000
2015-03-02,38.346275329589844,38.3727625836167,38.054902062632166,38.17851710714382,6844500
2015-03-03,38.090213775634766,38.3109498344812,37.922455583450855,38.3109498344812,8612100
2015-03-04,37.940120697021484,38.01075449525048,37.73704389588559,37.99309520365186,5882700
2015-03-05,37.89596176147461,38.0284047328488,37.7635221582651,38.0284047328488,7704300
2015-03-06,37.428016662597656,37.93129475608039,37.366210817304406,37.87832024192386,8076700
2015-03-09,37.60460662841797,37.76353690888004,37.445676347955896,37.49865423083192,6249300
2015-03-10,36.83644485473633,37.40152878412391,36.83644485473633,37.392697453133906,8797900
2015-03-11,36.59803771972656,36.92472613024849,36.57154710340626,36.92472613024849,11520200
2015-03-12,36.83644485473633,36.862932111374526,36.456778458147944,36.49209704577614,12334900
2015-03-13,36.633358001708984,36.87174998253757,36.43027786251207,36.78345690579847,15187700
2015-03-16,37.066001892089844,37.092489143693065,36.71282618744093,36.827606523165066,8639400
2015-03-17,37.07483673095703,37.18078911556478,36.91590646996262,36.977712308330936,9533700
2015-03-18,37.578121185302734,37.710560846637875,36.88059418383941,37.03069314031914,15855400
2015-03-19,37.47216033935547,37.65758122917784,37.445673084309,37.525138217614106,8992400
2015-03-20,37.71418380737305,37.900360203723125,37.63439344008717,37.69645223887053,19296100
2015-03-23,37.71418380737305,37.900360203723125,37.705316332146346,37.72304790064886,3753100
2015-03-24,37.59006881713867,37.84716812338091,37.59006881713867,37.74078208693753,7117400
2015-03-25,36.623714447021484,37.616658521064466,36.623714447021484,37.54573225337182,8174300
2015-03-26,36.65031433105469,36.83649073228227,36.295689715615595,36.419810698384964,9002400
2015-03-27,36.67692184448242,36.77444381433677,36.4818812867258,36.65919026978599,7909300
2015-03-30,37.12019729614258,37.14679634646188,36.88082613497916,36.95175242656168,6605400
2015-03-31,36.73896789550781,37.07586093374132,36.73896789550781,37.00493804155847,7963600
2015-04-01,36.68577194213867,36.809889524258274,36.42866930377636,36.77442639166683,10427800
2015-04-02,36.67692184448242,36.82763853842607,36.60599892764876,36.74784814326816,5469300
2015-04-06,37.03154373168945,37.10246664307854,36.38435652373688,36.41981967040733,7344700
2015-04-07,36.95175552368164,37.253185524268325,36.942888045514735,37.03154591742376,4684300
2015-04-08,37.06700134277344,37.18225147931323,36.88082154153357,36.951747824282336,7203500
2015-04-09,37.16452407836914,37.22658627371315,36.87196158408414,37.06700550157527,7290100
2015-04-10,37.306373596191406,37.341833356681015,37.08473402886218,37.19998416886837,4316300
2015-04-13,37.19999313354492,37.53688630401827,37.19112903677425,37.37730550652838,3887200
2015-04-14,37.08473587036133,37.26204482746813,36.90742353130295,37.21771758819143,5851300
2015-04-15,37.412757873535156,37.49254824928105,37.146791081699256,37.18225084051313,12583100
2015-04-16,37.27979278564453,37.39504636398412,37.17340668822886,37.262061205749745,9114300
2015-04-17,36.765567779541016,37.04926611865799,36.650314272415066,36.969475749409405,10159400
2015-04-20,37.39503479003906,37.43936203508,36.91629242691205,36.93402400131883,4845800
2015-04-21,37.377296447753906,37.62553168059703,37.33296921073926,37.61666758597466,5001400
2015-04-22,37.758514404296875,37.793977544463885,37.315235298062795,37.43935290669615,6095100
2015-04-23,37.90922927856445,38.059945939665724,37.58120367304005,37.66986152720295,5899800
2015-04-24,38.23725509643555,38.28158232886691,38.024479646033534,38.21065605141589,6228800
2015-04-27,38.3436393737793,38.50322010878116,38.26384900627837,38.37910251087991,9250700
2015-04-28,38.4677619934082,38.609611178377286,38.077677580231054,38.37910752103428,9149800
2015-04-29,38.28158187866211,38.51208551376502,38.04221076800657,38.28158187866211,8571100
2015-04-30,37.74964904785156,38.20179223303176,37.598932398157444,38.086538722318735,8652600
2015-05-01,38.210662841796875,38.22839441431069,37.873773109889314,37.980159163020566,10548400
2015-05-04,38.246116638183594,38.441160506208625,38.22838507000397,38.29931134272246,7698800
2015-05-05,37.65213394165039,38.210663263213064,37.625534891610485,38.1486044497061,8104900
2015-05-06,37.33295822143555,37.86489167293451,37.11131871965258,37.79396879097818,9873900
2015-05-07,37.60780334472656,37.740788449162345,37.31524084970022,37.395031235971345,5640300
2015-05-08,38.148597717285156,38.17519676263089,37.92695817046021,37.989016973015104,9819200
2015-05-11,37.95355987548828,38.166331961458106,37.918096733842866,38.122004725377,6046500
2015-05-12,37.74964904785156,37.91809388508515,37.421620085203045,37.74964904785156,7650500
2015-05-13,37.90922927856445,38.13086884104471,37.82943890079351,37.90922927856445,9306500
2015-05-14,38.520957946777344,38.53868951821354,38.1752007586502,38.21066051957114,6976200
2015-05-15,38.3968391418457,38.63621027590828,38.30818128740512,38.60074713413205,8468200
2015-05-18,38.58302688598633,38.65394980840081,38.290460953401734,38.34365568167684,3393300
2015-05-19,38.48548889160156,38.671665290153214,38.44116166079654,38.62733805934819,4565400
2015-05-20,38.5120849609375,38.71599293035756,38.370235791690895,38.5120849609375,11010900
2015-05-21,38.680538177490234,38.72486541449732,38.4145713734963,38.45889861050339,3713100
2015-05-22,38.653953552246094,38.751475539219825,38.55643494722502,38.55643494722502,3968500
2015-05-26,38.09540939331055,38.56528418739227,37.98015587293058,38.538688521901264,7924400
2015-05-27,38.81352615356445,38.84012520562329,38.21066616349398,38.237265215552824,12587100
2015-05-28,38.733734130859375,38.80466042409482,38.61848397727948,38.68940688856313,4664800
2015-05-29,38.450035095214844,38.75146507264959,38.35251313458129,38.73373349962969,7738400
2015-06-01,38.55641174316406,38.68939342377216,38.31704065972873,38.67166185663429,6936300
2015-06-02,38.47663497924805,38.6539439493846,38.2283963335436,38.41457616330989,5637800
2015-06-03,38.55641174316406,38.76918378491727,38.485485474612574,38.53868017602619,5657300
2015-06-04,38.2017936706543,38.56528240401176,38.11313920181636,38.34364284996572,8347300
2015-06-05,38.077693939208984,38.2372747636024,37.90924563459772,38.15748435140569,7727500
2015-06-08,37.65213394165039,38.07768154082029,37.58120765081289,38.06881406348976,8379500
2015-06-09,37.56348419189453,37.70533342225756,37.31524888424733,37.590083247679885,7706700
2015-06-10,38.148597717285156,38.22838808942018,37.652127296845975,37.652127296845975,8964800
2015-06-11,38.16633987426758,38.37911538630227,38.11314853272293,38.28159341753437,5644700
2015-06-12,37.829444885253906,38.04222038695374,37.79398511993049,37.98016157019792,6158800
2015-06-15,37.59893798828125,37.65213270466176,37.31523959815501,37.58120641615441,9179100
2015-06-16,37.84717559814453,37.891506222206374,37.51914994818802,37.58120876353245,9173300
2015-06-17,37.864906311035156,38.015622989126975,37.643266723569084,37.87377378842676,11023900
2015-06-18,38.2017936706543,38.26385247523109,37.83830493729683,37.84716903140014,8963200
2015-06-19,37.88386917114258,38.2133706010278,37.88386917114258,38.124317262302206,13434800
2015-06-22,38.195556640625,38.31132869078119,38.10650330799217,38.20446401218842,5438000
2015-06-23,38.22226333618164,38.284604731557636,38.133210023643564,38.27569736200416,3993300
2015-06-24,38.044166564941406,38.35585663672177,38.044166564941406,38.13321990054523,4846800
2015-06-25,37.95512008666992,38.27571761692809,37.94621610957071,38.24900228846255,4913800
2015-06-26,37.63451385498047,37.97292265836187,37.527649168658435,37.92839598882495,10174300
2015-06-29,36.833038330078125,37.45642214419683,36.82413095431113,37.23378531038075,13107400
2015-06-30,36.8686408996582,37.126896903966866,36.77068020274229,37.109085559330644,11382900
2015-07-01,37.118011474609375,37.27831025925497,36.95771268996378,37.19816086693218,8149500
2015-07-02,37.17142868041992,37.2961047014634,37.028941313917834,37.22485931962896,5160700
2015-07-06,37.020042419433594,37.18924514428414,36.81521699550896,36.91317771937891,7509000
2015-07-07,37.07347869873047,37.12690935338892,36.37884961366075,37.09129004933921,19659900
2015-07-08,36.467899322509766,36.85083479370982,36.45008797534149,36.77068543003615,16160000
2015-07-09,36.325408935546875,36.98441174038934,36.325408935546875,36.88645103765596,8993800
2015-07-10,36.90426254272461,37.02894196312079,36.699437162109724,36.78849389096414,6748300
2015-07-13,37.4653205871582,37.49203591617493,37.12691169855174,37.13581907300264,7071500
2015-07-14,37.60780715942383,37.705767893176215,37.4564157688377,37.474227120171584,6126400
2015-07-15,37.61671447753906,37.73248316528466,37.50984636969526,37.58999575199417,6538500
2015-07-16,38.097599029541016,38.11541037694705,37.839342985071454,37.91058497752842,5206600
2015-07-17,38.68536376953125,38.68536376953125,38.37367365170905,38.42710769926464,7775000
2015-07-20,38.890193939208984,39.01487339873291,38.685368494314396,38.818951930934645,9309500
2015-07-21,38.63193130493164,38.836756715191264,38.59630860823414,38.6942693255686,5975200
2015-07-22,38.008548736572266,38.195562803576536,37.84824999423505,37.874965318902106,8591300
2015-07-23,37.92839813232422,38.26680695483058,37.83934478821759,38.11541219324853,6322600
2015-07-24,37.72357940673828,38.16885300049644,37.696864078206524,38.11541894626501,9746100
2015-07-27,37.38516616821289,37.66123698715605,37.33173212020751,37.42078886688314,8653600
2015-07-28,37.72357940673828,37.79482141521227,37.2872097901014,37.54546928980143,7887500
2015-07-29,37.97292709350586,38.053076466900414,37.58999157586162,37.72357499724171,8376300
2015-07-30,38.044166564941406,38.10650457929748,37.63451238852965,37.81262245690428,6808200
2015-07-31,37.91949462890625,38.15103536476673,37.84824923500003,38.08869734368247,10912000
2015-08-03,37.71467208862305,37.96402761157321,37.48313131427782,37.901689580127645,9198300
2015-08-04,37.49203109741211,37.71466786971781,37.35845107232922,37.679048567996226,7382700
2015-08-05,37.857154846191406,38.124321687714726,37.65232942561304,37.73247879863653,10392800
2015-08-06,37.48312759399414,38.008550519148685,37.34954417005901,37.85715574554437,6509900
2015-08-07,37.50984573364258,37.5632797866584,37.25158963698571,37.39407704786006,7912500
2015-08-10,38.097599029541016,38.14212909663967,37.67904425558434,37.67904425558434,5572000
2015-08-11,37.52766418457031,38.04418326994085,37.42079945548859,37.99074920681575,27344500
2015-08-12,37.69685745239258,37.76809944834467,36.90426774119207,37.25158393689822,10035700
2015-08-13,37.589988708496094,37.83934418290692,37.518746713783905,37.72357211968644,6643900
2015-08-14,37.77699661254883,37.81261930268561,37.46530656676874,37.49202188578797,5953000
2015-08-17,37.99073791503906,37.99964189099586,37.50984168135272,37.6345177277527,5591700
2015-08-18,37.79480743408203,37.955106140310384,37.75028077061119,37.901675503012044,4691900
2015-08-19,37.545467376708984,37.866064891426,37.33173456784173,37.67905080689699,9227600
2015-08-20,36.628211975097656,37.30502643896639,36.628211975097656,37.144727650676984,13726900
2015-08-21,35.23005294799805,36.512439856565074,35.23005294799805,36.236368966376276,23666400
2015-08-24,33.84078598022461,35.27456719293351,27.89193175192754,32.959142955986245,36103900
2015-08-25,33.57363510131836,35.21224232835279,33.53801239271211,35.14990428687608,18605400
2015-08-26,35.26565933227539,35.31909337448457,33.94765019895336,34.24153233535312,34388400
2015-08-27,36.08496856689453,36.09387254305868,35.29238219875035,35.746559720808314,20105500
2015-08-28,36.15620422363281,36.218542237346526,35.84451415506425,35.92466351514859,13836100
2015-08-31,35.82670974731445,36.21854925185558,35.737656395381165,35.86233244695482,11050300
2015-09-01,34.67790603637695,35.37253514825644,34.50870329481508,35.06974897055715,21289000
2015-09-02,35.51502227783203,35.55064158297204,34.85601587380779,35.19442475139688,12685100
2015-09-03,35.54173278808594,35.99591029085736,35.43486809281632,35.71093550536011,11031100
2015-09-04,34.998504638671875,35.2478601672975,34.829301891921055,35.069750046041484,13780500
2015-09-08,35.978118896484375,36.00483423330438,35.577371858339504,35.66642524585215,9454600
2015-09-09,35.50611877441406,36.38776206822415,35.42596938406769,36.20965193443574,9652300
2015-09-10,35.86233901977539,36.06716448449629,35.434876737248956,35.45268809033359,14024400
2015-09-11,36.03153610229492,36.03153610229492,35.60407388710642,35.612981260829685,6859700
2015-09-14,35.94249725341797,36.21856480123323,35.85344046608315,36.18294548346837,7445400
2015-09-15,36.40555953979492,36.50352024588431,35.96028607369183,36.05824677978123,8806000
2015-09-16,36.556949615478516,36.59257230684719,36.31650154449021,36.36103160728447,7718100
2015-09-17,36.3076057434082,36.86865136867746,36.18292969271894,36.405566468140506,16782600
2015-09-18,35.83616256713867,36.211877049022334,35.75565183352304,35.88088999415093,18115100
2015-09-21,36.19398880004883,36.30133872995607,35.863001714045495,35.89878502401457,6960600
2015-09-22,35.58570098876953,35.75567007560967,35.36206032712571,35.61254018865706,12288200
2015-09-23,35.675148010253906,35.80933031728205,35.47834319829778,35.71092791130398,5678200
2015-09-24,35.675148010253906,35.77355041623197,35.08473698687013,35.272594264200286,11028200
2015-09-25,35.61253356933594,36.050867273692525,35.45151204988269,36.006139832174405,10828900
2015-09-28,34.7984733581543,35.514122485285434,34.78058170341549,35.46044752106902,12583300
2015-09-29,34.646400451660156,35.12051741947436,34.39592407809562,34.88793270294796,13103400
2015-09-30,35.3352165222168,35.38889149732739,34.96844605684002,35.06684847163365,12466800
2015-10-01,35.35310363769531,35.46045016163751,34.878986695506526,35.335211981624205,13518000
2015-10-02,35.85406494140625,35.85406494140625,34.81636921452349,34.94161082508466,14917000
2015-10-05,36.560752868652344,36.650211128093,36.006125310055,36.077691917607524,8568900
2015-10-06,36.60549545288086,36.686006213480425,36.42658568486857,36.43552980827515,9857900
2015-10-07,36.775455474853516,36.92752942279894,36.33711846095132,36.80229125096524,15218900
2015-10-08,36.9454231262207,37.01698974979913,36.45341453281458,36.632327679276194,15374800
2015-10-09,37.10646057128906,37.13329636042722,36.90071155876275,37.052785580526844,11376500
2015-10-12,37.15116882324219,37.21378790719184,36.990147346661885,37.18695213192318,6343700
2015-10-13,37.07066345214844,37.29430404505772,36.94542526611678,36.954372800824544,8951800
2015-10-14,36.999107360839844,37.22274799680963,36.90070493501549,36.9633240400882,12756100
2015-10-15,37.47322463989258,37.49111630037477,37.13328991570158,37.15118157618377,8421900
2015-10-16,37.544776916503906,37.571612690716684,37.32113636477345,37.571612690716684,7486300
2015-10-19,37.68791580200195,37.68791580200195,37.35692524880572,37.464275196456576,7092100
2015-10-20,37.58951187133789,37.69685840216823,37.437434491217275,37.535836899680376,5928900
2015-10-21,37.30324172973633,37.76841444965559,37.2585143054618,37.670012068761395,9417200
2015-10-22,38.144142150878906,38.22465290751712,37.571622731444954,37.571622731444954,14236000
2015-10-23,39.20867156982422,39.36074553959817,38.967139312696695,39.09237750250695,16691700
2015-10-26,39.05659484863281,39.172888917918456,38.91346499892925,39.172888917918456,8288100
2015-10-27,38.832950592041016,39.07448283053491,38.788223158057214,38.96713630647689,7679000
2015-10-28,39.4144172668457,39.4144172668457,38.89556948036829,39.011863538110546,14779600
2015-10-29,39.30707931518555,39.36075429954334,39.065547004303724,39.18184109750286,7609000
2015-10-30,39.04765319824219,39.37864035679683,39.03870566254652,39.36969282110116,9339500
2015-11-02,39.39652633666992,39.414417992997166,39.020808378766915,39.11921078232448,13743300
2015-11-03,39.60228729248047,39.74541717408083,39.199733434077736,39.27130008112069,6879000
2015-11-04,39.64699935913086,39.75434587556342,39.54859696386591,39.69172678993741,7298600
2015-11-05,39.530704498291016,39.879586641388855,39.45019375949677,39.682781854895325,6728800
2015-11-06,39.66489791870117,39.682789576635166,39.34285490085893,39.48598475184606,6868900
2015-11-09,39.28023147583008,39.548599490297406,39.09237420695139,39.548599490297406,10146200
2015-11-10,39.020816802978516,39.065544247210575,38.859795273754905,39.056600123358265,17273300
2015-11-11,39.0029182434082,39.30706958786302,38.94029915006321,39.11026818555789,8201100
2015-11-12,38.66298294067383,39.0029141510266,38.65403540685785,38.81505689070255,8034000
2015-11-13,37.90262222290039,38.58249181422255,37.89367809702148,38.528816821491,15044900
2015-11-16,38.48406982421875,38.493013945555674,37.822092233304616,37.83998388846276,9079200
2015-11-17,38.49301528930664,38.78822249099495,38.4125045445266,38.56458191243753,9394400
2015-11-18,39.07447814941406,39.110261457308056,38.62719703819136,38.67192446681682,10166800
2015-11-19,39.253395080566406,39.44125234648959,39.10131771352069,39.11026524760335,9367500
2015-11-20,39.53964614868164,39.55753780047207,39.369677162914385,39.414407998632285,7288200
2015-11-23,39.30707931518555,39.58439494897256,39.16394943605027,39.566503287519964,7227100
2015-11-24,39.31602096557617,39.44125916450761,38.922411297523105,39.01186959139198,11303400
2015-11-25,39.1907844543457,39.33391431821462,39.18183691833101,39.32496678219993,6576600
2015-11-27,39.28023147583008,39.35179809967973,39.17288495254004,39.23550404216626,3800700
2015-11-30,39.3249626159668,39.45020080702326,39.19078030232835,39.33391015103356,17025600
2015-12-01,39.67384719848633,39.682794734858795,39.40547911956187,39.48598988448773,7779000
2015-12-02,39.42337417602539,39.870655483593175,39.37864672776573,39.718581477013196,9697100
2015-12-03,38.91346740722656,39.64700835891571,38.72561010770532,39.5307142824328,11854300
2015-12-04,39.870635986328125,39.942202598535026,38.949238035309584,39.0297487678004,12840200
2015-12-07,39.67384719848633,39.86170792497019,39.48598988448773,39.825924604450854,12814900
2015-12-08,39.57542419433594,39.682770678332986,39.21759803103485,39.333892045980186,11378300
2015-12-09,38.99397277832031,39.70067785028835,38.80611550475449,39.4054706382696,16253900
2015-12-10,39.101322174072266,39.39652940775731,38.98503151760675,39.101322174072266,9073400
2015-12-11,38.287261962890625,38.770326376010836,38.26042618854529,38.671923986765904,16960300
2015-12-14,38.58247756958008,38.59142169215682,37.88471657162728,38.27832621469931,21034200
2015-12-15,38.752437591552734,39.020805592328394,38.69876262640389,38.877675764415756,17021900
2015-12-16,39.28023147583008,39.35179809967973,38.600365611680544,38.993971805400335,18173800
2015-12-17,38.66298294067383,39.44125117093368,38.65403540685785,39.44125117093368,12108600
2015-12-18,37.91316604614258,38.6324131378119,37.850232440065156,38.55149801148032,22813900
2015-12-21,38.299766540527344,38.326740540216186,37.97610941088511,38.22784387714847,11163300
2015-12-22,38.57847213745117,38.64140574933673,38.263804078023405,38.443612437910915,9482600
2015-12-23,38.90212631225586,38.93808935020335,38.65938095054638,38.785248153738536,8045300
2015-12-24,38.884151458740234,38.983048115236514,38.83919936841229,38.92910354906818,2432800
2015-12-28,38.857177734375,38.88414830045621,38.524524747792995,38.7402995653158,7177200
2015-12-29,39.38762664794922,39.48651988200292,39.01002151659678,39.09093665691338,6809200
2015-12-30,39.054969787597656,39.369641271196336,39.054969787597656,39.369641271196336,7196500
2015-12-31,38.506561279296875,38.94709669749257,38.506561279296875,38.92012612116955,8834500
2016-01-04,38.003074645996094,38.01206369154722,37.409698180514134,37.81427382280283,21638600
2016-01-05,37.904178619384766,38.20985761750982,37.73335931411246,38.11995344202429,16067200
2016-01-06,37.43667221069336,37.68840666490993,37.21190832525007,37.34676802836593,13858400
2016-01-07,36.33083724975586,37.14897772187836,36.312855725908385,36.67247934360783,16840700
2016-01-08,36.04313659667969,36.771372815934015,35.99818450577812,36.64550215993505,19233100
2016-01-11,36.27688980102539,36.43872007319258,35.82736202936646,36.29487132344671,19135100
2016-01-12,36.70844268798828,36.78935440151836,36.24093335305048,36.663487163193764,15841600
2016-01-13,35.71946716308594,36.978145972753175,35.65653356556496,36.978145972753175,21962300
2016-01-14,36.39377975463867,36.672488297888954,35.44077933577956,35.87232915423994,19795600
2016-01-15,35.36884307861328,35.71048512476841,34.93729685539736,35.20701281620425,20177800
2016-01-19,35.40481948852539,35.84535492392358,35.09014789075801,35.78242129029527,19658800
2016-01-20,35.12611389160156,35.476745145388364,34.19109492841937,34.80245321745187,29631800
2016-01-21,35.323890686035156,35.836352036044616,34.883351991130354,35.323890686035156,22135700
2016-01-22,36.30386734008789,36.31285638736287,35.94424371583774,35.998188288362776,11248200
2016-01-25,35.88130569458008,36.42073763515967,35.81837208249995,36.10606957475901,10480600
2016-01-26,36.23194122314453,36.31285636707435,35.8003949320605,36.025158839685,11473700
2016-01-27,35.4857292175293,36.15102850820938,35.323898918796246,35.93525706298217,18022400
2016-01-28,35.944252014160156,36.07911176179482,35.51270562320542,36.00718564848944,17566800
2016-01-29,37.07705307006836,37.10402363958238,36.169005027348405,36.24093111888555,16113300
2016-02-01,37.21190643310547,37.38272917231622,36.897238381334944,36.92420894873683,14797300
2016-02-02,36.546607971191406,37.113010474988016,36.429729794219654,37.10402142889386,13951200
2016-02-03,36.50164794921875,36.798337878097286,35.935245515290205,36.78035635850245,21506200
2016-02-04,36.53761672973633,36.78036213797409,36.15102257176042,36.4297310248389,18202900
2016-02-05,35.512691497802734,36.45669906688272,35.36884275803459,36.39376545758569,23777400
2016-02-08,35.00023651123047,35.09913318085553,34.397867446071075,34.919321366048614,24821400
2016-02-09,34.83839416503906,35.33287391242451,34.523726170236664,34.577667295274836,24755300
2016-02-10,34.8923454284668,35.53966306075232,34.87436390678878,35.13509082668308,16975000
2016-02-11,34.8204231262207,35.045187027187495,34.38887684791945,34.4608029424488,24627300
2016-02-12,35.30591583251953,35.33288640457422,34.90134010357352,35.099133444308265,10893400
2016-02-16,35.935245513916016,35.944234558900995,35.503699332528974,35.701489188816254,10293300
2016-02-17,36.67247772216797,36.744400384752865,36.097082702989404,36.14203479580807,11128700
2016-02-18,36.528629302978516,36.84329738522503,36.45670321010796,36.798345291993364,11578400
2016-02-19,36.55559539794922,36.66348109442309,36.3038609629687,36.39376513842618,8579300
2016-02-22,37.04109191894531,37.09503306073244,36.834309539636365,36.888250681423486,6590700
2016-02-23,36.45669937133789,36.924208636894726,36.384776715665424,36.888245594246236,8189500
2016-02-24,36.73541259765625,36.8073352627073,35.8723200392939,36.06112089338099,10144400
2016-02-25,37.19393539428711,37.21191692083109,36.57358816183453,36.86128572728722,9403400
2016-02-26,37.09501647949219,37.43665841980711,37.014101373355054,37.400695388274286,9772600
2016-02-29,36.834312438964844,37.409707527485,36.834312438964844,37.059076359769605,13601900
2016-03-01,37.93114471435547,37.93114471435547,37.0950229483385,37.14896750504491,12304200
2016-03-02,38.03904724121094,38.03904724121094,37.73336817133329,37.79630179487057,8748100
2016-03-03,38.03904724121094,38.06601781426256,37.74235721914207,38.05702876645377,7883900
2016-03-04,38.137935638427734,38.32673991466858,37.89519365256418,38.048031453265295,7885900
2016-03-07,37.904178619384766,38.07499792465706,37.625470187980476,37.92216014040676,15813500
2016-03-08,37.67042541503906,37.98509345643789,37.53556572322561,37.67941446066856,11700500
2016-03-09,37.994083404541016,38.00307588000854,37.724367444131964,37.724367444131964,12160600
2016-03-10,37.95811462402344,38.32672714780208,37.49060547173428,38.155904451420774,12928400
2016-03-11,38.54249572753906,38.55148820018973,38.24580929291234,38.335713441678394,8820100
2016-03-14,38.58745574951172,38.65938182703742,38.40764741494574,38.42562893432717,10060900
2016-03-15,38.731319427490234,38.767279047327264,38.41664788913379,38.43462941386488,6321100
2016-03-16,39.18083953857422,39.24377314792305,38.54250754005475,38.551500015461436,14756900
2016-03-17,39.32468795776367,39.45055517543487,39.06396104708793,39.10891313488129,9367100
2016-03-18,39.38794708251953,39.505416116097635,39.21626422341497,39.478305756371945,9414400
2016-03-21,39.52347946166992,39.54154843471998,39.27950696195423,39.29757938196595,8003500
2016-03-22,39.53251266479492,39.68612305946515,39.34275743127468,39.34275743127468,13112900
2016-03-23,39.30661392211914,39.52347951559396,39.225289755436286,39.478296742022195,10675100
2016-03-24,39.41505432128906,39.41505432128906,39.080723088914894,39.13494036185225,6743200
2016-03-28,39.315650939941406,39.50540963905986,39.24336470210353,39.45119237546003,6408000
2016-03-29,39.93008804321289,39.95719839073362,39.198174152410296,39.24335346899698,10081500
2016-03-30,40.16503143310547,40.363821142346474,40.07466934075831,40.13792108192064,10988300
2016-03-31,40.08371353149414,40.282506718732854,40.01142384633028,40.110820439949634,14594900
2016-04-01,40.390933990478516,40.409006410065174,39.76744757910432,39.80359241827764,9654900
2016-04-04,40.237327575683594,40.418048357951456,40.156003396011165,40.327689690298634,7646200
2016-04-05,39.848777770996094,40.07467787955494,39.767453594036425,39.97528472723722,10726100
2016-04-06,40.237327575683594,40.237327575683594,39.71324109876524,39.85781703518708,11138500
2016-04-07,39.659027099609375,40.02950318266869,39.50541666254302,39.948178996291645,10630900
2016-04-08,39.659027099609375,40.020468693943464,39.52348908695597,39.8668548099146,8762800
2016-04-11,39.550594329833984,40.06564633948328,39.550594329833984,39.83071172596139,8138600
2016-04-12,39.8216667175293,39.85781155840873,39.35179412698196,39.62287353965418,9592000
2016-04-13,40.2282829284668,40.291534669242644,40.011417355120074,40.05660012449827,7876600
2016-04-14,40.21925735473633,40.34576432212355,40.083719345836485,40.174078018436376,6502700
2016-04-15,40.065643310546875,40.2734709963637,39.98431913375229,40.165039909624944,6460900
2016-04-18,40.237327575683594,40.237327575683594,39.88492394609049,39.948175702839904,7112900
2016-04-19,40.01142883300781,40.35479798640689,39.78552870915937,40.30961865102967,6471000
2016-04-20,40.092742919921875,40.273463662886726,39.93009459594966,40.047563595921034,6877800
2016-04-21,39.94816970825195,40.11985597677633,39.848773120571884,40.029493875720945,11277900
2016-04-22,39.25239562988281,39.51444054307737,39.04456797537176,39.31564737486611,14924400
2016-04-25,39.26142501831055,39.279497433938445,39.04455947773661,39.14395604020963,9357500
2016-04-26,39.07168960571289,39.39698291082071,38.94518263227018,39.30662423389563,7367400
2016-04-27,38.890968322753906,38.93614766065634,38.43013011404652,38.57470606351182,12779600
2016-04-28,38.40302276611328,39.08975765656146,38.27651924263303,38.95421964438797,22669600
2016-04-29,38.06868362426758,38.24940438324986,37.78856627549695,38.18614918768855,11896200
2016-05-02,38.34880447387695,38.39398725702979,37.98736633739102,38.150014705246534,12552700
2016-05-03,37.996402740478516,38.16808905240081,37.869899213985825,38.086764864375134,12531200
2016-05-04,37.87892532348633,37.98735984817487,37.7704942457596,37.82471150810387,11245700
2016-05-05,37.896995544433594,38.077716294795586,37.8066368927334,37.98735764309539,13559900
2016-05-06,38.177120208740234,38.177120208740234,37.734354457703276,37.734354457703276,9229900
2016-05-09,38.177120208740234,38.357840993795364,38.15001329741876,38.19519263194197,7541200
2016-05-10,38.67409896850586,38.67409896850586,38.24940909657071,38.29458843014311,13920200
2016-05-11,38.39399337768555,38.79157642529029,38.39399337768555,38.57471075125673,7152100
2016-05-12,38.28554916381836,38.53855962755694,38.041576634657275,38.53855962755694,9336500
2016-05-13,38.14097213745117,38.51144816435677,38.09579280674795,38.276513576522824,10921300
2016-05-16,38.67409896850586,38.76446108261285,38.17711940528512,38.17711940528512,6394200
2016-05-17,38.28554916381836,38.74638731233222,38.168083590007605,38.55662860278777,9940100
2016-05-18,38.35784149169922,38.65602786099286,38.131941369188574,38.186155192535246,10903500
2016-05-19,38.1500129699707,38.31266133042806,37.9241128523313,38.26747854933038,8634800
2016-05-20,38.61084747314453,38.70120958786242,38.3307300879624,38.35784044585888,5873000
2016-05-23,38.53855514526367,38.75541729243184,38.50241030508175,38.59276895857487,8427700
2016-05-24,39.26142501831055,39.324676749527775,38.69215599039469,38.69215599039469,9461500
2016-05-25,39.53251266479492,39.659016153808416,39.369864336931414,39.42408159520643,9814700
2016-05-26,39.659027099609375,39.722278861573464,39.45119938930415,39.532523575681196,6517100
2016-05-27,39.848777770996094,39.90299503795658,39.60480868707919,39.64998801939854,7788000
2016-05-31,39.93008804321289,39.98430529129345,39.6951535287856,39.88490872662621,12371400
2016-06-01,39.83070755004883,39.93913863361682,39.73131095387733,39.79456270653883,6885500
2016-06-02,39.79457092285156,39.79457092285156,39.46927415802216,39.668067391409615,7764500
2016-06-03,39.70420837402344,39.794570500496285,39.48734616441395,39.740353224612576,8304700
2016-06-06,39.7765007019043,39.92107666684548,39.6951765061897,39.731321359165726,8635600
2016-06-07,39.93913650512695,40.029495162124434,39.89395717662821,39.90299166354323,4409400
2016-06-08,40.02045822143555,40.08370996684799,39.86684437760418,39.930096123016625,8158500
2016-06-09,40.02948760986328,40.07466692983815,39.830697912581606,39.8578048151743,12919500
2016-06-10,39.72227096557617,39.857812398249145,39.586732979865026,39.72227096557617,8282600
2016-06-13,39.279502868652344,39.604799501040894,39.270464936107494,39.369861512333024,11783100
2016-06-14,39.369869232177734,39.4331209845492,39.089751866702684,39.18914846241841,8420600
2016-06-15,39.270477294921875,39.5144498459939,39.225297958863145,39.433125662303226,7078100
2016-06-16,39.351806640625,39.41505840879682,38.85482698486235,39.07169265213919,9596300
2016-06-17,39.089393615722656,39.361792883311516,38.91687488779012,39.2709942820301,11465200
2016-06-20,39.25283432006836,39.59787524364281,39.243755845333745,39.43443498846253,6856000
2016-06-21,39.52522277832031,39.616024819550034,39.334543687353445,39.37086450384533,5743900
2016-06-22,39.3890266418457,39.67958625905323,39.343627351109,39.53430645044947,6495200
2016-06-23,39.92475128173828,39.96106864035322,39.497990278378325,39.643270104070865,9763400
2016-06-24,38.39023971557617,39.171120286535526,38.3085195752724,38.517359164105336,23623000
2016-06-27,37.61842727661133,38.10874793846107,37.464065528809485,38.10874793846107,18409000
2016-06-28,38.36298751831055,38.36298751831055,37.97254736824361,38.03610707046437,13244700
2016-06-29,38.953189849853516,39.01674955393126,38.61722745544934,38.62630939245707,10504200
2016-06-30,39.37995147705078,39.39811188921701,38.95319391424984,39.04399251133656,13355300
2016-07-01,39.470741271972656,39.58877871875524,39.35270036144669,39.40718158101484,7474700
2016-07-05,39.18018341064453,39.316381269913414,39.06214249495002,39.261903511703274,8680700
2016-07-06,39.45258712768555,39.46166560051623,38.91686717333343,39.05306504825716,7850800
2016-07-07,39.45258712768555,39.634187757994454,39.307307316187206,39.41626630887498,6166100
2016-07-08,40.07003402709961,40.09727291398162,39.59787369325923,39.64327299264408,12748000
2016-07-11,40.30610275268555,40.39690479332618,40.160822951404214,40.19714376766047,5831800
2016-07-12,40.632991790771484,40.68747302671269,40.45139113471189,40.57851055483028,16042800
2016-07-13,40.642066955566406,40.778268302456866,40.61482807168597,40.75102941857643,10609400
2016-07-14,40.9053840637207,40.99618610813008,40.778264665291395,40.86906324595695,15488300
2016-07-15,40.86905288696289,41.04157499573998,40.75101545476514,41.04157499573998,4864800
2016-07-18,41.14147186279297,41.1868711596886,40.859990680049115,40.93263232607759,4107200
2016-07-19,41.05066680908203,41.15054733320902,40.98710710531833,41.068827219263675,4457900
2016-07-20,41.58639144897461,41.65903309784571,41.31399219319693,41.36847342985025,5384900
2016-07-21,41.368465423583984,41.6499430991224,41.26858490758889,41.595465336756924,5473400
2016-07-22,41.61362838745117,41.61362838745117,41.250427117817814,41.34122570335415,4707300
2016-07-25,41.559146881103516,41.64086699303957,41.43202747670165,41.54098647136839,4244800
2016-07-26,41.64994812011719,41.77706753261956,41.45019052778956,41.604548824758375,9057700
2016-07-27,41.994991302490234,42.10395031007529,41.79523023546396,42.10395031007529,10910100
2016-07-28,42.02223205566406,42.14935148078578,41.85879180515199,42.049474406579115,6329300
2016-07-29,42.17660140991211,42.27648196580968,42.049481961949816,42.20384030197684,10589700
2016-08-01,42.2583122253418,42.3400323472492,42.103950455630304,42.176592103434395,7841700
2016-08-02,41.94050598144531,42.267386436103806,41.740748397621616,42.17658784925158,11112200
2016-08-03,42.08577346801758,42.08577346801758,41.8950944132482,41.90417634751896,7980900
2016-08-04,42.31279373168945,42.33095414524319,42.05855486942655,42.094875696534025,8376200
2016-08-05,42.72138214111328,42.739542549465554,42.403583654307866,42.44898294331668,6063100
2016-08-08,42.71230697631836,42.87574720040137,42.62150492752558,42.76678474185004,5219600
2016-08-09,42.8030891418457,42.91204809485574,42.71229059162778,42.71229059162778,14918400
2016-08-10,42.666900634765625,42.83941930335399,42.61241941449084,42.82125889659573,3556200
2016-08-11,42.82126235961914,42.939303281222294,42.75770266269676,42.803101951392215,5259300
2016-08-12,42.775875091552734,42.81219591821325,42.68507302490144,42.81219591821325,3468700
2016-08-15,42.98469924926758,43.06641934810385,42.80309864477103,42.83033752313531,8280700
2016-08-16,42.666900634765625,42.912057466643624,42.666900634765625,42.912057466643624,4539000
2016-08-17,42.64875411987305,42.70323189414932,42.40359374439619,42.68507148147571,5287500
2016-08-18,42.666900634765625,42.71229991978957,42.5125389091921,42.63965829275652,3543200
2016-08-19,42.69414520263672,42.73046602099351,42.44898487434418,42.548865392953424,4788100
2016-08-22,42.69414520263672,42.73954449371077,42.50346610187937,42.57610427484908,4628700
2016-08-23,42.84851837158203,42.94839892489204,42.81220100435165,42.82127948022297,8315300
2016-08-24,42.6124267578125,42.84850515886603,42.512546235301535,42.83034474897822,6824400
2016-08-25,42.70322799682617,42.75770922987475,42.46714958110417,42.53978776142469,5912700
2016-08-26,42.72138214111328,43.03010215561442,42.49438223232549,42.67598285210447,12113600
2016-08-29,42.88483428955078,42.948394004603735,42.703233619223184,42.703233619223184,6982400
2016-08-30,42.73955154418945,42.893913315797995,42.59427171054025,42.803111254926954,5718200
2016-08-31,42.666900634765625,42.730460326547835,42.530699315950365,42.68505757778047,11161200
2016-09-01,42.8030891418457,42.839409947429935,42.4671303495482,42.65780938325143,9239600
2016-09-02,42.9937858581543,43.11182679297993,42.80310674602802,43.01194626841548,6907200
2016-09-06,43.21171569824219,43.21171569824219,42.96655530778472,43.021036549134635,15107400
2016-09-07,43.32065963745117,43.32974157305382,43.09365973979476,43.21170065642429,11585000
2016-09-08,42.96653747558594,43.17537695180313,42.8575785018516,43.16629848055165,8302600
2016-09-09,41.913272857666016,42.73047410660825,41.913272857666016,42.57611233125492,16809200
2016-09-12,42.6124267578125,42.70322534350755,41.64086734315061,41.70442704588595,19010300
2016-09-13,42.303707122802734,42.603345229464445,42.13118842283048,42.44898693955412,17358800
2016-09-14,42.50347137451172,42.76678868090376,42.303710312512514,42.31278878635597,17108700
2016-09-15,43.2026252746582,43.28434191846553,42.50346512421939,42.59426370427895,16286300
2016-09-16,43.04397964477539,43.21721542912087,42.85251180972441,43.21721542912087,15883100
2016-09-19,42.96192169189453,43.36309637059654,42.843395971433935,43.15339300585298,7121300
2016-09-20,42.93457794189453,43.189868436148146,42.8798713453807,43.10781028041347,5001100
2016-09-21,43.41780471801758,43.445159753638954,42.93457531826025,43.09869161970084,12047600
2016-09-22,43.682212829589844,43.736919420416676,43.572803126007955,43.67309680348792,10498500
2016-09-23,43.29926681518555,43.6730864016214,43.226324711456144,43.6730864016214,11986500
2016-09-26,43.04397964477539,43.18986039691968,42.96192150431476,43.116921759883276,9620400
2016-09-27,43.51809310913086,43.53632863797084,42.9892766850574,43.09868638002579,8784500
2016-09-28,43.60014343261719,43.61837895818764,43.32661750520211,43.55455635772648,9048400
2016-09-29,43.33573913574219,43.65485565740622,43.2080939183051,43.545442489827586,11406900
2016-09-30,43.56367492675781,43.70043963749149,43.39955866510582,43.43602971837761,9255300
2016-10-03,43.43602752685547,43.545437203079615,43.335733874453794,43.44514702874884,6231400
2016-10-04,43.281044006347656,43.65486370262144,43.12604372941504,43.581921577459745,8902200
2016-10-05,43.43602752685547,43.53632117925714,43.35396940016964,43.39955647542379,9007600
2016-10-06,43.53633499145508,43.581922081172046,43.28104450658247,43.47251237023693,5005900
2016-10-07,43.41780471801758,43.62750810806457,43.20810132797059,43.57280499296565,6073900
2016-10-10,43.71868896484375,43.81898265396544,43.618395275722065,43.64574683527446,6657800
2016-10-11,43.22633361816406,43.77338559656991,43.03486577352918,43.718682485572316,8727300
2016-10-12,43.29926681518555,43.41779251663942,43.04397293020357,43.262795763320845,5520400
2016-10-13,43.025753021240234,43.16251777633862,42.66105280443154,43.016636994000706,9669200
2016-10-14,43.18986129760742,43.481622807980436,43.15339371736446,43.19898080122183,9448300
2016-10-17,43.09867858886719,43.28103036623088,43.07132703958744,43.1898527385136,5075100
2016-10-18,43.33573913574219,43.52721043996914,43.28103603002419,43.4177972723905,5058900
2016-10-19,43.41780471801758,43.46339180662398,43.22633685902753,43.30839500974783,5035000
2016-10-20,43.21721649169922,43.32662618897961,43.00750964464375,43.30839065975429,6148000
2016-10-21,43.33573913574219,43.363094166672504,43.16250683751633,43.28103603002419,8076900
2016-10-24,43.75515365600586,43.782505211574076,43.52721475141295,43.56368233281335,5393100
2016-10-25,43.60014343261719,43.81896626139177,43.518085306585576,43.81896626139177,4362400
2016-10-26,43.35397720336914,43.59103560227186,43.21721595299129,43.23544800391778,6279700
2016-10-27,43.29926681518555,43.554557222096584,43.24456023738849,43.54543772009494,8821100
2016-10-28,43.2536735534668,43.70043521566299,43.14426388279311,43.417789798512686,10418900
2016-10-31,43.23544692993164,43.42691824061885,43.23544692993164,43.36309562974693,5880000
2016-11-01,42.861637115478516,43.37222159757101,42.56987554801773,43.32663450479381,9065300
2016-11-02,42.58810043334961,42.989275096865235,42.48780676747071,42.861626399701215,8167300
2016-11-03,42.177799224853516,42.560738264690684,42.15956717930601,42.469564124671145,10125700
2016-11-04,42.104881286621094,42.44222994405362,41.99547156925124,42.14135235176845,8154000
2016-11-07,43.01662826538086,43.0348637942319,42.62457309026214,42.72486675990714,13226000
2016-11-08,43.22633361816406,43.4086854369899,42.88898501408284,42.934572099271385,9780000
2016-11-09,43.17162322998047,43.24456534232054,42.34192583150458,42.569864715460284,27129400
2016-11-10,42.478694915771484,43.41780210113471,41.8860523653923,43.41780210113471,39515500
2016-11-11,42.6063346862793,42.69751232438173,42.241634568083334,42.241634568083334,14091600
2016-11-14,41.95899200439453,42.670160240344295,41.75840466478962,42.64280868606053,18971000
2016-11-15,42.551639556884766,42.69752381711579,42.22341040558156,42.24164593811044,17370800
2016-11-16,42.94369125366211,42.97104628922546,42.39663923540182,42.45134582845661,10124200
2016-11-17,43.21721649169922,43.25368407207831,42.89809994736335,42.98015808984154,8524100
2016-11-18,43.18074417114258,43.40868306268951,43.098686031062826,43.317505419227864,8823000
2016-11-21,43.618385314941406,43.65485637139745,43.27191723475176,43.335739844514144,8975500
2016-11-22,43.75515365600586,43.828092296878324,43.654859981493516,43.764269681838044,8488800
2016-11-23,43.5819091796875,43.72778991044015,43.42691242491886,43.72778991044015,8116800
2016-11-25,43.7642707824707,43.77338680853215,43.56368342840142,43.609273992923896,3109500
2016-11-28,43.80074691772461,44.001330816962295,43.70045322906969,43.727804788494794,7487800
2016-11-29,43.82808303833008,44.037786368887765,43.673086285423885,43.77337646067858,5928400
2016-11-30,43.308387756347656,43.8919107401523,43.29927173138192,43.8919107401523,11816600
2016-12-01,42.414859771728516,43.363086181025544,42.296330601048716,43.253673033596186,21865600
2016-12-02,42.56986999511719,42.67016367298787,42.27810846571437,42.37840214358504,10052700
2016-12-05,42.98015594482422,43.08956563664429,42.63368786297738,42.806923642936496,9005000
2016-12-06,43.107810974121094,43.18075310398002,42.907227073153436,43.080459414460094,9254800
2016-12-07,43.928382873535156,43.96485393043526,43.05309837636118,43.08044993000055,9972900
2016-12-08,44.03779602050781,44.22926386714505,43.828092643990125,43.946621849177234,9677100
2016-12-09,44.35690689086914,44.35690689086914,44.12896801368702,44.20190664578825,12307500
2016-12-12,44.22015380859375,44.320447497434685,44.08338905507027,44.22015380859375,9585100
2016-12-13,44.77631759643555,44.99513699038899,44.3842624143581,44.411613969084385,13967000
2016-12-14,44.62133026123047,44.976917966019464,44.53015606702154,44.8036821277209,17915000
2016-12-15,44.8218994140625,45.04983828485779,44.60307656774772,44.676018675876364,11570000
2016-12-16,44.497718811035156,44.95560848659904,44.43361453592989,44.946452230192996,10565700
2016-12-19,44.81824493408203,44.964769506046736,44.497723524603416,44.53435554094993,6627000
2016-12-20,44.98309326171875,45.05635730703015,44.873200687173615,44.937304980110106,5706500
2016-12-21,44.89150619506836,44.98308273685914,44.79992615985644,44.96476672981676,4623700
2016-12-22,44.799922943115234,44.918975233631926,44.662558140292184,44.89150297175149,11105200
2016-12-23,44.84571838378906,44.854874640693524,44.671718061813685,44.75413834763855,6358700
2016-12-27,45.02886962890625,45.239501956733235,44.873188813944864,44.891504820426384,6840700
2016-12-28,44.62592697143555,45.14792091754505,44.60761096536247,45.083816642999736,7777600
2016-12-29,44.63508987426758,44.75413868202095,44.525193830065874,44.6259301238735,4796500
2016-12-30,44.287086486816406,44.73581637716449,44.149718197612295,44.73581637716449,8501600
2017-01-03,44.68088150024414,44.836562334418645,44.41530461361785,44.57098544779235,13940600
2017-01-04,44.83656692504883,44.90067121549834,44.69004233353253,44.717518096169336,7223100
2017-01-05,44.90982437133789,45.01971692547907,44.73582404274128,44.79077206652252,5502900
2017-01-06,45.239498138427734,45.30360240899201,44.7816084952996,44.90981703642816,8750600
2017-01-09,45.23033905029297,45.3768635984986,45.20286678919841,45.266971060699575,8313500
2017-01-10,45.239498138427734,45.395178940249345,45.08381384318538,45.239498138427734,7735800
2017-01-11,45.45014190673828,45.45014190673828,45.10214468532284,45.157092718205874,7586500
2017-01-12,45.340232849121094,45.39518086625925,44.90981894184531,45.27612857583702,6862700
2017-01-13,45.47760009765625,45.560020374754444,45.34023180468565,45.34023180468565,4832900
2017-01-17,45.3036003112793,45.431808846471355,45.20286403550823,45.35854483012128,4825800
2017-01-18,45.42265319824219,45.486757471625225,45.31276065721711,45.43181294782313,6157700
2017-01-19,45.358551025390625,45.58749586762404,45.27613074244975,45.422655301742296,7250000
2017-01-20,45.605812072753906,45.72486436939146,45.48675977611635,45.5600238027921,8755400
2017-01-23,45.688236236572266,45.70655224479687,45.36771482619513,45.56002767242141,11977600
2017-01-24,45.97212600708008,46.04538654159017,45.633288611451015,45.65160112501269,6510900
2017-01-25,46.41169738769531,46.41169738769531,46.182752551920736,46.2193845640657,9197800
2017-01-26,46.283485412597656,46.439166212558455,46.15527687300154,46.40253420312508,7126500
2017-01-27,46.46664810180664,46.54906838720417,46.365911809273975,46.44833209467151,6023000
2017-01-30,46.09117126464844,46.31095632802441,45.88053896323395,46.31095632802441,8446600
2017-01-31,45.86222839355469,45.99043693485377,45.6607558324157,45.94464517574346,9557800
2017-02-01,46.21023178100586,46.3567563582549,45.95381464417542,46.283495816341116,11681100
2017-02-02,46.118648529052734,46.201068810118194,45.88054394223207,46.072860260332135,8598900
2017-02-03,46.42085647583008,46.48496075428383,46.28349166203825,46.292647918922576,6833600
2017-02-06,46.448326110839844,46.457482366517254,46.23769729605235,46.35674608696221,6726500
2017-02-07,46.63147735595703,46.68642536814397,46.5032688209414,46.539900829066035,10053100
2017-02-08,46.713897705078125,46.78716172144901,46.5032688981427,46.63147743337117,6353100
2017-02-09,46.860416412353516,46.97946867742918,46.71389189126813,46.71389189126813,4869600
2017-02-10,46.997806549072266,47.07107059041751,46.851281959803536,46.97033428027868,4177900
2017-02-13,47.20842742919922,47.26337545089821,47.0161145933845,47.0802188719894,6579700
2017-02-14,47.364105224609375,47.364105224609375,47.01610812192429,47.15347641055334,6233800
2017-02-15,47.51979446411133,47.55642648004107,47.28169334741067,47.32748162061218,5947500
2017-02-16,47.629669189453125,47.75788119721411,47.51977667622086,47.58388093339135,7061500
2017-02-17,47.79452133178711,47.79452133178711,47.50147222960502,47.57473625186097,7087700
2017-02-21,48.04178237915039,48.060098384795346,47.82199729825264,47.8952578274116,7618700
2017-02-22,48.09672927856445,48.13336128900323,47.89525671457197,47.99599299656821,6884800
2017-02-23,48.08757781982422,48.19747387008727,47.876948963618794,48.160841853332926,6702700
2017-02-24,48.197479248046875,48.215795258467786,47.77621799520956,47.80369375755181,7772100
2017-02-27,48.169986724853516,48.18830272890133,48.0600941939872,48.18830272890133,7975600
2017-02-28,47.9410514831543,48.13336781733134,47.86779094576121,48.08757605136174,7621500
2017-03-01,48.61872482299805,48.682829096694995,48.12420314583223,48.234095687395445,9095300
2017-03-02,48.29819869995117,48.58208802882796,48.27072294719945,48.57293177352443,7170100
2017-03-03,48.40809631347656,48.40809631347656,48.16083547327243,48.26157175929126,7857000
2017-03-06,48.3348274230957,48.41724769486529,48.12419861600023,48.206618887769814,6715200
2017-03-07,48.3348274230957,48.53629997484815,48.261566900089726,48.29819890830301,6980400
2017-03-08,48.38978958129883,48.53631416356518,48.32568529489615,48.38978958129883,5680900
2017-03-09,48.380619049072266,48.45387957187987,48.14251448975126,48.398931559708736,7650200
2017-03-10,48.63704299926758,48.73777928912128,48.43557041956018,48.60957073600605,7354500
2017-03-13,48.682830810546875,48.73777882997335,48.59125427159045,48.637042541068666,7461200
2017-03-14,48.57294845581055,48.64620900366168,48.389791846050066,48.64620900366168,7239900
2017-03-15,48.90262985229492,48.98505015234908,48.499684610509334,48.64620920022543,8933600
2017-03-16,48.930091857910156,49.10408868000725,48.875143838259,49.085772673456866,10978000
2017-03-17,49.03580093383789,49.1920813303072,49.017414385981134,49.118538645755585,6895400
2017-03-20,49.081787109375,49.19210293809671,48.94389320019211,49.045013997508775,4541800
2017-03-21,48.364723205566406,49.329994482459284,48.34633665182182,49.21048363655779,14905500
2017-03-22,48.6680908203125,48.74163703263893,48.30956180241221,48.37391298475963,11383300
2017-03-23,48.539390563964844,48.74163914977093,48.465847855320455,48.59455022560557,11359400
2017-03-24,48.57615661621094,48.87033442181338,48.410681162200056,48.7048589678025,13140900
2017-03-27,48.57615661621094,48.67728089442604,48.10731183443082,48.1716630102266,6845000
2017-03-28,48.925498962402344,49.03581477380322,48.44745910382999,48.53019683909975,8453900
2017-03-29,49.00823974609375,49.035817823940285,48.79679963322485,48.90711545148762,5705100
2017-03-30,49.10015869140625,49.16450986410871,48.93468324534967,48.97145634600133,8754200
2017-03-31,49.00823974609375,49.17371522692622,48.95308008352405,49.05420437813019,6103500
2017-04-03,48.96226119995117,49.12773664561082,48.66808340919534,49.0541939513598,13017900
2017-04-04,48.999046325683594,48.999046325683594,48.741641572319864,48.76002812711395,7520800
2017-04-05,48.79678726196289,49.37594779116754,48.750819134703946,49.04499691340731,10477900
2017-04-06,48.80597686767578,48.95306575125429,48.686466053869616,48.851941486254894,6935100
2017-04-07,48.77840805053711,48.90711040972203,48.603737557177915,48.732439916362836,6469400
2017-04-10,48.68647003173828,48.92549167887959,48.58534575847664,48.80598085530893,4843600
2017-04-11,48.50261306762695,48.67728356024656,48.10731446903687,48.60373735138014,8457100
2017-04-12,48.33715057373047,48.51181759366598,48.24521779465103,48.45665792621832,8684200
2017-04-13,48.14408493041992,48.603738223453576,48.14408493041992,48.28198232108055,9766600
2017-04-17,48.58535385131836,48.603740404690015,48.291176011124826,48.291176011124826,7066000
2017-04-18,48.57615661621094,48.668085865383176,48.3831030888236,48.456645786786176,6243600
2017-04-19,48.539390563964844,48.824376888793736,48.44746130144021,48.64970638036972,7260500
2017-04-20,48.980655670166016,49.063393406374125,48.5945485724458,48.668091278588314,7581900
2017-04-21,48.87952423095703,49.008230084914054,48.78759498500653,48.99903505619344,7616500
2017-04-24,49.45869445800781,49.49546756371716,49.302414019057636,49.41272982930931,8105000
2017-04-25,49.71610641479492,49.81722720275494,49.578209011494636,49.66094675209948,10044800
2017-04-26,49.660953521728516,49.835620550425865,49.614988883321544,49.71611319194316,8147200
2017-04-27,49.86318588256836,49.89995547718004,49.74367505617147,49.78963967959305,8591700
2017-04-28,49.991878509521484,50.093002765510015,49.872367706364564,50.01945657683643,11418400
2017-05-01,50.368804931640625,50.433156107310644,50.08381864876194,50.175751404630574,7563000
2017-05-02,50.47911834716797,50.55266454838855,50.29525635099242,50.46992682545334,7535100
2017-05-03,50.387184143066406,50.42395373318168,50.15735754718705,50.31363794908474,7154500
2017-05-04,50.35041046142578,50.433148175256655,50.184935033764035,50.40557010627153,7579900
2017-05-05,50.5342903137207,50.55267686850681,50.31365516316419,50.433166015835496,6825800
2017-05-08,50.754905700683594,50.78248727746679,50.47911448098101,50.57104371859,6070100
2017-05-09,50.81926727294922,50.957164664470966,50.71814298675012,50.810075750056725,7694300
2017-05-10,51.01232147216797,51.04909106855979,50.76410828542341,50.87442408835116,5302000
2017-05-11,50.94797134399414,50.975552927349646,50.65379350529607,50.85604208447967,9098000
2017-05-12,51.076683044433594,51.10426112405911,50.938785632552296,50.99394529868019,4653800
2017-05-15,51.36166000366211,51.36166000366211,51.11344679482712,51.141028378170866,9949300
2017-05-16,51.600669860839844,51.600669860839844,51.3064920897018,51.48115904541637,9061100
2017-05-17,50.19413757324219,51.24215001412141,50.16655949820304,51.19618187988779,18545000
2017-05-18,50.488319396972656,50.6813764581722,49.98270144222724,50.0654391807766,16822200
2017-05-19,50.78249740600586,50.938777842486296,50.70895119574942,50.76411085344175,10219100
2017-05-22,51.1870002746582,51.251351466801786,50.89282239432268,50.9020139188245,10510300
2017-05-23,51.2789192199707,51.45358971222042,51.14102533895257,51.39843005568742,6610500
2017-05-24,51.490352630615234,51.49954765894945,51.29729911810608,51.41680993832042,9321900
2017-05-25,51.85807800292969,51.96839379776715,51.55470869040769,51.655829456664435,6113500
2017-05-26,51.83050537109375,51.89485655040959,51.70180301246207,51.81211881887833,36282200
2017-05-30,52.0511360168457,52.10629567246713,51.784539781865966,51.84889095998619,5925300
2017-05-31,51.96840286254883,52.262580704679046,51.793735864682915,52.244197658062845,14246100
2017-06-01,52.09709548950195,52.09709548950195,51.775339630729775,52.07871244632284,8436200
2017-06-02,52.57514572143555,52.58434075172878,52.12468742961031,52.29016290612308,8491000
2017-06-05,52.62110137939453,52.758995239200885,52.51078208329859,52.57513325258336,6765800
2017-06-06,52.519989013671875,52.78658527246475,52.45563782980361,52.55675861382766,7685200
2017-06-07,52.68545913696289,52.77738838832949,52.40966436911079,52.63949100440344,8703700
2017-06-08,52.80497360229492,52.84174671056423,52.51079574989368,52.77739552453125,7102400
2017-06-09,51.49954605102539,52.970434919755306,50.764101616660426,52.87850568053807,35142500
2017-06-12,51.19618606567383,51.27892380443216,50.35042563114557,50.966359403220295,35706400
2017-06-13,51.563899993896484,51.729375438890344,51.186984481827345,51.44438917098407,18293400
2017-06-14,51.31568908691406,51.77534234172832,50.89280893413519,51.76615081965749,16180600
2017-06-15,51.08586120605469,51.15940740832092,50.515892165995155,50.73652375904197,14750500
2017-06-16,50.9963264465332,51.107086712662266,50.78403446936692,51.088626081473194,21611300
2017-06-19,51.753196716308594,51.79011798011074,51.356301932949265,51.38399112029812,9929200
2017-06-20,51.337852478027344,51.762440062179785,51.337852478027344,51.73474734779632,10957700
2017-06-21,51.623985290527344,51.65167448295906,51.35631136033361,51.513224999794346,12293200
2017-06-22,51.642433166503906,51.817803876919434,51.47629101095012,51.78088261546186,8792800
2017-06-23,51.965492248535156,52.09471315965706,51.51321905960849,51.59629014833053,16423600
2017-06-26,51.6885871887207,52.35315586501175,51.633205292027924,52.24239207162619,9727900
2017-06-27,50.83942794799805,51.503993217216006,50.83942794799805,51.411693561243176,12895500
2017-06-28,51.476287841796875,51.52243765527496,50.691726928649004,51.03324329459805,12976000
2017-06-29,50.55328369140625,51.23630946510556,50.14716035355816,51.23630946510556,20973400
2017-06-30,50.50714874267578,50.84866173007434,50.460995388940766,50.76559062276047,15371900
2017-07-03,50.15639877319336,50.81173548849362,50.101016866729005,50.71943583205923,16552600
2017-07-05,50.654815673828125,50.756347389078115,50.174849806013505,50.3409919726034,14809400
2017-07-06,50.19330596923828,50.470208381900186,50.07331363271621,50.21176659954977,12757400
2017-07-07,50.77480697631836,50.94094915101101,50.34099442773705,50.3779156934478,8818200
2017-07-10,51.144012451171875,51.264004803899915,50.71019638277444,50.78403891399345,5594200
2017-07-11,51.254783630371094,51.33785473516126,50.89481001661586,51.088641420790765,6856500
2017-07-12,51.919342041015625,51.96549186307316,51.57782913258299,51.60551832161637,16551900
2017-07-13,52.020877838134766,52.20548066183481,51.900885474578835,51.99318864693186,8125100
2017-07-14,52.482383728027344,52.53776211105692,52.168559980504256,52.24239899821237,6689600
2017-07-17,52.491615295410156,52.6392968603024,52.390083559358075,52.52853656688478,9837100
2017-07-18,52.73159408569336,52.73159408569336,52.26085673005289,52.39007764461903,9920200
2017-07-19,52.99925994873047,53.04541328942799,52.76850732926507,52.814660669962585,6673600
2017-07-20,53.110023498535156,53.16540187351028,52.805428352149875,53.14694476252225,10372900
2017-07-21,53.04541015625,53.05463871124108,52.8238861054053,52.87926799836781,5805000
2017-07-24,53.17464065551758,53.22079048081834,52.90696673936478,53.01772702428781,5378100
2017-07-25,53.07311248779297,53.18387278014662,52.842359824802564,53.00850202383615,6880300
2017-07-26,53.276161193847656,53.3684608250629,53.10078696513137,53.35923227034347,10602600
2017-07-27,53.07311248779297,53.71922064836734,52.417775769941706,53.65461018441052,23047200
2017-07-28,53.01773452758789,53.11926627022237,52.759292652523015,52.805442484355105,10293100
2017-07-31,52.7592887878418,53.22079411436981,52.7039068810962,53.100801743590786,10982800
2017-08-01,53.026954650878906,53.073104472305864,52.83312328828228,53.026954650878906,8307200
2017-08-02,53.17464065551758,53.58076404757266,52.84235627974252,53.5715354909149,12573900
2017-08-03,53.054630279541016,53.248461592597174,52.89772022259216,53.248461592597174,10687800
2017-08-04,53.17464065551758,53.3407828434051,53.054648292930814,53.16540857785384,4756900
2017-08-07,53.49769973754883,53.49769973754883,53.230025787452924,53.24848642411537,7683000
2017-08-08,53.42384338378906,53.83919877145692,53.27616185939663,53.42384338378906,10460700
2017-08-09,53.396156311035156,53.4330775762801,53.054643410033556,53.08233259846444,6972800
2017-08-10,52.34393310546875,53.165412020435284,52.31624391269654,53.11003363489088,14911900
2017-08-11,52.70389175415039,52.879265981339515,52.36237889642161,52.4269893419107,14968100
2017-08-14,53.54383850097656,53.617681032362825,53.07310468690909,53.18386496298279,9758500
2017-08-15,53.62691879272461,53.74691116631974,53.46077658959483,53.654611507250436,7052600
2017-08-16,53.78384017944336,53.97767160399078,53.6084693935681,53.70999762475475,9055900
2017-08-17,52.73159408569336,53.663833198638955,52.73159408569336,53.580762107702746,12968900
2017-08-18,52.676212310791016,53.04541794272566,52.473148861126376,52.73159421188297,16696500
2017-08-21,52.657752990722656,52.768513274663796,52.30700798373545,52.7131348931962,7978600
2017-08-22,53.44230270385742,53.47922044329621,52.897726435826904,52.934644175265696,8461200
2017-08-23,53.31309127807617,53.46077283481853,53.12849197290276,53.146952607621316,8923700
2017-08-24,53.266944885253906,53.497697552600535,52.99927094609031,53.442319165881365,8093900
2017-08-25,53.2577018737793,53.599214742884705,53.146941609394766,53.44230466175706,8333100
2017-08-28,53.35923767089844,53.460765867108904,53.211556133403874,53.38692685886442,5993300
2017-08-29,53.589988708496094,53.66382771455696,52.86080959824055,52.92542004892086,8689800
2017-08-30,53.97766876220703,54.01459003760753,53.52539546207408,53.64538432561577,7654000
2017-08-31,54.30070495605469,54.39300459009003,54.04225964294609,54.10687009097191,9425800
2017-09-01,54.254554748535156,54.485307367943356,54.1899442967813,54.43915754826283,6013100
2017-09-05,53.77458953857422,54.19917703946802,53.41461601123397,54.09764532231962,11901700
2017-09-06,53.82073211669922,54.014563435580506,53.58997954060105,53.94072092114675,9113700
2017-09-07,54.005348205566406,54.11611201176535,53.80228826954697,53.99611964888615,7693800
2017-09-08,53.56230545043945,53.99612157097953,53.525387701398294,53.922279030885,6259200
2017-09-11,54.31916427612305,54.374546171400766,53.98688346747319,53.98688346747319,7037300
2017-09-12,54.448387145996094,54.54991533626889,54.1991739058602,54.47607633234273,7861700
2017-09-13,54.37456512451172,54.393025762705705,54.16227306679095,54.38379368310535,8128300
2017-09-14,54.18994903564453,54.43916230891954,54.06996019818334,54.17148840195684,7626700
2017-09-15,54.41133117675781,54.457645868084825,54.05006810380441,54.14270102004289,13123800
2017-09-18,54.45766067504883,54.661446079013565,54.253871737498685,54.49471385161893,10412000
2017-09-19,54.69849395751953,54.80964994287792,54.402075640840444,54.54102327272723,5616100
2017-09-20,54.47618103027344,54.70775805696186,54.09639484784784,54.68923147079658,8950800
2017-09-21,54.17976760864258,54.457659359032014,54.003766790980514,54.457659359032014,8104600
2017-09-22,54.20755386352539,54.28165667874666,53.97597682388298,54.003764937892804,4824800
2017-09-25,53.56840896606445,54.031563101201435,53.32756683698527,54.031563101201435,13573100
2017-09-26,53.76291275024414,53.98522467316891,53.596177041258414,53.855542129198746,9053300
2017-09-27,54.3094482421875,54.476183993158486,53.9203969787268,54.00376485421229,7635500
2017-09-28,54.3742790222168,54.40206713081328,54.05933416831345,54.170490136283895,5589200
2017-09-29,54.744808197021484,54.79112642965132,54.40207518378793,54.46691646916765,12428700
2017-10-02,54.82817459106445,55.004175389710355,54.559547930410346,54.88375434857131,7571900
2017-10-03,54.957862854003906,54.98565096705807,54.80965016148815,54.87449498125633,6466000
2017-10-04,54.92080307006836,55.00417093278096,54.679961007305444,54.86522331706507,6649600
2017-10-05,55.44881057739258,55.45807210480878,55.059759287789035,55.08755093720849,6422700
2017-10-06,55.53217315673828,55.559961269919334,55.24501636405538,55.26354295070445,5926400
2017-10-09,55.671112060546875,55.79153309573459,55.57848266953157,55.615535839371596,6949200
2017-10-10,55.72669219970703,55.893427931552544,55.43953543184315,55.84711323572541,5472900
2017-10-11,55.91196060180664,55.9304871888708,55.65259545007872,55.65259545007872,4980900
2017-10-12,55.77301025390625,56.041640452897894,55.70816896912689,55.782275313780445,6106400
2017-10-13,56.04164505004883,56.14353951551347,55.97680375995047,55.97680375995047,5950000
2017-10-16,56.24544143676758,56.254702965044196,56.05091400710103,56.180600138073984,8306400
2017-10-17,56.24544143676758,56.24544143676758,56.06017906896341,56.22691484662859,5131700
2017-10-18,56.384376525878906,56.45848287455808,56.20837924814366,56.412168173426195,6091300
2017-10-19,56.21763610839844,56.28247739131775,55.84711499651452,56.14353329945561,6872600
2017-10-20,56.597415924072266,56.662257199709984,56.467733372796836,56.56036629055394,7407400
2017-10-23,56.328792572021484,56.736366833099375,56.26395129261329,56.69005213831991,7054900
2017-10-24,56.48625564575195,56.57888855644001,56.25467866940814,56.43994095720004,8035800
2017-10-25,56.18058776855469,56.52332077670068,55.81006311452633,56.35658503574641,9225900
2017-10-26,56.412174224853516,56.6530128167256,56.37512104653917,56.5048036370538,9436400
2017-10-27,57.931312561035156,58.08878325044683,57.319949323252196,57.319949323252196,14539200
2017-10-30,58.060997009277344,58.28330899368563,57.319951171940914,57.319951171940914,8574700
2017-10-31,58.31108474731445,58.4315057673023,58.05171612475722,58.283293106649985,10111300
2017-11-01,58.32036209106445,58.66309866141288,58.01468222951496,58.58899231098557,9550700
2017-11-02,58.3481559753418,58.403732206706856,57.90352492290886,58.32036432607386,10224600
2017-11-03,58.81129837036133,58.866874590658504,58.31109118617854,58.65382416782169,7659700
2017-11-06,58.940975189208984,58.95950177203207,58.737186311739414,58.774239477385585,6000200
2017-11-07,58.9687614440918,59.02434119081496,58.7279229421266,59.00581460857391,5775600
2017-11-08,59.2929801940918,59.30223818621952,58.81129958459142,58.96877025679752,9100500
2017-11-09,58.82057189941406,58.92246636886546,58.22773520469915,58.83909848782208,10245400
2017-11-10,58.82057189941406,58.8668866036414,58.607521433099976,58.74646554578198,5983200
2017-11-13,58.80204772949219,58.87615408617221,58.58899725441549,58.59825878220771,4300300
2017-11-14,58.68160629272461,58.74644756551428,58.35739992877626,58.62603007809595,7370800
2017-11-15,58.246246337890625,58.47782333116546,58.0887721449998,58.39445547224314,8492500
2017-11-16,59.06140899658203,59.181830051413726,58.67236125055163,58.67236125055163,7641100
2017-11-17,58.68160629272461,59.024342772994984,58.64455666083362,58.97802454935863,8302100
2017-11-20,58.9039192199707,58.950233908031834,58.737183516083256,58.82055136802698,6579900
2017-11-21,59.524559020996094,59.56161219214528,59.089193093955295,59.13550779109934,8174000
2017-11-22,59.41339874267578,59.54308130644357,59.31150429011971,59.52455825469232,12115800
2017-11-24,59.74687576293945,59.7746638767331,59.487510611304955,59.50603366477727,4339100
2017-11-27,59.74687576293945,59.82098211116941,59.54308683889225,59.64498130091585,6889100
2017-11-28,59.9413948059082,59.9969710290258,59.59865827328684,59.83950035207941,11311600
2017-11-29,58.61677551269531,59.84876698340173,58.209201220261335,59.83950192358222,33640200
2017-11-30,59.13550567626953,59.29297988122949,58.66309012855916,58.876140554670485,21047500
2017-12-01,58.82981872558594,59.12624053245469,57.977617073289984,58.774242507835496,19211800
2017-12-04,57.884986877441406,59.22813061350969,57.829407126884675,59.20034250502358,16805500
2017-12-05,57.903526306152344,58.570469367148775,57.53300513172083,57.783108779594485,13927100
2017-12-06,58.274044036865234,58.40372660906831,57.53299824314406,57.67194234182517,13262100
2017-12-07,58.63529586791992,58.7464518388473,58.2740363122175,58.52413989699255,11685500
2017-12-08,58.91319274902344,59.200349527251774,58.774248656527085,59.02435226332243,10059000
2017-12-11,59.422672271728516,59.422672271728516,58.848358645206574,58.88541182115999,11421600
2017-12-12,59.404136657714844,59.61719063295555,59.16329810345603,59.385613605036106,8397000
2017-12-13,59.422672271728516,59.70982555140414,59.34856591982168,59.60793108432491,10356100
2017-12-14,59.34856033325195,59.68203181827185,59.320772220695304,59.496773023114145,10946000
2017-12-15,60.02542495727539,60.10910721546056,59.38389053419006,59.53265229375014,21305200
2017-12-18,60.55537796020508,60.620460996531435,60.35083634140721,60.453103604046674,10760800
2017-12-19,60.183494567871094,60.471718504471305,60.034729249935,60.43452717498728,11976800
2017-12-20,60.16489028930664,60.44382169018495,59.87666637698052,60.44382169018495,8965200
2017-12-21,60.04402160644531,60.36943683324149,59.988231072194594,60.267162462888415,15941900
2017-12-22,60.0068359375,60.06261938348876,59.84877811151812,59.94175288600625,5485500
2017-12-26,59.6070442199707,59.6721272782307,59.393199379007775,59.6349359458648,6219100
2017-12-27,59.67211151123047,59.78368547884728,59.56983714762825,59.61632807418179,5346600
2017-12-28,59.77438735961914,59.88596133000744,59.672112993476446,59.84877000654467,9658000
2017-12-29,59.45827865600586,59.83018131573163,59.41179126688519,59.81158919749172,6693200
2018-01-02,60.192787170410156,60.192787170410156,59.55125624303039,59.700014467668886,13722800
2018-01-03,60.694847106933594,60.73203842889237,60.239265826597425,60.30434886664545,11331800
2018-01-04,61.00168228149414,61.159740111001334,60.79713351694565,60.93659922854878,10746600
2018-01-05,61.64320373535156,61.69898716759562,61.19691499684259,61.31778146454432,9678000
2018-01-08,61.87565612792969,61.98722301399504,61.57813260922171,61.615316842230015,6733900
2018-01-09,61.71758270263672,62.01510618030024,61.61530834217245,61.996514066360945,10606400
2018-01-10,61.50374221801758,61.522334332182545,61.20621873674277,61.38286864862763,10407800
2018-01-11,61.7547721862793,61.78266390311784,61.49444003776082,61.64320531892511,7887800
2018-01-12,62.11737823486328,62.20106047828182,61.59671394165985,61.680389091559405,8154300
2018-01-16,61.87565612792969,62.72173575251292,61.7175912168034,62.49859488686199,18221800
2018-01-17,62.805423736572266,62.861207184690734,62.02441999530932,62.228968763104874,14688100
2018-01-18,62.916988372802734,63.084345804667464,62.749630940938005,62.80542148057333,14922900
2018-01-19,63.03783416748047,63.14010850260653,62.71241195925165,63.03783416748047,11947200
2018-01-22,63.65149688720703,63.66079649210994,62.86120071494312,62.99136680950328,9002100
2018-01-23,63.93043899536133,64.0606051117261,63.72589021435343,63.85605633071821,10230100
2018-01-24,63.43767166137695,64.20936881886233,63.223823255686014,64.09780190591222,18509500
2018-01-25,63.32606506347656,63.893220224153694,63.16800728912871,63.83743679638816,12975900
2018-01-26,64.33021545410156,64.33021545410156,63.62359456316162,63.763060239382774,10048600
2018-01-29,63.744468688964844,64.14426655894138,63.66079352929338,64.14426655894138,27589900
2018-01-30,63.168025970458984,63.53992505690575,63.00066854414979,63.22380941472193,14831200
2018-01-31,63.64219665527344,63.74447102763737,63.22380665452651,63.53992228290951,15067900
2018-02-01,63.69797897338867,64.1442606374777,63.4004554994896,63.40974800958205,16325000
2018-02-02,61.81056594848633,63.03785120824865,61.80126634454708,62.982060678132584,21964700
2018-02-05,59.225833892822266,62.312639578320024,59.19793862395306,61.15043720030844,49279800
2018-02-06,60.92729187011719,61.02956623937748,58.09151898469586,58.42623381254413,45134700
2018-02-07,60.14628982543945,61.40146676815071,60.14628982543945,60.77852809863375,23712600
2018-02-08,57.654541015625,60.42523139596559,57.63594889646595,60.31366449396877,27814300
2018-02-09,59.06776809692383,59.49546123550667,56.6875800751198,58.5842915183049,36350200
2018-02-12,60.1276969909668,60.49960314876719,59.263021735586825,59.70000739222832,17814800
2018-02-13,60.276466369628906,60.42522458670165,59.60703665900047,59.783693691949765,9542000
2018-02-14,61.38286590576172,61.48514026289729,59.90454816928782,59.94173948947521,16058800
2018-02-15,62.55438995361328,62.55438995361328,61.24342914410398,61.968642412367196,12152500
2018-02-16,62.461402893066406,63.13083257638799,62.303345077148855,62.36842812449844,10167100
2018-02-20,62.51717758178711,63.009950170366956,62.08018842783316,62.14527146606976,16917600
2018-02-21,62.11737823486328,63.288879988089974,62.108085724998205,62.758916091502485,14551200
2018-02-22,62.19178009033203,62.758935482171125,62.015123039048035,62.33124581010776,10979400
2018-02-23,63.493438720703125,63.493438720703125,62.55437724926086,62.703142552805026,10386200
2018-02-26,64.48829650878906,64.48829650878906,63.76308324302846,63.76308324302846,10797200
2018-02-27,63.83745193481445,64.81369761980969,63.83745193481445,64.51617411197495,12790600
2018-02-28,63.381866455078125,64.46968616592798,63.37257394349569,64.20006145963143,15232000
2018-03-01,62.33123016357422,63.77235665677859,61.85704967277513,63.530623702936964,21486800
2018-03-02,62.92627716064453,63.05644324154901,61.457251854986104,61.62460925808035,19196100
2018-03-05,63.567813873291016,63.781655105008475,62.48928683039147,62.62875251263114,10888900
2018-03-06,63.70726013183594,64.0140831546755,63.42833591486005,63.930408017638115,10151900
2018-03-07,64.06059265136719,64.12567569689034,63.23310517534994,63.23310517534994,11109800
2018-03-08,64.33950805664062,64.39529858332085,63.939710234107366,64.25583290689875,7624000
2018-03-09,65.55750274658203,65.55750274658203,64.71141615218835,64.79509839802206,12342500
2018-03-12,65.7620620727539,66.02239426885879,65.57610543730733,65.7527624676015,13506200
2018-03-13,65.0089340209961,66.32919388501739,64.78579320721525,66.0967534683861,13809400
2018-03-14,64.95317840576172,65.39016771112298,64.62776310182936,65.33437716364773,13881400
2018-03-15,64.9903564453125,65.37155512522149,64.6742337193566,64.97175723545148,11501400
2018-03-16,64.9232177734375,65.3335952202668,64.83927369762523,65.10042751015266,12202300
2018-03-19,63.63614273071289,64.41958292155749,63.113842154435105,64.31698854670194,19868400
2018-03-20,63.60813522338867,63.850631583795675,63.25372293949561,63.47756190218006,9382800
2018-03-21,63.225730895996094,64.06513572727958,63.0578499297394,63.46822720630263,10933500
2018-03-22,61.59355545043945,62.824680121405386,61.54691908310997,62.46093922650936,21195100
2018-03-23,59.95206832885742,61.71481529061058,59.92408934783156,61.556262987655764,20950800
2018-03-26,62.22779846191406,62.311735420458824,60.325149128715836,61.17387587764985,25125800
2018-03-27,60.23186492919922,62.64747820216033,59.76552966114851,62.61017052683089,29748600
2018-03-28,59.83082962036133,60.81945833147113,59.47641374162147,60.09197629003463,26811000
2018-03-29,61.015316009521484,61.621553392863376,59.840156040756,60.25985501307042,17684100
2018-04-02,59.560359954833984,61.04330316351731,58.89816451739863,60.772834883819925,26017100
2018-04-03,60.14793014526367,60.287832170370045,59.14064766120913,60.00802812015729,18050700
2018-04-04,60.987335205078125,61.15521621213177,58.91680515665397,59.04738204047281,18149200
2018-04-05,61.2391471862793,61.640188661949914,60.82876989769031,61.546923037009975,16369100
2018-04-06,59.73755645751953,61.16454137716622,59.47640626282773,60.60494042455939,20238900
2018-04-09,60.20389938354492,61.379059397906914,60.12928401623884,60.17591328402033,10929700
2018-04-10,61.68684768676758,61.93867279387034,60.81946353642837,61.155225602089594,15648900
2018-04-11,61.32310104370117,61.87337336376019,61.22050669323033,61.304450759848756,8657800
2018-04-12,62.05989074707031,62.33036602339357,61.62153451012263,61.70547854829015,10628000
2018-04-13,61.8547248840332,62.516920273660126,61.556270523698345,62.48894128920893,11210800
2018-04-16,62.33037185668945,62.56353948406084,61.91999455548821,62.283735484930666,9738700
2018-04-17,63.486873626708984,63.692062252522405,62.76872055207244,62.88063644563581,15222800
2018-04-18,63.31901550292969,63.56151188594309,62.936624202517194,63.42160985283101,9882200
2018-04-19,62.6195068359375,62.983247819972526,62.39566787246495,62.91796115913835,12905800
2018-04-20,61.75212097167969,62.4796029176536,61.49097433627492,62.43297365602397,16238500
2018-04-23,61.52827072143555,62.1624869120271,61.23914515897983,61.98527724950994,18960300
2018-04-24,60.455711364746094,61.98529066443348,60.0173550198883,61.882696323479,17423800
2018-04-25,60.46504211425781,60.670230803125484,59.69092373924347,60.54897906022407,15290800
2018-04-26,61.56558609008789,61.80807531407736,60.96867749675551,61.22049541880972,16543400
2018-04-27,61.45366668701172,62.2277850106986,61.127233392599216,62.181148633334466,13156500
2018-04-30,61.052608489990234,61.99460766291658,60.97799314415802,61.61220935230976,8686100
2018-05-01,61.8173942565918,61.85470192725142,60.819437192506236,60.96866787514474,9273900
2018-05-02,61.75212097167969,62.44229523892261,61.640197935486725,62.20912758363804,13293700
2018-05-03,61.89201736450195,62.12518499860098,60.931367850527806,61.47231846940831,15545400
2018-05-04,63.06721496582031,63.17913093066986,61.58426439012917,61.658879777172174,10841300
2018-05-07,63.505558013916016,63.8040195322895,63.263068703808926,63.36566307182125,13457400
2018-05-08,63.64542770385742,63.701392767947674,63.11380584711911,63.402938517071966,15147400
2018-05-09,64.42887115478516,64.42887115478516,63.59879509103904,63.803983711868014,14413300
2018-05-10,65.26830291748047,65.31493218605381,64.66206550032142,64.72735216889467,11566300
2018-05-11,65.1750259399414,65.4268510136849,64.96051566378794,65.20301203813392,8760600
2018-05-14,65.16570281982422,65.6786674231889,65.10041615700644,65.38954179009767,10130900
2018-05-15,64.55016326904297,64.76468074395828,64.21440111787193,64.70871564161943,14262600
2018-05-16,64.8392562866211,64.98848699656449,64.50350142067224,64.65272501490374,6680500
2018-05-17,64.50350189208984,65.04444543030836,64.24234814778028,64.60608911128581,10800100
2018-05-18,64.23301696777344,64.57810048298322,64.17705190164169,64.28897491819428,7882900
2018-05-21,64.79261779785156,65.10972233774686,64.46618456098555,64.82059677305281,11289200
2018-05-22,64.69937896728516,65.2030220765988,64.55947691763461,65.10974929968921,7391000
2018-05-23,65.1750259399414,65.1750259399414,64.15841829270816,64.16774699210568,14693800
2018-05-24,65.10041809082031,65.23099142033456,64.44754432753628,65.15637605612277,11200700
2018-05-25,65.05378723144531,65.28695492761537,64.89523490582089,65.14705288677067,9391400
2018-05-29,64.69937896728516,65.06312002694825,64.27035123321365,64.7273579540725,29330400
2018-05-30,65.1750259399414,65.25897000309348,64.83926391875858,65.025802328145,9965200
2018-05-31,65.19366455078125,65.62269209516083,65.04443386627842,65.17500715736305,15284000
2018-06-01,66.30354309082031,66.3128717883125,65.52010327854707,65.63202630131951,12722900
2018-06-04,66.8351821899414,66.90046885080841,66.40614742914406,66.47143409001107,9933000
2018-06-05,67.06835174560547,67.18959637186312,66.81652667821545,67.00305796718301,17274800
2018-06-06,67.50669860839844,67.50669860839844,66.83518172234119,67.18026530634721,17689500
2018-06-07,66.96573638916016,67.46937213448204,66.48074380488751,67.46937213448204,19523600
2018-06-08,66.85384368896484,66.97508833214285,66.32222161393278,66.46212365803882,9904800
2018-06-11,66.92845916748047,67.14296946849844,66.74192073647184,66.89115148127874,7323500
2018-06-12,67.2548828125,67.31084077586299,66.93777108344719,67.04969412588568,7813400
2018-06-13,66.90979766845703,67.55334276352247,66.88181868444777,67.25488840790183,14639000
2018-06-14,67.38544464111328,67.55332561827322,67.068340081873,67.17092729196561,11327400
2018-06-15,67.1280517578125,67.23100946193115,66.72558268014352,67.14676809450934,16820600
2018-06-18,67.20294189453125,67.2497363140475,66.45415977311585,66.66007521355085,8290200
2018-06-19,66.85662841796875,66.88470649765341,66.00488858265156,66.37927964058312,12956700
2018-06-20,66.99703979492188,67.31526761829564,66.92216013968677,67.01575613827218,11465600
2018-06-21,66.48223114013672,67.29653107938547,66.32311727619961,67.25909126300354,14817100
2018-06-22,66.26697540283203,66.66944458952773,65.99554203125435,66.65072110684439,15692900
2018-06-25,64.89109802246094,65.79899420927971,64.32015314499587,65.73347629584521,18027700
2018-06-26,65.15316009521484,65.58370734031632,64.93788290220613,65.09700393221951,13859500
2018-06-27,64.26396942138672,65.6585684899571,64.24524594505175,65.35905713682291,22054600
2018-06-28,65.05017852783203,65.26545564194039,64.17972261585184,64.17972261585184,17799000
2018-06-29,65.02212524414062,65.58370830510319,64.98468542128765,65.30291320416389,10009600
2018-07-02,65.6024169921875,65.62114047188753,64.36693154584849,64.46053466251821,12545600
2018-07-03,64.82554626464844,65.84575426133955,64.77874471909371,65.79895985669809,6361400
2018-07-05,65.7428207397461,65.78026056176944,65.04084014386908,65.22803925398581,13660000
2018-07-06,66.51032257080078,66.61328030129373,65.6211499611794,65.7802638570626,12801900
2018-07-09,67.01573944091797,67.03446292052016,66.51967434518752,66.86598730867631,8727600
2018-07-10,67.17485809326172,67.36205719802923,67.0251059503634,67.0251059503634,11493100
2018-07-11,66.91278839111328,67.17486000432781,66.59456061532875,66.697518340651,12974900
2018-07-12,67.970458984375,68.00789881479854,67.12808065213918,67.20296031298625,11853300
2018-07-13,67.89559173583984,68.06406743308685,67.67095985315011,67.97982601400395,9258400
2018-07-16,67.73644256591797,68.054670305867,67.6054067740666,67.91427277433623,6666000
2018-07-17,68.24185943603516,68.35417173213747,67.21228244900361,67.2497222613424,7451600
2018-07-18,68.12954711914062,68.23250482860374,67.88619188396282,68.22314308931215,7082000
2018-07-19,67.88619232177734,68.22314352929976,67.76451827386113,67.9610719547634,7455000
2018-07-20,67.9049301147461,68.27931407676633,67.82068872465011,68.14827826187597,7219800
2018-07-23,68.25123596191406,68.28867578628191,67.493099155985,67.76453252696467,12575500
2018-07-24,68.6256103515625,69.20591677656158,68.34481530764675,68.93448347168692,10778600
2018-07-25,69.48670959472656,69.48670959472656,68.54138097123226,68.64433154430803,15233100
2018-07-26,68.4197006225586,68.6443323918052,68.17634537367427,68.29802656857403,12547200
2018-07-27,67.2497329711914,68.55073630827073,66.82854751190378,68.50394189108054,31775100
2018-07-30,66.20146179199219,67.31526629278528,65.81770892215651,67.2123085540936,17847700
2018-07-31,66.37928009033203,66.80982731055005,66.01425077012728,66.40735817020693,14977000
2018-08-01,66.97828674316406,67.1935638717019,66.61325751118088,66.8566127128076,14661400
2018-08-02,67.82068634033203,67.90492772746641,66.36056894521958,66.36056894521958,13104900
2018-08-03,68.06402587890625,68.06402587890625,67.53052102015717,67.8393941333578,7245700
2018-08-06,68.42906188964844,68.46650170775008,67.876833498793,68.03595451095381,7500200
2018-08-07,68.69113159179688,68.93448683232675,68.56945754198941,68.67241525371686,10272700
2018-08-08,68.87832641601562,69.00936935171434,68.47586443269157,68.65369464508899,7098600
2018-08-09,68.90641021728516,69.1684818014575,68.85024692002315,68.9438500351548,11723100
2018-08-10,68.35417175292969,68.68176118485117,68.1576180937768,68.39161156527986,11569200
2018-08-13,68.2605972290039,68.98129420555816,68.24188088740819,68.45715094988233,12064400
2018-08-14,68.6817855834961,68.76602697643857,68.11084073893198,68.49459359616083,9179500
2018-08-15,68.06402587890625,68.50393477208635,67.53052102015717,68.25121781004421,17792200
2018-08-16,68.36355590820312,68.77538683818368,68.21379660969514,68.5881877150487,9104400
2018-08-17,68.46649932861328,68.65369127170167,67.93299443580496,68.15762619569402,9024100
2018-08-20,68.36355590820312,68.644343881531,68.0921225353447,68.62562753967569,10619800
2018-08-21,68.4758529663086,68.90640009720356,68.39161160324542,68.55072545013647,8002300
2018-08-22,68.6817855834961,68.78474331880545,68.16700404786583,68.26996178317519,6371200
2018-08-23,68.83154296875,69.20593407390821,68.56010959603321,68.56010959603321,9367500
2018-08-24,69.52415466308594,69.54287814390652,69.00937319517035,69.018727794665,6557600
2018-08-27,70.16062927246094,70.19806909955739,69.71136562913722,69.89855762370262,8207500
2018-08-28,70.28229522705078,70.44141625903839,70.08574151321247,70.30101870889216,7385200
2018-08-29,70.91875457763672,70.96555613911032,70.35717154453197,70.36653328500982,11182300
2018-08-30,70.70349884033203,71.16212424373302,70.48822161127279,70.72221518415942,10520300
2018-08-31,70.75962829589844,70.94682736807695,70.5162730725236,70.63795425466824,10268900
2018-09-04,70.48819732666016,70.59115503453262,70.01085574388564,70.43204117360779,11073800
2018-09-05,69.60838317871094,70.45075399612851,69.2527085180184,70.39459784587783,16426600
2018-09-06,69.10296630859375,69.65518757431639,68.56009964197752,69.50543543854504,13978800
2018-09-07,68.86898803710938,69.4212094250542,68.57883115953784,68.65371081445416,14231000
2018-09-10,69.0842514038086,69.21528721671693,68.7098674474512,69.12169122762758,16654500
2018-09-11,69.67389678955078,69.82364889466236,68.71919944842315,68.88767502974487,13594900
2018-09-12,69.38378143310547,69.53354076848413,68.82219820727181,69.52417902479343,16268200
2018-09-13,70.19805145263672,70.37588880140954,69.79558233867166,69.8142986770564,12727400
2018-09-14,70.14189147949219,70.45075746198006,69.8236566169492,70.26356552465924,9439200
2018-09-17,69.26207733154297,70.16061153190724,69.18719769628385,70.03893748029745,14792100
2018-09-18,69.70198059082031,70.03893178115321,69.17783746848669,69.17783746848669,9651000
2018-09-19,69.52415466308594,69.92662380974063,69.13104725684154,69.69263028589292,10435300
2018-09-20,70.34782409667969,70.42269660536718,69.72071595739246,69.9359931647746,13700900
2018-09-21,70.06982421875,70.72722487168856,70.0416509286426,70.61453171125893,23020500
2018-09-24,70.41732025146484,70.42670657257864,69.4593852781917,69.73173905823482,17256800
2018-09-25,70.33279418945312,70.47366782456766,70.04166059797895,70.33279418945312,10550500
2018-09-26,70.06982421875,70.71783855173925,69.94773757324133,70.40791803029832,13320600
2018-09-27,70.4830551147461,70.68027532051643,70.32339452091574,70.32339452091574,14233200
2018-09-28,70.74602508544922,70.81176516304956,70.24827776002785,70.2858373771157,11710600
2018-10-01,71.0841064453125,71.37523999983873,70.8680992768664,71.19679960699759,10334100
2018-10-02,71.09347534179688,71.49730912416652,70.774168575105,70.99956200836561,14007000
2018-10-03,71.30950164794922,71.6288085005722,71.17802151273622,71.33767493904772,13292400
2018-10-04,70.02287292480469,71.01837468189376,69.56269240882229,70.9620209293332,23292400
2018-10-05,69.14006042480469,70.21068829418755,68.4638728935884,69.99468115749895,22288500
2018-10-08,68.3605728149414,69.02736692817354,67.58107838033912,68.8113597701631,19973000
2018-10-09,68.6047592163086,69.0085931131891,68.19153183388295,68.33240545653987,15138900
2018-10-10,65.28018951416016,68.20094081603767,65.23322924089418,68.19154732835813,44143000
2018-10-11,64.45372772216797,66.20054365835388,63.92780711002803,65.09234867910831,68269500
2018-10-12,66.51986694335938,66.73586701109807,65.22383787639941,66.27568641166472,35909400
2018-10-15,65.430419921875,66.33200087310946,65.39285315326583,66.27565430275996,19152500
2018-10-16,67.40264892578125,67.61865611881828,66.09723377669785,66.25689438247767,20999300
2018-10-17,67.09272766113281,67.5341283165555,66.4916735837874,67.4871680559289,24164900
2018-10-18,65.77792358398438,66.8391581929771,65.38348316277967,66.79220509433668,22960300
2018-10-19,65.74974822998047,66.87672287383408,65.50556776326451,66.16296844465744,22141700
2018-10-22,66.29444885253906,66.72646320508726,65.66522145989508,66.05966187034683,15981000
2018-10-23,66.04088592529297,66.38837325869902,64.25650332328782,64.91391121093734,24066100
2018-10-24,63.08256912231445,66.03149325423591,63.00743556306192,65.87183981467221,34165400
2018-10-25,65.25202941894531,65.59011622736625,63.880866545568566,63.98417343555083,23377200
2018-10-26,63.94658279418945,65.11113145329608,63.02622178230091,63.62727591887765,42743600
2018-10-29,62.86655807495117,65.28955403246817,61.5987027715025,64.8293736016976,34055300
2018-10-30,63.570919036865234,63.79631251029464,62.27489044310516,62.81020442070583,30560800
2018-10-31,65.08295440673828,65.59948146909426,64.49128662523061,64.5194599167062,21144100
2018-11-01,65.84364318847656,65.89060343765091,64.62274836122371,65.17684920794335,15553100
2018-11-02,64.5570068359375,65.72155506966656,64.0123066496561,65.33650109759617,20213100
2018-11-05,64.49128723144531,64.62276736965401,63.56153277836086,64.51946052318573,14208200
2018-11-06,64.89512634277344,65.20504690706493,64.37859923408502,64.43494582209048,9133800
2018-11-07,66.80156707763672,66.80156707763672,65.56189251611376,65.64641952707979,16314800
2018-11-08,66.74523162841797,66.82975865345976,66.32261799859558,66.54801145682559,10409700
2018-11-09,65.59008026123047,66.22870106496529,65.0359864871006,66.17235448864815,12941800
2018-11-12,63.27978515625,65.10173443940407,63.20465876709682,64.98903410797914,16431100
2018-11-13,63.35492706298828,64.44434224832963,63.16710031764786,63.430060627176864,15703500
2018-11-14,62.59419250488281,64.1907406489165,62.27487857699929,64.05926055070799,19496700
2018-11-15,64.16258239746094,64.31284949640482,62.33124691114264,62.6975140084063,26301100
2018-11-16,64.05927276611328,64.44432681652667,63.27977834585886,63.411258469139206,17972900
2018-11-19,61.61749267578125,63.824488749858524,61.44844577161071,63.758748685188294,19198600
2018-11-20,60.29329299926758,61.11035426100139,59.52319558168444,59.89885259641536,28064800
2018-11-21,60.73468780517578,61.35452880569299,60.481121046410074,61.11034836623507,16503300
2018-11-23,60.18059539794922,60.84738950554327,60.05850517544625,60.0866784642682,5338100
2018-11-26,61.5423698425293,61.5423698425293,60.650182071629075,60.969488965591374,12534600
2018-11-27,61.664451599121094,61.75836495159604,60.762863352998956,61.11974412358508,11538200
2018-11-28,63.82450866699219,63.82450866699219,62.04951920186155,62.28430624397018,16609600
2018-11-29,63.20466232299805,63.72118941621276,62.86656847483217,63.62727605064013,14115400
2018-11-30,63.80571365356445,63.852666751719724,62.932305778418296,63.242219154659686,16509800
2018-12-03,65.21443176269531,65.46799854029254,64.51007084532218,65.40225847460957,16231700
2018-12-04,62.744468688964844,64.89511823233583,62.5942087513525,64.7542446147975,20991100
2018-12-06,62.885337829589844,62.885337829589844,60.960089077393825,61.2700024157591,21577900
2018-12-07,60.66896438598633,62.8665746136578,60.38722426175694,62.58482732429721,19937500
2018-12-10,61.50480270385742,61.739589712217835,59.98338389280026,60.330867662055354,20447800
2018-12-11,61.579925537109375,62.584813471205344,61.082178312528605,62.46272682757616,15813100
2018-12-12,62.05889892578125,63.035613664144044,62.03072563339786,62.57542600478089,16928800
2018-12-13,62.16221237182617,62.819613147642436,61.805331523413564,62.35943260457105,12819300
2018-12-14,60.640769958496094,61.75835807434596,60.584423386311634,61.42026431098178,15516200
2018-12-17,59.354148864746094,60.82860722014436,58.875181422503395,60.41538701038807,23263500
2018-12-18,59.823726654052734,60.34025732318564,59.344759181126335,59.8143331680772,19626600
2018-12-19,58.64039611816406,60.80043566491403,58.00177523198545,59.73920107154038,33606100
2018-12-20,57.58854293823242,58.978481255434254,56.7527019675728,58.386817136992505,39501800
2018-12-21,55.8388671875,58.31011331086983,55.59362690766324,57.602695239063955,41613700
2018-12-24,54.34857940673828,55.98979115861287,54.301418914616896,55.31066855809719,21117000
2018-12-26,57.6309928894043,57.6309928894043,54.41459875082975,54.72586444074721,29060100
2018-12-27,58.0460090637207,58.06487397654744,55.72567875774542,56.82924917225286,23438800
2018-12-28,57.91396713256836,58.87605264712621,57.414055861461705,58.47046955269914,19842900
2018-12-31,58.46101760864258,58.677958676534885,57.970540742841564,58.413857132685756,16860100
2019-01-02,58.49876022338867,58.84775213953638,57.18767927521816,57.26313533362993,15442900
2019-01-03,55.54646301269531,57.04618937678537,55.47100696068748,57.00845955172437,24946700
2019-01-04,58.0082893371582,58.2535260503724,56.38594253275475,56.56515743675248,20767800
2019-01-07,58.527061462402344,58.923217501293934,57.87623805336272,58.00828886695498,11908600
2019-01-08,59.01752853393555,59.3004950293764,58.31954475172239,59.09298818504735,13002600
2019-01-09,59.78154373168945,60.09280580984941,59.272201860393864,59.33822725873429,14022400
2019-01-10,60.045654296875,60.07394987235892,59.03640465931333,59.309940549374126,10934100
2019-01-11,59.93245315551758,59.970182978644395,59.56459637531609,59.696647158145964,7725600
2019-01-14,59.375953674316406,59.58346051512909,59.16844323538958,59.404249243946744,7241900
2019-01-15,60.272029876708984,60.39464643625202,59.460856461320176,59.564611702560356,14327000
2019-01-16,60.32861328125,60.696470108873626,60.21542739539221,60.3380475373049,9468500
2019-01-17,60.71535110473633,61.06433949200605,59.95133812234921,60.111684527107215,10128400
2019-01-18,61.63969039916992,61.76231413159611,60.92283810423827,61.318997675470335,13651600
2019-01-22,60.60215759277344,61.24355036565121,60.121114812172586,61.139795123257024,14992500
2019-01-23,60.809661865234375,61.30956951139214,60.13053932848076,60.85681875481335,9576100
2019-01-24,61.319007873535156,61.53594541182802,60.998307900271,61.0266034751588,14170900
2019-01-25,62.18675994873047,62.37540187430678,61.5548015821988,61.78117333213602,10030800
2019-01-28,61.35672378540039,61.375585098969964,60.847381964286065,61.26239562886856,9662400
2019-01-29,60.69647216796875,61.48878419019531,60.60215119290655,61.47934993382035,8573900
2019-01-30,62.58291244506836,62.76212731211187,61.432177986379266,61.70571381641423,16995300
2019-01-31,62.51689147949219,62.8564527272955,62.064147946573584,62.26222414175406,18250900
2019-02-01,62.884765625,63.22432696636149,62.45088328797826,62.54520428363852,9737800
2019-02-04,63.89400863647461,63.903442893912555,62.92248881103405,62.969652901993854,7604300
2019-02-05,64.43161010742188,64.59196360919499,64.0354578715196,64.11091749632743,12060700
2019-02-06,64.64859008789062,64.82780499577062,64.2618646964085,64.5071050130501,10189600
2019-02-07,63.761940002441406,64.3278729546901,63.32805783250983,64.05434433148176,14632000
2019-02-08,64.12982940673828,64.12982940673828,63.14887509888176,63.186604941056814,8488800
2019-02-11,64.10153198242188,64.52598729752218,63.95061981428922,64.32790383273655,7434700
2019-02-12,64.95040893554688,65.03529564621905,64.45050133831258,64.54482230446894,9709100
2019-02-13,65.0353012084961,65.50691327584191,64.99757857579,65.271107242169,9120900
2019-02-14,65.14850616455078,65.38431225421489,64.74291940247929,64.79008349890441,9742000
2019-02-15,65.66725158691406,65.73327697314912,65.29939483557195,65.63894882461842,7356000
2019-02-19,65.68611907958984,65.88419525693291,65.33712360737886,65.40314899982656,8319100
2019-02-20,65.76158905029297,66.03512491800973,65.4125935232966,65.74272053735847,9852100
2019-02-21,65.78987884521484,66.0539804332686,65.38429220749556,65.60123690981318,9754100
2019-02-22,66.62936401367188,66.66709384924067,66.0728651305503,66.09172645021954,12246600
2019-02-25,66.95004272460938,67.41222046992971,66.90287864609121,67.12925039127676,20170500
2019-02-26,67.09151458740234,67.28016368843147,66.65763244937645,66.71423077779889,14134000
2019-02-27,67.02549743652344,67.1103913414743,66.33694792279037,66.83685550854327,9777500
2019-02-28,66.83688354492188,67.09155097414445,66.66710286002971,66.78029238203492,9438300
2019-03-01,67.28961181640625,67.46882671944383,66.75197430352317,67.36507148044625,12334000
2019-03-04,67.0349349975586,67.74235305671232,66.28978711170255,67.57257243466628,15826500
2019-03-05,66.83688354492188,67.08212391115083,66.62937301936131,66.9972299705891,8953800
2019-03-06,66.48786926269531,66.86516036729876,66.40298254217991,66.78970070713221,13122100
2019-03-07,65.85591125488281,66.3558189135355,65.63896652946387,66.29922776613462,18498300
2019-03-08,65.84648895263672,65.90308730654233,64.9315601903278,65.06361821862049,12890700
2019-03-11,67.26132202148438,67.32734743413579,66.08229165540182,66.08229165540182,14576900
2019-03-12,67.65746307373047,67.88383482677447,67.2424421962929,67.44995263501168,18050600
2019-03-13,68.10076904296875,68.50635564558557,67.91212712389355,67.94985694695418,17833600
2019-03-14,68.24227142333984,68.44978190479561,68.05362945632356,68.21397584791038,10656600
2019-03-15,69.06836700439453,69.38063838741263,68.4343667197068,68.48168319088404,21024500
2019-03-18,69.36170959472656,69.54149628540318,68.93588305269633,69.11567696285215,14837600
2019-03-19,69.5036392211914,69.83484002384232,69.22922683761914,69.64558139097342,16153100
2019-03-20,69.31438446044922,69.8821458926801,68.89802270772336,69.42793963468671,13704300
2019-03-21,71.05552673339844,71.20693364570265,69.31439055877367,69.32385529566241,27274100
2019-03-22,69.38063049316406,70.9798317398606,69.35224350147959,70.68648264700323,26747400
2019-03-25,69.07782745361328,69.54149852054631,68.63307864228838,69.15353091500464,21946900
2019-03-26,69.45636749267578,70.12821975841734,69.04947023658075,69.68347075530386,13965100
2019-03-27,69.05890655517578,69.82538426325787,68.45328607162251,69.56042936266059,15831200
2019-03-28,69.34276580810547,69.62665011086608,68.91694657344227,69.26706236477229,10539700
2019-03-29,70.02408599853516,70.05247298639104,69.57933727018472,69.91999556341152,14347200
2019-04-01,70.97981262207031,71.06497357418637,70.30796086173862,70.70539307723448,12590500
2019-04-02,71.22584533691406,71.32047825280921,70.81894834478969,71.0365939440795,11787100
2019-04-03,71.80307006835938,72.16265781499277,71.5191929846505,71.65167040094353,13869000
2019-04-04,71.5002670288086,71.96394522810505,71.0744477725743,71.77468661018463,11503100
2019-04-05,71.84092712402344,71.91663057309094,71.61382399629916,71.73683668642518,6709800
2019-04-08,72.11534881591797,72.15320054155588,71.36779347839591,71.67060006402068,7309900
2019-04-09,71.77468872070312,72.06803778223612,71.61382430534915,71.80307570935638,13440100
2019-04-10,72.2762222290039,72.2951517039176,71.80308642887287,71.84093815922088,8617400
2019-04-11,72.18159484863281,72.44654973548062,72.03019515021087,72.42762748048257,7697300
2019-04-12,72.68309783935547,72.68309783935547,72.18157519445514,72.5884721511723,8555000
2019-04-15,72.65470886230469,72.86288970228469,72.26674138555046,72.68309584603341,9910700
2019-04-16,73.02376556396484,73.09946901212142,72.67364975032751,72.88182340354082,9609300
2019-04-17,73.43067169189453,73.52529740410154,73.07109109771626,73.48745289480199,12247900
2019-04-18,73.63884735107422,73.65776960437769,73.09000815205248,73.59153088859772,11491900
2019-04-22,73.80918884277344,73.83757583721159,73.2319625575985,73.29820128444743,8084400
2019-04-23,74.61351776123047,74.70814348183058,73.84704003904606,73.92274350331803,16692800
2019-04-24,74.64189910888672,74.98255745286042,74.52835114054827,74.6702933204505,10938300
2019-04-25,74.62297821044922,75.19073972089947,74.22554587508198,74.98255881585588,11387600
2019-04-26,74.3390884399414,74.3580179132849,73.54422382700523,74.16875927724382,11050200
2019-04-29,74.35804748535156,74.5946154598765,74.27287926039213,74.3485827449157,10613200
2019-04-30,74.48102569580078,74.58511613388293,73.9037995280646,74.32016128039321,18842900
2019-05-01,74.29177856445312,75.41783675654716,74.28231382786177,75.2285853415925,15446800
2019-05-02,73.90380859375,74.81222843978306,73.50637626476289,74.2728539305922,24988800
2019-05-03,74.60403442382812,74.67028035316014,74.06466000945109,74.16875044200437,13288300
2019-05-06,74.02682495117188,74.14983765103075,72.5411789381982,72.82505606544456,13022500
2019-05-07,72.43709564208984,73.47799298369006,71.77470117417731,73.19410860894475,20625600
2019-05-08,72.35192108154297,72.97646376328836,72.07750146860747,72.20052138927309,13667300
2019-05-09,71.85987854003906,72.09644647600761,70.64865186299699,71.45298140139394,19300900
2019-05-10,72.08696746826172,72.4086963321455,70.36475352408397,71.39618605539503,19596200
2019-05-13,69.37116241455078,70.46884083666976,69.17244626285242,70.05247906007584,25461200
2019-05-14,70.48777770996094,70.92306183055378,69.66452594210324,69.72129993451267,18404300
2019-05-15,71.25425720214844,71.47189563589723,69.8821589958814,69.99571419141098,15048600
2019-05-16,71.90717315673828,72.42762539770801,71.20693423028001,71.3015599415075,15444700
2019-05-17,71.32994079589844,72.29514173802109,71.159611642552,71.16907637870412,13543900
2019-05-20,70.09034729003906,70.67703836615296,69.74968888706717,70.12819902586709,14674600
2019-05-21,70.95143127441406,71.17853438424176,70.66754697252118,70.82841137450423,14841100
2019-05-22,70.58238220214844,71.00820867554827,70.44990478006262,70.48775650344115,11521100
2019-05-23,69.34276580810547,69.66450183253268,68.831778394823,69.62665011086608,16085700
2019-05-24,69.36170959472656,70.08087079639145,69.2860061357684,69.721290195559,11750000
2019-05-28,69.16297912597656,70.02408963959694,69.12513461985296,69.57934088812078,25772800
2019-05-29,68.75608825683594,69.08728182638673,68.29241003998646,68.65199781790878,14754800
2019-05-30,69.1819076538086,69.32384981800843,68.70877191946137,68.91695279769068,11420500
2019-05-31,68.02745819091797,68.6709231056891,67.9990712007702,68.34919425804287,12039800
2019-06-03,66.83516693115234,68.51007186700174,66.38096056241628,68.13156174673499,19703700
2019-06-04,69.06836700439453,69.06836700439453,67.34615285794911,67.68681123588159,15096200
2019-06-05,69.96732330322266,70.12818773999325,69.17245141771515,69.98624555835127,14395800
2019-06-06,70.78109741210938,70.92303233410311,69.83482609493934,70.15655487742809,11922500
2019-06-07,72.0964126586914,72.52223185590918,71.00819921977397,71.15014135867226,11992100
2019-06-10,72.83451080322266,73.51582736624657,72.61686520468197,72.61686520468197,13463800
2019-06-11,72.83451080322266,73.64830478467034,72.41814907704631,73.57260134000595,11550100
2019-06-12,72.42762756347656,72.6831177133785,72.25729839038219,72.48440154801494,7596900
2019-06-13,72.645263671875,72.90076103312478,72.38030879315596,72.68311540018901,9867400
2019-06-14,72.0112533569336,72.2478212110756,71.69898205679142,71.98286636955302,8441700
2019-06-17,72.06802368164062,72.42760416669132,71.90715207828397,72.05855894744862,9351100
2019-06-18,73.3739013671875,73.73348197929592,72.60742367476824,72.83452683928516,16181200
2019-06-19,73.63884735107422,73.8280987620231,73.06162116235801,73.56314389890325,12371200
2019-06-20,74.71760559082031,74.96363823130775,74.09307008124999,74.71760559082031,13891900
2019-06-21,74.36434173583984,75.0100801683654,74.33585444756453,74.44031266789858,20715200
2019-06-24,74.50679779052734,74.75369973821118,74.39284137352217,74.49729961119657,8215900
2019-06-25,73.13935852050781,74.53529400470221,73.05389663126599,74.46882123140671,13122700
2019-06-26,73.92752075195312,74.4498118607446,73.83256070807839,73.85154981885856,9069200
2019-06-27,74.11746215820312,74.3738550498478,73.956022083476,74.17443674634899,6837500
2019-06-28,74.10794830322266,74.43081389440783,73.88004275385742,74.34535203026591,17783400
2019-07-01,75.28546142578125,75.90271250495299,74.97208679781906,75.80775247238489,14276600
2019-07-02,75.48489379882812,75.5323774464944,75.07655906185549,75.24749005047165,7784200
2019-07-03,76.06416320800781,76.06416320800781,75.52288292534175,75.67482480924201,5341800
2019-07-05,75.92172241210938,76.05466794312214,75.17153287781791,75.44691487421004,5923900
2019-07-08,75.34244537353516,75.43741266290908,74.9910924848048,75.33295444058736,7459900
2019-07-09,75.60833740234375,75.66531197527753,74.83914444280575,74.9531008336597,9249800
2019-07-10,76.20659637451172,76.66241471819083,75.96919264748831,76.02616722357816,10108600
2019-07-11,76.49149322509766,76.78587156469541,76.2350931109422,76.39652592652887,11352200
2019-07-12,77.0517578125,77.09924145882623,76.59594668571198,76.72889220144076,7753400
2019-07-15,77.30815887451172,77.40311892336086,77.08974424167012,77.2606752275935,6286000
2019-07-16,76.58644104003906,77.22268126684673,76.45349553727287,77.21318308951014,8005700
2019-07-17,76.38700866699219,76.89980147358885,76.37751049141117,76.72887053805663,6708000
2019-07-18,76.95679473876953,77.07075113847921,76.15911443077573,76.21609625312404,8022000
2019-07-19,76.62443542480469,77.75447232987304,76.52946813035598,77.72598503953338,11679700
2019-07-22,77.507568359375,77.69748843553178,76.90930635400679,76.91880453131057,6924700
2019-07-23,77.93490600585938,78.01087694782025,77.35564025213641,77.9538951188557,5505400
2019-07-24,78.58062744140625,78.60911472720232,77.83043085383618,77.83043085383618,9257100
2019-07-25,78.25777435302734,78.40970898315932,77.8399414414365,78.40970898315932,9923400
2019-07-26,78.4287109375,78.58065283749934,78.21980169248374,78.29576539749486,11120200
2019-07-29,78.38121795654297,78.51416346844147,77.77346497501068,78.46667982348328,8473200
2019-07-30,77.8779296875,78.21029349494214,77.6690132242542,77.83994421736553,7364000
2019-07-31,76.70039367675781,78.38121613744504,75.8932224461109,78.29574702750129,16869300
2019-08-01,76.3110580444336,78.45718986235957,75.93121061502384,76.83334916549538,28833000
2019-08-02,75.06707763671875,75.72230713858612,74.3833535956499,75.69381984437297,22371900
2019-08-05,71.93331146240234,73.16781343499862,71.35404593241324,73.06335524139502,27826600
2019-08-06,73.12983703613281,73.39572801824283,72.29417138380319,72.90192427005061,19150800
2019-08-07,73.58565521240234,73.78507346831832,71.89534188084039,72.29417839267234,20582400
2019-08-08,75.3899154663086,75.40891181876343,73.98448967404921,74.17440972868351,15991600
2019-08-09,74.53526306152344,75.15251412586751,73.9654956348158,74.94359771224467,15572600
2019-08-12,73.55717468261719,74.2978731997757,73.2153127139306,74.02248398916777,10893400
2019-08-13,75.39942932128906,75.6843094624792,73.32926841736368,73.49070122187015,26042800
2019-08-14,73.0823745727539,74.34536434868801,72.8924544576458,74.01300052475482,23569300
2019-08-15,72.94941711425781,73.32926452734816,72.33216597360935,73.14883537600821,15662300
2019-08-16,74.33585357666016,74.48779543899751,73.59515511023247,73.69961332934271,10847000
2019-08-19,75.46589660644531,75.69380215186867,75.07655102323486,75.50388207151364,7878100
2019-08-20,75.08605194091797,75.75077949140558,75.0480664744634,75.37093931683377,8337700
2019-08-21,75.96920013427734,76.15912023661804,75.6273381540741,75.807767322789,8401300
2019-08-22,75.78877258300781,76.33955103453276,75.11454678682561,76.16862004078321,7594100
2019-08-23,73.28177642822266,76.06414823583171,72.9778999652238,75.3709334507029,20398900
2019-08-26,74.29783630371094,74.32632357945693,73.6805854309412,74.183887200727,10358500
2019-08-27,74.18390655517578,74.91510672169827,73.75657557254516,74.782161236876,10033000
2019-08-28,74.2503890991211,74.3738364241846,73.25329058634505,73.7850725958328,7139500
2019-08-29,75.5418701171875,75.7697756703964,74.99109172236133,75.2569827419362,8120600
2019-08-30,75.52286529541016,76.13061819916283,74.98158513909962,76.03565816638637,10075400
2019-09-03,74.60173797607422,75.56085097332378,74.3358469855463,74.89612349700396,11837500
2019-09-04,75.87425231933594,75.91223779492748,75.3329719708865,75.40894292206961,7729400
2019-09-05,77.46007537841797,77.77344998678068,76.83333340667818,76.87131162134126,10043300
2019-09-06,77.39362335205078,77.66901257448113,77.18470689055276,77.63102710466444,9150100
2019-09-09,76.8143539428711,77.79245619766924,76.40601921810237,77.75447072966898,12610700
2019-09-10,76.4250259399414,76.46300416810533,75.56087272695376,76.46300416810533,9858500
2019-09-11,77.22268676757812,77.24167587861741,76.50097738330533,76.662417429581,9409300
2019-09-12,77.6405029296875,78.26724488874711,77.31763015169854,77.69747749551506,12771000
2019-09-13,77.07074737548828,77.51706028467257,76.98527826863234,77.51706028467257,16533600
2019-09-16,76.88084411621094,77.05177513843897,76.35856011411722,76.43452382233835,7725900
2019-09-17,77.1942138671875,77.1942138671875,76.75739178199166,76.93781372794943,7701300
2019-09-18,77.18470764160156,77.24168222438722,76.14013256893473,77.07075847603026,8630700
2019-09-19,77.3556137084961,78.03933746155678,77.25115551039042,77.42208644865559,8193500
2019-09-20,76.45355224609375,77.64426913824391,76.25351268031963,77.60616532558801,15013600
2019-09-23,76.69170379638672,76.92031942912305,76.3011451257172,76.46308089609045,7824200
2019-09-24,75.94868469238281,77.4918490367723,75.62480593886143,77.19655359162293,17724100
2019-09-25,76.8536376953125,77.06320504836765,75.14853009347985,75.84391201338468,11956600
2019-09-26,76.9393539428711,77.20608061217855,76.33923528893621,76.82504978072653,9089300
2019-09-27,75.91059875488281,77.10131585284466,75.3390487338128,76.93937280417593,12782100
2019-09-30,76.71072387695312,76.89171512294341,76.129653603828,76.23443724439531,11001400
2019-10-01,75.99630737304688,77.56805499206577,75.96773133284702,77.05366446579275,11022300
2019-10-02,74.56744384765625,75.51048946936183,74.00542903567317,75.4914411992769,19754800
2019-10-03,75.48192596435547,75.51050200800707,73.61488268100356,74.53888018605555,17472200
2019-10-04,76.72980499267578,76.8250608974328,75.93916717482904,76.01537480565854,10938400
2019-10-07,76.4059066772461,77.04412907039746,76.34875460250353,76.47258652029836,10619400
2019-10-08,75.00562286376953,76.13918746560644,74.99610236299758,75.91057189859623,14366800
2019-10-09,76.12015533447266,76.40592303693056,75.67244460630663,75.78674878026602,10251500
2019-10-10,76.64405059814453,76.94887377836541,75.98677266334786,76.04393200608533,9398100
2019-10-11,77.70140838623047,78.387262365607,77.46326504714462,77.5870969671484,15970600
2019-10-14,77.6537857055664,77.97766446294918,77.61568916240023,77.62520966441238,5662800
2019-10-15,78.51109313964844,78.70161216867105,77.8919190135512,77.96812662516025,8102900
2019-10-16,77.96814727783203,78.12056254142279,77.68237955993902,78.0824587255251,10033000
2019-10-17,77.81572723388672,78.45394969934995,77.40612036085416,78.23485460874984,6865900
2019-10-18,77.07271575927734,77.81572183378435,76.58690129996194,77.70141041172245,8726300
2019-10-21,77.90145111083984,77.93955491876177,77.2537009112835,77.52994806804882,6339300
2019-10-22,76.8536376953125,78.33012966997579,76.7964856054101,78.05388245618124,9458000
2019-10-23,76.92030334472656,76.92983111380325,76.45354440578637,76.6154801422981,8808500
2019-10-24,78.04434204101562,78.1110218909519,77.45374389332393,77.73951883165572,7254100
2019-10-25,78.98738861083984,79.08264450218466,77.99671135222465,78.04434293167638,8152700
2019-10-28,79.98759460449219,80.02569841500186,79.64466757746399,79.68277138797365,7229900
2019-10-29,79.26363372802734,80.06379918320766,79.23505768812063,79.92091171611563,7760400
2019-10-30,79.74945831298828,79.84471421393194,78.96834829715522,79.50178715648724,12779300
2019-10-31,79.70181274414062,79.95901162587536,79.18742224822928,79.87327624277775,11230900
2019-11-01,80.6543960571289,80.6543960571289,79.84471004009457,79.96854197809215,9920600
2019-11-04,81.07352447509766,81.32119559957295,80.90206096854683,81.27356402148054,10181600
2019-11-05,80.97826385498047,81.33071134906064,80.70201670681399,81.30213531089824,7899800
2019-11-06,80.94017791748047,81.01638554777662,80.53057098908822,80.96875396195162,8538600
2019-11-07,81.5783920288086,82.03563049571832,81.34977642913317,81.48313613457374,14042500
2019-11-08,82.0356216430664,82.0356216430664,81.04494446130064,81.36881592026121,6286500
2019-11-11,82.07373809814453,82.18804226948285,81.46408435825029,81.56886802701655,4244000
2019-11-12,82.3499755859375,82.65479881308069,81.98800027481715,82.18803983629621,8281200
2019-11-13,82.53096008300781,82.6071677004115,82.00704179780547,82.02609733593559,7686100
2019-11-14,82.43572235107422,82.50240221409874,81.97848381350607,82.20710671607014,6091300
2019-11-15,83.10248565673828,83.10248565673828,82.75955871622098,83.01675755538741,7062400
2019-11-18,83.35017395019531,83.47400587802886,82.75957581559861,83.07392678728193,6511100
2019-11-19,83.51212310791016,83.75979427093853,83.20729985632121,83.68358664115141,7043700
2019-11-20,83.00724029541016,83.56926234533803,82.37854566991896,83.32159124193468,12379900
2019-11-21,82.58811950683594,82.94057431800296,82.41665598620861,82.84531842155646,9377700
2019-11-22,82.48333740234375,82.95962416115408,82.15946589478114,82.82626445009193,5890000
2019-11-25,83.68357849121094,83.68357849121094,82.82626090849881,82.85484421755494,7369900
2019-11-26,83.7597885131836,83.96935584691248,83.5978527616873,83.73121247086767,9727200
2019-11-27,84.22653198242188,84.22653198242188,83.76930085446202,84.01696468729122,9348500
2019-11-29,83.97888946533203,84.14082522810585,83.83600197624234,84.00746550963804,5680100
2019-12-02,82.77864074707031,84.01698196860181,82.41665815645895,84.01698196860181,11583800
2019-12-03,82.0451431274414,82.10230247254624,81.12115304768488,81.47360054930022,11247200
2019-12-04,82.3785629272461,82.64528235560526,82.25472371582266,82.57860249851547,6914500
2019-12-05,82.68338012695312,82.75005997917008,82.29282151571186,82.6738523573339,7810300
2019-12-06,83.59784698486328,83.67404733658708,83.24539219635122,83.31207204633365,9203500
2019-12-09,83.15966033935547,83.72167515430753,83.15966033935547,83.45495576636023,5685100
2019-12-10,83.22636413574219,83.66454715168501,83.01679676560425,83.29304400191695,6175400
2019-12-11,83.78838348388672,83.86459112565109,83.27399280331835,83.4454563635078,4939500
2019-12-12,84.68379211425781,84.80762406245712,83.35018765821445,83.55022723648702,12094700
2019-12-13,85.24581146240234,85.43633054748257,84.43612533660134,84.59806110824954,13128100
2019-12-16,86.00785064697266,86.30314606673238,85.87449095627096,85.89353922598917,9872300
2019-12-17,85.80780792236328,86.19835921131761,85.69349650562754,86.16025540573902,7459700
2019-12-18,85.79828643798828,86.13168567677195,85.76971039860086,85.91259786309625,6485100
2019-12-19,86.41744995117188,86.42697771897909,85.82685189560092,85.85542793146513,6862000
2019-12-20,86.919189453125,87.02431495298123,86.69938689252949,86.92874830527589,11700400
2019-12-23,87.16767120361328,87.38748106211736,87.06254570058108,87.18678890849263,7765200
2019-12-24,87.19633483886719,87.3205780387556,86.99564269820237,87.3205780387556,2445400
2019-12-26,87.84620666503906,87.86532437051984,87.32058642461054,87.37792495851627,4134600
2019-12-27,87.8366470336914,88.19980320051035,87.61683718846703,88.19980320051035,9666100
2019-12-30,87.33013916015625,87.82709743158135,86.66116528470137,87.81753857871246,8245600
2019-12-31,87.60729217529297,87.70285883520785,86.91920055787571,87.03388492453485,5800900
2020-01-02,89.25106811523438,89.25106811523438,88.22848950649501,88.400512416903,13283500
2020-01-03,88.2475814819336,88.8592240398923,87.94176384858801,87.95132270029904,15011800
2020-01-06,88.4578628540039,88.55343682140541,87.20592262676038,87.36838670531091,7815000
2020-01-07,88.41960144042969,88.85922110942917,88.2858066859576,88.61074201200931,7681800
2020-01-08,89.36573791503906,89.7575633579732,88.35271103391102,88.51518235538893,11627200
2020-01-09,90.37875366210938,90.43609219003548,89.72889027763266,90.18762037484403,7777400
2020-01-10,90.16850280761719,90.89482242460467,90.01559763582736,90.7705865168212,7665300
2020-01-13,91.29621124267578,91.40133674343791,90.53167076317689,90.57945044180737,7762200
2020-01-14,90.86614227294922,91.49688787931565,90.72278867882655,91.41088009760205,8067300
2020-01-15,90.97128295898438,91.41089537416626,90.66546530967229,90.92349598920178,7208500
2020-01-16,92.19456481933594,92.2136752348229,91.4300169570195,91.55426017712547,5771600
2020-01-17,92.81575012207031,92.90175792039538,92.12765857039747,92.62460952923448,10830500
2020-01-21,92.77751159667969,93.31269061405301,92.50992208799303,92.52903249949897,8987500
2020-01-22,93.11199951171875,93.7618628791125,93.0355432823154,93.36047861164595,7745800
2020-01-23,93.55162811279297,93.62808435545142,92.8061979750446,93.20758231209855,7478200
2020-01-24,93.11199951171875,94.44995436120793,92.78706418238819,94.2397033759824,11808700
2020-01-27,90.89482879638672,91.61158961186158,90.51255490321319,90.94261576725893,17787300
2020-01-28,92.6341781616211,92.88265731290703,91.49691521080169,91.68805582381735,15592200
2020-01-29,92.87308502197266,93.5325072817468,92.50036999460495,93.39871251762854,10563300
2020-01-30,93.67585754394531,93.76187263378964,92.27101246165692,92.834860806816,9966800
2020-01-31,91.10508728027344,93.17891366003329,90.7801518924608,93.13112668523863,13482300
2020-02-03,92.30921936035156,92.53858803781449,91.10506661437273,91.21019210205982,12537800
2020-02-04,94.72711181640625,94.92780396940229,93.68541564178717,93.91477706074434,9548900
2020-02-05,95.28140258789062,96.33265762907804,94.5933183217518,96.28487065765383,16348500
2020-02-06,96.15106964111328,96.17973890559816,95.24317557317625,95.67322912298481,6752800
2020-02-07,95.27185821533203,96.07462689870077,95.08071760648087,95.70191182552689,8299000
2020-02-10,96.56201934814453,96.58112976201211,94.69843682589031,94.71755453102605,8173800
2020-02-11,96.23709869384766,97.38392056545557,95.95039869439763,97.29790546173206,7552900
2020-02-12,97.27877807617188,97.31700619435077,96.3517662613208,96.89650418565098,6076400
2020-02-13,97.020751953125,97.52726911241932,96.37088844723397,96.51424208509957,7401400
2020-02-14,97.44125366210938,97.60371771517954,96.90607452669286,97.21189221711214,6196200
2020-02-18,97.07809448242188,97.28834550530715,96.55246692520872,96.65759243665136,10316600
2020-02-19,98.23446655273438,98.37782018388104,97.64194161325346,97.7088390022861,8307800
2020-02-20,97.21189880371094,98.26314673005025,95.88350243739019,98.02422641536998,13162300
2020-02-21,95.03295135498047,96.80096031195463,94.44042632069558,96.71494520299679,14949500
2020-02-24,91.10508728027344,92.42392466414334,89.64289626328821,90.47433421107348,21182600
2020-02-25,88.19026184082031,92.26146588076776,87.86533372573432,91.92697891192363,31467200
2020-02-26,88.59163665771484,90.51255774505407,87.9226627921083,88.52473927115419,27879800
2020-02-27,83.813232421875,87.50216217742455,83.75589388711849,85.68637385829645,33912900
2020-02-28,84.45355224609375,85.25632097307918,80.33456121959655,80.47791486120656,55927200
2020-03-02,89.33708953857422,89.35619995607468,84.46310916249996,85.97308733946987,35004300
2020-03-03,85.94441986083984,90.46479563168354,85.03652553959915,89.84360132654899,47494600
2020-03-04,89.63333129882812,89.66200056524278,86.58470625475587,87.79842533560911,22363800
2020-03-05,86.80451202392578,88.90700742959027,86.24065640970231,87.24412443451862,24509500
2020-03-06,84.96961212158203,85.47612195002509,82.65685826321561,83.89924663926973,28815900
2020-03-09,78.51876068115234,82.18857251211733,77.888007671367,77.9644639073291,29559900
2020-03-10,83.75590515136719,83.76546400553498,78.95838842812411,81.88277075429818,35582300
2020-03-11,79.79936218261719,82.01654177436376,78.66209947818633,81.51003201932836,31652100
2020-03-12,72.01056671142578,78.27028059689644,71.67607979729199,74.00794392656962,32745300
2020-03-13,80.45880126953125,80.64037573655341,72.91847730588411,76.54050257941995,32924800
2020-03-16,69.34422302246094,75.69950423009705,68.03494449238357,68.54145434340055,40622400
2020-03-17,74.06529235839844,74.96363501182248,68.75170726563421,70.97843890098044,50407300
2020-03-18,71.27470397949219,72.45974659823042,67.1557131457319,69.14353174516096,53706200
2020-03-19,71.53270721435547,73.96013734820419,68.92370268455562,70.61525451114166,61727100
2020-03-20,68.25474548339844,73.62567613193421,68.0253840506328,72.88024600699451,45222000
2020-03-23,67.63127136230469,69.37969310338549,65.4217241015652,67.9098669615695,42479200
2020-03-24,74.55770111083984,74.61533904417102,71.4355193468326,71.72372367216946,37664500
2020-03-25,74.46163940429688,77.90083731381272,73.03023379618706,75.12449766086807,28740400
2020-03-26,79.07286071777344,79.26499939569196,75.22057367460648,75.40309625695267,28212900
2020-03-27,75.49917602539062,78.06417471671242,75.17255120596668,76.62316734535203,29242700
2020-03-30,78.67898559570312,78.86150816956174,76.26769843767713,76.5078662769013,23740100
2020-03-31,77.20918273925781,79.9086677160399,76.80569507809871,78.49647922534054,19994400
2020-04-01,73.52980041503906,76.13321940409983,72.98221793142616,74.53850113256694,27492400
2020-04-02,75.24940490722656,75.34547059717092,72.97261067589942,73.27041651352963,22111800
2020-04-03,74.08699035644531,75.72973777824141,73.15513780814963,74.92276988914355,15786000
2020-04-06,80.40818786621094,80.93656003258126,76.8537068558635,77.343651289285,17993600
2020-04-07,79.68769073486328,83.27099832838604,79.60123382582236,83.24217935870574,22149400
2020-04-08,81.83000183105469,82.1662354032029,79.97590547110347,80.73483686500498,13714300
2020-04-09,81.84920501708984,83.22296549062526,81.2728036100791,82.8002750344662,19629900
2020-04-13,82.03174591064453,82.14702913920244,80.36017940793872,81.52259114419651,12650800
2020-04-14,85.470947265625,85.62465089929088,83.52078523084927,83.85701880075162,15889500
2020-04-15,83.60724639892578,84.28932234091279,82.98280840632451,83.7705588084137,12929100
2020-04-16,84.62555694580078,84.8369058685473,83.24219483850621,84.70241243213454,11833800
2020-04-17,85.74952697753906,86.14339842081225,84.51026005327621,86.12418821867193,14142400
2020-04-20,84.37577819824219,85.71111097464662,84.26049498159986,84.58712709741556,10203500
2020-04-21,80.84049987792969,83.38628055701197,80.35055541109561,83.18453311293707,16382500
2020-04-22,83.95305633544922,84.41418174049899,82.50244075820936,82.80025381683429,12016000
2020-04-23,83.37667846679688,85.09628129217828,83.30943175650114,84.14521125169928,10584800
2020-04-24,85.1443099975586,85.16352753144635,83.18453931348283,83.72252032221492,8442500
2020-04-27,85.87442016601562,86.16262453220472,85.35565670448015,85.9128479034636,7799300
2020-04-28,84.73121643066406,86.99840157137945,84.61594055088139,86.94076363148811,12633800
2020-04-29,88.2088394165039,88.51625394261907,86.22985886272124,86.53727338883643,11462900
2020-04-30,87.81497192382812,88.39137326994386,87.16171511040609,88.39137326994386,15430600
2020-05-01,85.40370178222656,87.08487698530448,85.07706964579918,85.88403755453454,11995100
2020-05-04,86.53728485107422,86.62374176236737,84.61594197602909,85.0098134541558,10729000
2020-05-05,87.72850799560547,88.84289028739671,87.37305695508431,87.52676789023101,8687300
2020-05-06,88.41060638427734,89.26560352395084,88.01673483860453,88.57391879762112,8470500
2020-05-07,89.73631286621094,90.24546750075878,89.47692750148691,89.6114209019584,10544400
2020-05-08,91.05242156982422,91.17731352538905,90.06293133689726,90.59130346580977,7610800
2020-05-11,91.65765380859375,92.19562740034645,90.24546580090242,90.42798836705252,10384400
2020-05-12,89.76514434814453,92.29170767134573,89.6978976385336,92.03232959980117,13521000
2020-05-13,88.21846008300781,90.50485547135374,87.0560485202768,89.81317086194719,16971100
2020-05-14,89.34243774414062,89.40007568116711,86.64295352973365,87.60362490332656,15237600
2020-05-15,89.79396057128906,89.81317077515783,87.68047900799567,87.9302556343381,14016400
2020-05-18,91.993896484375,92.51265992648331,91.24457395555451,91.5615899512808,10016700
2020-05-19,91.65765380859375,93.07944325232319,91.61922607641992,92.03231503561302,10046400
2020-05-20,93.66547393798828,93.83839510612441,92.87772357855529,92.92576008667059,9096000
2020-05-21,92.35894775390625,93.84799135474394,92.31091125219879,93.56939576939116,10290800
2020-05-22,92.69517517089844,92.81045836979658,91.8497870336673,92.22444826841047,9244800
2020-05-26,92.59912109375,94.6165296862716,92.52226561819793,94.54928297749895,13000700
2020-05-27,93.12747955322266,93.16590728531536,90.62012683656341,92.58949863326549,19428400
2020-05-28,92.94495391845703,94.64533899779173,92.71439484467318,92.78164154658268,10573700
2020-05-29,94.11697387695312,94.33792418430119,92.44540777049333,93.22354922310826,17777500
2020-06-01,94.08816528320312,94.28990541059393,93.26198723997894,93.67507626159103,13359700
2020-06-02,94.97198486328125,94.97198486328125,93.38687542596901,94.28030021213831,11207600
2020-06-03,95.7116928100586,96.01910737730407,94.9431600566156,95.35624906847747,11017900
2020-06-04,94.92393493652344,95.99988950055666,94.39557008501295,95.33702391536879,7569400
2020-06-05,97.42170715332031,97.70029545800269,95.43310997293567,95.59642970966908,10378200
2020-06-08,97.91162872314453,97.95005645921265,96.35534572376257,97.2487704316579,8065100
2020-06-09,98.37274932861328,98.85308501153685,97.33522249445659,97.42168672864007,7353900
2020-06-10,100.01551818847656,100.76484084374893,98.9011356441846,99.0836655886944,12194800
2020-06-11,94.28030395507812,98.42079592977774,94.25148498169337,98.27670106285393,19871000
2020-06-12,95.5003433227539,97.2871853076216,93.83837864666117,96.80684962808901,21643500
2020-06-15,96.42259979248047,96.85489902991046,93.45412108627798,93.7615356689562,14962000
2020-06-16,98.47842407226562,99.32381223828435,96.9509527845487,98.72819335103925,13967900
2020-06-17,98.4592056274414,99.39105801927212,98.29589325529439,99.03560697753376,8662100
2020-06-18,98.90110778808594,99.00678221784435,98.06532844461178,98.27667730412858,6858600
2020-06-19,98.21903228759766,100.20762159813505,97.74830539980408,100.09234573217604,15640000
2020-06-22,100.06957244873047,100.1562749782169,98.19110338783045,98.34523060202558,7369000
2020-06-23,100.79206848144531,101.9480557388497,100.64757650511815,100.96546620257892,9514000
2020-06-24,98.51862335205078,100.93655591476684,97.97916710521315,100.37782917366206,12712800
2020-06-25,99.78057861328125,99.88654428575339,97.59384048085475,98.6631251034079,10267200
2020-06-26,97.8154296875,99.73243278348932,97.51680309578715,99.58793343766173,22137800
2020-06-29,98.88471984863281,98.89435509874812,96.63054904191006,97.8057996715343,9273600
2020-06-30,100.6572036743164,101.0618032537231,98.75946400386971,98.89433543003258,8250000
2020-07-01,100.82097625732422,101.40859412182147,100.26224943913341,100.72463847177734,10854600
2020-07-02,101.40858459472656,102.32374202465697,101.19666059524019,101.77465050651492,9572300
2020-07-06,103.18110656738281,103.6627661042114,102.66091338566298,102.71871017822922,8023100
2020-07-07,102.10218048095703,104.10588579877421,101.99621480119953,103.06549949726828,7931800
2020-07-08,103.76871490478516,103.7783501518254,102.36227016805067,102.91136165670413,6663500
2020-07-09,104.1444320678711,104.63572688362598,102.65128447174271,104.61645638522052,8883900
2020-07-10,104.11553955078125,104.16370110043184,102.8824921666856,103.90360815360066,7362300
2020-07-13,101.95769500732422,105.69537800200042,101.69760207139022,105.00178704012065,14455200
2020-07-14,103.13294219970703,103.27744153700498,100.06958711706515,101.14850717274273,15026600
2020-07-15,103.6916732788086,104.58756038713528,102.47788908537264,104.07700241080084,11889600
2020-07-16,102.41043853759766,102.87283488236284,101.6205172670101,102.58383624819203,8590300
2020-07-17,102.91136169433594,103.20035295978866,101.96730592162753,103.0173273631973,6355200
2020-07-20,105.54122161865234,105.79168660306918,102.62236638137479,103.200356280418,8509200
2020-07-21,104.4815902709961,106.3311612068447,104.09626115530891,106.29262756032182,9397400
2020-07-22,105.3196792602539,105.64720422738631,104.49122424398297,104.57791943544454,7514000
2020-07-23,102.58383178710938,105.45452545999096,102.12144281199276,104.7609346477758,11674800
2020-07-24,101.34115600585938,102.00584846866789,99.67461824920656,100.86913175305226,11455800
2020-07-27,102.94026947021484,103.04623514873629,101.75538386017539,101.95767996929612,8454000
2020-07-28,101.73611450195312,102.94026318477187,101.65904722236304,102.62236616861804,8912700
2020-07-29,103.21000671386719,103.48937013191006,102.1214587880102,102.1214587880102,6593500
2020-07-30,103.78800201416016,103.85543405993198,101.72649964394502,102.27559125938473,10778400
2020-07-31,106.37931823730469,106.41785187952969,103.71092782170477,105.4256344782433,12592900
2020-08-03,108.99954223632812,109.34633765129897,107.77612303641973,107.82429192443142,12163500
2020-08-04,109.2789077758789,109.28853567403903,108.29631829754356,108.7683498908504,8985800
2020-08-05,109.6834945678711,109.93395954893553,109.1344030686984,109.62569778360246,6480100
2020-08-06,111.22480773925781,111.33077341424975,109.355966579808,109.59679632305502,8199700
2020-08-07,109.56791687011719,110.79133629303963,108.70092817464887,110.78170104377283,13738100
2020-08-10,109.25965881347656,109.96288504340869,107.78578165504099,109.77985204872594,8240600
2020-08-11,107.29446411132812,109.36560136439209,107.07290486422156,108.90321237505809,9422200
2020-08-12,109.73167419433594,110.02066549350407,108.02659539612611,108.16145947231276,7098400
2020-08-13,109.77983856201172,110.69499607345418,109.3848815714528,109.88580424596339,5726800
2020-08-14,109.7027587890625,110.02065580473928,109.09587049966707,109.82799495559351,4167100
2020-08-17,110.43489837646484,110.68536339430457,110.23260225228165,110.36746633507045,4087300
2020-08-18,110.84913635253906,111.14776294272457,109.9147155837808,110.64684020923191,4465000
2020-08-19,110.71427917480469,111.61980160103376,110.53124616961989,111.12850673685176,7119700
2020-08-20,112.1881332397461,112.40969985022271,110.18442789545857,110.30002882477778,6401500
2020-08-21,113.61385345458984,113.7390822878406,112.23630689066658,112.29410368300674,7644300
2020-08-24,114.59642791748047,115.29001877679288,113.64274416069627,115.25148513465989,8220300
2020-08-25,115.17440795898438,115.22257684489897,114.16292750063903,114.3363252005754,9314100
2020-08-26,117.51528930664062,117.82355110985256,116.1184796185487,116.37857252925768,8231500
2020-08-27,117.61161804199219,118.54603868652944,116.55196856811507,118.00658237609186,9087100
2020-08-28,118.64236450195312,119.02768619937247,117.91987529498147,118.07400250404115,6546300
2020-08-31,119.01807403564453,119.78872488190248,118.37264467310767,119.11440447273411,9520000
2020-09-01,121.29149627685547,121.4456234918655,119.33595257420777,120.08734755208106,12806300
2020-09-02,122.37041473388672,123.03510721388096,120.23184531959298,123.0254719657466,20197500
2020-09-03,115.39598846435547,120.51121020518622,114.44230467443843,120.4148797712774,27081000
2020-09-04,113.7872314453125,116.38818954307348,108.90320490206625,114.7505503481188,31272100
2020-09-08,108.64310455322266,112.06288959392957,108.45044371270676,109.46192414972518,23930200
2020-09-09,112.1881332397461,113.28631634488542,110.07846221430118,111.29224624875971,18391900
2020-09-10,109.65460205078125,113.90283496156157,108.98990959791837,113.7294372499252,16054900
2020-09-11,108.81651306152344,111.10920962944104,107.42933135345056,110.68535426828376,18583200
2020-09-14,111.0995864868164,111.69683958704856,110.10736905297435,110.62755486622783,12365100
2020-09-15,112.19779205322266,112.99734877914733,111.44640422868332,112.79504527296291,9130200
2020-09-16,110.46379852294922,112.85283310506314,110.357832834859,112.69869852255322,9818500
2020-09-17,109.54864501953125,110.30966796124095,107.70870208143417,107.88209980675462,15201800
2020-09-18,107.66055297851562,109.92435156823063,106.33116781426389,109.73169067318588,20918800
2020-09-21,108.55552673339844,108.60379495903933,105.34056679970669,105.71709284248273,19190900
2020-09-22,110.2740249633789,110.55400717189309,107.91831766817037,109.78164195076289,12768700
2020-09-23,106.83700561523438,110.43814027364881,106.50874784765864,110.33193988112313,11853900
2020-09-24,107.43559265136719,108.76792230694879,105.70743115499998,105.84259396559221,15919300
2020-09-25,110.00370788574219,110.33195834242247,106.81771030851462,107.49352440510413,9663300
2020-09-28,112.10838317871094,112.11803240344004,110.90156716373704,111.82840097933855,8736600
2020-09-29,111.73184967041016,112.43662605098174,111.49048648361881,111.96355626730028,10425500
2020-09-30,112.66834259033203,113.81723381790555,111.62565912940457,111.67392735153034,11159200
2020-10-01,113.85582733154297,114.38682921681992,113.13173786933926,114.23235326262338,13538200
2020-10-02,110.96914672851562,112.90005232050194,110.52503932625721,111.05603394456128,18625800
2020-10-05,113.4020767211914,113.46965811762243,111.69322863096694,111.76081002739798,6135300
2020-10-06,111.64496612548828,114.20341763146197,111.24913429026145,113.13176438694401,13431100
2020-10-07,113.69171905517578,113.91376906506804,112.72626629538684,112.81315350817424,6496200
2020-10-08,114.28064727783203,114.68613567429117,113.89446469585282,114.68613567429117,5054800
2020-10-09,116.02812957763672,116.05709198604569,114.79235104671356,114.82131345512254,7212700
2020-10-12,119.19479370117188,119.9768080589476,117.14803125261663,117.73695800984669,9581900
2020-10-13,118.43209075927734,119.79338271472244,117.97832677412897,119.5809819245832,8806900
2020-10-14,117.80453491210938,119.34926512081903,116.92597678757981,118.72171939425817,7267000
2020-10-15,117.2735595703125,117.50526619327024,115.54539807456509,115.85434269378234,6592500
2020-10-16,116.93563842773438,118.39346676058763,116.82943803715303,117.92039698079246,5772100
2020-10-19,114.79234313964844,117.9686838392133,114.4351229402945,117.52457642061736,8308200
2020-10-20,115.18817138671875,116.40464397900482,114.48339496650262,115.22679038267613,7283300
2020-10-21,115.0143814086914,116.11499693483621,114.75371241179175,114.90818101881604,6085900
2020-10-22,114.47373962402344,115.4391924360219,113.16072321043991,115.06266642860813,6743200
2020-10-23,114.34822082519531,114.6571653964001,113.3924173431202,114.63785221742629,5156400
2020-10-26,111.86702728271484,113.99102066147704,110.47677278559289,113.08349260187566,9094600
2020-10-27,112.4269790649414,112.90005625485449,111.78978402760742,112.4076732493097,9532400
2020-10-28,107.65763092041016,110.36089401775416,107.47419255327694,110.29331262446605,16378300
2020-10-29,109.45338439941406,110.71812518506583,108.00520522836725,108.07278662838328,9704500
2020-10-30,107.03010559082031,108.59414188948062,105.78467050656094,107.91832046204037,12924300
2020-11-02,107.30042266845703,108.72929604097659,106.27704506643019,107.85073046503263,12019900
2020-11-03,109.19268798828125,110.15814059183072,107.69624087227086,108.14034818600535,10485100
2020-11-04,113.44068908691406,114.29028478752961,111.38427754494838,112.51385540465547,15381900
2020-11-05,116.96458435058594,117.30249128854143,115.9411995824394,116.42392588403834,11094900
2020-11-06,117.37975311279297,117.75627911527391,115.0916273266377,116.68462591872958,9727600
2020-11-09,116.5301513671875,121.02916500303799,116.42395096868835,119.87062457590949,19884100
2020-11-10,114.35787963867188,116.32740420744493,113.43104584733518,115.5164274022079,11769200
2020-11-11,117.07079315185547,117.38938693581784,115.28470718055753,115.5164137595718,7244300
2020-11-12,116.02812957763672,117.65009074092862,115.4874783118131,117.07082047528603,7176400
2020-11-13,117.01287078857422,117.25423397697129,115.80605484658884,116.9066703964139,5925800
2020-11-16,118.1424560546875,118.35484947309179,116.78116413715212,117.02252732543967,7432100
2020-11-17,117.48595428466797,118.12314930621407,116.98391470083614,117.55353568643528,4969700
2020-11-18,116.23085021972656,117.84315446448088,116.18257463829241,117.28319749527046,4771400
2020-11-19,117.16735076904297,117.37975156062258,115.48746498281729,115.99915378117532,6077600
2020-11-20,115.9605484008789,117.30252734252774,115.92192940098285,117.27356493406096,4957900
2020-11-23,115.93156433105469,117.08044805855876,114.92749261882697,116.3177468920376,4903500
2020-11-24,117.54387664794922,117.77558325406582,115.53573308608473,116.37567966126022,6817000
2020-11-25,117.7948989868164,118.28727461475464,117.35079157971232,117.94936760563418,6093200
2020-11-27,118.42244720458984,118.92447943328378,118.20038981358911,118.42244720458984,3512900
2020-11-30,119.214111328125,119.38789312142714,117.04184259475831,118.38382135632813,16114600
2020-12-01,120.7395248413086,121.40568963053866,119.69684141506976,120.1988736302351,11340600
2020-12-02,120.55609893798828,120.69126174649696,119.32031311390504,120.22784114173817,8019400
2020-12-03,120.47885131835938,121.28982810462607,120.16025013840316,120.69125210499685,6887700
2020-12-04,121.6856689453125,121.70497475989932,120.39195839339216,120.65263476814498,5179400
2020-12-07,122.03323364257812,122.39044645932884,121.54085065921174,121.75325145069607,4452700
2020-12-08,122.42906188964844,122.81524446602735,121.39602773318131,121.91737310641986,3943400
2020-12-09,120.0830078125,122.71869700431496,119.66786284428943,122.35182761889483,8635900
2020-12-10,120.25678253173828,120.82640343874976,119.06927986940039,119.34926202832884,4998700
2020-12-11,120.00579071044922,120.00579071044922,118.65415526407698,119.53271351643554,6511600
2020-12-14,120.44022369384766,121.52153336387622,120.29540431644266,120.37264229983458,5527900
2020-12-15,122.4483642578125,122.4483642578125,120.96156625781684,121.74358056571494,4549600
2020-12-16,123.27867126464844,123.713122081406,122.2070180597714,122.61250647085451,5154600
2020-12-17,124.2537841796875,124.5241098107543,123.66485732665437,124.1765461805767,5752500
2020-12-18,123.8193359375,124.45653839487778,123.02766484446228,124.43722521178206,8846700
2020-12-21,123.94318389892578,124.0012436141972,121.15619943829873,122.2497066290767,7616100
2020-12-22,125.017333984375,125.57860251331863,124.05930437646171,124.63024460271555,7167100
2020-12-23,124.06897735595703,125.24955923535046,123.885111765395,125.16246967117323,5650400
2020-12-24,124.89151000976562,125.20118147026383,124.19476398959263,124.28185355062726,2192300
2020-12-28,126.30437469482422,126.55597171087588,125.53988241775049,126.13018078682718,4085500
2020-12-29,125.70439147949219,127.15594341235446,125.48182431758593,126.99143596521071,4420700
2020-12-30,125.63664245605469,126.40111986984775,125.45277687444747,126.13985119004062,4070700
2020-12-31,125.82054138183594,126.17858617820137,124.80445194879836,125.69473547351221,5529200
2021-01-04,123.76901245117188,126.48825844765928,122.16262455849437,126.45921382053457,10508600
2021-01-05,124.57221221923828,124.77543603494242,123.41097335137366,123.48839124469174,6180700
2021-01-06,122.42389678955078,124.81411286248702,122.04649386314111,122.79162063546977,13629000
2021-01-07,125.72376251220703,125.96568785912075,123.5561134710933,123.6045014936663,9826000
2021-01-08,126.53661346435547,126.87531481714886,125.10441971112984,126.34307616245195,6193800
2021-01-11,125.49148559570312,126.38178370131016,124.96893344027593,125.30763476953612,8926600
2021-01-12,124.89151000976562,125.501166468904,123.70124171111506,125.33665904274481,8544600
2021-01-13,125.6850357055664,126.0721102764906,124.81409577206439,125.0560210703791,6802600
2021-01-14,124.58187866210938,126.25599788393653,124.39801304077355,125.99471438172505,7812400
2021-01-15,123.30449676513672,124.94958600715148,123.05289974514149,124.39800394940619,6320600
2021-01-19,124.91090393066406,125.12379942922351,123.72062790825264,124.15609798702681,5784800
2021-01-20,127.38818359375,127.83333263653464,125.69470651746104,125.8689004093153,5885000
2021-01-21,129.0333251953125,129.45911625326957,127.38823546171365,128.07531008086335,4472600
2021-01-22,128.53977966308594,129.18813783385852,128.2301081251907,128.49139163954584,5621800
2021-01-25,129.61392211914062,130.43645941302015,126.4785644067181,129.9913250577326,9102600
2021-01-26,129.70098876953125,130.27192892540504,129.20746648044602,130.0687199452898,4296700
2021-01-27,127.25270080566406,129.49777455392078,126.10113407840718,129.08165538249918,12242300
2021-01-28,127.7752685546875,129.90422315079874,127.46561182813008,127.90107444426212,8090800
2021-01-29,124.76573181152344,127.6398060908416,124.08834379884517,127.13661200482417,9511600
2021-02-01,127.89141082763672,128.51073908583072,125.31732175585061,126.2463215261168,5616300
2021-02-02,129.62359619140625,130.0009991369115,128.94620818228802,129.1300738060382,4297500
2021-02-03,129.178466796875,130.15583990720134,128.79137737252418,129.88488469313162,5787400
2021-02-04,131.2396240234375,131.2396240234375,129.49777378231434,129.87517663668405,4067100
2021-02-05,130.94931030273438,131.65572791928201,130.5718927262005,131.6363697642415,4706900
2021-02-08,132.32347106933594,132.38153078039255,131.29769536552342,131.48156096116858,5856600
2021-02-09,132.1686553955078,132.79765538204973,131.93640175007098,131.9751180739527,5276100
2021-02-10,131.97509765625,132.86538101042981,130.85256069256505,132.70087357426115,4732200
2021-02-11,133.42665100097656,133.51374056829493,132.35250203953632,132.86538251278762,3782900
2021-02-12,134.11370849609375,134.20079806204015,132.71054468070074,133.078275869295,3377800
2021-02-16,133.6782684326172,134.7427458601037,133.32989534416265,134.64596981544082,4861100
2021-02-17,132.49766540527344,132.78797875981584,131.1622328339487,132.44927738519127,7637400
2021-02-18,131.8493194580078,132.07188665180067,130.18487182192231,131.12354338759675,5477400
2021-02-19,131.65577697753906,132.64283652916706,131.06547853938278,132.52670232159522,5842800
2021-02-22,128.752685546875,130.4655213099838,128.675267656152,130.03973029398364,7131300
2021-02-23,128.3946075439453,129.18812973559557,124.4560707426601,126.61404061051883,12099200
2021-02-24,130.35903930664062,130.47515872924058,126.45918976158765,127.43657745496714,8236100
2021-02-25,125.8011703491211,130.0590502084036,125.23990181718791,129.1977966328053,17156900
2021-02-26,126.4688720703125,128.41394616472178,125.3463351355521,127.04948393019139,17755800
2021-03-01,130.54290771484375,130.62032559565108,127.80432585678224,128.61719145633302,12386900
2021-03-02,128.47203063964844,130.81386622094342,128.28817977977906,130.72677664006562,12401400
2021-03-03,125.23990631103516,128.2204282258598,125.10442871335907,127.85269698961726,14944800
2021-03-04,122.4722900390625,125.76248374507401,120.9239692349799,124.85284204262348,38477800
2021-03-05,124.78508758544922,125.13346066615247,120.68203588080308,124.00125184535463,23042900
2021-03-08,121.76585388183594,125.26892779169918,121.64004799028292,124.66895772296894,17621200
2021-03-09,125.90760803222656,126.68177197191449,124.44638448595299,124.61089192366995,11493600
2021-03-10,125.40441131591797,127.28175425126044,125.30765004287015,127.2623960902707,9229500
2021-03-11,128.08494567871094,128.87845307273645,127.0204683338534,127.2914235187353,6681400
2021-03-12,127.16564178466797,127.20434334281748,125.74311957596599,126.55598519066677,6221100
2021-03-15,128.52037048339844,128.59778833714068,126.75916230008623,127.26235620049212,8292500
2021-03-16,129.4881134033203,130.72676993208324,128.93653132011286,129.50747156450583,6553400
2021-03-17,129.3816680908203,130.1558321272955,127.4656235441561,128.44299659606114,9683200
2021-03-18,125.79150390625,127.83335434707628,125.63666814629379,127.61077240490769,8792400
2021-03-19,125.4140853881836,126.37210015624005,124.81410058438523,125.8205181331089,13612400
2021-03-22,127.88015747070312,128.50079314037663,125.88248687135162,126.08613965540894,7992100
2021-03-23,127.0849609375,128.7917051415663,126.74554460054956,128.22925181591356,6464600
2021-03-24,125.54307556152344,127.87045544309159,125.52367653665958,127.85105641822774,7104700
2021-03-25,125.46548461914062,126.02793792001333,123.85570601289658,124.79635888539345,11286500
2021-03-26,128.6559600830078,128.79172367790375,125.34912883939401,125.397619008383,7441600
2021-03-29,127.9867935180664,128.62682803206914,127.01704963519583,128.2680275304846,8658900
2021-03-30,126.77462005615234,127.22070877549517,126.00852886079173,127.08494521693311,6617700
2021-03-31,128.7916717529297,129.57716186365013,127.63767426301058,127.7443466729304,7715200
2021-04-01,131.3809051513672,131.39061206094527,130.07175970761529,130.19781635806598,7175800
2021-04-05,134.09622192382812,134.32896585034229,131.97247983539162,132.14704147955766,6433400
2021-04-06,133.5240478515625,134.31923020206705,133.07795912046106,133.88284838069467,5657800
2021-04-07,134.23196411132812,134.47440011386928,132.9325106890162,133.4173826940985,5042600
2021-04-08,136.1714324951172,136.20052362745753,135.2598708894747,135.49261474531446,7072300
2021-04-09,137.48062133789062,137.51940459006798,135.43446075248949,135.6768967706786,4700500
2021-04-12,136.82115173339844,137.257533492085,136.15202613142472,136.91813203404718,7953500
2021-04-13,138.11094665527344,138.21761909329925,137.09271243723074,137.34485536190266,5657900
2021-04-14,136.6466522216797,138.15945073360783,136.38481715703935,138.0915615402442,5608100
2021-04-15,138.993408203125,139.1000806341713,137.87819373361944,137.89759275666032,5514400
2021-04-16,138.96432495117188,139.22615998716216,138.38247260388675,139.10008852592242,5847800
2021-04-19,137.8103485107422,138.98374550055422,136.98606002394575,138.34371077883856,5127000
2021-04-20,136.58848571777344,138.1206686358315,135.82237946162124,137.5194319262866,4936700
2021-04-21,137.9654541015625,138.01394425082137,135.96778424787212,136.3459837367056,4627100
2021-04-22,136.34597778320312,138.31455642080405,135.74472659345554,137.723012138754,5826100
2021-04-23,138.38246154785156,138.81884337489086,136.5690450591832,136.59813619451123,4443000
2021-04-26,139.09042358398438,139.2358941132594,138.33402418255213,138.43100453540214,3867500
2021-04-27,138.75096130371094,139.42008697341893,138.2563972334179,139.31341455075363,5411000
2021-04-28,137.46121215820312,138.13033788651228,137.13150274913227,137.94608415876115,5345600
2021-04-29,137.34486389160156,138.76068201465057,135.94842999694654,138.58613517637914,6708300
2021-04-30,135.47323608398438,136.68541610405782,135.15321878303067,135.94841597881614,5291700
2021-05-03,135.09503173828125,136.47206641679585,134.7556302229194,136.20053928565883,5402900
2021-05-04,132.67068481445312,134.1253009300367,131.19666967413477,134.08651767768743,9959800
2021-05-05,132.35067749023438,133.81500062735046,132.09854933811917,133.75680354875024,5622900
2021-05-06,133.6792449951172,133.75681151029156,131.3421579024672,132.2925030831376,7169300
2021-05-07,134.82350158691406,135.61869873680104,134.24164929201538,135.01744741950745,9598300
2021-05-10,131.41973876953125,134.24168315951113,131.3712485998698,134.1738087596829,10140500
2021-05-11,131.02207946777344,131.29360653568986,128.59772007772295,128.9080303851494,13523400
2021-05-12,127.33709716796875,129.80025550248826,126.99769560653806,129.0923316457517,14707300
2021-05-13,129.0244598388672,130.18814983889678,128.16138815249045,128.7335336395795,11305200
2021-05-14,131.86581420898438,132.321595173792,130.21725200295288,130.46938017188208,8411500
2021-05-17,130.89602661132812,131.12877047274802,129.7032457654259,131.08997243061927,8133600
2021-05-18,129.8487091064453,131.5457610205175,129.7614357021729,131.2742338980354,5868600
2021-05-19,130.3044891357422,130.4014694490755,127.52132874907224,127.83165391404418,15290600
2021-05-20,132.79673767089844,133.24281159744888,130.80875963208317,130.8281586540996,8414100
2021-05-21,132.06944274902344,133.60164010293425,131.9530781996772,133.4755686430627,7074200
2021-05-24,134.416259765625,134.88173289249303,133.0974069085623,133.16529611306592,6614500
2021-05-25,134.45498657226562,135.2695826986559,134.1543683291139,134.95925754629434,5622900
2021-05-26,134.44529724121094,135.03684162765848,134.00891543415378,134.64894997630054,6655700
2021-05-27,133.7374267578125,134.881717816195,133.70833561545513,134.32897131428274,5677300
2021-05-28,134.21258544921875,134.98838373447003,134.1447110527121,134.4162382329818,4611300
2021-06-01,133.55316162109375,134.95928763810085,133.31072559067456,134.81383193869775,6453700
2021-06-02,134.47439575195312,135.01745001249128,133.5725409543706,133.8246690618722,5049100
2021-06-03,133.2234649658203,133.92168198425406,132.408868579566,133.3883197066835,6360600
2021-06-04,135.78358459472656,135.93873241813432,134.0380421065723,134.0380421065723,5591300
2021-06-07,135.7544708251953,135.90961862274273,135.09503719642075,135.6671826174955,5892000
2021-06-08,135.76412963867188,136.97630936758858,135.3859301551345,136.4041640868477,4451300
2021-06-09,135.86114501953125,136.65632743254196,135.7835637211927,136.42358353752633,4881700
2021-06-10,136.86001586914062,137.1994174910927,135.6575276270891,136.14239977026938,5637700
2021-06-11,137.674560546875,137.674560546875,136.90845447999322,137.03452593844403,6050300
2021-06-14,139.0709686279297,139.08066073943613,137.24784546077612,137.81029866760258,5713300
2021-06-15,138.21759033203125,138.96429724283198,137.96546225694388,138.96429724283198,7539800
2021-06-16,137.47088623046875,138.7412631347949,136.12294283769748,138.47942814566173,9601400
2021-06-17,139.061279296875,139.6334394846467,137.07331599724617,137.07331599724617,7932100
2021-06-18,137.79090881347656,138.93521432337965,137.62605412419992,138.3921601005583,10408300
2021-06-21,139.26763916015625,139.34534784944574,136.95541281131614,137.8492109805897,6138000
2021-06-22,140.53060913085938,140.60833264640783,139.02476234287283,139.18019454972494,4626600
2021-06-23,140.37518310546875,140.87065386163303,140.06428902958456,140.5500499049695,4135500
2021-06-24,141.25924682617188,141.68671873871526,140.97751206067434,141.2786814106269,6139500
2021-06-25,141.09410095214844,141.49242843127982,140.86094521743397,141.38556044478713,7192900
2021-06-28,142.57083129882812,142.73598823419994,141.6478885073989,141.67703297692057,6278700
2021-06-29,143.61036682128906,143.67836564210424,142.31824098333115,142.64855485414077,4914600
2021-06-30,143.45489501953125,143.80464341777136,143.00798852346273,143.38688138620248,5506800
2021-07-01,143.69776916503906,143.69776916503906,142.72624752615582,143.26058739239036,5818300
2021-07-02,145.59226989746094,145.73799225013,144.34872307386019,144.38757742648943,6390000
2021-07-06,146.14601135253906,146.83579832533283,144.74703246943923,145.90313091235396,5935300
2021-07-07,146.94265747070312,147.2438268265325,145.7671096882698,147.07866991605331,7441900
2021-07-08,145.55340576171875,145.96144314601403,143.97953033744093,144.63044817602483,8543100
2021-07-09,146.89407348632812,147.03008592710944,145.1647661002895,145.3785020535522,4887900
2021-07-12,147.0106658935547,147.54499095147267,146.53461493958397,147.47699214333068,4809800
2021-07-13,147.61302185058594,148.68168691567098,146.63177536376952,146.75807793912116,7601400
2021-07-14,148.7010955810547,149.45888125257824,148.05017787983542,148.79825367196526,6443400
2021-07-15,147.47702026367188,148.64284352252858,146.69008993454977,148.52626564391701,6253100
2021-07-16,146.0197296142578,148.46796870288117,145.87399244960088,147.76847182041735,7540200
2021-07-19,144.00863647460938,144.6789887218948,143.1731273412778,144.28066132506686,12127000
2021-07-20,146.14601135253906,146.95237619286306,143.89208857622907,144.72759788343564,7357800
2021-07-21,147.5547637939453,147.58390826754916,145.81573113958845,146.08775610939026,6117000
2021-07-22,148.642822265625,148.75940012756516,147.86560192945248,147.86560192945248,4788900
2021-07-23,150.1195831298828,150.1973066685541,148.7691681469989,149.30349338595897,6288100
2021-07-26,150.0418243408203,150.31384925013643,149.17717055958425,149.74065496438072,4496700
2021-07-27,148.62339782714844,149.905813693021,146.74836790645872,149.85723463914778,9044900
2021-07-28,148.43878173828125,149.22572670253376,147.02036847521995,148.67195226371646,6970600
2021-07-29,149.1286163330078,149.63381188766158,148.26396240782546,148.2833969972251,6015300
2021-07-30,149.0314178466797,149.1868648712794,148.13761969159768,148.1764888598697,5074400
2021-08-02,148.49710083007812,149.90580435921376,148.29307474621254,149.70177827534818,6102600
2021-08-03,149.44918823242188,149.52691174906957,147.56443372038916,148.76912599206085,5412400
2021-08-04,149.75033569335938,150.11951863738182,148.85653761899601,149.33258852974902,5661400
2021-08-05,150.57615661621094,150.6247208427816,149.57549043123714,150.02238212055332,3337300
2021-08-06,150.44985961914062,150.62472641945723,150.01267779410352,150.05153214164758,3801400
2021-08-09,149.96409606933594,150.89676346047568,149.8183737383353,150.62472373553243,3599100
2021-08-10,148.88571166992188,150.37213879624963,148.45823971804407,150.23612634103813,5210700
2021-08-11,148.90513610839844,149.67263173387786,148.14735036325604,149.40060684199315,5415800
2021-08-12,149.7600555419922,149.84750375640616,148.13761617488962,148.74967955456827,3473900
2021-08-13,150.57615661621094,150.6150109623165,149.69206829379874,149.85722520717604,2815400
2021-08-16,151.25624084472656,151.27567543272727,148.94401407280012,150.21670533827321,4746900
2021-08-17,150.0029754638672,150.57618465142374,149.07032274123722,150.33330417636938,9526300
2021-08-18,147.9336395263672,150.32357502871542,147.76848258711934,149.65322256549055,6740600
2021-08-19,149.38116455078125,149.93493901056434,146.90379618636567,147.11751731246838,9645500
2021-08-20,151.3048095703125,151.44082202853502,149.58521184373416,149.94467016384098,7384700
2021-08-23,153.25753784179688,153.47127378732557,151.69338741728802,151.70309729690527,5401200
2021-08-24,153.08267211914062,153.62672186633228,152.94664485809892,153.45184026230993,4768500
2021-08-25,152.99525451660156,153.85019847567233,152.74266417607916,153.44216108363767,4715200
2021-08-26,152.033447265625,153.12154690527976,151.90714469164874,152.81065282295225,6028300
2021-08-27,153.50042724609375,153.60729522512094,151.90713226511673,152.16944727259158,7044400
2021-08-30,155.1520233154297,155.33661482314653,153.9570556921124,153.9570556921124,5013400
2021-08-31,154.33595275878906,155.2977646713968,154.04449325579463,155.24918561685672,10985500
2021-09-01,154.37481689453125,155.56979945014018,154.2485291338163,154.87030252830712,10144900
2021-09-02,154.20962524414062,155.15200241768852,153.58785198961618,154.94799117555598,10884800
2021-09-03,154.8217010498047,155.22973839107522,153.97648190176182,154.0250461281016,10602400
2021-09-07,154.86056518554688,155.19089385585818,154.1319238534488,155.006302346514,9860900
2021-09-08,154.26792907714844,154.88970239175393,153.1701196020725,154.84113816462073,5733200
2021-09-09,153.68502807617188,154.90914014501536,153.55872550485432,154.37480021741663,5580500
2021-09-10,152.16946411132812,154.9188725812306,152.01401706567904,154.53997967261483,8540100
2021-09-13,152.21803283691406,153.72389463458478,151.2173665403983,153.32558195168528,11318900
2021-09-14,152.0237274169922,153.17984073318178,151.6156900390864,152.8689614651686,9215800
2021-09-15,153.35470581054688,153.48099355067825,151.68368730566488,152.53861631859093,8169600
2021-09-16,153.44216918945312,153.59761624917712,151.86830847642833,152.81067106841718,8074300
2021-09-17,151.05218505859375,153.05351732635532,150.82873922534458,153.04380744638596,11331500
2021-09-20,148.30088806152344,149.5952865806766,146.3252310718478,148.83615302744195,17834700
2021-09-21,148.35928344726562,149.57582176620434,147.78508092480365,149.20598936514415,9227500
2021-09-22,150.39334106445312,150.97728543305212,148.50527110301485,149.16707571078186,13995300
2021-09-23,152.4079132080078,152.7680037668193,150.70475971044212,151.17190622597053,9767000
2021-09-24,152.5149383544922,152.76797290547012,151.41518328041386,151.4833016843892,5826200
2021-09-27,151.03565979003906,151.58066655215282,150.0721561460962,151.2303029407482,7507500
2021-09-28,146.55880737304688,149.4395767757315,146.44202444129004,149.09894009101149,19095300
2021-09-29,146.37387084960938,147.9310456917558,146.12083624914652,147.16220008052494,12506000
2021-09-30,145.3227996826172,147.86291728116598,145.2449394529203,147.23032333406937,16707800
2021-10-01,147.5125732421875,147.83372628077083,144.3690276251803,145.848342336106,22741900
2021-10-04,144.0965118408203,146.84102910062018,142.94810692807198,146.66583988068933,25386500
2021-10-05,146.15003967285156,146.98701859576633,144.2522429436613,144.38849463574877,16483500
2021-10-06,147.1038055419922,147.21086150658414,143.98947045884577,144.46635881935924,20002400
2021-10-07,148.4468536376953,149.59527340139005,148.17435027349376,148.37873522180473,9947800
2021-10-08,147.89212036132812,149.1281124629946,147.6488127247343,149.02105650888055,9213200
2021-10-11,147.07460021972656,149.05025710536964,146.96754426211595,147.23032067630928,7485300
2021-10-12,146.3154754638672,147.83371272652562,146.0721678294586,147.64881139864346,8926700
2021-10-13,147.21084594726562,147.53201380709595,145.99430777381113,146.94808439402948,9760800
2021-10-14,150.5295867919922,150.59772006742904,148.4955382443494,148.70965018097723,7598600
2021-10-15,151.7363739013672,151.76556962893474,150.59769597527497,151.05511550759226,6389600
2021-10-18,153.02102661132812,153.09888683298703,150.47116746585417,150.88964945066206,5815100
2021-10-19,154.53927612304688,154.53927612304688,153.11836780291716,153.42979386405133,6600700
2021-10-20,154.11105346679688,154.90909474350622,153.4395220551071,154.68525588971588,6012700
2021-10-21,154.70474243164062,154.7825878112185,153.32274191384653,153.6439097933068,5011600
2021-10-22,154.16946411132812,155.28867336992056,153.5271283462463,154.64633760483872,6245000
2021-10-25,154.675537109375,155.23028569738804,154.0721388700521,154.75339734192005,5168400
2021-10-26,155.11349487304688,156.36895578937668,155.03563464446762,155.71689308163576,6594800
2021-10-27,154.9772186279297,156.16456093755656,154.82149819544668,155.37623181698044,8724000
2021-10-28,156.53439331054688,156.65119107119216,155.6292960548814,155.9212681810158,6378400
2021-10-29,157.20591735839844,157.3032463459761,154.81177870730014,154.99668002318808,10065900
2021-11-01,156.9723358154297,157.2837766936716,156.17429455299208,157.20591647411112,12210600
2021-11-02,158.3543701171875,158.74365644817445,157.18648142358342,157.18648142358342,13407300
2021-11-03,159.27891540527344,159.6098102282553,157.70227181577695,158.62685271869637,12989300
2021-11-04,161.77040100097656,162.15968732366346,159.60010079387052,159.88233115027032,14345700
2021-11-05,162.6073455810547,163.52218458130403,161.59517759555058,162.9577091375264,12111800
2021-11-08,163.48326110839844,163.76550627972247,162.753338207161,163.13289752179168,6390500
2021-11-09,162.81173706054688,163.9017654074707,161.98449997841732,163.7265761810479,8411500
2021-11-10,160.12562561035156,162.36405890702025,159.63901032195923,161.55627574625058,12894400
2021-11-11,160.8750457763672,161.34219237778697,160.6122693160524,161.2740739475262,5051900
2021-11-12,162.83120727539062,163.10371065196009,161.1377955567547,161.41029893332416,6122100
2021-11-15,162.66575622558594,163.71684701902296,161.74119015784558,163.48326633704144,6245100
2021-11-16,164.3786163330078,164.6024700277402,162.37376399098494,162.47109297567886,6769400
2021-11-17,163.8822784423828,164.91390036574737,163.36646748070052,164.05746764935483,7708900
2021-11-18,165.51731872558594,165.75088454203438,163.63897613317226,164.82631853451505,9982000
2021-11-19,166.72410583496094,167.35671453697458,165.55623226627483,166.11096590001554,8857300
2021-11-22,164.865234375,169.58540805732548,164.7679202389601,167.37617074979516,14225800
2021-11-23,164.48568725585938,165.01124006056003,162.40297450647103,164.23265266305648,14619900
2021-11-24,165.68276977539062,165.72169246221569,162.70467189725974,163.5027280552063,9120500
2021-11-26,161.54653930664062,164.58301377591832,160.90420359957983,163.31781113027955,12383900
2021-11-29,165.58546447753906,166.0331571168463,163.43461817727487,163.95044409117466,12489900
2021-11-30,164.20347595214844,166.47110514172851,162.80202144439758,164.9625946687933,27033400
2021-12-01,161.95530700683594,167.19127751388245,161.8093135072776,165.9358165794749,19542100
2021-12-02,163.44435119628906,164.19374292488962,160.10616247821062,160.45652609220252,23436200
2021-12-03,160.70957946777344,164.4175858101058,158.68525796546243,163.91150172194781,24235000
2021-12-06,162.23753356933594,162.72414885589683,159.50275803491496,161.17671580871001,18900200
2021-12-07,167.9017333984375,168.10610349137346,165.44918833097137,165.46865709945263,14345500
2021-12-08,168.67059326171875,168.78737618185977,166.80199228786014,167.9601390803268,11630800
2021-12-09,166.8506622314453,169.35185723809528,166.71441053672882,168.25211672014112,8600500
2021-12-10,170.1985321044922,170.41264397422802,168.10607789576792,168.6024348893905,12388300
2021-12-13,167.66819763183594,170.87986217669476,167.42488993677577,170.5489672754905,10487000
2021-12-14,164.91387939453125,166.70461966964592,162.92849602000268,165.64380215507092,13547400
2021-12-15,169.28375244140625,169.44919988042722,163.48329086305665,165.05019290357535,14135400
2021-12-16,164.48568725585938,170.18881878086776,163.51245672155977,169.91631541928945,15637800
2021-12-17,163.38597106933594,164.98206878816714,161.82879604350575,162.67550198175303,22410800
2021-12-20,161.44264221191406,161.94966882648663,160.2627988082815,160.88684415410629,16324800
2021-12-21,165.52816772460938,165.66467716853575,161.6571318551956,163.16849597764607,8405400
2021-12-22,167.69285583496094,167.80987457654308,164.86515336672818,165.30393273201727,6688100
2021-12-23,168.62893676757812,169.30173875912888,167.89763284257364,167.91713844653037,4896300
2021-12-27,172.2464141845703,172.2854253854627,169.26269708809434,169.30170828898673,6633300
2021-12-28,171.34938049316406,172.62672229917322,170.9203464774384,172.5682203658318,5711100
2021-12-29,171.49560546875,172.1878980039213,170.6082867020931,171.40783771321645,4843900
2021-12-30,170.36453247070312,172.13915526809913,170.15976086256595,171.56386652289592,5263200
2021-12-31,169.53573608398438,170.6083210595042,169.45772855136335,170.19879267205542,5121500
2022-01-03,171.14463806152344,171.30063827069498,169.01897340876894,169.76003763560888,10151400
2022-01-04,169.3309783935547,171.61264291605065,168.05363667057827,171.43713712743502,8324000
2022-01-05,164.1240692138672,168.47288049247254,164.06555241630738,168.34611641537884,11814200
2022-01-06,163.2952880859375,164.98215826362164,162.3202162110007,162.8174975109887,11883600
2022-01-07,161.79364013671875,163.9680607414848,160.73081555389842,163.18800040533273,15244300
2022-01-10,161.8229217529297,162.02767849810434,157.26932337422917,159.38524226379937,16250700
2022-01-11,163.76332092285156,163.99734353264287,160.2043144763041,161.40364873485007,9603800
2022-01-12,164.5336151123047,166.11322661175993,163.71454352146273,164.98213979264696,9072000
2022-01-13,160.27252197265625,165.8596932264796,159.86299366602844,165.3819027628742,10471300
2022-01-14,161.62789916992188,161.72541230307255,159.18047426335792,159.18047426335792,11175700
2022-01-18,157.74713134765625,160.22382231429776,157.3083519667932,159.2780013776912,12347100
2022-01-19,155.54344177246094,160.19452306967625,155.38742672961916,158.24437966939408,12480700
2022-01-20,153.53480529785156,158.6929283423225,153.3300336825205,156.92805084391574,18804500
2022-01-21,150.4828338623047,154.92915892470936,150.44382265808568,153.16428133338263,24008300
2022-01-24,151.2628631591797,151.37012163108912,142.59447716784675,147.97686172617878,33706700
2022-01-25,147.7623748779297,150.57058643922286,146.06575945832756,148.2986673467065,24443100
2022-01-26,148.6302032470703,153.55431934000734,146.86532548064085,151.77969621076377,26798100
2022-01-27,147.60638427734375,151.8381926176121,147.0700917737577,151.0386265434627,19723400
2022-01-28,154.0613250732422,154.1003213938476,147.2163177299817,149.43947996481623,22118000
2022-01-31,157.93235778808594,158.13711450455128,153.3495239667708,154.10031843169406,14560500
2022-02-01,158.34190368652344,158.60517722963354,156.0504790821501,158.14689230875888,11694900
2022-02-02,159.62899780273438,159.89225645463534,157.61059220101149,158.6831770442092,12752400
2022-02-03,154.99742126464844,158.43942355924597,154.4221175898933,157.36683861826018,13932700
2022-02-04,155.62144470214844,156.9865390907024,153.51528632116836,154.16858255557725,14860700
2022-02-07,154.58786010742188,156.6647675805922,153.99306577784046,155.73845244525413,7311300
2022-02-08,156.4989776611328,156.91825126961592,153.7395234970257,154.10029519534004,10569900
2022-02-09,159.9702606201172,160.01901718076897,157.86410217863215,158.51741331022208,8897800
2022-02-10,155.78721618652344,159.4534805755365,154.96814461669385,156.7915388892289,15846100
2022-02-11,151.0288848876953,156.62580290885808,150.4535960417364,155.9432406811332,17439400
2022-02-14,150.9801483154297,152.19898834292783,149.2250157001487,150.6291217923735,20515200
2022-02-15,154.94863891601562,155.05589739226704,152.7157165136213,153.2520088948784,12218700
2022-02-16,154.7926483154297,155.32894078133936,152.2184593574782,153.8955840444603,10159100
2022-02-17,150.16104125976562,153.50553003709473,149.8782770142848,153.34952987325013,12453200
2022-02-18,148.63995361328125,150.89236718227306,147.49912134632757,150.67785018728188,12655400
2022-02-22,147.2650909423828,149.6247628837891,145.65622844364685,147.07982492212776,13446800
2022-02-23,143.57931518554688,149.19572310924138,143.4233001347296,148.79595499934157,18939700
2022-02-24,148.4839324951172,148.59119098824036,138.1871766689541,138.64546160516983,25483900
2022-02-25,150.5023193359375,150.5510610170699,146.8847968668134,148.70817614219126,14150800
2022-02-28,150.22930908203125,150.86309975727212,147.6551054229985,148.90321092968736,17411100
2022-03-01,147.22608947753906,150.43406900136668,146.07549707116206,149.6637688622882,14962500
2022-03-02,150.41456604003906,151.03861137835,147.15782989567938,148.30842232224876,12796200
2022-03-03,148.62045288085938,151.69193820338694,147.85989801130003,151.68217796248487,11725300
2022-03-04,146.0169677734375,148.07436938361204,144.85663022327304,147.4600695327223,13365600
2022-03-07,140.67361450195312,146.56304170071576,140.59560697157292,145.89023976979965,16432100
2022-03-08,139.99105834960938,144.33987002457596,137.92389612139482,140.29332821169368,18449200
2022-03-09,145.5294647216797,146.192506397533,142.64324567550435,143.79383812498745,17663700
2022-03-10,142.98451232910156,143.38429529366692,140.81985198244683,142.95526136861272,13724200
2022-03-11,140.4688720703125,144.61292813317624,140.25435503678492,144.25215624879723,10728900
2022-03-14,137.8654022216797,141.4146630046689,137.46561920991732,139.8252911978769,13926200
2022-03-15,142.49697875976562,142.77974300848007,138.49917880706522,138.95746369993034,11496900
2022-03-16,147.12855529785156,147.1870572141681,142.00942932238476,144.30085356752997,13588000
2022-03-17,148.17190551757812,148.26940376279302,145.5489602031533,146.3387659179386,9259400
2022-03-18,151.20440673828125,151.47742568012285,146.9238268121998,147.6453853747334,13948900
2022-03-21,150.91717529296875,151.71820372119785,148.93412350497968,150.38965531539142,11170700
2022-03-22,153.08584594726562,153.8771110621919,150.81949237304647,151.02464235753766,8742900
2022-03-23,150.73159790039062,153.05654690829874,150.5850579183631,151.6596248295995,6180300
2022-03-24,154.6488494873047,154.68793277665625,151.063725343532,151.57170376375024,7131700
2022-03-25,154.56089782714844,155.1079445012066,152.6266928278989,154.89303117841175,7437300
2022-03-28,156.39744567871094,156.46581906930223,153.4570470474495,153.84780537192086,9296500
2022-03-29,159.7188262939453,159.8653513648795,157.0910340452037,158.2242109467865,9414900
2022-03-30,157.5892333984375,159.34759369810197,156.75888499678013,158.8982402547321,9340100
2022-03-31,155.25448608398438,157.86275124263122,155.02004600206055,157.5696862343209,9712000
2022-04-01,154.79537963867188,155.77225312775477,153.06630938934137,155.41079980077768,14104800
2022-04-04,157.73574829101562,157.81389995132815,155.13726148276837,155.19587150152648,11524100
2022-04-05,154.4143829345703,157.41337647181373,153.87709959229073,157.05193808969153,11794100
2022-04-06,150.76089477539062,152.19690006745773,149.42258279940035,151.84522499785135,17112700
2022-04-07,150.99533081054688,152.01127260287004,148.93412731003716,149.95983247037788,11600100
2022-04-08,148.8852996826172,150.67298004801077,148.56292962598158,150.32130497767258,13177300
2022-04-11,145.13409423828125,147.2050611626561,144.93870762541846,147.01945282397992,10797700
2022-04-12,144.4893341064453,148.04515234007638,143.94228744064108,146.93151736871675,11086100
2022-04-13,146.81430053710938,147.26366887136837,144.0399835865354,144.57726695165852,7223400
2022-04-14,143.24871826171875,147.2343636193067,143.18034487312747,146.97060362124202,8703500
2022-04-18,143.71762084960938,144.6456625754391,142.50630728057905,142.54537566097414,7030300
2022-04-19,146.41378784179688,146.66776955599332,142.8286643044186,143.35616937418197,6781100
2022-04-20,146.2770233154297,148.2209917756448,145.84719664907922,147.83024839127418,7826300
2022-04-21,143.7957763671875,149.09042895394174,143.35618627291527,147.70327037121925,9254600
2022-04-22,139.7710418701172,144.47956370523912,139.57567017967187,143.63945202101013,11047400
2022-04-25,141.87132263183594,141.96901593621112,138.28619896866724,139.15561571634677,14353800
2022-04-26,136.5864715576172,140.79679431625644,136.51808325195748,140.58188093548017,12976600
2022-04-27,138.60855102539062,141.27541094312562,137.8075226757505,138.11035101180605,20024300
2022-04-28,144.15721130371094,144.97778136243295,140.0348044630156,140.7869862305584,13881200
2022-04-29,138.14944458007812,144.2451404096553,137.88568456906353,142.58445848893484,14794900
2022-05-02,140.24972534179688,140.4353187723269,136.43014665738627,137.99313520008056,18502200
2022-05-03,140.4939422607422,141.35358073335672,139.1946988248992,140.2301822639862,13734900
2022-05-04,145.42715454101562,145.69091456214682,138.70627493390717,141.04100202459952,14325200
2022-05-05,138.43276977539062,143.46366304784803,136.7818509425137,143.2878180419662,18221100
2022-05-06,137.31910705566406,139.51707230270728,135.25790349442283,137.17256709565103,17431100
2022-05-09,132.0049285888672,135.70727281302464,131.39925684722758,134.83785594312545,20562300
2022-05-10,134.01727294921875,135.9124098548627,132.02444273478457,135.1504497451985,18185200
2022-05-11,129.78741455078125,135.326285538847,129.38689283606598,132.80595010567993,17390900
2022-05-12,128.44911193847656,130.31492914107784,125.45986627346203,127.86298183022087,18253300
2022-05-13,132.71803283691406,133.37253628595926,129.35758564917253,130.19769744610792,12247700
2022-05-16,131.5457763671875,133.31391484626675,130.42236300727546,131.61414975450444,8711700
2022-05-17,135.35562133789062,135.56077137932738,132.85482697968916,134.3787476100988,9301100
2022-05-18,129.16220092773438,133.95865285411645,128.67376423232045,133.56789455424232,11835100
2022-05-19,127.74575805664062,129.94372353983033,127.1400863208113,128.19511154145127,10437400
2022-05-20,128.02902221679688,129.8753123003813,124.1019945263187,129.5236372889412,10126300
2022-05-23,130.9694366455078,131.13550335096934,128.02903788541786,128.42955959583443,8609800
2022-05-24,129.0254364013672,129.7971598044893,126.76886130330739,129.14265643578963,8561000
2022-05-25,130.52980041503906,131.4969103099254,128.0778538951129,128.1755471836116,6828300
2022-05-26,133.66561889648438,134.24197075350023,129.49436437531702,129.767887795796,7778300
2022-05-27,138.1885528564453,138.21785787342358,134.9062568016994,135.16023858414732,8140900
2022-05-31,137.20187377929688,138.54996391714306,135.8635619157809,137.65124212721426,9710400
2022-06-01,136.7915802001953,139.61474371325576,135.77563842880443,138.6769536021111,6652400
2022-06-02,140.10321044921875,140.11297381912846,135.18953741524618,135.82449929526643,6934200
2022-06-03,136.75253295898438,138.39367336008857,136.1175562110585,137.44610482876982,5631900
2022-06-06,136.7622833251953,139.33146527469424,136.0882382581476,138.47181186676025,6294800
2022-06-07,138.39366149902344,138.65742150727647,135.03321440659064,135.3067377833323,5508300
2022-06-08,136.83067321777344,138.64764355061848,136.44967825725365,137.9833767501254,4407100
2022-06-09,133.1771697998047,137.16281558092365,133.1478647864507,135.83426698721732,4882600
2022-06-10,128.05833435058594,131.29178301867094,128.01926597198766,130.8814979668139,10443200
2022-06-13,122.38270568847656,125.20586938730692,121.93334479192067,124.02385339687561,18166300
2022-06-14,123.1544418334961,123.97501944894263,122.01150162732912,123.30097434907083,9125200
2022-06-15,125.7529296875,127.60899840216392,122.99815398880537,124.68814108043358,12534800
2022-06-16,120.63409423828125,122.66599270166981,119.6376866482662,122.55853603129187,16345400
2022-06-17,121.73796844482422,122.89067938007022,119.76467996015514,120.61456251974462,13842100
2022-06-21,124.83585357666016,125.71732587785584,123.51364886102695,123.51364886102695,8622500
2022-06-22,124.30696868896484,126.03072842116073,123.13167728316577,123.47446998716379,7581700
2022-06-23,126.1678695678711,126.41272258447263,124.22862291624455,125.3745332405827,8021100
2022-06-24,130.7025146484375,130.73189580977245,127.61737315115131,127.61737315115131,12746100
2022-06-27,129.82106018066406,131.5154387116811,129.2334070182356,131.1236798998226,6958600
2022-06-28,125.93278503417969,131.23140704780917,125.87402271079064,129.93857615469096,7630400
2022-06-29,126.18743133544922,126.94158271717035,124.75749079323941,125.77608011213957,6803600
2022-06-30,124.50286102294922,126.06991879006986,122.53424073333345,124.51264976326311,7860200
2022-07-01,124.78688049316406,125.10029201916777,122.65176213716379,123.71931757900383,6965300
2022-07-05,126.35392761230469,126.38330877461095,122.38731378223946,123.09249156686973,7170500
2022-07-06,127.44109344482422,128.45969036405586,126.00135650998254,126.62817963541659,8083500
2022-07-07,130.07568359375,130.36951013358103,127.99933528298436,127.99933528298436,6541100
2022-07-08,130.1344757080078,130.5556306652744,128.28338751128265,128.68495004283773,6313500
2022-07-11,128.34213256835938,129.55660874008547,127.46066781033626,128.99835171190816,5708300
2022-07-12,126.5890121459961,129.53703714549502,125.84466434052804,128.81228176625157,8276700
2022-07-13,126.25598907470703,127.06890272870322,123.66054609747852,124.2090143592978,7581300
2022-07-14,127.41169738769531,127.86223346174764,123.63117412339356,125.24719786809698,6864400
2022-07-15,129.6545867919922,129.7133491305711,128.09731009643326,128.6359897744792,6764600
2022-07-18,128.4009246826172,131.3979231399609,127.91121866162268,130.9277945996641,4948800
2022-07-19,132.3185577392578,132.45567481169127,129.04731053467643,129.8308430677134,6165300
2022-07-20,134.38511657714844,134.94337360223957,131.98554540925304,132.3381342994411,6268600
2022-07-21,136.27537536621094,136.30475652854486,133.15104891782295,134.55161574918034,6478800
2022-07-22,134.39491271972656,136.77487665112116,133.6211688886662,136.2166195952773,5291800
2022-07-25,133.54283142089844,134.48305856656995,132.53403826218786,134.3361527452591,6975600
2022-07-26,131.3783416748047,133.47428302172855,130.88863561295665,133.43511311242364,5083900
2022-07-27,137.029541015625,137.7445076146512,133.34694220988,133.54283657203874,8538100
2022-07-28,139.11566162109375,139.42908060684803,135.96196900861992,137.18623390052304,6204000
2022-07-29,141.25079345703125,141.69152584820063,138.95897306723813,139.54661127391714,5088700
2022-08-01,140.94720458984375,142.35756046194356,139.63479590955657,139.97758119161432,6257900
2022-08-02,139.9481964111328,141.56422042183132,138.74352369507315,139.73272455042064,7960900
2022-08-03,143.66995239257812,144.07151490969355,140.60438797088668,140.63376913607644,7121600
2022-08-04,144.32615661621094,144.3947076867542,142.70032906783447,143.62097876256914,5839900
2022-08-05,143.9931640625,144.39471164587252,141.89722286910816,142.014747533057,3960500
2022-08-08,142.76889038085938,144.98235610460813,141.9951465375164,143.8658270305556,5551100
2022-08-09,141.33895874023438,141.89723081453522,140.5750184925068,141.61319293456515,4282800
2022-08-10,145.1978302001953,145.31535485888162,143.5426215153709,144.69833545613733,9636600
2022-08-11,144.6297607421875,146.96076596352296,144.36531533140936,146.10866740538015,5512900
2022-08-12,147.50926208496094,147.51905082622844,145.12928282836148,145.57981898559999,4046800
2022-08-15,148.43966674804688,148.65513856390456,146.75507706659943,146.92157529800951,3581300
2022-08-16,148.03814697265625,148.73353620522894,146.6571871386557,147.7639127542275,5495300
2022-08-17,146.98037719726562,148.10669510511147,145.92261036342248,146.68655058597994,6316400
2022-08-18,147.74432373046875,148.33196203349786,146.55922849403265,147.12728931487746,4988400
2022-08-19,145.06068420410156,146.70608887632108,144.73747651249312,146.52980192342824,5073100
2022-08-22,141.01573181152344,143.1312652617697,140.66314290314907,143.08229167414868,5372100
2022-08-23,140.6435546875,142.1322500139797,140.45746403553014,140.74148691062547,7388600
2022-08-24,140.7317352294922,141.32917724304377,139.9579912564672,140.54564452852054,4491600
2022-08-25,143.11167907714844,143.1214827618845,140.90800203989326,141.09409271418187,3563300
2022-08-26,137.00018310546875,143.3957435659623,136.90223590776324,143.05294331863715,7160900
2022-08-29,135.188232421875,136.51044455334676,134.66914527565643,135.52122890347925,6615800
2022-08-30,133.7778778076172,136.18723783687983,132.56341652564672,135.9521735832852,6634400
2022-08-31,132.47525024414062,135.01193846194198,132.40669918130266,134.58099482819534,7085700
2022-09-01,131.82887268066406,131.99537094183503,129.06692342624078,131.18245711754682,7994300
2022-09-02,130.11489868164062,133.94438849399336,129.42929828111966,133.19025196484765,8303300
2022-09-06,129.25302124023438,130.84946780984157,128.4009374611892,130.29119571692007,7495000
2022-09-07,131.31956481933594,131.84844073201435,129.06691419496798,129.50764661297356,5828500
2022-09-08,131.77008056640625,132.45568090475177,129.76229797297955,130.34993619130904,5605300
2022-09-09,134.3753204345703,134.73771302889904,132.61237588469245,132.86703256362196,5709300
2022-09-12,136.530029296875,136.58880657143894,135.188239614839,135.20783203969364,5090500
2022-09-13,129.2823944091797,133.3763297253754,128.92980546300532,132.631981925515,10074400
2022-09-14,129.75250244140625,130.70253331260506,128.50865991490195,129.8896195287627,6614600
2022-09-15,126.76528930664062,129.4978571840952,126.00134913425663,128.71432458700767,7442600
2022-09-16,126.06012725830078,126.32455774269569,124.26779400187444,125.6585647446978,10381100
2022-09-19,127.08810424804688,127.20591907866142,124.72188985627122,124.80043807052759,7841500
2022-09-20,126.3418960571289,127.13719106026565,125.2422510871706,125.90007548752345,6054700
2022-09-21,124.36843872070312,128.86522316295537,124.34880541120779,126.99975163930803,8404400
2022-09-22,123.10185241699219,124.45678271799825,122.40475396087805,123.67131565971158,8016900
2022-09-23,121.49166870117188,122.16913394653756,119.89128814747171,121.9825838086496,9698100
2022-09-26,120.64729309082031,123.15096311396847,120.30365401666292,121.11857488592902,8596800
2022-09-27,120.80438995361328,123.39642110910187,119.68510411332367,122.24768156103148,9357400
2022-09-28,122.08075714111328,122.66986122317729,119.07635928197288,119.99928201915492,9466700
2022-09-29,118.89962768554688,120.60801002066354,117.49561029481211,120.33309878176769,15548300
2022-09-30,116.62178802490234,120.17601598668135,116.40578418595861,118.41853905891263,9756500
2022-10-03,120.23493957519531,120.95167900167576,117.09308556091177,117.54472660729186,8666100
2022-10-04,124.2702407836914,124.40769640432133,122.5814917407872,122.66986034877473,8889500
2022-10-05,124.6826171875,125.58590668032873,121.87458216698586,122.59132152149616,7300200
2022-10-06,123.66151428222656,125.72336375467536,123.51424574056894,124.35862033633346,7174100
2022-10-07,118.57563018798828,121.14802801365354,117.93744654936677,121.13820761421891,7874500
2022-10-10,116.58251953125,118.74255053390704,115.41414665008648,118.57563370165208,8353100
2022-10-11,114.79558563232422,116.71997193291021,113.94139814909752,115.91487146541229,10522400
2022-10-12,114.44213104248047,115.66941884961335,114.24576798964733,114.8839591475105,7055800
2022-10-13,117.99635314941406,118.61490347566387,110.91735834147555,111.34936602437568,19057300
2022-10-14,114.67776489257812,119.21381540636887,114.49121476641977,118.9585449598854,11242000
2022-10-17,118.17308044433594,118.76217705109262,117.17160947115677,117.48580231824809,7299800
2022-10-18,119.17454528808594,121.66839485958747,117.67234630192723,121.23639467144167,6999000
2022-10-19,118.83090209960938,120.00910277648673,117.6330681156304,118.1338035905725,5492000
2022-10-20,118.89962768554688,121.48184573111028,118.31053110351728,118.87017398006081,6214800
2022-10-21,122.08075714111328,122.33603507728971,118.2025310485527,118.60508500524514,8563000
2022-10-24,123.7695083618164,124.2211493394041,121.10874951014145,122.6011355576892,6692600
2022-10-25,126.13573455810547,126.22409568583576,124.07389251259082,124.07389251259082,5132500
2022-10-26,123.32769012451172,125.92953412188002,122.75822681948513,122.95459735092697,7584700
2022-10-27,121.92367553710938,124.5451603948574,121.63894387787819,123.78915443058636,5847400
2022-10-28,127.22554779052734,127.49064611576439,122.6011288589997,122.6011288589997,7467700
2022-10-31,125.546630859375,126.30263682037902,124.80043780705482,125.9589902564254,6646100
2022-11-01,124.4960708618164,127.33355950649266,123.95606126199087,127.10774275803462,4706600
2022-11-02,120.19564056396484,126.00807303167242,120.15636646057595,124.40769264511418,9046200
2022-11-03,116.66106414794922,118.73272647069503,116.5727030254555,118.51672262801708,8005300
2022-11-04,118.79163360595703,119.41019142503637,116.0719672523517,119.08618566178242,8948100
2022-11-07,120.7749252319336,120.97128825974505,118.15343311695747,118.9978076199316,5213800
2022-11-08,121.93348693847656,123.40623214189185,120.13673599252523,121.77639052120958,6361000
2022-11-09,118.76217651367188,120.85347207996404,118.58544678336763,120.80438506590546,5981300
2022-11-10,128.52157592773438,128.6590315658207,123.99534528942795,124.62371606089988,13966100
2022-11-11,130.72088623046875,131.1528939617882,127.77539531497234,128.40376611101658,7988900
2022-11-14,129.6015625,131.22157603863513,128.98300479397628,129.68992360613564,7263300
2022-11-15,131.17250061035156,133.08706621063524,129.85683695800748,132.54705668708405,6358100
2022-11-16,129.37574768066406,130.544127817318,128.8357381660504,130.16121470359874,5047900
2022-11-17,129.5426788330078,130.14159585356649,127.26482558054207,127.31392008679244,4074800
2022-11-18,129.68994140625,131.04487181244423,128.60010933638492,131.0055902166344,5956200
2022-11-21,128.2957763671875,129.48379774118638,128.04050585694694,128.95360093636134,4181900
2022-11-22,130.77980041503906,130.84853573109524,127.93249837542695,128.8554213070583,4509600
2022-11-23,131.9383544921875,132.33108060166404,130.4067016910719,130.495062818473,4740300
2022-11-25,131.17250061035156,131.5750395446919,130.78958749029482,131.0448579098201,1631500
2022-11-28,128.36447143554688,130.52449463851124,127.8441026860635,129.68993306890448,6515100
2022-11-29,127.10775756835938,128.58050302228122,126.58737372495548,128.1975898035232,5785100
2022-11-30,133.48965454101562,133.50928036035887,126.92120741919899,127.04883517109609,11667200
2022-12-01,133.67616271972656,134.31436127650144,132.02669533549422,133.61725531050948,7582900
2022-12-02,132.90054321289062,133.34236382899482,130.92706980413686,131.43761074732626,4467200
2022-12-05,130.69142150878906,132.6158153366571,129.82740611894542,131.87944266982407,5763100
2022-12-06,127.8931884765625,130.75031777581262,127.06845475560546,130.55395474437606,5899600
2022-12-07,127.24520111083984,128.2270313200854,126.33209122584066,127.43173626610286,5206900
2022-12-08,129.32669067382812,129.69979098872784,127.18629279037933,127.95213422136868,4482900
2022-12-09,128.5314178466797,130.33798213913974,128.05031557009892,128.74742172746758,5201400
2022-12-12,131.33941650390625,131.33941650390625,128.69829114123692,128.73755775330983,7403100
2022-12-13,132.89071655273438,136.79839634777613,131.54559906224114,136.1209311484655,9303800
2022-12-14,131.77145385742188,134.31439079100585,130.22997306366725,132.76309708740487,9770500
2022-12-15,126.8426284790039,130.0924835967135,126.36152635385865,129.61138147156822,9611900
2022-12-16,125.16371154785156,127.15681807468198,124.52552044847593,126.41063254968458,11999600
2022-12-19,123.4947280883789,125.37541208091312,122.67746726924796,125.17847769012796,7138300
2022-12-20,123.68181610107422,124.31199113833773,122.25407742558511,122.84486558398477,6311000
2022-12-21,125.7298812866211,126.32066189777463,123.94766080684343,124.25290722190155,7335300
2022-12-22,122.5593032836914,124.29228820759882,120.48169259680537,124.15443039012915,7661800
2022-12-23,122.68731689453125,122.8054775299921,120.78694320313973,121.68297778609028,4115800
2022-12-27,121.52542114257812,122.48053221536715,120.80663132295723,122.26390815610222,4765100
2022-12-28,119.56597137451172,122.3623719343944,119.42812106591346,121.23003118694854,5181300
2022-12-29,122.69715881347656,123.11070974666043,120.727860069997,120.73770866715239,5477100
2022-12-30,122.52976989746094,122.59869505280832,120.66878319080278,121.42695989962412,4452900
2023-01-03,121.3678970336914,124.65662269168703,120.5014006832509,123.83936182016859,7598100
2023-01-04,121.68297576904297,122.46084970363842,120.3438519718,121.99806327943666,5906500
2023-01-05,119.31981658935547,121.38757886150454,119.11304111336844,121.07249134872256,5670500
2023-01-06,122.81532287597656,123.3667241356369,118.95549152151806,120.37338906039174,6912700
2023-01-09,124.2430648803711,126.50775405293497,123.87874188830956,123.91812876682532,10713600
2023-01-10,125.0110855102539,125.20801989539635,123.2781004823937,123.93782128227257,8604500
2023-01-11,127.17732238769531,127.17732238769531,125.02093775914432,125.40495043103985,6879000
2023-01-12,128.12257385253906,128.70352841145498,125.81849788522862,127.37424572478348,7679300
2023-01-13,128.48690795898438,128.67397872776905,126.61606505011781,126.91146288041861,5076600
2023-01-17,129.06785583496094,129.82604014257473,128.15212400441672,128.30967152734715,5212900
2023-01-18,127.40377807617188,130.4857353321287,127.32500432566984,129.7964837959317,6968000
2023-01-19,125.91696166992188,127.11824264360133,125.45418276553517,126.4092938786908,7322500
2023-01-20,129.32386779785156,129.42233876229992,126.09421848813456,126.54716389021328,7063900
2023-01-23,132.2679443359375,133.02612851564436,129.55031763437012,129.84570040933468,11736300
2023-01-24,132.20889282226562,132.71105865937542,131.32269925585186,131.51964117587207,6287800
2023-01-25,131.93316650390625,132.267943663535,128.76259452258424,129.97370896745068,7171100
2023-01-26,134.04031372070312,134.09939027464364,131.84453496887429,133.2230530005621,5580900
2023-01-27,134.60157775878906,135.54684784825716,133.1344596836658,133.19353624715285,6774700
2023-01-30,132.03164672851562,133.63663020775257,131.92333468345254,133.05569061357733,4852800
2023-01-31,133.87294006347656,133.9320166240013,131.94302061384187,132.031635454629,4435800
2023-02-01,137.02381896972656,138.116780443473,133.13445670669378,133.7744728295703,9426400
2023-02-02,140.76548767089844,141.5531951871229,138.72725616004527,139.3672722731171,9412000
2023-02-03,139.59375,141.87812880104153,138.13645806661128,138.3432410519426,8072700
2023-02-06,137.8903045654297,139.1309725079256,137.36844155057486,138.04785208583527,6488700
2023-02-07,141.33656311035156,141.86828218071085,138.03799675539173,138.0970733133079,7854100
2023-02-08,139.6331329345703,142.37045714154038,139.34759121135025,141.61228789991281,6288500
2023-02-09,138.8651123046875,142.0258436857999,138.3137110103702,141.78952240628175,6312000
2023-02-10,138.22508239746094,138.69770988486488,136.9154969416136,137.83121363749353,4930800
2023-02-13,140.61776733398438,140.92300622001233,138.67800696680953,138.76662179993576,4205900
2023-02-14,141.2184295654297,142.0159932569429,139.0817419521909,139.9580794066949,6311000
2023-02-15,141.8781280517578,141.88798416144763,140.02699740152383,140.36177459071368,5245500
2023-02-16,139.41651916503906,141.40551536285622,139.3082071190055,139.82022906612414,6500600
2023-02-17,137.67367553710938,138.5795511112138,136.47240216122916,138.4220036136592,5303300
2023-02-21,134.40463256835938,136.64963182248175,134.286479457476,135.83237108157354,6138900
2023-02-22,134.2077178955078,135.29082323425564,133.56768676280632,134.6803454065149,7169200
2023-02-23,136.43304443359375,136.94506642594635,134.51298074297196,136.70874511611584,6560000
2023-02-24,134.00094604492188,134.5818856405413,133.22307955539608,134.01080215558048,7173700
2023-02-27,134.7197265625,136.0391530394157,134.47356423361768,135.34990152345648,4694500
2023-02-28,134.42433166503906,135.72406097682853,134.0501601092019,134.28648135887113,5242900
2023-03-01,133.43971252441406,134.70006275874243,133.02616151232758,134.48343865366473,7534700
2023-03-02,135.08404541015625,135.5074374147309,132.84888720062617,133.07535234203687,5484700
2023-03-03,137.98876953125,137.99861061663867,135.82254380567127,135.9505530385133,7219800
2023-03-06,138.6484832763672,140.52916728599212,138.54017123852077,138.87494843747953,7999600
2023-03-07,136.9253387451172,139.071882180675,136.58072048096338,138.54016310806728,7060000
2023-03-08,138.05770874023438,138.22509734711548,136.60041670757786,137.40783648441933,6623500
2023-03-09,136.0785369873047,139.83004860197434,135.81267745627616,138.2743008280601,7812300
2023-03-10,133.6858673095703,136.2262648317849,133.15414816387752,135.88163149570406,15278400
2023-03-13,134.4145050048828,136.2754920581524,132.02181380406182,132.84891582227945,17219700
2023-03-14,137.51611328125,137.99858178196723,135.58619420471703,136.1474514703122,10601100
2023-03-15,137.5949249267578,137.76231353684958,135.3499252950253,136.00963864934891,11530000
2023-03-16,141.45474243164062,141.65166931511234,136.659489432807,137.11243478689423,13043400
2023-03-17,141.25779724121094,142.95138023922638,140.4306803985308,141.7304247052023,11539300
2023-03-20,141.63873291015625,141.81636891644868,139.95127366787696,141.0071666634898,5990800
2023-03-21,142.78343200683594,143.0400005835349,140.92819982197034,142.4084344228163,6533200
2023-03-22,141.36239624023438,145.62547887288306,141.28344859247525,142.7834237844506,7112200
2023-03-23,143.6616973876953,145.6057399461676,142.30975466566943,143.16828587656477,8797900
2023-03-24,144.0366973876953,144.10576717040365,142.2604129060755,143.20775459112298,5936300
2023-03-27,142.9215850830078,144.7471987029386,142.5860688576443,144.2537871746776,5405300
2023-03-28,142.25051879882812,142.7242046449985,140.96766104085455,142.67486048714042,4984000
2023-03-29,145.23074340820312,145.55639681478348,143.82945651359114,144.03669597513297,7128300
2023-03-30,146.91822814941406,147.12545256837402,145.93140504805095,146.57283404084674,5601200
2023-03-31,149.02017211914062,149.1583267704941,146.55311401802277,146.74061284294416,7534900
2023-04-03,148.7833251953125,148.99054961703942,147.40176380032148,148.11227764740812,10571100
2023-04-04,147.96424865722656,149.51355299613965,147.41163016544292,149.00041585818317,7912400
2023-04-05,146.27676391601562,147.40174149403916,145.22087117326362,147.26358688121954,7868800
2023-04-06,147.10572814941406,147.2932118917149,144.5794483408013,145.21101452852307,7848000
2023-04-10,147.02674865722656,147.056352139481,144.84586343224117,145.64518756855577,4758600
2023-04-11,145.6452178955078,146.7899363067795,145.3985121202023,146.77019562859192,6395800
2023-04-12,144.81629943847656,147.02678874847234,144.57945645813635,146.63205044790533,6617900
2023-04-13,147.5102996826172,147.73727981703865,145.14193047586292,145.37877341962803,6820900
2023-04-14,146.69125366210938,147.89517909690537,145.40839562695317,146.68139085149588,6501800
2023-04-17,147.22415161132812,147.54980506539448,146.07943311662095,146.87875747763533,4153000
2023-04-18,147.6780548095703,148.7438254484335,147.036625887513,148.34910227450962,4606400
2023-04-19,147.25372314453125,147.5300323684295,146.14848624893824,146.3458478291908,4311600
2023-04-20,146.28665161132812,147.73728267226087,145.63534479667985,145.9017912313495,5708100
2023-04-21,145.81297302246094,146.07941947048428,144.8656312970616,145.6452149056241,6118800
2023-04-24,145.17153930664062,145.94126008006205,144.08602792990538,145.23074628033078,4539900
2023-04-25,142.07290649414062,144.73732554470402,142.02356233329758,144.46101631325146,5511300
2023-04-26,144.18470764160156,145.67480493541498,143.83931357208294,144.56956800531358,6801700
2023-04-27,147.24386596679688,147.35241709874563,144.51036204970478,144.8656189308349,6042400
2023-04-28,148.84251403808594,148.8721175232972,147.08597031283935,147.24386560578202,5893000
2023-05-01,148.9313201904297,149.6516967392954,148.4872528673679,148.72409579993848,4097200
2023-05-02,147.53990173339844,149.27671985533516,146.7701809958034,149.10896175177973,6029400
2023-05-03,146.29652404785156,148.67477132413617,146.22743920339224,147.71755171596726,5815100
2023-05-04,145.59588623046875,146.58270941642422,144.99392348472685,145.71431525203766,5430500
2023-05-05,149.2471466064453,149.75042101907198,146.79981422203304,147.0070537200129,6114200
2023-05-08,149.1681671142578,149.2964438639911,148.25041390149877,148.96092766049807,3397800
2023-05-09,148.02346801757812,148.62543072315864,147.86557270450518,148.3491214541439,6236600
2023-05-10,149.829345703125,150.17472473648505,148.37871461292835,149.31619350022675,5275900
2023-05-11,149.15830993652344,149.58265171204297,148.12215769717596,149.58265171204297,4478400
2023-05-12,148.9609375,149.63198500903547,147.80635632979212,149.41488273179385,3953300
2023-05-15,150.19447326660156,150.22407675507384,148.57608397997393,149.10897688792573,3398300
2023-05-16,150.35235595703125,151.17142087070812,149.9378920954823,149.9872362580362,4699100
2023-05-17,152.35560607910156,152.61217464457098,150.28327170552953,150.98392267799608,5958300
2023-05-18,155.47398376464844,155.70094886345328,152.54311792761706,152.54311792761706,7745600
2023-05-19,155.40489196777344,155.7798895507228,154.8720141383888,155.51344310716797,4902500
2023-05-22,155.70095825195312,156.10555936471226,154.68453159346902,154.94110019638316,5397100
2023-05-23,153.4016571044922,155.5628022326356,153.34245012416932,154.92137320216924,5845500
2023-05-24,152.2766876220703,152.8885131957913,151.4477597368237,152.18787714673545,5462800
2023-05-25,158.11863708496094,158.74034036202133,155.50356229017606,156.32262714572005,9039000
2023-05-26,162.60870361328125,162.89489073475153,158.5035160448062,158.52325672228946,7580000
2023-05-30,163.4770965576172,165.82572498313738,163.1317024955907,164.996797303542,9061800
2023-05-31,162.11529541015625,164.06920090483595,162.02648494624475,162.53963716727563,9650500
2023-06-01,163.76329040527344,164.45406356360945,161.0791303691173,161.60214540740927,8709700
2023-06-02,164.70077514648438,165.46063317631197,163.5363310753307,164.73037863590517,7134100
2023-06-05,163.75341796875,165.69746056575224,163.4672308542966,164.6020863870237,5454500
2023-06-06,163.7139434814453,164.06920039370993,162.53963666091468,163.35868656918072,4987800
2023-06-07,161.26661682128906,164.67115324351818,160.93110060688693,163.3981581675927,6851900
2023-06-08,163.01329040527344,163.26985895918247,161.38502345434003,161.5034524511412,5332600
2023-06-09,163.82249450683594,165.5001057932845,163.26987598986594,163.8027688867479,7206800
2023-06-12,167.3849334716797,167.45401831806697,164.61196290252101,164.94747915082135,6893600
2023-06-13,168.40133666992188,169.20067593769693,167.0395311874257,168.8750225451346,8297900
2023-06-14,170.13818359375,170.19739057375335,167.62178153952314,168.20400358652455,8384500
2023-06-15,172.32891845703125,173.0986392511424,169.4079155287625,169.44739688410033,8866300
2023-06-16,170.90789794921875,173.97691844372332,170.74013982634736,173.96704057561422,8682900
2023-06-20,169.75286865234375,170.97908265033698,168.8430916221581,169.9308616174984,7068900
2023-06-21,167.2410888671875,169.426542627252,166.74664381723554,169.10020708357183,6029000
2023-06-22,168.6057586669922,168.67498821545053,166.45986900376047,166.489534499024,7612100
2023-06-23,166.7762908935547,167.76518088424106,166.07418745015505,166.5290683958831,7364500
2023-06-26,165.57974243164062,168.38818638337366,165.46108046133926,166.92463342235646,5445100
2023-06-27,168.8430938720703,169.22876039097585,166.08408216129124,166.24230819193576,6916500
2023-06-28,168.94198608398438,169.85176319231354,167.7751029741489,167.9036484302691,5685800
2023-06-29,169.23863220214844,169.5451856846161,168.22007672008834,169.11997023197094,4564100
2023-06-30,171.92843627929688,172.36355034489262,170.79121868088902,170.91976413534908,5697800
2023-07-03,171.5625457763672,171.97787780013905,170.69231767555075,171.8987647828589,3091100
2023-07-05,170.50439453125,171.7800709506206,170.2176230998888,170.3659505489959,4697800
2023-07-06,170.04953002929688,170.20774096051665,168.3090739825051,168.82330100444486,6058200
2023-07-07,169.307861328125,171.35485575497412,169.208966293711,169.7726257399324,5811100
2023-07-10,169.75286865234375,169.76275212065303,168.05197656874225,168.6947490619313,8438600
2023-07-11,170.11875915527344,170.30665068464543,168.45743106469712,170.10887568661468,4998700
2023-07-12,172.04708862304688,172.85798571608018,170.88020559367484,171.81964813396442,8052200
2023-07-13,174.2918701171875,174.66765316217504,172.87776459823263,173.22386705980023,4674600
2023-07-14,174.03475952148438,176.09165256752675,173.5304159556925,174.72697951552166,5762800
2023-07-17,176.259765625,176.77397757996368,174.16330848588413,174.36109856469344,5929400
2023-07-18,178.25733947753906,179.11768419997028,174.93466784935669,175.85434356865898,8203400
2023-07-19,177.81231689453125,179.44399452525226,177.12998034798107,178.70232699017853,10495000
2023-07-20,174.26220703125,177.42665219542602,173.7183144821108,176.67510118432946,12178000
2023-07-21,174.1732177734375,176.24987792548907,173.96554421359963,175.36976634191987,7434600
2023-07-24,174.47976684570312,175.3697618754487,173.80731374983299,174.9445463870246,5654100
2023-07-25,176.47731018066406,177.0607516398719,175.0137421649809,175.04340765685498,5401100
2023-07-26,174.10398864746094,175.05332978304168,172.8777745801982,174.62809919348751,7750800
2023-07-27,173.59967041015625,176.99155641228478,172.8085552651948,176.45756236576392,6928500
2023-07-28,175.96310424804688,176.48721478627994,174.84565362274068,175.21153812585217,5643700
2023-07-31,176.3685302734375,176.58608727162036,175.35985828997735,176.1213077836173,5069200
2023-08-01,176.66519165039062,177.04097467722383,175.33019921009935,175.7949787150992,4422900
2023-08-02,172.29432678222656,175.22144826843805,171.67133624780305,175.11266974825836,7909300
2023-08-03,171.59219360351562,172.60085051913342,170.78129657683792,170.89007507823948,5660500
2023-08-04,169.2584228515625,172.0372014494132,168.99141831579408,171.00874735792388,7215200
2023-08-07,169.73309326171875,170.55387384141326,168.5068641265248,169.970432313801,4768000
2023-08-08,168.42776489257812,168.64530682705208,166.73675622429118,168.54642687306668,5730900
2023-08-09,166.252197265625,168.6552080331046,165.6786392021495,168.6552080331046,7150900
2023-08-10,166.27198791503906,168.97165377839835,165.45120728625622,167.51798406214348,6365700
2023-08-11,165.04576110839844,166.0148843261826,164.4722180960985,164.9468811462937,5384800
2023-08-14,167.6761932373047,167.6959752631541,164.48208262416108,164.87763260556207,5164000
2023-08-15,166.02474975585938,167.7750893679295,165.63908324024374,167.18174930270635,4683200
2023-08-16,164.44252014160156,166.61809032786047,164.43263667321483,165.66874923846888,4889700
2023-08-17,162.88006591796875,165.4808361557399,162.63284343712562,165.17428269377646,6307400
2023-08-18,163.1273193359375,163.78987389953917,161.12975708689333,161.22863704442554,6828500
2023-08-21,166.24229431152344,166.57851328162184,163.80961833359086,163.9678443510243,6566400
2023-08-22,166.05441284179688,167.8344179223851,165.6885283574659,167.73552288319402,5682800
2023-08-23,169.05075073242188,169.54519575655254,166.44998016619454,166.45986363454188,5056600
2023-08-24,165.15452575683594,171.18676124139367,165.02598030797049,171.17687777279326,6964500
2023-08-25,166.8356475830078,167.75530809001356,164.34364042292862,165.81707694567092,7843300
2023-08-28,168.2003173828125,168.5563184306275,166.9048737360947,168.1014374240819,4481900
2023-08-29,171.57241821289062,171.740527705327,167.53774512662505,167.7157531763757,6856900
2023-08-30,172.8678741455078,173.04588220805047,171.00875594852917,171.60209603798435,6133300
2023-08-31,173.70843505859375,174.3709896014223,173.0755460110213,173.26343754048682,5981700
2023-09-01,174.24241638183594,175.02364793809934,173.35242141039217,174.7961923720022,4622300
2023-09-05,174.86541748046875,175.4093099888964,173.24363851214312,173.80729795595823,5030200
2023-09-06,173.01622009277344,174.61821724062972,171.9482169644474,174.18310317843034,9071600
2023-09-07,170.5142822265625,170.8900652259691,169.17928988370593,169.80229536393,6256800
2023-09-08,170.8703155517578,171.9679841779689,170.42531801989182,170.50443103944264,4292400
2023-09-11,171.7603302001953,172.53166329942178,170.2572129679201,172.3734372561789,4136400
2023-09-12,168.64529418945312,170.92964276753304,168.3387407033196,170.32641926314434,6121500
2023-09-13,169.07054138183594,169.98031846192785,168.1014333101045,168.57609633248606,5004400
2023-09-14,170.29678344726562,170.72199897909647,169.04088870170804,170.10889189998537,4736600
2023-09-15,167.0235137939453,169.73307780709416,166.57851631491624,169.68363028958785,6553800
2023-09-18,167.82626342773438,168.3812223554004,166.48840413164925,166.53795727622585,4971900
2023-09-19,167.737060546875,168.1631994414603,166.20101892620949,167.11273931836135,4118300
2023-09-20,165.1009979248047,168.4109421519874,165.0316205018328,168.19292042478412,5380200
2023-09-21,162.58384704589844,164.52621835224022,162.50456504140527,163.3667473893332,7370600
2023-09-22,162.9307098388672,164.42711803405945,162.5640286645908,163.29737589164685,6268900
2023-09-25,163.4559326171875,163.70368320861127,162.09826421506398,162.51448339407636,5288700
2023-09-26,160.51266479492188,162.4748453722795,159.95770585356797,162.38565878273985,7463000
2023-09-27,160.76039123535156,161.60274922280897,159.1648769580638,161.2856212345679,5832600
2023-09-28,161.90003967285156,162.93069052499965,159.2441607874987,159.99731708599543,6414700
2023-09-29,162.45501708984375,165.0118051108423,161.90005816215353,163.49557264001126,7941400
2023-10-02,164.19918823242188,164.6748651450637,162.2865457587117,162.53429635593085,6828100
2023-10-03,161.41445922851562,164.38746612419902,160.58200580538804,163.26762868794654,7419400
2023-10-04,163.42620849609375,163.86225196908634,161.54329487376177,161.54329487376177,7597100
2023-10-05,163.64422607421875,163.91178582644082,161.6820304956135,163.41628464181252,6011500
2023-10-06,166.7064208984375,167.41994381886863,162.04871275559267,162.52438966204804,8310400
2023-10-09,167.56858825683594,167.82625855255057,164.92261372547185,165.6856897895944,6569600
2023-10-10,167.82626342773438,169.17402730413616,167.22175135549173,167.68752369581787,10201400
2023-10-11,169.3821258544922,169.4614078598834,167.80643569126994,168.34157032579012,5194600
2023-10-12,169.54066467285156,171.2749185891596,168.25235873929535,169.53076009421054,7702900
2023-10-13,167.11273193359375,170.16502100104478,166.5280290519081,169.87762185010683,7591600
2023-10-16,168.71815490722656,169.48123097254398,167.36048648782108,167.39021534945067,7272100
2023-10-17,167.9352569580078,168.80732870222937,165.3982783596953,166.5973978000557,7658900
2023-10-18,166.21092224121094,168.11364501749986,165.52712817192815,166.75597658060278,6431400
2023-10-19,165.25955200195312,167.99472825772776,164.97216796424306,166.8748907256753,9995900
2023-10-20,162.4649200439453,165.29918723661828,162.29645146694145,165.18025667758985,7667700
2023-10-23,162.65322875976562,164.30820095327647,160.55229338903317,161.45410920224163,7579500
2023-10-24,163.77304077148438,164.0207913557383,162.009057821316,163.29736388373558,5590200
2023-10-25,161.840576171875,164.7541252269057,161.35499474369948,164.55592779980378,7764800
2023-10-26,158.74867248535156,162.84151712304558,158.06487842882197,162.12799420505786,10323200
2023-10-27,159.6702880859375,161.2856266975782,158.96668491062442,159.71984122596547,8115800
2023-10-30,161.38475036621094,161.9595184636794,160.02706676633713,160.5126633965398,7090400
2023-10-31,162.5343017578125,162.67304149200643,160.2054551394501,161.4640173276748,5446800
2023-11-01,165.67576599121094,165.8937877184261,162.82168949934166,162.82168949934166,10472900
2023-11-02,168.48031616210938,168.62897559816778,166.9442745066508,167.17220082947742,8096300
2023-11-03,170.21456909179688,170.89836317652234,167.94518021843678,168.31184627253725,7830200
2023-11-06,171.3343963623047,171.39385408409981,169.90735055323773,170.44250029238577,5549600
2023-11-07,173.20738220214844,173.71278793554745,171.5325858819994,171.79025615986555,6514900
2023-11-08,174.18849182128906,174.47587585680103,173.00919657469572,173.80200149960265,5361200
2023-11-09,173.3758544921875,175.72454029531931,173.14792819046008,174.44613882244462,7187300
2023-11-10,177.90475463867188,178.0236700874966,174.22812909037572,174.42632654558247,6673200
2023-11-13,176.86419677734375,177.31014482608438,176.1209449889439,177.16150051700293,5862500
2023-11-14,180.40203857421875,180.85790625165285,179.01464150636528,179.56960033350666,8254200
2023-11-15,180.62998962402344,181.48225218880754,179.93629105303515,181.20477276041223,6573900
2023-11-16,181.5318145751953,181.73002715479637,179.94621978886408,180.27325239940973,5776800
2023-11-17,181.1552276611328,181.84892626290477,180.37232735795808,181.12549880116367,6638900
2023-11-20,183.78138732910156,184.25706423484877,181.36333911585092,181.3831633973601,5558100
2023-11-21,182.29486083984375,183.23630995292424,181.63089114700813,182.94892595391858,6675400
2023-11-22,183.10751342773438,184.6732989979348,182.61201223924675,183.44445060674687,5606700
2023-11-24,182.75074768066406,182.95884970690983,182.05704905735163,182.80030082264977,2096900
2023-11-27,182.74081420898438,183.80119390588976,182.16604619404833,182.49306363922082,4210000
2023-11-28,183.08767700195312,183.57327357819997,182.1264035503288,182.1264035503288,5506200
2023-11-29,183.22642517089844,185.2183344646215,183.11741430677455,184.42554467626138,5382700
2023-11-30,183.49398803710938,184.23723975619535,181.95793146003265,183.98948918316668,6872000
2023-12-01,183.9102020263672,184.23723458817085,182.1362995052044,183.01829091558596,6994300
2023-12-04,181.67054748535156,182.0768469328642,179.68854290072323,182.0768469328642,9110900
2023-12-05,182.7606658935547,182.9687830568209,180.69937902945264,180.69937902945264,5420700
2023-12-06,181.21469116210938,184.16787394471856,181.07595143732897,183.90031419646084,7365700
2023-12-07,183.4147186279297,183.72192694013145,181.69036907756035,182.07685939315223,6964400
2023-12-08,184.98049926757812,185.12914356905898,182.79037745628816,183.01830375905732,6404000
2023-12-11,186.5958251953125,186.63547375721572,184.0093084657233,184.43544733795613,18897700
2023-12-12,187.83457946777344,187.89405231105226,185.7534835978906,185.9120476036424,7527700
2023-12-13,189.48956298828125,189.94541559400565,187.83457578314247,188.2805389307582,14697500
2023-12-14,189.02378845214844,190.35172793524322,187.62647154815542,189.63820505326788,7713700
2023-12-15,189.9751434326172,191.06525204304432,188.8255771018932,188.8255771018932,9065600
2023-12-18,190.54324340820312,190.97030724181553,189.1329022270946,189.9373977419035,5069000
2023-12-19,191.26829528808594,191.288163306861,190.3942843202784,190.50353569125434,4501800
2023-12-20,188.3780975341797,191.72513857917295,188.34830308578591,191.04977754243825,6867400
2023-12-21,190.4936065673828,190.92067045843513,188.89457206289018,190.29497184701296,5668000
2023-12-22,190.74191284179688,191.2980961472672,189.7983865089556,191.03987251397265,5107500
2023-12-26,191.5364532470703,191.93372267838146,190.86107702801252,190.86107702801252,3103800
2023-12-27,191.52650451660156,191.92378908795118,190.71209766633427,191.6357558793656,5882300
2023-12-28,191.7549591064453,192.4005257315633,191.6655606013143,192.2018910126699,4807700
2023-12-29,191.16896057128906,192.24160620741048,190.21550788686372,191.85426321282696,6094900
