Date,Close,High,Low,Open,Volume,Smoothed_Close,KMeans_Cluster,GMM_Cluster,DTW_Distance,Major_Event
2014-01-02,57.10305404663086,57.75098415002204,56.87398835283173,57.5808239164899,11133600,57.10305404663086,2,2,0.0,None
2014-01-03,56.89360427856445,57.39100748387636,56.77579838765521,57.16193686753455,9714300,56.998329162597656,2,2,0.007594514497465565,None
2014-01-06,56.972145080566406,57.161938750764506,56.65144820442478,57.06377133281937,9256600,56.989601135253906,2,2,0.0006329453673624141,None
2014-01-07,57.40410614013672,57.44337311377273,56.841256216154186,57.13577349819551,6651000,57.09322738647461,2,2,0.007514843052622733,None
2014-01-08,57.004878997802734,57.43028954866656,56.78890064214392,57.41065606056256,10941500,57.075557708740234,2,2,0.0012813824045554423,None
2014-01-09,56.82817077636719,57.16195004987075,56.356947104059536,57.06378261252102,12222700,57.03432655334473,2,2,0.0029900305957766826,None
2014-01-10,56.87398147583008,56.945974255641495,56.50093025010591,56.86743531586803,10470100,57.01142011369978,2,2,0.0016611456730162288,None
2014-01-13,55.74174880981445,56.80200228066765,55.68938950411,56.71692215384158,16717600,56.85271120071411,2,2,0.011509367154462491,None
2014-01-14,56.46820831298828,56.49438796137337,55.96426381303299,55.96426381303299,13222100,56.80998865763346,2,2,0.0030981841210893646,None
2014-01-15,56.3045768737793,56.59909410840231,56.21949678018044,56.546734823146274,11667900,56.759447479248045,2,2,0.0036651815421952505,None
2014-01-16,56.38312149047852,56.39620881648485,55.938077507411705,56.19986896684926,11297100,56.72523602572355,2,2,0.002480970804310423,None
2014-01-17,56.291500091552734,56.82817038279584,56.219507309156704,56.52056576587774,12632900,56.68909136454264,2,2,0.0026211645482208112,None
2014-01-21,56.75619125366211,56.88708452954773,56.27842130948864,56.6907446157193,12725800,56.69425289447491,2,2,0.00037430754172301794,None
2014-01-22,57.01795959472656,57.08340620603529,56.657995742644005,56.89360753796052,10557600,56.71737480163574,2,2,0.0016767711013777609,None
2014-01-23,56.37004089355469,56.8281772911556,56.10170821194167,56.710371359573394,14900800,56.69421920776367,2,2,0.0016792140185430404,None
2014-01-24,55.19197845458984,56.02970718119873,55.159252647696,56.02970718119873,17426100,56.60032916069031,2,2,0.00680878599436141,None
2014-01-27,54.995643615722656,55.40142072612523,54.60950498898727,55.29016095163449,16054500,56.50593589333927,2,2,0.006845278884561157,None
2014-01-28,55.41450881958008,55.4995939368707,54.976010883533824,55.12654263417705,9112800,56.4453010559082,2,2,0.004397160771987124,None
2014-01-29,55.10689163208008,55.48648900985654,54.64221414959797,54.93018526284313,20124900,56.37485845465409,2,2,0.005108407246304014,None
2014-01-30,55.28361511230469,55.57158628867085,54.9694642841545,55.47995501079779,12265700,56.32029628753662,2,2,0.003956778496459007,None
2014-01-31,54.57020568847656,55.05452151124915,54.34114009297898,54.642198446098014,15983200,56.23695863996233,2,2,0.0060435394942710274,None
2014-02-03,53.59505462646485,54.74693411525491,53.5230618463369,54.51786844814647,25172800,56.116872093894266,2,2,0.008708522558739162,None
2014-02-04,54.14482879638672,54.28226822603492,53.69978469374863,53.896124596135415,20339800,56.031131080959156,2,2,0.006217828472902559,None
2014-02-05,53.61469268798828,54.15790916866607,53.54269990171738,54.144821840824754,27270900,55.9304461479187,2,2,0.0073015424243358384,None
2014-02-06,54.41313934326172,54.5440325582343,53.73902979896639,53.75866328188667,13028300,55.86975387573242,2,2,0.004401325866894179,None
2014-02-07,55.00217819213867,55.087258297077874,54.41314863763706,54.74693288406413,12402300,55.83638558020959,2,2,0.00241982606563243,None
2014-02-10,54.73384475708008,55.06108286873052,54.50477907757623,54.98909008470684,7961000,55.795550734908495,2,2,0.002961290695175922,None
2014-02-11,55.447227478027344,55.63702618553906,54.733845784741405,54.79275124243827,10869700,55.78311061859131,2,2,0.0009021413066552519,None
2014-02-12,55.31631851196289,55.72864165614048,55.2574180589412,55.617381916039655,6812400,55.767014339052395,2,2,0.0011672815820429339,None
2014-02-13,55.5781135559082,55.72209910807874,54.90400391916138,55.05453563095515,9799000,55.76071764628092,2,2,0.00045662809732843757,None
2014-02-14,56.3045768737793,56.41583661000618,55.53884105162077,55.623921145219626,12618300,55.73410174051921,2,2,0.0019301514061017544,None
2014-02-18,56.559852600097656,56.63184540777213,56.2915198568865,56.38969232128432,8854000,55.72297668457031,2,2,0.0008067748125862029,None
2014-02-19,56.63182067871094,57.20776288861366,56.38312153832544,56.38312153832544,23822000,55.711632537841794,2,2,0.0008226629953946296,None
2014-02-20,57.004878997802734,57.11613875923034,56.53365531027711,56.61219425595051,9436900,55.69832496643066,2,2,0.0009650480393548488,None
2014-02-21,56.55326843261719,57.14229278464272,56.52054263828014,57.129205462861,11582800,55.68327128092448,2,2,0.0010916739977552548,None
2014-02-24,57.40410614013672,57.90805560366523,56.69072948837808,56.72345030198907,18613900,55.70246912638346,2,2,0.0013922031712360061,None
2014-02-25,57.377925872802734,57.48918562573965,56.91324838119238,57.29284576642575,9583300,55.71926727294922,2,2,0.0012181800801396026,None
2014-02-26,57.01795959472656,57.469544708036246,56.84124825161099,57.40409809672752,10048300,55.76180763244629,2,2,0.0030849724008813195,None
2014-02-27,57.07687377929688,57.16850005582513,56.66455553491974,57.0376068017155,9333400,55.782096481323244,2,2,0.0014713213421563287,None
2014-02-28,57.36483383178711,57.58735331937381,57.0245034477342,57.116129706535375,10474500,55.8174383799235,2,2,0.002562949233751527,None
2014-03-03,56.99831771850586,57.65279377907847,56.8150652204665,57.01795619465815,12463600,55.837944920857744,2,2,0.0014871080914121426,None
2014-03-04,57.620094299316406,57.790259536161386,57.27322265774396,57.495742203938384,10524500,55.88223139444987,2,2,0.003211598359281753,None
2014-03-05,57.08340835571289,57.49572651641591,56.93287665010328,57.4433672280946,10865400,55.8931386311849,2,2,0.000790978842098361,None
2014-03-06,57.4957389831543,57.55464444360232,57.089966893822464,57.12268771117567,7788300,55.909064610799156,2,2,0.0011549316495636786,None
2014-03-07,57.60698699951172,57.77060603267618,57.38446751117122,57.73133906255882,9852800,55.95029614766439,2,2,0.0029900582594726832,None
2014-03-10,57.69862747192383,57.73789444831591,57.2143114612202,57.54809574032515,8864500,56.033851114908856,2,2,0.006059299238490218,None
2014-03-11,57.04416275024414,57.80989890401416,56.85436400393852,57.770626926436776,12268000,56.10213508605957,2,2,0.00495186615517465,None
2014-03-12,57.05069732666016,57.19468291020352,56.586019757297926,56.64492522022833,9368700,56.15667470296224,2,2,0.00395514318375606,None
2014-03-13,56.481292724609375,57.15540234804203,56.2653144006193,57.13576886281687,11272800,56.202488072713216,2,2,0.003322326913641732,None
2014-03-14,56.533653259277344,56.756177767316935,56.337313392103006,56.41584734166985,10653400,56.24415601094564,2,2,0.0030217055278408955,None
2014-03-17,56.834739685058594,57.01145114505753,56.6122200607751,56.75620569684545,10419200,56.319640477498375,2,2,0.0054740368620170565,None
2014-03-18,57.31248092651367,57.48918730438158,56.86743690851405,57.04414827963912,6995200,56.4435546875,2,2,0.008986099846154477,None
2014-03-19,56.88051223754883,57.35173076885399,56.52709459412821,57.3320972875399,9322600,56.53474413553874,2,2,0.006612942010291695,None
2014-03-20,57.10305404663086,57.19468032415052,56.40931080447985,56.59910952027275,8713400,56.651022847493486,2,2,0.008432383304496971,None
2014-03-21,57.258934020996094,57.68643684120693,57.24578232678418,57.29839913926268,14130200,56.74588267008463,2,2,0.006879112873183657,None
2014-03-24,57.14054107666016,57.699585853465045,57.035312483560894,57.43650684399476,10044000,56.81716143290202,2,2,0.005169044612228113,None
2014-03-25,57.65353393554688,57.6995723751137,57.41676338411359,57.43649342709743,7168800,56.91448440551758,2,2,0.007057737359068894,None
2014-03-26,57.38388442993164,58.00211928908935,57.34442433860303,57.85084724263922,8564400,56.97903963724772,2,2,0.004681462746775722,None
2014-03-27,57.8508415222168,58.02842195126453,57.26549347558965,57.40360879939691,11386300,57.06352373758952,2,2,0.006126678781021022,None
2014-03-28,58.57431411743164,58.69927777104826,58.00869602543952,58.0415827820169,9955600,57.1633970896403,2,2,0.007242687610135079,None
2014-03-31,58.57431411743164,58.92289165876793,58.39673867823159,58.863701518306094,8451600,57.23905499776205,2,2,0.005486614622522423,None
2014-04-01,58.922882080078125,58.92946043388712,58.56773125941243,58.594034639020926,10247300,57.31782264709473,2,2,0.005712129073341121,None
2014-04-02,59.13335418701172,59.23858276765553,58.75188991932282,58.79792836419465,10008600,57.40120709737142,2,2,0.006046933566321633,None
2014-04-03,59.51482772827149,59.75817671978068,59.16625013084978,59.26490539864083,10792000,57.484872055053714,2,2,0.006067275604206723,None
2014-04-04,59.29778289794922,60.04755478753908,59.19254929065928,59.96205122716235,13997800,57.576355870564775,2,2,0.006634289162468221,None
2014-04-07,58.304649353027344,59.27803491933163,58.304649353027344,59.1596496458283,11244800,57.606373977661136,2,2,0.002176874690617947,None
2014-04-08,58.8900146484375,59.01497831208777,58.33754820402863,58.44936017468069,11644400,57.656776936848956,2,2,0.0036551580629652913,None
2014-04-09,59.159664154052734,59.19912926677453,58.56116430409824,59.07416560914915,7224500,57.728167088826496,2,2,0.005177122411496704,None
2014-04-10,58.33751678466797,59.317485482044894,58.21255820613272,58.93602135895101,12298300,57.77018852233887,2,2,0.0030473405529179987,None
2014-04-11,58.1731071472168,58.51511127726309,58.021840142545656,58.04814853853487,13455900,57.79713096618652,2,2,0.0019538315299854614,None
2014-04-14,58.96892929077149,59.08730955998272,58.3441161023214,58.62034676610907,9961400,57.86281801859538,2,2,0.0047635409331813205,None
2014-04-15,59.75816345214844,59.77789349776307,58.74531262881203,58.92946641163424,22442900,57.93408699035645,2,2,0.0051683345773609335,None
2014-04-16,60.47505569458008,60.48821240508966,60.02124953829638,60.10674808534929,13036700,58.04714190165202,2,2,0.008198597408536401,None
2014-04-17,61.02751541137695,61.21166919572989,60.44874565800855,60.55397424143267,18541000,58.16486778259277,2,2,0.008537330146366984,None
2014-04-21,61.441871643066406,61.48791009681017,60.97490875000391,61.08671570655089,8506400,58.292697270711265,2,2,0.00927003080196015,None
2014-04-22,61.34321594238281,61.51421806270349,60.97490831505991,61.27087410228589,6345200,58.41418355305989,2,2,0.008810029641544648,None
2014-04-23,61.665470123291016,61.83646717030704,61.3366227005185,61.3366227005185,8561700,58.56822713216146,2,2,0.011171043114809542,None
2014-04-24,61.68522262573242,61.98776176270168,61.57341566555548,61.843068041147845,8876500,58.7227113087972,2,2,0.01120299468383451,None
2014-04-25,61.3169174194336,61.704955126454834,61.12618523506509,61.51422294208634,8872100,58.88389879862468,2,2,0.011689110373392597,None
2014-04-28,61.422149658203125,61.57999508921761,60.90914824404423,61.52738329075664,11167000,59.046848678588866,2,2,0.01181691664949408,None
2014-04-29,61.70492935180664,62.25739562365877,61.68519930956431,61.718081040697065,8272600,59.209188334147136,2,2,0.011772663956925056,None
2014-04-30,61.652320861816406,61.744397749887256,61.25770491039647,61.56682232798321,10821600,59.35384966532389,2,2,0.010490654508590491,None
2014-05-01,61.51420974731445,61.731250291711305,61.33663431323528,61.5668265491951,10715300,59.50830624898275,2,2,0.011200993676481696,None
2014-05-02,61.63917922973633,62.09956374521836,61.31691006889891,61.40240861668418,8711000,59.65951042175293,2,2,0.01096513300331109,None
2014-05-05,61.928558349609375,62.03378693140981,61.29716678754995,61.40897874159406,8037300,59.81516456604004,2,2,0.01128783923985327,None
2014-05-06,62.02067184448242,62.349519510640185,61.93516823987841,61.98778507073977,7476700,59.97783559163411,2,2,0.011796694487626103,None
2014-05-07,62.55995941162109,62.64545796778827,61.94830277090803,62.29688036934815,9630900,60.14138310750325,2,2,0.01186025644009181,None
2014-05-08,61.665470123291016,62.540200454327696,61.612853331372186,62.43497188830349,10966300,60.28410263061524,2,2,0.010349837074077772,None
2014-05-09,61.60628509521485,61.85621238896686,61.36951451050993,61.74440043332367,8710800,60.409284083048504,2,2,0.009077998644685281,None
2014-05-12,62.04037857055664,62.07326031411653,61.69837431638983,61.88910649317223,5213900,60.52481956481934,2,2,0.008378485203211827,None
2014-05-13,62.27054977416992,62.36262665348294,62.066665972521605,62.158742851834624,4988800,60.648027420043945,2,2,0.008934875902161354,None
2014-05-14,62.29688262939453,62.49418815489569,62.21137905231004,62.336342730931655,4984600,60.76049410502116,2,2,0.00815593998911035,None
2014-05-15,61.586570739746094,62.19164904689579,61.132759500476034,62.17191899611285,11448800,60.842267990112305,2,2,0.005930137441277905,None
2014-05-16,61.4287223815918,61.65233630353863,61.1196048865821,61.47476083715823,14811000,60.90606447855632,2,2,0.004626439655181058,None
2014-05-19,61.61943054199219,61.78385425032896,61.25769637652592,61.25769637652592,5032200,60.983452733357744,2,1,0.005612097148149142,None
2014-05-20,61.441871643066406,61.73125907677871,61.32348633089457,61.48791009681017,4675600,61.08802680969238,2,1,0.007583578116263867,None
2014-05-21,62.10611724853516,62.19161576210788,61.63915456459885,61.72465307817157,5857400,61.19523022969564,2,1,0.007774254752428322,None
2014-05-22,62.04693984985352,62.37578732843315,61.96801966639556,62.106135005261294,6869200,61.291472752889,2,1,0.006979384550408363,None
2014-05-23,61.92200469970703,62.2705823563249,61.90884798559907,62.033811680543664,5280600,61.4109556833903,2,1,0.008664749130723126,None
2014-05-27,62.09298706054688,62.23767574488817,61.86278979739996,62.09956039768879,5057300,61.54161834716797,2,1,0.009475489073087595,None
2014-05-28,62.19818878173828,62.40865088909795,61.95483993161737,62.086381884849935,7535500,61.64926033020019,2,1,0.007806058781740788,None
2014-05-29,62.73093795776367,62.76382470999521,62.145589896302255,62.31659197584126,7278300,61.7483528137207,2,1,0.0071860600241654415,None
2014-05-30,62.68490982055664,62.75725667310854,62.38237071798264,62.55995118072448,5958000,61.82201461791992,2,1,0.0053418597219269115,None
2014-06-02,62.605987548828125,62.96771678174398,62.428407091991545,62.74410289424849,5075700,61.87463035583496,2,1,0.0038156259429604766,None
2014-06-03,62.823001861572266,62.90192703993139,62.454694398188735,62.46127275083854,5998600,61.920668029785155,2,1,0.0033385931669640545,None
2014-06-04,62.79012680053711,62.85589528057943,62.52704786255446,62.71777996714655,3686600,61.968898391723634,2,1,0.0034976040922963803,None
2014-06-05,63.15187072753906,63.25710433448268,62.599409344528745,62.72437299832065,6174800,62.018445078531904,2,1,0.003593062286394999,None
2014-06-06,63.67145538330078,63.76353228771651,63.29656941023246,63.29656941023246,5420000,62.08465283711751,2,1,0.004801301878392672,None
2014-06-09,63.77010726928711,64.10553312780685,63.61226187261328,63.75695557698708,5652000,62.16642583211263,2,1,0.005930072892653904,None
2014-06-10,63.66486740112305,63.82929112373152,63.50701701459298,63.77667432822149,3766100,62.24118309020996,2,1,0.005421300635968462,None
2014-06-11,63.9082260131836,63.99372958002686,63.33603453816765,63.474149894820286,5651700,62.31462631225586,2,1,0.005326008424047068,None
2014-06-12,64.11865997314453,64.54616256554476,64.00027471706159,64.19100679729593,11869600,62.396837615966795,2,1,0.005961858479502258,None
2014-06-13,64.7303237915039,64.73690214477408,63.90820525619885,64.28966946085559,9736600,62.50404141743978,1,1,0.007774282416124323,None
2014-06-16,65.11836242675781,65.26305608310541,64.84212680199737,64.96051206466241,13386900,62.62001419067383,1,1,0.00841019702020418,None
2014-06-17,65.07234954833984,65.08550124143973,64.65799845737627,64.98684598083815,10045500,62.72480723063151,1,1,0.007599457077840155,None
2014-06-18,65.56560516357422,65.62479529509991,64.88160187611017,65.09864239399866,14863600,62.84297167460124,1,1,0.008569134175679838,None
2014-06-19,66.03257751464844,66.04572920651346,65.4209209777276,65.60507477072493,8677000,62.95872561136881,1,1,0.008394327279859781,None
2014-06-20,66.68936920166016,66.72901251211451,66.15416434607539,66.3722075946871,9096200,63.12618891398112,1,1,0.012144224280824956,None
2014-06-23,66.92724609375,67.07921549367482,66.72241558032383,66.89420663753334,7959200,63.30355428059896,1,1,0.012862309283631412,None
2014-06-24,65.51983642578125,66.92062029197483,65.37447092092448,66.86775919182475,17748500,63.41953620910645,1,1,0.008410860948911303,None
2014-06-25,66.01539611816406,66.0814699710151,65.1762425595093,65.24892530997899,13860300,63.54436442057292,1,1,0.009052382062072706,None
2014-06-26,66.08805847167969,66.14091955812275,65.48677999699954,66.05502407348577,8080000,63.670736948649086,1,1,0.009164373925222402,None
2014-06-27,66.08805847167969,66.12109791098426,65.70482819774418,65.92948025346118,8222100,63.820786539713545,1,1,0.010881404216370516,None
2014-06-30,66.14094543457031,66.22023709525632,65.7841405231522,66.04183211899095,6294500,63.977860641479495,1,1,0.01139081273806597,None
2014-07-01,66.18058776855469,66.51096209637429,66.0154006046449,66.30612658516985,6885800,64.12989921569825,1,1,0.011025642727970908,None
2014-07-02,66.08148193359375,66.31935187980797,65.94272530515424,66.12773414307358,5926400,64.28455289204915,1,1,0.011215286586146123,None
2014-07-03,66.33256530761719,66.39863917309809,65.9625476280339,66.39863917309809,3668800,64.42543449401856,1,1,0.010216553386143024,None
2014-07-07,65.82378387451172,66.27309316871397,65.70484891307254,66.26648427054728,6932400,64.5513292948405,1,1,0.009129729756440885,None
2014-07-08,65.71807861328125,65.88326582225525,65.4603869705709,65.724687513152,10392300,64.67786509195963,1,1,0.009176213987164061,None
2014-07-09,66.15413665771484,66.19377995157677,65.71804026079114,65.82376243257045,6408000,64.81323674519857,1,1,0.009816978959298783,None
2014-07-10,65.51983642578125,65.76431019202946,65.18285321371438,65.55287083254107,14908700,64.92395833333333,1,1,0.008029387800566057,None
2014-07-11,65.01766204833984,65.45375349491378,64.84586600399899,65.44054074124679,10805200,65.00018246968587,1,1,0.0055276767688048345,None
2014-07-14,65.57931518554688,65.65860685246108,65.24233190255282,65.33483632672953,6870300,65.09666264851889,1,1,0.0069966190330955635,None
2014-07-15,65.29518127441406,65.5660906401627,64.8723025424604,65.40090347795855,9954200,65.18630243937174,1,1,0.006500562855395131,None
2014-07-16,66.28630065917969,66.31273120863497,65.54626039776734,65.56608709069269,8167400,65.30174573262532,1,1,0.00837179980998104,None
2014-07-17,65.21588897705078,66.43827799816707,65.16963677373533,66.23344249110261,11017800,65.38260447184244,1,1,0.0058637722342715914,None
2014-07-18,65.40747833251953,65.57266542147809,65.08371304967153,65.38104779335298,8317800,65.45779139200846,1,1,0.005452459179038804,None
2014-07-21,65.5066146850586,65.5528668846264,65.14320094480324,65.24231424133758,9396700,65.51896336873372,1,1,0.004436113425834276,None
2014-07-22,65.97576141357422,66.18059695320605,65.73128760337103,65.79736146988236,5977900,65.5924851735433,1,1,0.0053317071454489495,None
2014-07-23,66.39862060546875,66.40522950250258,65.85680699425697,66.14092907337482,6701200,65.68361028035481,1,1,0.00660827606687775,None
2014-07-24,66.45809173583984,66.71578327235137,66.23343460284096,66.50434393364675,5747200,65.76860580444335,1,1,0.006163766576293805,None
2014-07-25,65.9691390991211,66.27969175379457,65.88324359423535,66.22022679836103,4802900,65.83028844197591,1,1,0.004473145893715058,None
2014-07-28,65.8105697631836,66.02861804488357,65.40751265135485,65.91629197532147,7478600,65.8662966410319,1,1,0.0026112684896514304,None
2014-07-29,65.6453857421875,66.02201231908082,65.61235133014132,65.69163795194237,6828800,65.88386408487956,1,1,0.0012739685339945295,None
2014-07-30,65.25553131103516,66.1607536412481,65.04409196663013,65.95592319416838,10780300,65.88997014363606,1,1,0.00044280356265580245,None
2014-07-31,63.84813690185547,64.8722992723395,63.80188470041429,64.83925982511929,17284800,65.83272120157878,1,1,0.00415161997487401,None
2014-08-01,63.3327522277832,63.87456587750571,62.78432968055713,63.66973542490079,17833300,65.74272702534994,1,1,0.0065262624290968185,None
2014-08-04,64.39656829833984,64.555146576309,63.127931992361546,63.31954972208419,12896500,65.66630032857259,1,1,0.005542366191448211,None
2014-08-05,62.98917388916016,64.25781016533368,62.61915119444187,64.12566244364945,16439900,65.53503125508627,1,1,0.009519465128695392,None
2014-08-06,63.17415618896485,63.90758733090131,62.744668712165335,62.85699473254219,11547000,65.45684191385905,1,1,0.0056701909100143055,None
2014-08-07,62.77772521972656,63.61026481713753,62.434133128413606,63.49793876621708,13256700,65.3489195505778,1,1,0.007826391598393267,None
2014-08-08,63.82832336425781,63.89439722598612,62.81737866058845,62.96935307956482,11585000,65.27359504699707,1,1,0.0054624365521082074,None
2014-08-11,63.83490753173828,64.47583432853018,63.78865534233631,64.24457338152037,11203600,65.19849001566568,1,1,0.005446520705604252,None
2014-08-12,63.36578750610352,63.742413981245214,63.10148707557516,63.742413981245214,9998100,65.10598475138346,1,1,0.006708363319461785,None
2014-08-13,63.57061004638672,63.91420207571461,63.33934908882609,63.70936662092309,6489000,65.01898549397787,1,1,0.006309074750811328,None
2014-08-14,63.20720291137695,63.76222922270144,63.1146934850453,63.663115941076086,7617400,64.92317619323731,1,1,0.006947967812840794,None
2014-08-15,63.67633819580078,63.76884258750347,63.16755900032469,63.332746134238256,11075300,64.83463528951009,1,1,0.006420872968089353,None
2014-08-18,63.84813690185547,64.03975460528656,63.57723259087486,63.90760689862947,8597500,64.76878039042155,1,1,0.004775712959476208,None
2014-08-19,64.33710479736328,64.45603976882252,63.93404767414653,63.980299882985534,5997700,64.72274792989096,1,1,0.003338215096450159,None
2014-08-20,64.475830078125,64.56172555532034,63.99348152806449,64.2577818962712,5947900,64.66680437723795,1,1,0.0040569548067321826,None
2014-08-21,64.5287094116211,64.59478326208388,64.23797842025084,64.56174381629666,5567200,64.63376681009929,1,1,0.0023958420666860825,None
2014-08-22,64.0992202758789,64.43619841744474,63.834919839291,64.43619841744474,7383400,64.60315208435058,1,1,0.00222014071135912,None
2014-08-25,64.66746520996094,64.7137174088239,64.25779927638075,64.27762092716323,4379000,64.57275708516438,1,1,0.0022042064223900537,None
2014-08-26,64.99783325195312,65.32820750953752,64.72692394100059,64.85246777203821,5596500,64.56284548441569,1,1,0.0007187765952090253,None
2014-08-27,64.86567687988281,65.12997727932327,64.69388590519071,65.05729454344937,3860100,64.51549135843912,1,1,0.0034340605822952286,None
2014-08-28,64.87890625,64.94498010137318,64.56174470585233,64.66746690093879,3104500,64.50425860087077,1,1,0.0008145851961249839,None
2014-08-29,65.24231719970703,65.2753566470872,64.79300793734119,65.02427398677847,5367400,64.49875322977702,1,1,0.0003992424624900126,None
2014-09-02,64.41636657714844,65.20926776148656,64.13885343112993,65.1497977781336,8642300,64.46241162618001,1,1,0.0026354465600660903,None
2014-09-03,64.58816528320312,65.04408335718124,64.54852198672188,64.84585679255312,7190900,64.41615842183431,1,1,0.0033542231552752266,None
2014-09-04,63.71598434448242,64.76657214342683,63.41864950658421,64.7401466369967,12286500,64.32673721313476,1,1,0.006484711557515732,None
2014-09-05,64.1454849243164,64.1653065787132,63.31294015186335,63.74903671304293,8774900,64.24965031941731,1,1,0.00559024282821019,None
2014-09-08,63.147743225097656,63.8811745711896,62.857012229209175,63.8283134735532,10978100,64.15560379028321,1,1,0.006820133873042256,None
2014-09-09,62.870216369628906,63.50453428016542,62.50019380764963,63.114690071155415,9998300,64.05759201049804,1,1,0.007107688773041354,None
2014-09-10,62.71825408935547,62.810758487392825,61.984822761265264,62.810758487392825,10432700,63.96002095540364,1,1,0.007075727982782887,None
2014-09-11,62.75788497924805,62.85038935156001,61.9517711281493,62.21607149523072,12505700,63.87676607767741,1,1,0.00603753713087074,None
2014-09-12,61.81962585449219,62.63234869875887,61.62800819135434,62.57287871449018,15440200,63.8091490427653,1,1,0.004903500793114746,None
2014-09-15,62.25575256347656,62.42093976300134,61.443029323724815,61.753582065409525,13391300,63.77324905395508,1,1,0.0026034212211840657,None
2014-09-16,63.00898742675781,63.405435581854256,62.07732947322495,62.1698338747104,13455400,63.726996358235674,1,1,0.003354186270347115,None
2014-09-17,62.6654052734375,63.27990177574258,62.48039644110695,63.16096680622829,11069300,63.71620407104492,1,1,0.0007826428483320713,None
2014-09-18,62.34162521362305,62.90326047766964,62.17643807472043,62.870226074555966,12284600,63.68845303853353,1,1,0.0020124693445405795,None
2014-09-19,62.29049301147461,62.75539496889974,62.26392646147156,62.46981089018107,9474600,63.67221196492513,1,1,0.001177781862563565,None
2014-09-22,61.37397766113281,62.224087101384406,61.13488374768056,62.19087764288472,10629600,63.59040044148763,1,1,0.00593286692596251,None
2014-09-23,61.19464492797852,61.80566035728103,61.18136418692896,61.2809824124285,9140100,63.50239168802898,1,1,0.006382282111992543,None
2014-09-24,61.24777221679688,61.59977009231054,60.27811606651655,61.15479183711593,24739900,63.431791178385424,1,1,0.005119858560515889,None
2014-09-25,60.31133270263672,61.241141755401,60.278128312890814,61.21457520337325,13436400,63.323148600260424,1,1,0.007878620656679436,None
2014-09-26,61.08837890625,61.34739640590803,60.10543693461257,60.31796424374354,11484800,63.25252113342286,1,1,0.005121813461708702,None
2014-09-29,60.94892120361328,61.0618303284493,60.16522557049557,60.31133908859328,15454300,63.16160723368328,1,1,0.006592959600456472,None
2014-09-30,60.18514633178711,61.03525570611503,59.81321968022997,60.88914220733025,21732100,63.03950754801433,1,1,0.008854512864915898,None
2014-10-01,58.95646286010742,60.47736360395628,58.77050208217851,60.17849879186355,18977300,62.86015281677246,1,1,0.01300657545892836,None
2014-10-02,58.65093994140625,59.03614720558405,57.63479376321815,58.61109266133608,29242700,62.665989812215166,1,1,0.014080452478843042,None
2014-10-03,58.55797958374024,58.97639643563471,58.0598681444766,58.94318697952983,20098000,62.46696548461914,1,1,0.014432989401039986,None
2014-10-06,58.6244010925293,59.22213591119441,58.19270850904272,58.85685718154791,20122200,62.28447151184082,2,1,0.013234229235580708,None
2014-10-07,57.860626220703125,59.06273353126892,57.84069750694299,58.312247458620085,17899300,62.05757687886556,2,1,0.016454108261236278,None
2014-10-08,58.42515182495117,58.47828492783607,56.764780362684974,57.69458939496436,35988600,61.838487497965495,2,1,0.015888081374802576,None
2014-10-09,56.27993774414063,58.07977941992156,56.12054353630278,57.98016120692947,36667400,61.55229619344075,2,1,0.02075422695691531,None
2014-10-10,55.48960494995117,56.7249214706596,54.885227429076906,56.11390104652009,60474300,61.239319483439125,2,1,0.022696670265329066,None
2014-10-13,53.77610397338867,56.04749059002833,53.70304723422329,55.37006136064577,47549300,60.857112375895184,2,2,0.027717170050592155,None
2014-10-14,53.09865951538086,54.6527693173356,52.81307551703725,54.22771477101718,55995600,60.47985547383626,2,2,0.027358187487197982,None
2014-10-15,53.50379943847656,53.64327000995611,51.4781496332155,52.40795851012994,69469600,60.11037661234538,2,2,0.02679413394442076,None
2014-10-16,54.460182189941406,55.004783809158766,52.13566221841952,52.35483246039821,59796300,59.801849873860675,2,2,0.022373964028787552,None
2014-10-17,54.92507553100586,57.05035363997921,54.460173636538585,55.46303922837585,38000000,59.49450289408366,2,2,0.022288409437901613,None
2014-10-20,55.40325927734375,55.56929638023705,54.60628321027602,54.878581424154895,26502600,59.23635342915853,2,2,0.018720668654694406,None
2014-10-21,57.0902099609375,57.21639980957063,56.01428746297682,56.03421617622265,31358200,59.04368654886881,2,2,0.013971955462636576,None
2014-10-22,56.00763702392578,57.58830842666595,55.97442757637293,57.23631057762698,36142500,58.819999313354494,2,2,0.016221511904208785,None
2014-10-23,57.05035400390625,57.65472647056903,56.49910956334247,56.79797434497068,26558000,58.629748280843096,2,2,0.013796761275071012,None
2014-10-24,56.851112365722656,57.17654372213264,56.10062636137484,57.07692549765587,25247400,58.46413116455078,2,2,0.012010341212807252,None
2014-10-27,55.6556396484375,55.9810709556132,55.08447160161057,55.94786150777779,23501400,58.244127400716145,2,2,0.01595439125441639,None
2014-10-28,56.92417907714844,57.076935493182575,55.57595815457906,55.94787976989421,23625000,58.041300455729164,2,2,0.014708750345256039,None
2014-10-29,57.11013412475586,58.02666239441693,56.565532499949896,57.54847461321141,26722500,57.85612475077311,2,2,0.013428705019346343,None
2014-10-30,56.90425109863281,57.15662573738478,56.24674541671876,56.67180010674922,18796000,57.674878946940105,2,2,0.013143713621856734,None
2014-10-31,58.059844970703125,58.12625878935315,56.4924545287247,57.023775212024006,20264300,57.533857345581055,2,2,0.010226705962620597,None
2014-11-03,57.14335632324219,58.71739060955005,56.97067623773162,58.09973209892824,26605600,57.39283663431804,2,2,0.010226641413996096,None
2014-11-04,55.9677963256836,56.485836453290034,55.47632781529175,56.452626998823135,23439100,57.21860834757487,2,2,0.012634812267923234,None
2014-11-05,56.95074081420898,57.196477613289325,56.09398853677121,56.5323290323656,27445100,57.07537396748861,2,2,0.010387173842615338,None
2014-11-06,57.667999267578125,57.6812800043441,56.40611645873089,56.592077175751626,23026300,56.98726285298665,2,2,0.006389705203787011,None
2014-11-07,58.30559158325195,58.76385562380926,57.68793333743357,57.80083735503306,18042000,56.89450327555338,2,2,0.006726805783546175,None
2014-11-10,57.78093338012695,59.082664144782406,57.60825330987152,58.81036582923743,22953400,56.788903681437176,2,2,0.007657947352682104,None
2014-11-11,57.953609466552734,58.09308006742279,57.26953720497743,57.83406251337101,17380900,56.7145191192627,2,2,0.005394273204853639,None
2014-11-12,57.44220733642578,58.186055545184736,57.375793494066365,57.588320829847305,17624600,56.66404393513997,2,2,0.003660395722765719,None
2014-11-13,56.67842864990234,57.20974945883736,55.755262671342095,57.13669272093252,31588300,56.59829355875651,2,2,0.004768133106738126,None
2014-11-14,57.25626754760742,57.32268141432165,56.572195093049736,56.957402613866776,17962300,56.55490315755208,2,2,0.003146616337081687,None
2014-11-17,56.9573974609375,57.296109670652775,56.69173695106164,56.90426434555177,12215100,56.499336369832356,2,2,0.004029632296191021,None
2014-11-18,57.00387954711914,57.47542447810388,56.73157616985993,56.9374656958773,19680300,56.470778147379555,2,2,0.002071005725543529,None
2014-11-19,57.302730560302734,57.50197713291942,56.605377690246,57.11012689132016,14746200,56.43336410522461,2,2,0.002713218431107667,None
2014-11-20,58.02001953125,58.10635702128689,57.26289056615269,57.41564189983731,16917300,56.49136683146159,2,2,0.004206283438419389,None
2014-11-21,58.77714538574219,59.25533314198151,58.35209072842974,59.02288216799051,28685200,56.600951512654625,2,2,0.007946940764878563,None
2014-11-24,58.32553863525391,58.90334982843178,58.07316395337576,58.58455622290719,16678100,56.7525993347168,2,2,0.010997305881905839,None
2014-11-25,57.37577438354492,58.69079031928639,57.29607475902888,58.64430013841445,22554000,56.89516983032227,2,2,0.010339029790124132,None
2014-11-26,56.65188980102539,57.25626252224851,56.55226647617133,57.1101489880696,20873200,57.00010617574056,2,2,0.007609849406351454,None
2014-11-28,53.012351989746094,54.460196439227175,52.85295771162557,54.28751634881583,42538300,56.95184516906738,2,2,0.0034998264092184206,None
2014-12-01,53.19829177856445,53.36432889714116,52.2485592576237,52.72674696985271,51594500,56.89428571065267,2,2,0.004174138223521251,None
2014-12-02,53.77610397338867,54.29413898416079,52.7998048836793,52.81972852762425,33234900,56.840047200520836,2,2,0.003933307306280054,None
2014-12-03,54.4336166381836,54.86531422565501,53.93550520657461,54.12146599698039,31549200,56.75149408976237,2,2,0.006421758206365147,None
2014-12-04,53.962059020996094,54.30741396922833,53.47722844582839,53.90892593140642,23579500,56.68330815633138,2,2,0.004944756585270438,None
2014-12-05,53.317832946777344,54.001904990685965,53.10530566064019,53.84251079284565,23443300,56.55889078776042,2,2,0.009022588261344777,None
2014-12-08,51.15936279296875,52.79981054775944,51.04645875380172,52.60056395283412,41192700,56.36916580200195,2,2,0.013758613038113182,None
2014-12-09,51.71725082397461,51.92977816309232,50.873779304907984,51.0464593513947,33668900,56.23788617451986,2,2,0.009520230490955128,None
2014-12-10,50.123294830322266,50.96676130898021,49.79122053577083,50.90699036814573,44533800,56.011190032958986,2,2,0.01643971391801871,None
2014-12-11,50.09009552001953,51.36525985329491,49.97719145309521,50.05689112406966,35551700,55.77718874613444,2,2,0.016969473698831228,None
2014-12-12,49.1602783203125,50.06352084331713,49.073940824382575,49.49235262826856,50054300,55.51905632019043,2,2,0.018719433009600772,None
2014-12-15,48.72193145751953,50.03030473516076,48.61566527167732,49.56539777267698,47481100,55.20779253641764,2,2,0.0225724510484914,None
2014-12-16,49.15363311767578,50.66789092434385,48.157410343073,48.27695727870737,57284400,54.94146842956543,2,2,0.01931348322020965,None
2014-12-17,51.19257736206055,51.69068883208489,49.33960208552378,49.43258248789751,62470200,54.78229446411133,2,2,0.011543092164007451,None
2014-12-18,52.17550659179688,52.70018453549054,50.85385244356032,52.50758085486493,52263500,54.62311999003092,2,2,0.01154312904893598,None
2014-12-19,53.842872619628906,53.90969904540342,52.18554972836165,52.76695033951187,46742800,54.495615768432614,2,2,0.0092464428903965,None
2014-12-22,53.29487991333008,53.57555391932079,52.74021097397078,53.44190108747628,33238100,54.32859204610189,2,2,0.012112346481655559,None
2014-12-23,53.943092346191406,54.12352413050557,53.30154974853488,53.68246582522242,26529200,54.20066401163737,2,2,0.009277177256792349,None
2014-12-24,53.54881286621094,53.75598134703141,52.92731762080516,53.62900761025704,14047800,54.05383745829264,2,2,0.010647673647802003,None
2014-12-26,53.53543472290039,54.00322451997109,53.30153982436505,53.75596638374503,14464600,53.92361170450847,2,2,0.00944380491979084,None
2014-12-29,53.72925567626953,54.130219243553135,53.40848176332562,53.65574509410589,18224100,53.8253059387207,2,2,0.007129008261521866,None
2014-12-30,53.30155944824219,53.77603358810717,53.13449087370403,53.662428181068,19148100,53.693482335408525,2,2,0.009559678921631183,None
2014-12-31,52.90058517456055,53.46193302401968,52.58649550228007,52.98745898025477,21541900,53.55825525919597,2,2,0.009806494418466462,None
2015-01-02,53.1478385925293,53.32159128688602,52.3793223544216,52.613222369278525,27749100,53.42972056070963,2,2,0.009321171754865187,None
2015-01-05,50.94922256469727,52.426107905431024,50.68859603977527,52.40606049559509,45395200,53.21793696085612,2,2,0.015358275487829542,None
2015-01-06,50.20076370239258,51.27668565720965,49.8465740656692,50.86235378503177,41876600,52.9572950998942,2,2,0.018901414023949674,None
2015-01-07,50.30768585205078,51.02942328187764,49.97354871955998,50.80889155078699,31192400,52.674979782104494,2,2,0.02047314536181078,None
2015-01-08,51.43705368041992,51.55734321157467,50.50815317259627,50.71531649349144,28186900,52.44536361694336,2,2,0.01665147029063108,None
2015-01-09,51.0294189453125,51.557356181606345,50.56830811013219,51.47047727148392,24952100,52.233818435668944,2,2,0.015340985677751322,None
2015-01-12,49.55921173095703,50.38118605241228,49.29190106031494,50.38118605241228,28940600,51.997395833333336,2,2,0.01714506439937464,None
2015-01-13,49.16493988037109,50.14730391380503,48.70382898340538,49.75970359747235,34051400,51.86914876302083,2,2,0.009300313327986101,None
2015-01-14,49.31865310668945,49.3921636990894,47.91527277798429,48.697157706372025,52152500,51.739827473958336,2,2,0.009378214296276235,None
2015-01-15,48.69046401977539,50.027012568001936,48.65036919485758,49.90003882439143,41346000,51.570306142171226,2,2,0.012293469921424674,None
2015-01-16,50.27427291870117,50.34109932246411,48.93772444933127,48.97781927188347,42741900,51.43166135152181,2,2,0.010054342693291751,None
2015-01-20,50.334434509277344,50.36116610076805,49.405533373726726,50.013660509918616,28085800,51.31074053446452,2,2,0.008769022822654113,None
2015-01-21,51.35686111450195,51.370229451039,50.334402606058816,50.7019553829296,28330800,51.245374806722005,2,2,0.004740238879811398,None
2015-01-22,51.59744644165039,51.75783080985134,50.6551825426268,51.68432024556608,33018800,51.25997759501139,2,2,0.001058975508934551,None
2015-01-23,51.22990036010742,51.96500092798473,51.14970562417401,51.36355315480246,21147400,51.24373257954915,2,2,0.0011780677207569035,None
2015-01-26,51.96499633789063,52.098649120780046,50.94921683323435,51.40364343299598,18362100,51.30512262980143,2,2,0.004451927838786118,None
2015-01-27,51.93156814575195,52.17883134321195,51.43036268225715,51.55733636453736,21602300,51.36650505065918,2,2,0.004451374564863608,None
2015-01-28,49.88666534423828,51.79124561488677,49.78642320398793,51.79124561488677,38833400,51.39071795145671,2,2,0.0017558885629725823,None
2015-01-29,50.0537338256836,50.3544551475904,48.92434890387319,50.28762875366967,30123700,51.43511136372884,2,2,0.0032193534154290188,None
2015-01-30,50.48812103271485,51.06283728883322,49.34536759195938,49.67950471302692,43848100,51.47959429423015,2,2,0.0032258451627866225,None
2015-02-02,52.03182220458984,52.05186961196839,50.76210038583818,51.10960577548902,35465700,51.50756912231445,2,2,0.0020286987129342904,None
2015-02-03,53.45525741577149,53.7292523136935,52.613235506731286,52.63328291906157,47027900,51.55022748311361,2,2,0.0030935297042163634,None
2015-02-04,52.573123931884766,53.06096628409053,52.13206566278509,52.76023987020141,41132200,51.50790252685547,2,2,0.0030693516338021615,None
2015-02-05,53.328269958496094,53.628991234418784,52.8738434113849,53.19461209256559,31786200,51.509015528361004,2,2,8.071344406382353e-05,None
2015-02-06,53.34165573120117,53.84286146850206,53.07434498493502,53.749303472088165,26134600,51.48896764119466,2,2,0.0014538471074369147,None
2015-02-09,53.39510345458984,54.0099144241861,53.27481390849258,53.56885615418077,20203800,51.48384399414063,2,2,0.0003715603238999554,None
2015-02-10,53.36837387084961,53.535442407861154,52.39937839559351,53.48866342143901,21971300,51.478275299072266,2,2,0.0004038346360472761,None
2015-02-11,52.99414443969727,53.23472355204482,52.41942823781449,52.68673383062078,26196600,51.45377159118652,2,2,0.0017769775206523952,None
2015-02-12,53.689151763916016,53.9364150763359,53.32828814912634,53.71588334622044,26422300,51.46669133504232,2,2,0.0009369232816269363,None
2015-02-13,54.82521057128906,54.88535279606279,54.07674170565598,54.21707866198837,31187900,51.53084551493327,2,2,0.004652378980914876,None
2015-02-17,54.99229431152344,55.08585230828277,54.24382523892033,54.56459915532979,22125900,51.59232737223307,2,2,0.004458585568320378,None
2015-02-18,54.33738327026367,54.76507842672954,54.19036210425445,54.54455177624414,19381400,51.70526606241862,2,2,0.008190169202450484,None
2015-02-19,54.08341979980469,54.39082525512716,52.96740334490053,53.20798241402707,23872000,51.83468793233236,2,2,0.00938550829082159,None
2015-02-20,53.82279968261719,54.21039990627685,53.37505723383468,53.93640506242284,25641800,51.95185839335124,2,2,0.008497051804807684,None
2015-02-23,53.60226440429688,54.036643584586656,53.16120615401425,53.29485893324494,19679500,52.02403208414714,2,2,0.005233943643339581,None
2015-02-24,53.749298095703125,53.976508893258654,53.40179772928646,53.92972989973087,15430700,52.11469472249349,2,2,0.006574738445941294,None
2015-02-25,54.04334259033203,54.1302164108299,53.52208437176042,53.78939510213681,16025700,52.26416575113932,2,2,0.010839447610579103,None
2015-02-26,53.04092025756836,53.74928921350882,52.76024124425663,53.72255763612071,19349100,52.3933650970459,2,2,0.009369371134748443,None
2015-02-27,52.80704116821289,53.28819955492576,52.75358309076742,53.248104722209376,13362200,52.50964469909668,2,2,0.008432447853121514,None
2015-03-02,52.4394645690918,52.74687001469863,51.93157487270708,52.70009103598729,17978500,52.63461138407389,2,2,0.009062423983766162,None
2015-03-03,52.633262634277344,52.94735223581024,52.23897831580219,52.47287320039283,12349700,52.713244374593096,2,2,0.0057023637886084895,None
2015-03-04,52.55975341796875,52.686722016522985,51.97835317707669,52.64662720629809,16602800,52.78742167154948,2,2,0.005379242596625542,None
2015-03-05,52.24566650390625,52.49292974294431,52.16547178079287,52.426098257753246,11244500,52.81704851786296,2,2,0.0021485009596243117,None
2015-03-06,51.310089111328125,52.14543181006302,51.18311538959171,51.878121126762416,19176300,52.80746994018555,2,2,0.0006946261884913756,None
2015-03-09,50.94254302978516,51.81129640543672,50.94254302978516,51.22321696198671,17441100,52.79789136250814,2,2,0.0006946261884913738,None
2015-03-10,50.234169006347656,50.82893262007907,50.20743742726084,50.53489544717883,19030600,52.74019711812337,2,2,0.0041839127294859176,None
2015-03-11,50.381195068359375,50.58835845337953,50.02032636319248,50.32105283342883,13051000,52.68851801554362,2,2,0.0037477023477387253,None
2015-03-12,50.06043243408203,50.70197517811653,50.04037992144752,50.46139601178753,19245000,52.69431025187175,2,2,0.000420045561976997,None
2015-03-13,49.8733024597168,49.93344978985463,49.332001981114296,49.73296548743198,21011900,52.68829587300618,2,2,0.0004361550543546325,None
2015-03-16,50.54825973510742,50.58835455530495,49.44560629292793,49.599311601230944,16948500,52.69030049641927,2,2,0.00014537272314202668,None
2015-03-17,50.35446548461914,50.54158146542015,49.98691769333946,50.24086008177968,13936300,52.63438860575358,2,2,0.00405465871995302,None
2015-03-18,51.8179817199707,52.09197148883366,49.94681193355413,50.02700667246712,27753700,52.57981274922689,2,2,0.0039577712348875145,None
2015-03-19,50.996002197265625,51.41033403370332,50.84898105857717,51.18980232567064,23240900,52.527242024739586,2,2,0.003812361626817456,None
2015-03-20,51.74618911743164,52.04895372641942,51.35595529856369,51.557796660165685,22610600,52.4745059967041,2,2,0.003824349228472225,None
2015-03-23,51.56452560424805,52.21042719304727,51.56452560424805,51.86056575738626,12160100,52.41526832580566,2,2,0.004295840044011533,None
2015-03-24,51.22138977050781,51.779827296220176,51.18775210982216,51.699087670869226,14780900,52.34281120300293,2,2,0.00525449776956087,None
2015-03-25,51.88749313354492,52.27772192094562,51.490529625881805,51.54435605627187,15898500,52.29344851175944,2,2,0.003579719163629966,None
2015-03-26,51.82692337036133,52.64775825000723,51.63853604713169,52.48628413483462,15318600,52.25454114278158,2,2,0.0028215125802093857,None
2015-03-27,51.4030647277832,51.73274262575142,51.29541186867554,51.6318193536307,11967300,52.17833824157715,2,2,0.005526136823053987,None
2015-03-30,52.506473541259766,52.6073967992981,51.88075550122628,51.90093912619992,18187800,52.10104700724284,2,2,0.0056050613481016115,None
2015-03-31,52.19698333740234,52.47956437515378,51.8067494472672,52.109514111547945,9403700,52.007869974772134,2,2,0.006757079088340057,None
2015-04-01,52.18352890014648,52.634318843951206,52.07588117116382,52.36519182173805,13293300,51.936074829101564,2,2,0.005206492035550292,None
2015-04-02,52.29117202758789,52.59393666298208,51.82019854310022,51.9413054238919,13857700,51.876333236694336,2,2,0.004332383786593855,None
2015-04-06,53.23311996459961,53.52243059447349,52.35172890158628,52.59394269093048,15543300,51.85667724609375,2,2,0.0014254272702832055,None
2015-04-07,53.26675796508789,53.63007865137791,53.0380033477038,53.186023456915,14142100,51.845493698120116,2,2,0.0008110165793256963,None
2015-04-08,52.836158752441406,53.64353979603293,52.81597512465651,53.5157033091675,12045700,51.815055720011394,2,2,0.002207323198820055,None
2015-04-09,53.68389129638672,53.80499816072432,52.93033690348956,52.97743373222255,13875100,51.803074010213216,2,2,0.000868898252853037,None
2015-04-10,53.91939163208008,54.00685573080135,53.59644331897781,53.82519794632768,8850500,51.8323563893636,2,2,0.002123520642022342,None
2015-04-13,53.38113021850586,54.22887840623287,53.29366613187798,54.15486835863613,9940300,51.851492691040036,2,2,0.001387740094927828,None
2015-04-14,54.3432502746582,54.47108673194772,53.66371100831942,53.7309914630935,13720100,51.914952214558916,2,2,0.00460200339026956,None
2015-04-15,55.64179229736328,55.75617473593209,54.54510581650746,54.6527586685321,20006900,52.01523653666178,2,2,0.007272490632095119,None
2015-04-16,55.51395797729492,55.99838551910641,55.07662727242788,55.43321834260293,21277500,52.11371002197266,2,2,0.0071411710665852945,None
2015-04-17,55.11026763916016,55.3255681890046,54.67293695358457,55.25155814376088,16917400,52.20919672648112,2,2,0.006924573547150349,None
2015-04-20,55.31882858276367,55.92436287363138,55.15062489825425,55.17080851908833,12710400,52.34282137552897,2,2,0.009690288452273842,None
2015-04-21,54.73348236083984,55.493766361837785,54.504727795237656,55.460123568934165,11820400,52.469186019897464,2,2,0.009163802208836391,None
2015-04-22,55.096805572509766,55.30537652550884,54.51145482720205,54.87477544844445,10129500,52.631273905436196,2,2,0.011754405917481388,None
2015-04-23,55.47357940673828,55.83017557031461,55.15736075576026,55.21791162514871,12575800,52.80102005004883,2,2,0.012309773059674985,None
2015-04-24,55.15736770629883,55.35920909619795,54.89496517304044,55.30538267229006,11507600,52.97091789245606,2,2,0.012320773989501327,None
2015-04-27,55.096805572509766,55.5543198585369,55.00261190772504,55.38611615239707,11325600,53.14503466288249,2,2,0.012626725247422152,None
2015-04-28,55.37266159057617,55.47357970676941,54.90841772340849,55.08335101342626,11125400,53.305848058064775,2,2,0.01166198150872459,None
2015-04-29,55.803260803222656,55.88399529348576,55.00260955365008,55.17754283783601,15903100,53.487474568684895,2,2,0.013171321990590634,None
2015-04-30,55.62833023071289,56.099298557437365,55.312106439982266,56.01183447766561,16552100,53.61448618570964,2,2,0.00921071983746595,None
2015-05-01,55.75616836547852,55.850362033652665,55.312108101369006,55.68215832146026,11354600,53.773158391316734,2,2,0.011506705182369764,None
2015-05-04,55.61489486694336,56.07913376397547,55.33230864285292,55.89074637002951,14434200,53.90211524963379,2,2,0.009351786245243916,None
2015-05-05,54.928619384765625,56.287708638405135,54.90843575489883,56.03203563830211,16076300,54.014251708984375,2,2,0.008131992449497347,None
2015-05-06,54.71331405639648,55.6417968823504,54.45764621152623,55.41977183980271,16388600,54.130649185180665,2,2,0.008440995935224543,None
2015-05-07,54.12123107910156,54.61911265751505,53.71753804091581,54.60565861838829,17396600,54.20510711669922,2,2,0.005399593855741638,None
2015-05-08,55.00933074951172,55.06988160797454,53.93282826709998,54.55181655284064,14515200,54.3111873626709,2,2,0.00769280360980136,None
2015-05-11,53.97320938110352,55.09007938960704,53.91938295985345,55.063166178982,18144400,54.39685885111491,2,2,0.0062127866458288605,None
2015-05-12,54.222145080566406,54.50473121243294,53.79827358252135,53.89246724875358,9851500,54.45404790242513,2,2,0.004147276774583014,None
2015-05-13,54.080848693847656,54.76039304040609,53.87900734525287,54.69311259087449,12534700,54.51684341430664,2,2,0.00455385011654634,None
2015-05-14,54.0606575012207,54.59891128843066,54.02701984775042,54.23559075203922,9617900,54.57941436767578,2,2,0.004537565420760045,None
2015-05-15,54.27597427368164,54.491274826527714,53.69735307543844,53.83191912919854,9780600,54.64557444254557,2,2,0.004797843916377498,None
2015-05-18,54.32306671142578,54.39034716627403,53.93956247230414,54.16832217859178,7229800,54.68190600077311,2,2,0.0026347180827344524,None
2015-05-19,53.54934310913086,54.01358709934462,53.46860859477789,53.95976066766194,13919800,54.69132550557455,2,2,0.0006830904272070448,None
2015-05-20,53.65027618408203,53.82520955241554,53.34078184513628,53.73774543483478,12623800,54.718462753295896,2,2,0.001967958457473745,None
2015-05-21,54.15486145019531,54.235601073592896,53.75790318478863,53.95302009145565,10087300,54.73416175842285,2,2,0.0011384717503687275,None
2015-05-22,53.95976257324219,54.201976391196936,53.68391108417615,53.7848343638525,6360700,54.73550745646159,2,2,9.75882987006571e-05,None
2015-05-26,53.10527801513672,53.6368023796253,52.90343150040988,53.52242508342614,13183600,54.72631238301595,2,2,0.00066681495265275,None
2015-05-27,53.011077880859375,53.50222980262108,52.721767316046645,53.07162874799322,11375000,54.681906636555986,2,2,0.003220247874937382,None
2015-05-28,52.80251693725586,52.896710614968846,52.46610947880364,52.82942501674205,12164200,54.58726412455241,2,2,0.006863353787623358,None
2015-05-29,52.741966247558594,53.07837373995693,52.61412975783251,52.78906309116752,12978100,54.49486440022786,2,2,0.006700709696867618,None
2015-06-01,52.6074104309082,52.88326193231002,52.5401248193342,52.87653234451833,8487200,54.41143582661947,2,2,0.0060501333338401075,None
2015-06-02,52.970733642578125,53.22640152569072,52.48630596243073,52.76888706479281,10183000,54.33316599527995,2,2,0.005676027949896759,None
2015-06-03,52.6074104309082,53.19948582729053,52.53340036471398,52.8092518661158,8640300,54.26229693094889,2,2,0.0051393338025887275,None
2015-06-04,51.89420318603516,52.43245707422039,51.8538359410306,52.33153382853947,15946100,54.15554351806641,2,2,0.00774162081223119,None
2015-06-05,52.25752258300781,52.7217664225105,51.63853421911716,51.65871784115304,18956000,54.04834162394206,2,2,0.007774144097643765,None
2015-06-08,51.96149826049805,52.35845659731588,51.84039137019982,52.05569193815552,9707300,53.941812642415364,2,2,0.007725345337677422,None
2015-06-09,51.95477294921875,52.60740429324137,51.93458932136995,52.27772126114135,11033100,53.837078221639,2,2,0.007595206089868696,None
2015-06-10,52.593936920166016,52.74195701220967,52.412279164675205,52.593936920166016,9785400,53.74445406595866,2,2,0.0067169851714214066,None
2015-06-11,52.35845947265625,52.775606591740726,52.31136263124112,52.68813736256212,8416500,53.62962735493978,2,2,0.008327086055809556,None
2015-06-12,51.77309799194336,52.10278094737267,51.685633913882135,52.06240856789316,10504500,53.50111961364746,2,2,0.00931921685367184,None
2015-06-15,51.65199661254883,51.92785318012,51.26176787932726,51.41651242875041,8075500,53.3643138885498,2,2,0.009920976014268498,None
2015-06-16,52.05568313598633,52.06913717344653,51.49724561775088,51.74618894270597,9017600,53.245673497517906,2,2,0.00860364924721279,None
2015-06-17,51.927860260009766,52.56030798258562,51.66546282897743,52.33154822058484,10413700,53.14564819335938,2,2,0.007253706982425473,None
2015-06-18,51.89420318603516,52.32480424331554,51.847106355806666,52.08932009217307,12672600,53.051677831014,2,2,0.006814610355050092,None
2015-06-19,51.41266250610352,51.87998523946584,51.39233963311384,51.67002872400263,17234900,52.96139221191406,2,2,0.006547397492937133,None
2015-06-22,52.04255294799805,52.089967836741415,51.64973175606696,51.88000606970683,10577400,52.86249961853027,2,2,0.007171564247395323,None
2015-06-23,52.21184539794922,52.30666995600029,51.913843812893184,51.96802779827401,7117700,52.80378748575846,2,2,0.004257728691981736,None
2015-06-24,51.886756896972656,52.39472018326288,51.86643919228421,52.09671340177962,6798300,52.725941212972,2,2,0.0056453120259649155,None
2015-06-25,51.35848236083984,51.93417312420221,51.34493377783156,51.87321483520573,8685700,52.63519566853841,2,2,0.006580750689232955,None
2015-06-26,51.52780151367188,51.54134492889357,51.02660730687547,51.311070699233234,11772300,52.55076713562012,2,2,0.006122649102618203,None
2015-06-29,50.552513122558594,51.20270560262684,50.51187770732636,50.877611946227965,13897200,52.42665176391601,2,2,0.0090006878352457,None
2015-06-30,50.90469741821289,51.10110534483126,50.57959863622934,51.01983452478776,15170600,52.31270612080892,2,2,0.00826319213899055,None
2015-07-01,50.25450134277344,51.02660515967536,50.051319119376615,51.00628745406267,13910100,52.20287806193034,2,2,0.007964590203006605,None
2015-07-02,50.47800064086914,50.74891540821612,50.34931496374371,50.38995553757086,9700200,52.09713554382324,2,2,0.007668312017497861,None
2015-07-06,49.814266204833984,50.29513747514815,49.60430454176701,49.814266204833984,13509100,51.952449035644534,2,2,0.010492480312534733,None
2015-07-07,50.26805114746094,50.44414654583768,49.05571139947086,49.617858715689245,20686100,51.82939198811849,2,2,0.008923939520960114,None
2015-07-08,49.25213623046875,50.26806311585871,49.04894878648222,49.92264652799015,16521300,51.70095392862956,2,2,0.009314163618512589,None
2015-07-09,49.50271987915039,50.13936894022755,49.50271987915039,49.92941240615762,11956000,51.584008661905926,2,2,0.008480721002861347,None
2015-07-10,49.77362060546875,50.11226274761261,49.52979784974365,49.80071259691254,13250400,51.483045450846355,2,2,0.007321722789967358,None
2015-07-13,50.12583160400391,50.2477430311824,49.80750703485614,49.94296187960063,14358800,51.39584096272787,2,2,0.006323957819327278,None
2015-07-14,50.48478698730469,50.68796923588474,49.96327503134753,49.983597906749104,12654200,51.32508684794108,2,2,0.005130997808822896,None
2015-07-15,49.59754180908203,50.47800848061843,49.42144640786668,50.22741654490024,12708300,51.212647120157875,2,2,0.008153985087917481,None
2015-07-16,49.66526412963867,50.030998309786405,49.57044473114885,49.881994921511065,7860700,51.11457557678223,2,2,0.007112022752099906,None
2015-07-17,49.06249237060547,49.6652751811084,48.899940365078,49.61786547131393,14096000,51.020185216267905,2,2,0.006845068084484679,None
2015-07-20,48.41231918334961,49.15733142075016,48.35136086511592,49.15055712599688,13833400,50.89201176961263,2,2,0.009294974234633574,None
2015-07-21,48.4326057434082,48.91347701608605,48.28360235832811,48.527425139864704,10619000,50.77438201904297,2,2,0.008530358894943468,None
2015-07-22,48.03979110717773,48.52743678729438,47.93819739594164,48.23620423762865,15209300,50.64388262430827,2,2,0.009463649011145492,None
2015-07-23,47.999149322509766,48.39197036403313,47.63341511093689,48.08719443802412,11284600,50.490723037719725,2,2,0.011106937109653325,None
2015-07-24,47.07804489135742,48.019469889972406,46.9019494825655,47.999152182663806,12554100,50.3147092183431,2,2,0.012764296808256859,None
2015-07-27,46.4007682800293,46.94936713934566,46.19758083799367,46.47526999762427,17196700,50.1356315612793,2,2,0.012986482394308524,None
2015-07-28,47.72824096679688,47.98560722426368,46.43462505288316,46.468491345802576,18938600,50.004839706420896,2,2,0.009484857844842404,None
2015-07-29,48.37843322753906,48.42584293701034,47.4573258715793,47.60632929199497,23427300,49.88226470947266,2,2,0.008888981830288273,None
2015-07-30,48.03979110717773,48.41906878403699,47.829834559955046,48.276839655214765,12627200,49.752662404378256,2,2,0.009398593219089396,None
2015-07-31,46.98998260498047,47.69435889302343,46.91548091902512,47.62663149686469,21789400,49.58918838500976,2,2,0.011854926567971824,None
2015-08-03,46.00115966796875,46.78003783694007,45.90634025615698,46.48880531001237,16926600,49.40880495707194,2,2,0.013081175226147462,None
2015-08-04,45.84539413452149,46.56331412421903,45.64898098941588,46.20435412937026,12762500,49.20223299662272,2,2,0.014980334071357071,None
2015-08-05,45.499977111816406,46.71231709866737,45.45256739913603,46.20435367683283,18473800,48.97850405375163,2,2,0.016224536468318618,None
2015-08-06,46.22465896606445,46.34657036123717,44.89718220044472,45.22905010003221,23259600,48.78976745605469,2,2,0.013686936401450411,None
2015-08-07,45.398380279541016,46.4007636367942,45.23583344254105,46.03502937809118,17081700,48.59109738667806,2,2,0.01440729904857141,None
2015-08-10,46.847774505615234,46.88164080249761,45.49320530666308,45.49320530666308,19444400,48.435096486409506,2,2,0.011312985539631337,None
2015-08-11,46.93581771850586,46.98322742661463,45.82507155658274,45.913116680993134,21053900,48.314539972941084,2,2,0.008742603992853759,None
2015-08-12,47.78917694091797,47.91108831749251,46.50234094818206,46.77325052521975,23483000,48.210689290364584,2,2,0.0075311185271770276,None
2015-08-13,47.06450653076172,47.653746007046685,47.00355339559683,47.47765056000666,19813600,48.104356129964195,2,2,0.007711144640332568,None
2015-08-14,46.9629020690918,47.49118828944485,46.85453924225784,47.16608947440223,12121200,47.987186177571616,2,2,0.008497014919879697,None
2015-08-17,47.06450653076172,47.29478598724045,46.57686078035645,46.73263851567484,9532100,47.8955275217692,2,2,0.006646968356526617,None
2015-08-18,46.88841247558594,47.098369036166005,46.65813303764907,46.97645760838088,11063400,47.78287289937337,2,2,0.008169568970068153,None
2015-08-19,45.59478378295898,46.70552974128011,45.37805299029315,46.631028046869694,20183000,47.66096115112305,2,2,0.008840883883957595,None
2015-08-20,44.56532669067383,45.78443581406154,44.5585523981504,45.472885532508975,25336600,47.49638137817383,2,2,0.01193511440180861,None
2015-08-21,43.00756454467773,44.59918204161722,42.98047254536453,44.11831068016651,25420200,47.27084617614746,2,2,0.016355524069475658,None
2015-08-24,40.698020935058594,42.3844602790633,39.7836880007507,40.49483612561629,43001100,46.95658582051595,2,2,0.022789758602792975,None
2015-08-25,40.108795166015625,42.48606299461231,40.07492886883074,42.48606299461231,27696600,46.61071942647298,2,2,0.025081788039150565,None
2015-08-26,41.49044418334961,41.537856471694695,40.32551668866002,41.1247125446779,39732200,46.34048283894857,2,2,0.01959721130891018,None
2015-08-27,43.54261016845703,43.64420385134717,42.29640689869341,42.45218198445953,32241400,46.13639437357585,2,2,0.014800234188344419,None
2015-08-28,44.53146362304688,44.985243076855184,43.37330754661132,43.3936252583831,31463400,45.98536008199056,2,2,0.010952813437303588,None
2015-08-31,44.99200439453125,45.28323690290459,43.40038703506903,44.192808569269744,36193500,45.87134958902995,2,2,0.008267894967331935,None
2015-09-01,43.40715408325195,44.21312416103503,43.034650769041406,43.69838657769938,28712600,45.703834533691406,2,2,0.012147977322266024,None
2015-09-02,43.806766510009766,44.0912247913148,42.790839647687896,44.02349736728091,25528900,45.56273371378581,2,2,0.010232450790182535,None
2015-09-03,43.92868041992188,44.87010561876789,43.65776554122218,44.09800157320024,21895000,45.42705141703288,2,2,0.009839506429177525,None
2015-09-04,43.20397186279297,43.51552206215391,43.02110476743722,43.29879126402152,16684200,45.297915649414065,2,2,0.009364760518727033,None
2015-09-08,43.88126373291016,43.94221685811729,43.1362492266536,43.67130718972464,15627600,45.21393216451009,2,2,0.00609037479047192,None
2015-09-09,43.054969787597656,44.71431452713936,42.98724237997207,44.18603351348184,18477700,45.058156458536786,2,2,0.011296654737685041,None
2015-09-10,43.30556869506836,43.54939410473874,42.64183021510344,43.23784128056316,18492800,44.889060974121094,2,2,0.012262588015316211,None
2015-09-11,42.91952133178711,42.97370533608581,42.32351278631461,42.87211161984352,13344300,44.71838531494141,2,2,0.012377180265901733,None
2015-09-14,42.5470085144043,42.81114903386615,42.330277699274816,42.62151021653664,12481300,44.570286178588866,2,2,0.010739959738078175,None
2015-09-15,43.0211067199707,43.16333582826867,42.67569021852132,42.68246450956504,14816600,44.470951080322266,2,2,0.007203654134901427,None
2015-09-16,44.24022674560547,44.30118504228799,43.29880163137399,43.36652905314374,17216700,44.417445500691734,2,2,0.0038801561247902017,None
2015-09-17,44.21312713623047,44.99877956194099,43.9286689133781,44.27408542242464,19822700,44.37455050150553,2,2,0.00311069041704648,None
2015-09-18,43.05188751220703,43.7000569448778,42.79262286237019,43.37938435892505,21236900,44.26879145304362,2,2,0.00766951077766298,None
2015-09-21,43.29751205444336,43.61818466415942,43.02460146554493,43.50901990806143,15689700,44.19876251220703,2,2,0.0050784091224869155,None
2015-09-22,42.84038543701172,43.29069038109895,42.54018040582484,42.628877583465794,17050400,44.06518287658692,2,2,0.009687024136130762,None
2015-09-23,42.28773498535156,43.201990741264446,42.26726740809826,43.00412881883941,13984700,43.91024678548177,2,2,0.011235766942512382,None
2015-09-24,42.471954345703125,42.77215678081567,41.68050919613992,41.9602440523814,18912000,43.73300603230794,2,2,0.012853272476229916,None
2015-09-25,42.5538215637207,42.94272112633598,42.17174626161043,42.94272112633598,15833400,43.58264986673991,2,2,0.010903636606823364,None
2015-09-28,40.85494995117188,42.11034595656966,40.8208364526537,42.11034595656966,16351400,43.379051462809244,2,2,0.014764695560054553,None
2015-09-29,40.79352951049805,41.38711249358053,40.520616418002206,41.05279408540773,18881200,43.17001889546712,2,2,0.01515877413260125,None
2015-09-30,41.755558013916016,41.91248218236863,41.12103707908553,41.16879649545402,16128100,42.998923746744794,2,2,0.012407601110408284,None
2015-10-01,41.837432861328125,42.751688678305854,41.4621791713604,42.287737809828016,17445500,42.87367871602376,2,2,0.009082609260706698,None
2015-10-02,43.563594818115234,43.59088665394971,41.28477857979136,41.3598298269898,19929800,42.840287653605145,2,2,0.0024214770917631023,None
2015-10-05,44.88039016723633,45.03049264223869,44.068475073569815,44.1094154247244,23807000,42.9027151743571,2,2,0.004527163871016704,None
2015-10-06,45.87654113769531,46.21768140089582,44.798541862076085,45.03733900523897,27466400,43.07533251444499,2,2,0.012517988479183062,None
2015-10-07,46.45647048950195,47.03641300070305,45.50810113866246,46.463294751091226,40003100,43.286921691894534,2,2,0.015344176224037831,None
2015-10-08,47.34343719482422,47.53447487660645,46.08121947843181,46.36777600110516,27071700,43.482021458943684,2,2,0.014148385295295718,None
2015-10-09,47.03640365600586,47.50035444956203,46.74302293058967,47.44577077846475,25985700,43.59848124186198,2,2,0.008445514338925264,None
2015-10-12,46.429176330566406,47.11827568321629,46.00616067214537,47.11145662811838,21746200,43.66173833211263,2,2,0.00458732318885835,None
2015-10-13,45.94474792480469,46.63385241064073,45.815118221513664,46.07438283348073,20837800,43.69349644978841,2,2,0.0023030580298804004,None
2015-10-14,46.34046936035156,46.51103940823747,45.74006466573167,45.84240773554017,15176700,43.79127362569173,2,2,0.007090675599922935,None
2015-10-15,47.1728630065918,47.193330584240464,45.97204813247221,46.12897490342196,19508200,43.903476842244466,2,2,0.008136833596319337,None
2015-10-16,47.23427963256836,47.45942823350051,46.586110057291016,47.33661753963437,20031200,44.01366348266602,2,2,0.007990594077365576,None
2015-10-19,46.299537658691406,46.79078026600673,46.05391635503375,46.76348843166864,19500200,44.11684900919597,2,2,0.007482882262365154,None
2015-10-20,46.429176330566406,46.64750581756761,45.95840125953215,46.20402258308172,13756500,44.20177942911784,2,2,0.0061590453054883865,None
2015-10-21,45.85606002807617,46.449645784887664,45.808300613531735,46.22449202829857,14662100,44.295149103800455,2,2,0.006771049254883144,None
2015-10-22,46.68161392211914,46.79760031648555,46.08803343013501,46.10850100497788,18740700,44.40768394470215,2,2,0.008160882569484995,None
2015-10-23,46.57245635986328,47.00911535066224,46.16308920666248,46.46328900947066,15631000,44.52944844563802,2,2,0.008830205697252569,None
2015-10-26,45.43304061889648,46.48375285791308,45.4193973038846,46.48375285791308,11836100,44.625649515787764,2,2,0.006976378428763086,None
2015-10-27,44.88722610473633,45.03732861879008,44.42327524556388,44.8053505865108,21107300,44.687853495279946,2,2,0.0045109529450865216,None
2015-10-28,45.88335418701172,46.19037826670348,44.83946606959649,45.201073827353554,19756500,44.74262440999349,2,2,0.003971916604840309,None
2015-10-29,46.115325927734375,46.5451658756717,45.64455603028835,45.71278302357471,9753600,44.80603103637695,2,2,0.004598167357739991,None
2015-10-30,46.41552734375,46.91359424633375,45.81512256186903,46.360943671201134,14257200,44.91815236409505,2,2,0.00813089512288423,None
2015-11-02,47.5003547668457,47.74597608303876,46.06756202059102,46.13579421261109,15386900,45.05824712117513,2,2,0.010159492402266546,None
2015-11-03,48.71480941772461,49.07641710642636,47.81419972317846,47.8346672971978,21327200,45.25406125386556,2,2,0.014200190176907879,None
2015-11-04,48.27816390991211,48.8990363844521,47.91655612067426,48.7625823827955,17718800,45.45374221801758,2,2,0.014480607843305293,None
2015-11-05,47.868797302246094,48.57154530985988,47.6504625682282,48.039367409157656,16233500,45.633636983235675,2,2,0.013045738031410181,None
2015-11-06,47.623165130615234,47.814202774165736,46.92041207700391,47.44577080215318,13761200,45.80261510213216,2,2,0.012254076818141169,None
2015-11-09,47.15239715576172,48.03936372585035,46.95453522226853,47.51400492182694,12687000,46.01253000895182,2,2,0.015222760261740853,None
2015-11-10,47.25474166870117,47.67093312655321,46.77714226842873,46.95453662883772,12685400,46.22790374755859,2,2,0.015618627753303527,None
2015-11-11,46.25178527832031,47.31614095231847,46.14261792437899,47.24791395879812,14369700,46.3777779897054,2,2,0.010868688137384064,None
2015-11-12,45.20106887817383,45.92428431450126,45.11919337004063,45.603611747711405,19311500,46.489899190266925,2,2,0.008130885901652285,None
2015-11-13,45.0168571472168,45.426224292167376,44.48467413285682,45.05096803948771,17779600,46.53834126790365,2,2,0.0035129574436462696,None
2015-11-16,46.517879486083984,46.56563890751725,44.92134058816811,44.95545669150039,17363100,46.59292424519857,2,2,0.003958287623882006,None
2015-11-17,46.00616455078125,46.586101811516016,45.83559446201303,46.39506414495737,15228900,46.59724502563476,2,2,0.00031333746478678925,None
2015-11-18,46.76349639892578,46.82489913260901,45.89017837285732,46.32683738589155,20951500,46.60747922261556,2,2,0.0007421708609000044,None
2015-11-19,46.13580322265625,46.74303237144802,45.75372265319044,46.49058674567476,18912500,46.56722475687663,2,2,0.0029192023124621214,None
2015-11-20,45.64455032348633,46.360941471503736,45.5967909136185,46.14943625714411,14214000,46.520829645792645,2,2,0.0033645140502338577,None
2015-11-23,45.9720458984375,46.2313157504172,45.31023836328556,45.603613902507696,16407300,46.50559196472168,2,2,0.0011050171205203019,None
2015-11-24,46.954532623291016,47.16603786221396,46.10168220132962,46.19037677127469,18943100,46.53925145467122,2,2,0.002440943112603955,None
2015-11-25,46.57245635986328,46.9613559362119,46.28589466777552,46.55880783837132,11100600,46.546984354654946,2,2,0.0005607800054016621,None
2015-11-27,46.238128662109375,46.42917149806343,46.07438286524807,46.197193514240304,8376400,46.5158265431722,2,2,0.0022595245934095565,None
2015-11-30,46.40871810913086,46.85902574537728,46.23814798122913,46.42919089700432,17605300,46.488307825724284,2,2,0.0019956221536002183,None
2015-12-01,46.777137756347656,46.81807811580762,46.33365970618218,46.44964611298282,13797000,46.504227828979495,2,2,0.001154498251657754,None
2015-12-02,45.33071517944336,46.64751666823497,45.18061264620492,46.47012229209984,25428100,46.46761245727539,2,2,0.0026552998726522836,None
2015-12-03,44.42327117919922,45.69913722648127,44.20494168930244,45.54903472616742,24219200,46.419852828979494,2,2,0.0034634670912767618,None
2015-12-04,44.1435432434082,44.40281314709242,43.31116286026927,44.007089234912016,32839300,46.33525047302246,2,2,0.0061352545268200664,None
2015-12-07,42.46514129638672,43.11330571718232,41.8579094389388,43.05190036542663,32800400,46.198339970906574,2,2,0.009928574309471139,None
2015-12-08,42.02847671508789,42.60159242496152,41.107399104041534,41.53041227478123,27336900,46.08485450744629,2,2,0.008229820500230745,None
2015-12-09,42.58111953735352,43.48172945454631,41.98071205832726,42.21951175925596,28756900,46.00798428853353,2,2,0.005574529848810461,None
2015-12-10,42.854034423828125,43.48855542718415,42.30820800176765,42.60158879268251,38914900,45.90700696309408,2,2,0.007322746346723807,None
2015-12-11,41.25065994262695,42.27408023457055,41.20972479667234,42.11715610212895,29004000,45.744851430257164,2,2,0.01175931161292798,None
2015-12-14,41.468994140625,41.68732361966717,40.60932214223306,41.05280275785941,39116600,45.579966990153,2,2,0.011957208473781344,None
2015-12-15,42.51289367675781,42.71075301943858,42.00118336453118,42.05576444443487,29070300,45.41371828715007,2,2,0.012056143072359804,None
2015-12-16,42.233158111572266,42.79262783546999,41.78285314836938,42.34914453113227,28751200,45.19766324361165,2,2,0.01566803511458492,None
2015-12-17,41.19608688354492,42.34231804141336,41.19608688354492,42.260442528213545,29074800,44.96159400939941,2,2,0.017119438595530112,None
2015-12-18,40.47458267211914,41.26631046101386,40.46081315062519,41.23877404429364,27139200,44.71512018839518,2,2,0.01787396590736623,None
2015-12-21,40.51588439941406,40.83946155522257,40.07527026247242,40.48146191239064,24015000,44.478210830688475,2,2,0.01718036327563177,None
2015-12-22,40.99093627929688,41.25254936229402,40.46082141174757,40.66047557477294,25291500,44.27282880147298,2,2,0.014894041781907563,None
2015-12-23,42.77404022216797,42.801576638879126,41.6725021394236,41.81708080192866,30210500,44.12347208658854,2,2,0.010831157722973273,None
2015-12-24,42.38849639892578,42.8841886078306,42.237034307034335,42.82911052850013,7215300,43.99469579060872,2,2,0.009338692095744672,None
2015-12-28,41.6174201965332,41.87214973873624,41.40399658609606,41.65184268176054,12553900,43.875240834554035,2,2,0.008662720459674311,None
2015-12-29,41.90656280517578,42.45733032382624,41.67937235272414,42.33340993011324,15106300,43.771564356486,2,2,0.007518485439279132,None
2015-12-30,41.342044830322266,41.920351648090445,41.30073888879676,41.32827530772447,15051200,43.59903653462728,2,2,0.012511496731825389,None
2015-12-31,41.527931213378906,41.748238331784,41.018471986917646,41.14927851776192,19202400,43.4497620900472,2,2,0.010825191585842275,None
2016-01-04,41.51416015625,41.844620821647126,40.82569978010566,41.417776123792656,21808700,43.27478421529134,2,2,0.01268917143081083,None
2016-01-05,41.67250442504883,41.72069643977116,41.025352637157695,41.48661981414792,15529200,43.126007588704425,2,2,0.010789090462397732,None
2016-01-06,40.068389892578125,40.77061971210603,39.73104319080064,40.68800258538443,26962100,42.94013557434082,2,2,0.013479200486008258,None
2016-01-07,39.09077835083008,40.19231650119412,38.92554933534957,39.290432485281215,28081900,42.71075998942057,2,2,0.01663402371960776,None
2016-01-08,38.58820343017578,39.51074043621268,38.44362738196732,39.42123985225453,19227100,42.43188234965007,2,2,0.02022384935355559,None
2016-01-11,37.76204681396485,38.7947372751628,37.28701014727014,38.74654526374164,28444700,42.13820203145345,2,2,0.021297320639260375,None
2016-01-12,37.8515510559082,38.47116644315516,36.80509097203994,38.34724336570577,35594100,41.85864944458008,2,2,0.020272795653234588,None
2016-01-13,36.942779541015625,38.588199235499694,36.54347393323613,38.3128166916474,33958400,41.543118158976235,2,2,0.02288192481705309,None
2016-01-14,38.53312301635742,38.87046708551209,36.73624125116204,37.32143144327711,38074300,41.26831766764323,2,2,0.01992817976936101,None
2016-01-15,37.417816162109375,37.7758158323776,36.7087028952658,36.9221265331952,36880200,41.00455436706543,2,2,0.019127776828116172,None
2016-01-19,36.61231231689453,37.87907914395536,36.0271222186467,37.700078027744325,35872300,40.74418907165527,0,2,0.018881357844258373,None
2016-01-20,35.64158248901367,36.17858056874752,34.37481570055744,35.88942856466532,51307400,40.46079037984212,0,2,0.02055171025880853,None
2016-01-21,36.7500114440918,37.197509062049456,35.36620477434557,35.600281380725804,43670700,40.270286051432294,0,2,0.013815129969298345,None
2016-01-22,38.37478256225586,38.63639561455332,37.48666804579009,38.09251391279014,38622500,40.14849624633789,0,2,0.008832040722429269,None
2016-01-25,36.58479309082031,38.60886878221572,36.55725403860316,37.64502296476376,29120000,39.948618698120114,0,2,0.014494863868042218,None
2016-01-26,37.96858215332031,38.01677415858061,36.76377676927818,37.24569682188118,25354900,39.78577028910319,0,2,0.011809558106324669,None
2016-01-27,37.78958511352539,38.84292852283016,37.31454845617115,37.70697061360892,36494500,39.670401128133136,0,2,0.008366423831700942,None
2016-01-28,38.93930435180664,39.37303232556919,38.1613437004481,39.22157288884585,38171900,39.58607813517253,0,2,0.006114995480023588,None
2016-01-29,40.07527542114258,40.11658398664856,38.89112543224965,39.00816242844831,31498200,39.50482419331868,0,2,0.005892431823458444,None
2016-02-01,39.40746307373047,39.70349854409176,38.82227032692807,39.40746307373047,27685100,39.41063435872396,0,2,0.00683052620155411,None
2016-02-02,38.09249877929688,38.62261074776616,37.89972816449571,38.44361227645102,25231200,39.30718142191569,0,2,0.007502274513349394,None
2016-02-03,39.44878768920898,39.48321019032044,37.25259955256903,38.64329013287333,36440700,39.27298825581868,0,2,0.0024796446234848224,None
2016-02-04,39.42811965942383,40.27492546952848,39.2422350728739,39.53138712332879,37056100,39.23672943115234,0,2,0.0026294435380064263,None
2016-02-05,38.51247024536133,39.06324061510372,38.1888956733456,38.89800897892744,30241000,39.154113896687825,0,2,0.005991172776163678,None
2016-02-08,38.31281661987305,38.553776673575854,37.176856078091,37.74827938582567,34806700,39.005406443278,0,2,0.010784074112166753,None
2016-02-09,37.39028549194336,38.2026689788788,36.791323049466335,37.7413991424747,37411300,38.838799413045244,0,2,0.012082128504254719,None
2016-02-10,37.23882293701172,38.085628909219736,36.83951464659096,37.280131506241865,30215800,38.6928461710612,0,2,0.010584342226136911,None
2016-02-11,37.08046340942383,37.36273196062232,36.0546566494486,36.5916573423208,47986900,38.5319761912028,0,2,0.011666084956983402,None
2016-02-12,38.0580940246582,38.22332569337861,37.25259653360047,37.58994069393005,25782000,38.422511164347334,0,2,0.007938263585526961,None
2016-02-16,38.43672943115234,38.81538196865732,37.8790757932703,38.69834238360049,33800200,38.31947110493978,0,2,0.007472333172909185,None
2016-02-17,39.696624755859375,39.868739848041606,38.74654871165845,38.898010833184536,29280000,38.25888659159342,0,2,0.004393511333800282,None
2016-02-18,39.200931549072266,40.095932108865725,39.00816349066399,40.03397057205337,28832300,38.17650082906087,0,2,0.0059745100098642645,None
2016-02-19,39.111427307128906,39.125196827125805,38.34723601803937,38.67769661916263,25128800,38.144602076212564,0,2,0.0023132567125183634,None
2016-02-22,40.10970306396485,40.28870424454583,39.68285833732018,39.85497344296523,24708300,38.178566233317056,0,2,0.002463037184576633,None
2016-02-23,38.73966598510742,39.91693260725778,38.670818371191416,39.72416454082883,21455000,38.18361498514811,0,2,0.00036612901822730137,None
2016-02-24,39.132083892822266,39.22158446794516,37.913508836214206,38.01677893260736,25279800,38.22928288777669,0,2,0.003311777824185791,None
2016-02-25,39.16650390625,39.26977399611308,38.40231259481214,39.01504180812214,18588900,38.273114649454754,0,2,0.003178623233499822,None
2016-02-26,39.40058135986328,39.93069608860549,39.26977485261554,39.82054254927384,21155100,38.355041376749675,0,2,0.005941221362192328,None
2016-02-29,38.95308303833008,39.669079717673085,38.91865792408021,39.55892618036897,22983300,38.36904004414876,0,2,0.0010151654355028406,None
2016-03-01,39.97201156616211,40.0339731068977,38.82916741302524,39.22847307733504,23643000,38.45417989095052,0,2,0.006174232674661662,None
2016-03-02,40.949615478515625,40.97715451890298,39.5313864137763,39.72415707022033,26795000,38.59875666300456,0,2,0.01048452238928288,None
2016-03-03,41.56923675537109,41.64496781423247,40.76373677852569,40.784392374931045,24395600,38.7963451385498,0,2,0.014328863248821655,None
2016-03-04,41.968536376953125,42.567498687752725,41.35580717221401,41.8033073870044,30551600,38.970295969645186,0,2,0.012614691539607925,None
2016-03-07,42.95303726196289,43.001229272373614,41.74823174915972,41.94788586444275,33360500,39.122904459635414,0,2,0.011066972289982768,None
2016-03-08,41.14927291870117,42.62946100493875,41.08042531214996,42.60192458858592,29817600,39.27505378723144,0,2,0.011033674421079498,None
2016-03-09,41.81708526611328,42.35408353018948,41.19746986428078,41.706931708706165,25467600,39.403337224324545,0,2,0.009302950600350135,None
2016-03-10,41.85149002075195,41.89968201754864,41.0941823365942,41.63806644474746,28623600,39.53873405456543,0,2,0.009818804763243039,None
2016-03-11,42.93238830566406,43.07696435040703,42.35408150042433,42.40227351533865,24783600,39.671836853027344,0,2,0.009652444515973246,None
2016-03-14,42.65011596679688,42.801575446425446,42.230154765006624,42.39538639200861,21766100,39.75766487121582,0,2,0.006224137982473121,None
2016-03-15,42.567508697509766,42.57439214609817,41.76200864672706,42.0649302837101,21719600,39.862999725341794,0,2,0.007638748747570534,None
2016-03-16,43.304161071777344,43.40054510949143,42.52620006894955,42.82223825693885,26970400,40.036721801757814,0,2,0.012598102543164291,None
2016-03-17,43.8962287902832,44.25422847136753,43.262846557319335,43.655268729105146,28160800,40.18496983846028,0,2,0.010750757800798816,None
2016-03-18,44.022422790527344,44.27203581183088,43.61333103628175,44.230434964122765,30474000,40.33811327616374,0,2,0.011105766013184137,None
2016-03-21,43.869876861572266,44.16109335944501,43.38451338676622,43.84907643887226,16698500,40.5166934967041,0,2,0.012950408934560231,None
2016-03-22,43.627201080322266,44.0224276926882,43.32905194014638,43.35678496003393,14180100,40.693839645385744,0,2,0.012846411879590902,None
2016-03-23,42.67033767700195,43.47465331655302,42.58713069548351,43.31517723616992,18873800,40.86984138488769,0,2,0.01276342079121262,None
2016-03-24,42.87834548950195,42.87834548950195,41.8798856177671,42.08096252348612,15516000,41.0578254699707,2,2,0.013632365150226033,None
2016-03-28,42.6495361328125,43.010091797219125,42.35138702928333,42.89221920338414,11564900,41.243461227416994,2,2,0.013462067436874725,None
2016-03-29,42.850616455078125,42.88528471004216,41.92149293894293,42.171108606713325,14366900,41.403211975097655,2,2,0.01158491967254971,None
2016-03-30,42.93381881713867,43.41918229931937,42.684205805891466,43.23890579480446,15744800,41.55311495463054,2,2,0.010870772135826101,None
2016-03-31,42.91301727294922,43.24583725760154,42.69807252068394,42.76740902560472,14046400,41.66032803853353,2,2,0.007774955566063002,None
2016-04-01,42.337528228759766,42.46233608709857,42.02550858291275,42.17111686930175,14804800,41.76488126118978,2,2,0.00758206583420884,None
2016-04-04,42.0255012512207,42.70500911417582,41.90069341465564,42.261249093063775,15809500,41.86201705932617,2,2,0.007044163705503204,None
2016-04-05,41.74121856689453,42.03937033590951,41.56093939980627,41.67187940839195,16048800,41.91640090942383,2,2,0.003943847174504356,None
2016-04-06,42.64260482788086,42.64953742095537,41.76895262448357,42.0809695681851,18218800,42.04649887084961,2,2,0.009434537581589186,None
2016-04-07,42.39299011230469,42.70500970805646,42.03936966713161,42.30978576844368,13927100,42.155195744832355,2,2,0.007882558122761063,None
2016-04-08,43.24583053588867,43.48157831900232,43.03088581703233,43.19036186957719,17666500,42.29117329915365,2,2,0.009860918129979135,None
2016-04-11,43.0655632019043,43.72427061610786,43.0655632019043,43.592527546256186,16235700,42.413339360555014,2,2,0.00885932634804143,None
2016-04-12,44.34830856323242,44.60485947332533,43.14183634205708,43.23197327747727,27630400,42.59318021138509,2,2,0.013041828229024444,None
2016-04-13,44.55632400512695,44.68806179102588,44.01548916000566,44.32750875430287,18702900,42.74599062601725,2,2,0.011081615606466033,None
2016-04-14,44.66033172607422,44.75046866336709,44.39684557238661,44.74353342510246,17435500,42.869681167602536,2,2,0.008969879698992766,None
2016-04-15,44.05708694458008,44.486981727684615,44.001615626107984,44.41070998729452,14221200,42.95260950724284,2,2,0.006013857006987533,None
2016-04-18,44.78513717651367,44.89607983578906,43.04476785193764,43.14877262748045,20685800,43.04649620056152,2,2,0.006808542784365934,None
2016-04-19,45.67958068847656,45.728116766819,44.833666935942006,45.04167643310855,17341400,43.13738098144531,2,2,0.006590847938318878,None
2016-04-20,46.08870315551758,46.442326393575904,45.29131970461857,45.436928028515766,21088300,43.30202865600586,2,2,0.011940038539719255,None
2016-04-21,45.81825256347656,46.3452141145687,45.7211804203788,46.15106982837317,19335100,43.4354008992513,2,2,0.009671984306670156,None
2016-04-22,46.48390197753906,46.65724588171096,45.894533761361856,45.92919936817455,15764500,43.58981463114421,2,2,0.011197886121283807,None
2016-04-25,45.96388244628906,46.3313707741188,45.61719454606668,46.32443553490384,17234300,43.690864435831706,2,2,0.0073280024489876805,None
2016-04-26,46.69886016845703,46.71966059653941,46.11642702199983,46.22736440178506,13585700,43.825822575887045,2,2,0.009786991512698129,None
2016-04-27,47.58636474609375,47.69037214240162,46.90685963161607,46.94152523702808,21962400,43.99311777750651,2,2,0.012132033812065623,None
2016-04-28,46.879127502441406,47.71811139309006,46.69884835460497,47.37142357265493,15555200,44.112283325195314,2,2,0.008641732935546598,None
2016-04-29,46.802860260009766,47.44076464135217,46.088684127633286,46.98313942518456,24107400,44.209171040852866,2,2,0.007026173081789211,None
2016-05-02,46.75432586669922,46.913804612833566,46.17882273895996,46.71965496405005,15066000,44.30023447672526,2,2,0.006603803769337557,None
2016-05-03,45.65185546875,46.20655816809369,45.36757417061318,46.12335117618104,16158100,44.35963376363119,2,2,0.0043075602299370574,None
2016-05-04,44.9931526184082,45.99854535383939,44.72273649536017,45.679593139219584,18605400,44.40516548156738,2,2,0.003301901884668612,None
2016-05-05,45.36062240600586,46.005461810794685,44.986199013867015,45.75584621603546,14352000,44.49484163920085,2,2,0.006503200127760067,None
2016-05-06,45.256629943847656,45.81133262393732,44.95154823083147,45.06942083108856,12545500,44.574117787679036,2,2,0.005749004780276845,None
2016-05-09,44.59792709350586,45.09715846944657,44.02935920202606,45.00008628968444,16020800,44.639064153035484,2,2,0.004709827256536792,None
2016-05-10,45.381439208984375,45.3953096859429,44.80594137609316,44.82674180149397,10351400,44.72342491149902,2,2,0.0061177341859400824,None
2016-05-11,45.52011489868164,45.92227406665436,44.90301096060201,45.27049922821835,14214800,44.80963478088379,2,2,0.006251829342295068,None
2016-05-12,45.64493179321289,46.27590104264361,45.30517383040478,45.92921313041816,12477200,44.90069859822591,2,2,0.006603831433033669,None
2016-05-13,45.06248474121094,45.790531333814975,44.96541256753529,45.44384348782005,12371900,44.99153048197429,2,2,0.006587011905789808,None
2016-05-16,45.82518768310547,45.9708012042271,45.520106037512,45.65184379514086,13727700,45.118186696370444,2,2,0.00918494649390822,None
2016-05-17,46.04014587402344,46.39376894945308,45.68652279859379,45.83213105552681,15837300,45.26148427327474,2,2,0.010391756794940199,None
2016-05-18,45.59638977050781,46.18575808667776,45.30516794166262,46.03321457872005,20583200,45.3599437713623,2,2,0.0071401567310602765,None
2016-05-19,45.60331726074219,45.70732467329194,44.71579721505291,45.13875681339495,16854900,45.46695467631022,2,2,0.007760293807116736,None
2016-05-20,45.87373733520508,45.97080950679415,45.46464293490551,45.74199426374709,9833500,45.55455156962077,2,2,0.006352414541409002,None
2016-05-23,45.755859375,45.95693895583108,45.4438424368353,45.60331587988425,10272500,45.64422810872396,2,2,0.006503227791455624,None
2016-05-24,45.984676361083984,46.2550924617554,45.70039507398392,45.99161159931671,11302900,45.69877370198568,2,2,0.0039555765816620125,None
2016-05-25,46.71272659301758,46.78206311062036,46.22043044098949,46.262031293543714,14255500,45.7706537882487,2,2,0.00521265181855457,None
2016-05-26,46.51858139038086,47.09408459264108,46.37297310246642,46.89300496931988,10716800,45.83259544372559,2,2,0.004491929543384177,None
2016-05-27,46.54630279541016,46.58097369192498,46.09561288093396,46.35215847101375,9258700,45.91556930541992,2,2,0.006017158208058149,None
2016-05-31,46.36604309082031,47.02474800526861,46.15802822834311,46.65725966625824,15406100,45.96826616923014,2,2,0.003821509089003028,None
2016-06-01,46.37989807128906,46.51857108905974,45.79746504860836,45.91533764271709,16695700,45.99161008199056,2,2,0.0016928706631974544,None
2016-06-02,46.31749725341797,46.34522762521416,45.85293153026471,46.02627544919212,12850000,45.999236551920575,2,2,0.0005530618341829108,None
2016-06-03,46.13721466064453,46.56017421453217,45.86679859045883,46.31749380411374,12157700,46.00986862182617,2,2,0.0007710240959590831,None
2016-06-06,47.156471252441406,47.198072091408825,46.50469656176272,46.58790352973303,18223800,46.03228759765625,2,2,0.0016257954213239056,None
2016-06-07,48.22428512573242,48.34909297129148,47.295158877673416,47.30902935497837,15618300,46.10763435363769,2,2,0.005464050267715181,None
2016-06-08,48.11333465576172,48.71657335969486,47.98159159293999,48.51549379171715,18129700,46.15478350321452,2,2,0.0034191959562432372,None
2016-06-09,47.74585723876953,47.98853770683593,47.51010671976398,47.55864281337727,12340600,46.16009991963704,2,2,0.00038553971167554213,None
2016-06-10,46.71272659301758,47.55864057183099,46.65032002414903,47.253558836371326,14490200,46.15455322265625,2,2,0.0004022393629037335,None
2016-06-13,46.574031829833984,47.205006084407394,46.435358843571976,46.483894917767216,11573800,46.146925608317055,2,2,0.0005531448252710236,None
2016-06-14,46.54630279541016,46.78205325363157,46.01934114063022,46.37989413021839,12202500,46.139991505940756,2,2,0.0005028522257137236,None
2016-06-15,46.43536376953125,46.99699630051746,46.10947639820586,46.37295721606839,16829500,46.16610844930013,2,2,0.0018939672915692651,None
2016-06-16,46.21349334716797,46.28282986198752,45.3051675459098,45.93614199785278,19993700,46.206786473592125,2,2,0.002949918236393956,None
2016-06-17,46.68529510498047,46.77602556086375,46.41309841246088,46.69227600923912,17435900,46.25094223022461,2,2,0.0032021189327423594,None
2016-06-20,47.0900993347168,47.46000736366034,47.04822456158943,47.355315105972494,10913200,46.31205787658691,2,2,0.004432028420039424,None
2016-06-21,47.64845657348633,47.74617326742042,46.84582823115763,46.98541437985735,11222300,46.41374219258626,2,2,0.007374016396877459,None
2016-06-22,47.38323974609375,47.85784009632551,47.34136496735482,47.85784009632551,10258200,46.480468877156575,2,2,0.004838933726356576,None
2016-06-23,48.16493225097656,48.17888873451121,47.69730751708516,47.87877375225392,9538500,46.56862945556641,2,2,0.006393292263051409,None
2016-06-24,46.608524322509766,47.14594216493953,46.26653453860818,46.30840931728629,26879900,46.60074920654297,2,2,0.002329283213807598,None
2016-06-27,45.114933013916016,46.01527808572037,44.74502491287626,45.97340330443148,21659700,46.6024974822998,2,2,0.00012678271934507546,None
2016-06-28,46.3712158203125,46.37819139852557,45.69421199282379,45.95942773637995,14550400,46.62069842020671,2,2,0.0013199087120270847,None
2016-06-29,47.2506217956543,47.52979936831266,46.657372781798585,46.657372781798585,16354400,46.6610476175944,2,2,0.0029260721303330794,None
2016-06-30,47.62751770019531,47.65543599403972,46.95051371786112,47.04823040875159,12132300,46.72875188191732,2,2,0.0049098265582956935,None
2016-07-01,47.8787841796875,48.05326954865493,47.53679434747519,47.571693551217024,12678800,46.8046007792155,2,2,0.0055004649130493966,None
2016-07-05,46.91561126708984,47.40416800787379,46.44799191164391,47.2366636003006,15069900,46.83932991027832,2,2,0.002518512116541305,None
2016-07-06,47.11801910400391,47.15291297441547,46.32236644039392,46.643418802476056,15897500,46.88473523457845,2,2,0.003292735980018946,None
2016-07-07,46.63643646240234,47.69730487292588,46.30840320639096,47.39719523217525,14097800,46.90646057128906,2,2,0.001575493600534661,None
2016-07-08,47.25761032104492,47.42511476170743,46.79697177800547,47.05520668134556,11567900,46.92462336222331,2,2,0.001317142342414479,None
2016-07-11,47.34833526611328,47.73220511130473,47.30646049204496,47.50886410815776,9750400,46.95228182474772,2,2,0.002005756287614291,None
2016-07-12,48.5208740234375,48.73025853126083,47.96252421069069,48.06023556104311,15524500,47.018100865681966,2,2,0.004773112572040772,None
2016-07-13,48.10211181640625,48.64650516369605,47.65542982248286,48.38128939382572,12546200,47.0759698232015,2,2,0.004196582702311269,None
2016-07-14,48.34639358520508,48.59765288998971,48.20680744915574,48.47900414186079,10898600,47.141519673665364,2,2,0.004753591223807974,None
2016-07-15,48.318485260009766,48.63255675872957,48.13701900581573,48.520883579265465,9129500,47.20821927388509,2,2,0.004836969603931707,None
2016-07-18,48.35336685180664,48.374304236419896,47.87178570622601,48.178881546870926,9401100,47.282091013590495,2,2,0.005357083976028243,None
2016-07-19,48.08118438720703,48.311506335641255,47.899718125573656,48.234732352829845,6991900,47.312914784749346,2,2,0.0022353004168353396,None
2016-07-20,48.01138305664063,48.24868054463408,47.4879270773814,47.88575340862363,11555000,47.30581804911296,2,2,0.0005146461814953263,None
2016-07-21,47.53678131103516,48.31847746659116,47.41813257064443,47.87877104946053,9256900,47.28659960428874,2,2,0.001393697010826922,None
2016-07-22,47.68335723876953,47.7601312203753,47.37626131234648,47.641482457846536,7990600,47.2845162709554,2,2,0.0001510806657764041,None
2016-07-25,46.734153747558594,47.47396989977901,46.55966840412018,47.36928295361204,12771700,47.285230509440105,2,2,5.179566038010508e-05,None
2016-07-26,47.00634765625,47.04822775709127,46.43403597687057,46.46195426914149,12393900,47.2996410369873,2,2,0.0010450330060869928,None
2016-07-27,46.54571533203125,47.41116120797125,46.3433116798193,47.06917140072302,16177900,47.299621454874675,2,2,1.4200697343591528e-06,None
2016-07-28,46.552677154541016,46.77601813151682,46.22464925466165,46.48986500079888,10863500,47.303531901041666,2,2,0.00028358054898736107,None
2016-07-29,47.02727508544922,47.08311165816677,45.84775810478586,45.88963287188969,16501800,47.330657958984375,2,2,0.00196714698905448,None
2016-08-01,45.47785949707031,46.65039581645845,45.31733064865709,46.61550194497366,30648500,47.29041010538737,2,2,0.0029187228083956684,None
2016-08-02,45.8896369934082,46.11297797946881,45.06606610889676,45.79890654824485,25600100,47.25039469401042,2,2,0.0029018663962233626,None
2016-08-03,46.77602767944336,46.79697039316782,45.71515915348096,45.89662539833624,23905600,47.22131373087565,2,2,0.0021089142104681047,None
2016-08-04,46.70623779296875,47.02729020199135,46.44102197461192,46.60154551668803,16790200,47.19874699910482,2,2,0.0016365104929564889,None
2016-08-05,47.131980895996094,47.19479838960382,46.65039963619426,46.73415451938116,11426800,47.16431528727214,2,2,0.0024969436547950252,None
2016-08-08,47.7601318359375,48.08118425184934,47.44606032522627,47.46001681075701,21663400,47.20270220438639,2,2,0.0027837700774608898,None
2016-08-09,47.50886917114258,47.96951303446279,47.32042734288347,47.89273905724275,11128400,47.28250007629394,2,2,0.005786839495345364,None
2016-08-10,46.99238204956055,47.7112606301486,46.894670708016655,47.60656838567479,18036800,47.30320561726888,2,2,0.0015015393195582094,None
2016-08-11,47.68335723876953,47.88576088801469,47.09010810125533,47.19480037843323,17429700,47.31763013203939,2,2,0.0010460473416118998,None
2016-08-12,47.94857406616211,48.09514645221096,47.6833582399638,47.808987910241,10189700,47.32833201090495,2,2,0.0007760865523503968,None
2016-08-15,48.33243942260742,48.43015078750829,48.08118010575661,48.22076624850927,10703400,47.343453852335614,2,2,0.001096616578129872,None
2016-08-16,48.409210205078125,48.56275814689867,47.9555472837546,48.24868135911946,10242800,47.393240483601886,2,2,0.00361046275125787,None
2016-08-17,48.555782318115234,48.58370061271623,48.1230567391052,48.17191242343938,14719500,47.441165924072266,2,2,0.0034754915778595907,None
2016-08-18,49.553836822509766,49.553836822509766,48.67442921328753,48.72328489575155,24148500,47.53841260274251,2,2,0.007052204619843683,None
2016-08-19,49.14205551147461,49.393309511386725,48.9605892602718,49.393309511386725,11045700,47.6012274424235,2,2,0.004555251743816657,None
2016-08-22,48.57670593261719,48.80702780410874,48.35336496401381,48.71629736603724,14136700,47.64217313130697,2,2,0.0029693289298427517,None
2016-08-23,48.918701171875,49.044330813761285,48.57671143974485,48.57671143974485,12456200,47.65543403625488,2,2,0.0009616638471951489,None
2016-08-24,48.72328186035156,48.96756558232308,48.597652209717815,48.646507889138185,16452600,47.676139704386394,2,2,0.0015015485407902096,None
2016-08-25,48.59068298339844,48.79308663170878,48.430154115817686,48.64651424941443,11895800,47.68428268432617,2,2,0.0005905184787370898,None
2016-08-26,48.42316055297852,49.05130872407711,48.19284399429986,48.67441982141796,14575100,47.68777186075847,2,2,0.0002530306072326405,None
2016-08-29,48.75120162963867,48.7930817310323,48.22774562361205,48.28358220889032,7394000,47.70103302001953,2,2,0.0009616822896592048,None
2016-08-30,48.58369445800781,49.05131385237718,48.40222822852509,48.86287204378056,7132900,47.71778335571289,2,2,0.0012147128968917897,None
2016-08-31,47.81596755981445,48.3812983987806,47.55074641571053,48.31150532265287,13232800,47.711269505818684,2,2,0.0004723760538151156,None
2016-09-01,47.67637252807617,47.78804570145083,47.2994835552417,47.613560361705424,16668500,47.71592254638672,2,2,0.00033743254411289225,None
2016-09-02,48.21379089355469,48.3324396479346,47.9136758928543,48.14399782185298,10794400,47.73360366821289,2,2,0.001282212315439235,None
2016-09-06,48.93965148925781,48.9815262681051,48.29754137266853,48.339421476385965,12844100,47.80712025960286,2,2,0.005331329074934499,None
2016-09-07,49.21882247924805,49.32351474846664,48.946625774201706,49.1629912172188,15094500,47.880869420369464,2,2,0.005348194708339915,None
2016-09-08,50.14011001586914,50.20990841910051,49.295601520501066,49.532904376772485,18005300,48.0006825764974,2,2,0.00868869667033667,None
2016-09-09,48.64650344848633,49.82602587593878,48.64650344848632,49.6724779475285,21771800,48.07047678629557,2,2,0.005061386728137496,None
2016-09-12,49.12807846069336,49.3793377075268,48.21377723324691,48.304507668265664,21972900,48.140503565470375,2,2,0.005078252361542357,None
2016-09-13,47.72522735595703,48.611615847925066,47.585641216607215,48.590678459509576,24580400,48.21541582743327,2,2,0.005432541317828055,None
2016-09-14,47.15989303588867,48.24170417184164,47.04124429384388,47.66939252359497,26470200,48.25775769551595,2,2,0.003070578057663309,None
2016-09-15,47.74617004394531,48.09514071700487,47.27156971558953,47.34833836478233,16477400,48.290095774332684,2,2,0.002345116069223996,None
2016-09-16,47.36067581176758,47.53621575970897,47.05172914618749,47.05172914618749,17394400,48.31191037495931,2,2,0.0015819669054282226,None
2016-09-19,47.33259582519531,47.88027962520906,47.32557272705163,47.746867545750334,11797500,48.31859753926595,2,2,0.0004849445930884544,None
2016-09-20,46.98854446411133,47.5994255737979,46.95343967942816,47.27643262661303,14132900,48.292877960205075,2,2,0.0018651509414381873,None
2016-09-21,48.076881408691406,48.09794534514458,47.339611490506265,47.39578555908408,20260900,48.311811701456705,2,2,0.0013730506722849922,None
2016-09-22,48.1330680847168,48.772030871726656,48.0909348437205,48.59649087923251,13315900,48.34983456929525,2,2,0.0027573696901251332,None
2016-09-23,47.49409103393555,48.336680697071785,47.22024912556355,47.90134502584165,23075200,48.34352569580078,2,2,0.00045751142776367937,None
2016-09-26,47.2834358215332,47.90836293846495,47.19215698097429,47.65558499547458,13240200,48.321354420979816,2,2,0.0016078324613060246,None
2016-09-27,46.96748352050781,47.09387253895858,46.440863503138935,46.813007458284005,19410200,48.27585589090983,2,2,0.0032994951431057906,None
2016-09-28,48.99672317504883,49.06693810253736,46.84109222311172,47.24132320255751,41143400,48.29543965657552,2,2,0.0014201896104832912,None
2016-09-29,48.9124641418457,49.467165781938895,48.47009994977324,48.961615123514285,27001600,48.30732905069987,2,2,0.0008622036383907905,None
2016-09-30,49.57950973510742,49.839310820189,48.94054167060466,49.25651683198303,14714500,48.30818481445313,2,2,6.20588916427911e-05,None
2016-10-03,49.544395446777344,49.74099934028768,49.13012372217404,49.66376668816947,13154900,48.32159614562988,2,2,0.000972572564700902,None
2016-10-04,49.03884506225586,49.7059001844493,48.84224114651209,49.58653428661271,11852800,48.3370007832845,2,2,0.0011171245981911881,None
2016-10-05,49.7901611328125,50.02186982869475,49.48823216121239,49.53738313998194,13351200,48.366049448649086,2,2,0.0021065720175293956,None
2016-10-06,49.86739349365234,50.09910754519668,49.418011588444784,49.93761376894811,11175800,48.40418650309245,2,2,0.00276565035649895,None
2016-10-07,49.57950973510742,50.085065707669,49.43205680261942,49.87441560008342,11744400,48.43714739481608,2,2,0.00239028166376537,None
2016-10-10,50.35889434814453,50.54145736941986,49.57949665556705,49.57949665556705,11534500,48.50167185465495,2,2,0.004679231208621626,None
2016-10-11,49.78313064575195,50.2676172625644,49.509288753667576,50.183361515494816,13712200,48.53606948852539,2,2,0.0024944723646077027,None
2016-10-12,49.57247543334961,49.74801536431547,49.15118067044224,49.57247543334961,10439100,48.56902885437012,2,2,0.0023901710089808126,None
2016-10-13,49.29863739013672,49.551415338881554,48.652651679812806,49.26353261545514,13543400,48.61845118204753,2,2,0.003584043921458002,None
2016-10-14,49.0107536315918,49.71291339504123,48.97564350059778,49.55141429234416,11372400,48.66293055216472,2,2,0.0032255869682893956,None
2016-10-17,48.77203369140625,49.179287783230734,48.505214815929385,49.024811723776224,7425000,48.681538645426436,2,2,0.0013494350970253421,None
2016-10-18,48.96862411499024,49.36183725512554,48.75095628607812,49.25651221121333,6945100,48.682504399617514,2,2,7.003525735876925e-05,None
2016-10-19,49.66375732421875,50.04291884332503,49.29863128478212,49.34778224889244,14315900,48.69733556111654,2,2,0.001075536841682101,None
2016-10-20,49.60758972167969,49.81121670151949,49.09501072317895,49.3688526098815,12494500,48.67958488464355,2,2,0.0012872563293664374,None
2016-10-21,49.28460311889648,49.36885887500261,48.99671500005473,49.28460311889648,14238500,48.70085487365723,2,2,0.0015424723685926733,None
2016-10-24,49.13714599609375,49.45311576864138,48.59647994095587,49.28459891375293,10668400,48.70115712483724,2,2,2.1918868563564065e-05,None
2016-10-25,48.9124641418457,49.64972886687444,48.82820302024732,49.12310891025882,13227100,48.740731684366864,2,2,0.002869896384733839,None
2016-10-26,49.02480697631836,49.2284340025118,48.392861956589634,48.47712307823854,17867800,48.80289548238118,2,2,0.004508039035761302,None
2016-10-27,48.842227935791016,49.30565591788732,48.828187098630586,49.23544101797823,14206300,48.839430745442705,2,2,0.0026494904964657895,None
2016-10-28,48.70883560180664,49.45312340309844,48.39988352260399,48.75798658194751,18558400,48.884369405110675,2,2,0.0032588940584251658,None
2016-10-31,48.18220901489258,48.79308463279471,48.097947907536906,48.533288926626426,12973800,48.91268984476725,2,2,0.0020537620216248276,None
2016-11-01,48.18921661376953,48.708818630855234,47.66259685700527,48.54029645161238,18824800,48.95271224975586,2,2,0.0029023735639858717,None
2016-11-02,47.65559005737305,47.901344928869065,47.04470907075057,47.73282806799386,22983000,48.938669204711914,2,2,0.001018383645485954,None
2016-11-03,47.84516906738281,47.92943017319726,47.39578721714753,47.65558827561808,12748100,48.929072570800784,2,2,0.0006959356034411113,None
2016-11-04,47.58536529541016,48.06985725137074,47.29748257513853,47.60643458845298,17554100,48.93211504618327,2,2,0.00022063641906872045,None
2016-11-07,48.61053466796875,48.63861635116645,48.12604259845331,48.12604259845331,14799500,48.97635167439778,2,2,0.0032079836363208547,None
2016-11-08,48.67372512817383,48.94756706665441,48.30158123008766,48.37179615022665,11208700,49.03322639465332,2,2,0.004124481888975073,None
2016-11-09,49.46715927124024,49.83228539305467,48.27348966950696,48.84223743353753,25993800,49.0489075978597,2,2,0.0011371807778830512,None
2016-11-10,49.67779541015625,50.04993916882117,49.26352378660188,49.43204060321273,20634800,49.07441864013672,2,2,0.001850028120888969,None
2016-11-11,48.77203369140625,49.48121680205844,48.37180269966308,49.382914829142976,17659700,49.047502772013345,2,2,0.0019519042924891483,None
2016-11-14,49.04586791992188,49.09501889861596,48.32966717937163,48.59648601270312,12572000,49.03088518778483,2,2,0.001205085930639782,None
2016-11-15,50.42912292480469,50.45720996316175,49.43205716987541,49.4741850488836,19228700,49.07722778320313,2,2,0.003360705681400733,None
2016-11-16,50.078033447265625,50.653804231335535,49.92355744423769,50.31677054932347,16609100,49.08682352701823,2,2,0.0006958710548170544,None
2016-11-17,49.740989685058594,50.8293393433724,49.61460608409513,50.499323433159056,10338000,49.08261006673177,2,2,0.00030555474494398105,None
2016-11-18,49.94462203979492,50.22548701655271,49.66376242009098,49.91653500641375,11962300,49.09478047688802,2,2,0.0008825825612034377,None
2016-11-21,51.13128662109375,51.18746070199203,50.64679454819272,50.64679454819272,16875400,49.12052688598633,2,2,0.0018670966213990003,None
2016-11-22,51.10319519042969,51.39810105422782,50.48529642479722,51.14532306895664,16013200,49.16452903747559,2,2,0.0031909796844358795,None
2016-11-23,51.3138542175293,51.47534801799304,50.80127505910789,50.85744914494557,11462000,49.22257499694824,2,2,0.004209418657313335,None
2016-11-25,51.061065673828125,51.20851860099679,50.80828769666624,51.09617045245614,8791800,49.28132260640462,2,2,0.004260301415721701,None
2016-11-28,50.35188674926758,51.32086550126212,50.26060788906139,51.3068246600977,18790100,49.32602704366048,2,2,0.0032419085490036914,None
2016-11-29,49.7339973449707,50.0359263790396,49.20035421002324,49.58654437815417,18361700,49.3580924987793,2,2,0.0023253457477259154,None
2016-11-30,52.261756896972656,52.74624889889709,51.46129511113063,51.46129511113063,44854800,49.46786359151204,2,2,0.007960459091051697,None
2016-12-01,52.38814926147461,53.406278948269645,52.34602138278248,53.230738977646034,27382400,49.558676656087236,2,2,0.0065856471634470615,None
2016-12-02,52.5426139831543,52.788368817718606,52.21259805228782,52.3600509530264,18338800,49.656510798136395,2,2,0.00709480671187826,None
2016-12-05,53.006046295166016,53.4343642380374,52.79540155154287,53.02009249230698,22535100,49.78055890401205,2,2,0.008995809803495097,None
2016-12-06,52.907745361328125,53.11839546605872,52.36708461619982,52.68305441624101,16963500,49.90624554951986,2,2,0.009114634599588195,None
2016-12-07,53.32903289794922,53.406270901951125,52.78837222698985,52.78837222698985,16008300,50.05346450805664,2,2,0.010676130369883213,None
2016-12-08,53.61692810058594,53.68714301617346,53.055198061776416,53.46947517073574,14600200,50.206535212198894,2,2,0.011100491468455764,None
2016-12-09,53.78544998168945,53.897798142742985,53.47650325290258,53.897798142742985,8974800,50.37130928039551,2,2,0.011949204444368838,None
2016-12-12,54.03822326660156,55.08443997901031,53.8135323211771,54.97912028354158,16130200,50.54895553588867,2,2,0.01288267898521206,None
2016-12-13,54.64908599853516,55.042293682186376,53.946926359413446,54.44545906034351,16028600,50.76451810201009,2,2,0.015632321282885914,None
2016-12-14,53.55373764038086,54.606977577397096,53.40628469204523,54.38930970467145,19851400,50.9433354695638,2,2,0.012967606532318293,None
2016-12-15,53.673099517822266,53.86970341455277,53.02710839806637,53.329037341489474,20251800,51.14391911824544,2,2,0.014546069369571257,None
2016-12-16,54.00628662109375,54.05569746250681,53.73099687816704,54.05569746250681,17864900,51.34928970336914,2,2,0.014893211871023784,None
2016-12-19,53.75921630859375,54.04862104006106,53.65333442717841,53.9497993868404,7113200,51.555084737141925,2,2,0.014923992343580175,None
2016-12-20,53.63922119140625,54.10509937819722,53.49098869162101,54.034513242877146,8982100,51.72270762125651,2,2,0.012155796927037887,None
2016-12-21,53.72392654418945,53.97098070479213,53.45569708201751,53.75216207474073,8102700,51.891047668457034,2,2,0.012207804675754719,None
2016-12-22,53.94273376464844,54.08391138754392,53.65332906212012,53.75921093294781,10970400,52.04023348490397,2,2,0.010818764387108673,None
2016-12-23,53.89332962036133,54.00627173267124,53.773332665064295,53.85803924929673,6398100,52.18075129191081,2,2,0.010190171441270317,None
2016-12-27,54.01332473754883,54.19685297111867,53.92862354157516,53.97803436768518,10008900,52.355460993448894,2,2,0.01266972385243404,None
2016-12-28,53.42745590209961,54.15450323444315,53.38509991806298,54.13332793511295,8093700,52.50151392618815,2,2,0.010591571672058299,None
2016-12-29,53.321563720703125,53.5050919217424,53.130975292792094,53.34979924281495,6697400,52.59792861938477,2,2,0.006991870098593065,None
2016-12-30,53.16630554199219,53.56865256876666,52.99689768476575,53.27218747227572,8853300,52.700871022542316,2,2,0.00746525126670064,None
2017-01-03,53.76628112792969,54.21803887944255,53.19452640172248,53.72393052165573,24623100,52.83504740397135,2,2,0.009730299378103918,None
2017-01-04,53.65332412719727,53.90743843966055,53.47685615384082,53.80861680541096,11185500,52.95867080688477,2,2,0.008965010888475192,None
2017-01-05,53.51922607421875,53.886277221806736,53.26511166997434,53.688633881922655,11141200,53.0382687886556,2,2,0.005772343718575215,None
2017-01-06,53.56863021850586,53.75215846206586,53.21569418840087,53.68862717625122,7410500,53.120449956258135,2,2,0.0059596730475081445,None
2017-01-09,52.792179107666016,53.26511215892669,52.71453273980207,53.2157013235021,10960900,53.16972745259603,2,2,0.003573540938162173,None
2017-01-10,52.31218719482422,52.869826857984286,52.26983658774636,52.74982988101216,9660800,53.2114315032959,2,2,0.0030243243577408596,None
2017-01-11,52.87688446044922,52.97570612897249,52.276888834644616,52.49571285955503,13127000,53.29559809366862,2,2,0.006103653364612384,None
2017-01-12,52.65805816650391,53.22981823589657,52.446299765383145,53.173347174780325,10895600,53.393066787719725,2,2,0.007068304890988836,None
2017-01-13,52.50275802612305,52.70040671211588,52.36864600663367,52.587464605834256,9906700,53.401100158691406,2,2,0.0005825697767171366,None
2017-01-17,52.82746124267578,52.95451842614239,52.62276308883499,52.66511368819842,9783000,53.415743891398115,2,2,0.0010619447456523545,None
2017-01-18,52.70746994018555,52.84864759549813,52.47453084795245,52.53806213918734,8725200,53.42123908996582,2,2,0.00039850476392676304,None
2017-01-19,52.41807556152344,52.72865569402058,52.291018339245255,52.70748038787055,9000900,53.40164006551107,2,2,0.0014212961583288455,None
2017-01-20,52.61570739746094,52.93334769082897,52.43923937106163,52.75687966442966,9182200,53.39190546671549,2,2,0.0007059406402070041,None
2017-01-23,52.05806350708008,52.481585658536986,51.803949139130665,52.37570377432868,15207000,53.34953982035319,2,2,0.0030723024280549065,None
2017-01-24,52.62979888916016,52.85567764633093,52.16392630859672,52.26274792827303,11857200,53.31663551330566,2,2,0.0023861782155070385,None
2017-01-25,52.90509414672852,53.06744704530219,52.62980455010898,52.64392500322405,9410300,53.28729031880697,2,2,0.0021280759306511222,None
2017-01-26,52.94746780395508,53.15922620302919,52.83452568281415,53.07452499755024,8651700,53.25093180338542,2,2,0.002636672983927283,None
2017-01-27,52.39688491821289,52.67922943140524,52.24159220473128,52.6227637599926,9950900,53.17585843404134,2,2,0.005444224618825573,None
2017-01-30,51.436920166015625,52.1851431348986,51.07692375903025,52.15690759460772,13286400,53.1052978515625,2,2,0.005116963093654704,None
2017-01-31,51.45808029174805,51.54278150225021,50.9145557259328,51.46514052108225,14007400,53.031463877360025,2,2,0.005354345270111643,None
2017-02-01,51.07688903808594,51.803936203864765,50.75924885015101,51.73335009380978,18424300,52.933817291259764,2,2,0.007081205394615966,None
2017-02-02,51.36629867553711,51.45806547432617,50.75219353472053,51.16160055218192,12880100,52.85405337015788,2,2,0.0057843774263900164,None
2017-02-03,51.81100845336914,52.07923788797145,51.26748397053193,51.5710091610397,11828600,52.79311294555664,2,2,0.004419321562285495,None
2017-02-06,51.37336730957031,51.9874779362554,51.22513482424144,51.81100992247679,10521700,52.71476097106934,2,2,0.005681984865795858,None
2017-02-07,50.64632034301758,51.38748816072451,50.37809089875175,51.147488859748606,14157800,52.60488052368164,2,2,0.00796838935060818,None
2017-02-08,50.76631927490234,50.87926139395965,49.86986409273575,50.646322312436446,16148400,52.50064684549967,2,2,0.0075588928780876,None
2017-02-09,51.33808135986328,51.49336870164741,51.06984650917544,51.06984650917544,9261600,52.41147206624349,2,2,0.006466840809817971,None
2017-02-10,51.72631454467773,52.01572473496189,51.57102179724502,51.747489849259,10405400,52.354767354329425,2,2,0.0041121531017350235,None
2017-02-13,51.82512283325195,51.84629813236229,51.52159764679265,51.62041929955836,7984900,52.30488599141439,2,2,0.0036173325691292862,None
2017-02-14,51.99454498291016,52.01572028568015,51.3451385141602,51.97336429476306,10771700,52.26582730611165,2,2,0.002832485846339196,None
2017-02-15,51.78982925415039,52.065118896279465,51.62041610101263,51.839240077471615,8926600,52.19994557698568,2,2,0.004777658639437535,None
2017-02-16,51.08395767211914,51.90982660497173,51.006311322667095,51.83924048329966,11375400,52.11430002848307,2,2,0.006210905514492604,None
2017-02-17,50.8016242980957,50.97103212219976,50.63927131868683,50.822799602936506,11645000,52.02371330261231,2,2,0.006569233370412125,None
2017-02-21,51.147491455078125,51.42278114182342,51.06984509364979,51.28160887670465,11802500,51.94300867716471,2,2,0.005852596101037097,None
2017-02-22,50.371036529541016,50.96396654437669,50.33574076825824,50.90750086585214,11539400,51.86230392456055,2,2,0.0058526053222685975,None
2017-02-23,50.582801818847656,51.02043911355423,50.26515611406229,50.93573790057991,17390100,51.804657745361325,2,2,0.0041804271037741425,None
2017-02-24,50.10984802246094,50.40631833316232,49.8557336906458,50.21572989161317,13997600,51.712423197428386,2,2,0.00668873131644436,None
2017-02-27,50.54043197631836,50.7592559490799,50.074559276500906,50.159260466262765,23686400,51.641835657755536,2,2,0.005118917994847538,None
2017-02-28,50.38515090942383,50.62515023501423,50.2439786369897,50.39221113865863,14018400,51.57124875386556,2,2,0.005118871888687496,None
2017-03-01,51.39453506469727,51.627474101179246,50.815720279890144,50.85101603161491,18997600,51.523484547932945,2,2,0.0034637990556301013,None
2017-03-02,50.90749740600586,51.39454548926885,50.88631671944948,51.14043110435916,10770300,51.46348546346029,2,2,0.0043510567814788875,None
2017-03-03,50.81574249267578,51.182799083710414,50.70280573146525,50.992210557686825,11166500,51.410074361165364,2,2,0.0038733047493832024,None
2017-03-06,50.92866516113281,50.99925128306533,50.53337318463406,50.731021865571385,8374700,51.35383961995443,2,2,0.00407807142810751,None
2017-03-07,50.4769172668457,51.12631833064422,50.4133859750736,51.11220325768205,11461800,51.301134745279946,2,2,0.0038220900266220936,None
2017-03-08,49.16399383544922,50.568677834925815,49.14281853368165,50.27221283942606,25566200,51.18560791015625,2,2,0.008377858159432733,None
2017-03-09,49.48868942260742,49.51692495060513,48.62752466749452,48.91693479043876,27770700,51.07172775268555,2,2,0.008258443204489097,None
2017-03-10,49.41810607910156,49.86986378176044,49.1286959398544,49.80633249384271,17479300,50.9540823618571,2,2,0.008531493106484545,None
2017-03-13,49.42516326904297,49.66516258924938,49.255755468847006,49.36869759256223,13078800,50.85502497355143,2,2,0.007183514964122062,None
2017-03-14,48.8675422668457,49.05106518950753,48.436959728008205,49.044010343897845,26384800,50.7693790435791,2,2,0.006210933178188605,None
2017-03-15,49.95455551147461,50.06749760840864,49.04398543547808,49.2839793133995,23205000,50.71926155090332,2,2,0.003634456397031388,None
2017-03-16,49.60161209106445,50.060429866579845,49.46043987646347,50.060429866579845,16277500,50.67008565266927,2,2,0.0035661731737602342,None
2017-03-17,49.565406799316406,49.913357263308846,49.565406799316406,49.80684026723947,14243900,50.610055923461914,2,2,0.004353279098400997,None
2017-03-20,49.4943962097168,49.60091321515405,49.10384108002012,49.40208436110048,12218700,50.53283551534017,2,2,0.005599925121854282,None
2017-03-21,49.14645385742188,49.76424825716659,48.96182471192101,49.72874077691152,16717200,50.45860506693522,2,2,0.005383097071618659,None
2017-03-22,49.07544708251953,49.30268088299813,48.79850605748878,48.99733495569741,12419600,50.40624262491862,2,2,0.003797257248732755,None
2017-03-23,48.87660598754883,49.29556600170019,48.8268987754007,48.93341577791234,11800400,50.343252182006836,2,2,0.004567986265266638,None
2017-03-24,48.68487548828125,49.05413371698085,48.59256363994632,48.94761671186828,10442500,50.254811986287436,2,2,0.0064135697523114155,None
2017-03-27,48.45766067504883,48.59258262876101,48.18782218530651,48.22332967344615,11491300,50.145856857299805,2,2,0.00790128644503868,None
2017-03-28,49.14645385742188,49.267170621999774,48.41504527268644,48.52865945767716,27922600,50.0565678914388,2,2,0.006475121476191753,None
2017-03-29,49.821048736572266,49.90625800495174,49.0044256026301,49.139342083457535,18575200,49.98411801656087,2,2,0.005253972159334874,None
2017-03-30,49.80685424804688,50.25421925589844,49.679034900420575,50.13350248805165,15912300,49.91801884969075,2,2,0.004793426946229362,None
2017-03-31,49.63642501831055,49.94886806578,49.40919124847802,49.64352759734043,19861200,49.86976776123047,2,2,0.003499107153118741,None
2017-04-03,49.55122375488281,49.75005268017293,49.05415144165751,49.71455061076077,13133300,49.82808774312337,2,2,0.0030225815448852444,None
2017-04-04,49.913368225097656,49.95597286581029,49.181959665233926,49.65772954546053,12974000,49.786950302124026,2,2,0.0029832345477612543,None
2017-04-05,49.75716018676758,50.76551007494872,49.68615062323189,50.33234469439384,22733700,49.76648775736491,2,2,0.00148391754512614,None
2017-04-06,50.15480422973633,50.29682873527933,49.82105883149234,49.95597533965704,13124700,49.7522211710612,2,2,0.001034594571415165,None
2017-04-07,49.96308135986328,50.31813452164874,49.88496923085598,50.18321258651225,12580300,49.74732894897461,2,2,0.0003547776815837067,None
2017-04-10,50.33942413330078,50.56665788275734,50.13349270134328,50.24000970651853,10820900,49.74062868754069,2,2,0.00048589437998883267,None
2017-04-11,50.34653091430664,50.43884277040151,49.80684868266804,50.41754045112426,13891500,49.73934135437012,2,2,9.335575319316392e-05,None
2017-04-12,50.13349533081055,50.715782182938526,49.97727110405032,50.39623656833277,11453600,49.6973066965739,2,2,0.0030482995610498775,None
2017-04-13,49.21745681762695,50.1263918467099,49.10384264783165,50.09088978888392,17656000,49.6409720102946,2,2,0.004085319316492836,None
2017-04-17,49.323978424072266,49.37368564380607,49.08254490470256,49.20326166438741,8012200,49.59124654134114,2,2,0.0036060273386461783,None
2017-04-18,48.86240768432617,49.430494832278896,48.76299324608653,49.10384661839428,14750300,49.52237129211426,2,2,0.004994744884169899,None
2017-04-19,48.14520263671875,49.07544002717957,48.01738330372044,48.983128171334265,18125400,49.444647471110024,2,2,0.005636431979508583,None
2017-04-20,48.37953567504883,48.73458879133691,48.23751659560584,48.28722381517895,16235400,49.41849886576335,2,2,0.001896263378347418,None
2017-04-21,48.13809585571289,48.37952934270111,47.89665695104477,48.17359791208651,14116100,49.3734790802002,2,2,0.0032647772044676615,None
2017-04-24,48.422157287597656,48.62098621333495,48.27303559329468,48.49316684426356,13350700,49.340280787150064,2,2,0.0024074977039880707,None
2017-04-25,48.83401870727539,48.94763834098334,48.39375617086292,48.54287787684285,15591000,49.32057596842448,2,2,0.0014289682233875611,None
2017-04-26,48.670677185058594,49.33107613502362,48.58546249491856,48.60676481303354,18737600,49.31401379903158,2,2,0.00047588012199090146,None
2017-04-27,48.13809585571289,48.34402728632749,47.65522346405656,48.29432007326051,20547700,49.25346514383952,2,2,0.004390910946364346,None
2017-04-28,48.173606872558594,48.63517703270856,48.102597328923416,48.54996774741872,14426000,49.205864969889326,2,2,0.0034519036662958857,None
2017-05-01,48.038692474365234,48.29433117682184,47.9321754453948,48.159409245613865,9419400,49.15497449239095,2,2,0.0036905122666150425,None
2017-05-02,47.79726791381836,48.29434572620538,47.59843895593666,48.13812142567468,16435600,49.09840354919434,2,2,0.004102452365626397,None
2017-05-03,47.93217468261719,48.15940847922013,47.55581921490116,47.69074114396202,16934800,49.05792757670085,2,2,0.002935265698679246,None
2017-05-04,47.05163192749024,47.65522103183476,46.746286086325874,47.59841124332055,33944500,48.99046707153321,2,2,0.00489214945647054,None
2017-05-05,47.79726791381836,47.87538006408371,47.05875648619864,47.080064232556914,18743800,48.95448913574219,2,2,0.0026090738364258903,None
2017-05-08,48.13809585571289,48.22331054283338,47.74753531184383,47.790145364244026,18948700,48.93626314798992,2,2,0.0013217252947387848,None
2017-05-09,47.74044036865234,48.237512522410434,47.59841588352136,48.237512522410434,10719700,48.91235580444336,2,2,0.0017337299423763053,None
2017-05-10,48.372440338134766,48.59967412442352,47.974777148868846,48.01738720845355,18259200,48.88655535380045,2,2,0.0018710156450167381,None
2017-05-11,48.27302932739258,48.62808248231765,48.2020143622626,48.5428677747704,11968700,48.8349547068278,2,2,0.003742012847568865,None
2017-05-12,48.10969161987305,48.32982279252041,47.96767255707087,48.237510943466994,10708600,48.77838261922201,2,2,0.004102535356714954,None
2017-05-15,48.48605346679688,48.90501896789299,48.329829226309535,48.826906847649326,13206900,48.74003690083823,2,2,0.0027807823982791136,None
2017-05-16,48.24460983276367,48.713277038317,48.07418046921742,48.713277038317,11693400,48.69648310343425,2,2,0.003158465620256401,None
2017-05-17,47.76884841918945,48.37244310835924,47.74754609701756,47.96058015409879,15606800,48.624999109903975,2,2,0.00518392768074355,None
2017-05-18,47.7546501159668,47.98898650228122,47.37829463243949,47.55582121279624,14115000,48.55824877421061,2,2,0.004840648875516718,None
2017-05-19,48.34402847290039,48.44344290147441,47.87535580875426,47.9889753943703,15624500,48.497889582316084,2,2,0.0043771713106214305,None
2017-05-22,48.23751831054688,48.62807891942122,48.06709432562025,48.599674018986654,10339200,48.44037081400553,2,2,0.004171187429267975,None
2017-05-23,48.35112380981445,48.41503617873255,48.09549058718154,48.36532896632062,9086800,48.37409413655599,2,2,0.004806299786159929,None
2017-05-24,48.095497131347656,48.44344766557543,47.87536051698756,48.29432600804924,13480700,48.29905967712402,2,2,0.005441402921820382,None
2017-05-25,47.22206115722656,48.45054723727657,47.05163719030132,47.97477197735325,23329200,48.20201187133789,2,2,0.007037782612930199,None
2017-05-26,47.300174713134766,47.342779351745214,46.99482882850562,47.22206259722868,13199100,48.138102467854814,2,2,0.004634628109234207,None
2017-05-30,46.668190002441406,47.0516480800317,46.64688767885552,47.0516480800317,14529100,48.04957618713379,2,2,0.006419812526403779,None
2017-05-31,46.4693603515625,46.61137945165957,46.227921380179794,46.29893093022833,16093000,47.969807942708336,2,2,0.005784690948279325,None
2017-06-01,46.76049423217773,46.93091821068307,46.34153415633532,46.490655814737565,17983700,47.9236509958903,2,2,0.0033472426826196555,None
2017-06-02,46.22080612182617,46.561659453319415,46.021977269155066,46.54745971427716,16542500,47.851693344116214,2,2,0.005218276770099839,None
2017-06-05,46.30601501464844,46.47643895022922,46.064581557382255,46.07878129464764,12552500,47.7906239827474,2,2,0.004428671891576308,None
2017-06-06,46.85280990600586,46.93091660448382,46.17110317995456,46.277620194505104,14835300,47.738312403361,2,2,0.003793568755916299,None
2017-06-07,46.1924057006836,46.88830667082502,45.8728546931176,46.66107292702866,22942100,47.65025863647461,2,2,0.006385546428135602,None
2017-06-08,46.05748748779297,46.39833542191704,45.95807305553343,45.97227279542183,19569300,47.56315231323242,2,2,0.006316839028191079,None
2017-06-09,47.16525268554688,47.32147691697787,46.15690317790366,46.16400575688153,23184200,47.53072420756022,2,2,0.0023516447015096142,None
2017-06-12,47.49900817871094,47.96768091948785,47.39959373388206,47.58422288185608,22924400,47.50823758443197,2,2,0.0016307011167699947,None
2017-06-13,47.85405731201172,47.91796968844415,47.41378950911427,47.64102328081091,15807900,47.50208307902018,2,2,0.00044631685206469873,None
2017-06-14,46.98772811889648,47.72623925104786,46.62557784093888,47.72623925104786,30280200,47.47509841918945,2,2,0.00195689297902385,None
2017-06-15,46.63267135620117,47.00902676328609,46.42673991469279,46.774695842248434,19258900,47.43178164164225,2,2,0.0031412772437292014,None
2017-06-16,47.40415573120117,47.42560470163975,46.61051109511033,46.91080759120492,24621000,47.443532435099286,2,2,0.0008521524954648307,None
2017-06-19,47.103851318359375,47.39700177897177,46.98230352224167,47.29690295217167,15678400,47.42041854858398,2,2,0.001676189454433763,None
2017-06-20,46.50325393676758,46.63195319541544,45.98130542809111,46.56045481949472,16063400,47.36592381795247,2,2,0.003951888088845001,None
2017-06-21,45.75252151489258,46.63196485046625,45.50227168164695,46.36026331709226,27305500,47.29965985616048,2,2,0.004805377662955523,None
2017-06-22,45.72391891479492,46.11716551711756,45.53801873570431,45.77396560610238,15431600,47.21137580871582,2,2,0.006402246079363849,None
2017-06-23,46.03136444091797,46.08141386000264,45.60236864090966,45.73106792640991,14555500,47.136653645833334,2,2,0.005418755575925138,None
2017-06-26,45.9312629699707,46.260159912957306,45.74536552795308,46.17436403085999,13603400,47.064039357503255,2,2,0.005265895212365035,None
2017-06-27,45.85976409912109,46.30306282019417,45.8526126240294,46.09571368235243,14227500,46.97649637858073,2,2,0.006348504739023375,None
2017-06-28,46.11001205444336,46.38885958357342,45.88836541718031,45.916965863113816,16859900,46.90534311930339,2,2,0.00515994325620206,None
2017-06-29,46.210105895996094,46.71775148277981,46.11000707353038,46.24585781329529,19022400,46.85338503519694,2,2,0.0037679337308392236,None
2017-06-30,46.41745376586914,46.63195435393676,46.11715730655571,46.5461530277144,19643200,46.808811823527016,2,2,0.0032323922375367964,None
2017-07-03,47.31119918823242,47.53285126023116,46.53185756387993,46.58190697594865,18402800,46.77438418070475,2,2,0.002496648575369742,None
2017-07-05,46.35310363769531,47.11814768128088,46.17435497839985,47.07524429366617,20988200,46.71157035827637,2,2,0.004555177973960101,None
2017-07-06,45.83831024169922,46.56760242895932,45.73821142099639,46.43175714656355,20683600,46.62780990600586,2,2,0.006074200749470238,None
2017-07-07,45.76681900024414,45.83116591431171,45.25202186779375,45.688169135287694,16036700,46.550187301635745,2,2,0.005629091878802672,None
2017-07-10,45.91696166992188,46.02421196863397,45.60236224836021,45.70246107249768,14153800,46.50668398539225,2,2,0.0031548047911353905,None
2017-07-11,46.16720962524414,46.33166081378758,45.7096134331801,45.99561241696435,11899800,46.46891848246256,2,2,0.0027387059164721284,None
2017-07-12,46.2958984375,46.7391970349785,46.09570083056638,46.62479528531605,14818600,46.456508763631184,2,2,0.0008999369199061968,None
2017-07-13,46.4818115234375,46.51755798894991,46.07426472275111,46.33166327634012,10056800,46.45692380269369,2,2,3.0098101385267473e-05,None
2017-07-14,46.76065444946289,46.846450322238326,46.46750400420909,46.51040739557345,10272500,46.45692914326985,2,2,3.8729174539620104e-07,None
2017-07-17,46.70345306396485,47.02519849337919,46.631954685759055,46.67485262168721,12214900,46.47301737467448,2,2,0.0011666979416491974,None
2017-07-18,46.4818115234375,46.95370523503255,46.28875988075716,46.93940773982302,14956800,46.478877258300784,2,2,0.0004249512574236447,None
2017-07-19,47.16104507446289,47.203943006610736,46.396001039628366,46.43175295306898,24802700,46.48915176391601,2,2,0.0007450939914567245,None
2017-07-20,47.018062591552734,47.59720667111144,46.88936330109772,47.425609435497336,17159300,46.51667366027832,2,2,0.0019958526844014446,None
2017-07-21,46.55330657958984,47.08240114413248,46.48895421830697,46.86075452688694,13047600,46.53320096333822,2,2,0.0011985388558901633,None
2017-07-24,46.46751022338867,46.72490878611832,46.36025991308842,46.65341039757728,10433400,46.50994288126628,2,2,0.0016866463315690639,None
2017-07-25,47.053802490234375,47.38985089366189,46.91795719787421,47.02520204579618,15479300,46.49510269165039,2,2,0.0010761915491572238,None
2017-07-26,47.103851318359375,47.64724884597202,46.975152047476826,47.31835192148927,21211400,46.470095825195315,2,2,0.0018134659358421401,None
2017-07-27,47.58289337158203,47.60434233703813,46.9036452206083,47.11814578512126,15815900,46.4899346669515,2,2,0.0014386874019596818,None
2017-07-28,47.52570343017578,47.997597143728605,47.34695473694057,47.42560459836224,14765000,46.51970240275065,2,2,0.002158718084726896,None
2017-07-31,47.63294982910156,47.9046458567362,47.41129775829067,47.53999702506008,13519500,46.52732887268066,2,2,0.0005530618341824112,None
2017-08-01,47.62580490112305,47.89750096610453,47.41845575088289,47.66155682374213,12668700,46.54472732543945,2,2,0.0012617135166099747,None
2017-08-02,47.447059631347656,47.64010584451838,46.96086290542453,47.38270725697214,15118500,46.57618751525879,2,2,0.002281452683205676,None
2017-08-03,46.782108306884766,47.447053665271504,46.574759167712855,47.36840380368984,15327800,46.610507074991865,2,2,0.002488810528134433,None
2017-08-04,46.932254791259766,47.06095406401367,46.69630521538145,46.80355551850587,9371000,46.65078493754069,2,2,0.0029208990191577078,None
2017-08-07,46.57476043701172,46.817861503519495,46.43176366022646,46.73206016446192,11437300,46.66889813741048,2,2,0.0013135460619176365,None
2017-08-08,46.46751022338867,46.87505703854772,46.33166492165391,46.43890977697678,10429100,46.68677304585775,2,2,0.001296265473071434,None
2017-08-09,46.51041030883789,46.80355531747672,46.338807642585074,46.53900529823636,10437900,46.70846125284831,2,2,0.001572801000778612,None
2017-08-10,46.01706314086914,46.6677055351864,45.93841328095494,46.589061130249306,15262100,46.705362955729164,2,2,0.00022468453993551574,None
2017-08-11,45.71676635742188,46.13146192156135,45.673868415176685,45.87406881311281,15990900,46.68891830444336,2,2,0.0011925450550624994,None
2017-08-14,45.5809211730957,46.00276551144563,45.52372027654658,45.80256782850141,11406700,46.661033884684244,2,2,0.0020221424169531432,None
2017-08-15,45.40932083129883,45.65241918462251,45.14477350569299,45.65241918462251,12725600,46.59763793945312,2,2,0.004597392774248754,None
2017-08-16,44.97317123413086,45.55231524077889,44.88022115217322,45.42361596652632,16583300,46.55164019266764,2,2,0.00333569770010278,None
2017-08-17,44.33682632446289,44.966022511827056,44.32252882866051,44.794425287311455,14796900,46.501590728759766,2,2,0.003629523037888771,None
2017-08-18,44.5584716796875,44.858770886767,44.1938255648286,44.22242328134551,18632700,46.461312484741214,2,2,0.0029209266828537084,None
2017-08-21,44.32967376708984,44.51557119892142,44.18667427395638,44.49412222957237,10375200,46.408402887980145,2,2,0.0038369362102095295,None
2017-08-22,44.62282180786133,44.722920635497374,44.42262415258924,44.45122186942205,15171800,46.356923294067386,2,2,0.0037332342346651504,None
2017-08-23,44.81586837768555,45.04466646534218,44.48697146761517,44.52986940437057,11526000,46.30758895874023,2,2,0.003577662828885053,None
2017-08-24,44.84447860717773,44.95172619995984,44.644278191171054,44.65857841570645,10390500,46.25301119486491,2,2,0.003957909553368166,None
2017-08-25,45.04467010498047,45.22341879587325,44.91597082933858,44.93027105190863,8220200,46.1958117167155,2,2,0.0041480329156102225,None
2017-08-28,44.84447860717773,45.21627626263136,44.60138024505379,45.06612526875411,9956000,46.13384590148926,2,2,0.004493681577472319,None
2017-08-29,44.78726577758789,44.84446666049103,44.4583688833595,44.62996607709248,8727100,46.07736104329427,2,2,0.004096209591534561,None
2017-08-30,44.808719635009766,44.94457038298631,44.48697417977556,44.61567345286465,8664400,45.9989501953125,2,2,0.005686254296230819,None
2017-08-31,45.023223876953125,45.13762293699229,44.85162392315001,45.00177217804728,10333700,45.93245557149251,2,2,0.0048221049778802705,None
2017-09-01,45.45937347412109,45.60952173670896,44.98032551052174,45.094724576420425,11595500,45.895991134643545,2,2,0.0026443542702190292,None
2017-09-05,45.70960998535156,45.93125658995175,45.38786183473552,45.64526035522835,18114800,45.87072779337564,2,2,0.001832065160871199,None
2017-09-06,46.45321273803711,46.58191201943065,45.91696664139357,45.93841561246293,17052100,45.85070813496907,2,2,0.0014517999939234194,None
2017-09-07,46.539005279541016,46.65340705699694,46.23156277632646,46.474658370954806,8640300,45.831879933675125,2,2,0.0013653970496898538,None
2017-09-08,46.04567337036133,46.46751774956223,45.831172715018944,46.43891729851802,10264700,45.78063926696777,2,2,0.0037159075396583363,None
2017-09-11,46.4818115234375,46.54615843434616,46.11716266335688,46.224412969848494,13551100,45.74584287007649,2,2,0.0025233901482919485,None
2017-09-12,46.76780319213867,46.86790200784766,46.49610173094885,46.61764951359886,9409700,45.717004648844394,2,2,0.0020913108784995638,None
2017-09-13,47.354103088378906,47.38269807703034,46.8178570440464,46.86790645665169,15893300,45.707947921752925,2,2,0.0006567822521909017,None
2017-09-14,47.58289337158203,47.90463876337552,47.43989117691474,47.44704265039209,14583400,45.712475713094065,2,2,0.00032834963055095034,None
2017-09-15,47.6951789855957,47.6951789855957,47.37644216179738,47.68069320911921,13068100,45.74291140238443,2,2,0.0022071572166433295,None
2017-09-18,47.89802551269531,47.92700259667704,47.55030603172821,47.58652876840879,12583500,45.77510375976562,2,2,0.002334548537304082,None
2017-09-19,48.09360122680664,48.16604115423371,47.90525299404652,47.99942987383268,10504300,45.82573178609211,2,2,0.0036714796436796426,None
2017-09-20,48.41958999633789,48.54998409348547,48.18777888216584,48.23124726575698,18273800,45.89080111185709,2,2,0.0047187441879211756,None
2017-09-21,48.43408203125,48.557230478523344,48.21675669045104,48.35439644141125,8874100,45.95492350260416,2,2,0.004650073672904709,None
2017-09-22,48.680397033691406,48.81803683585019,48.33992864578634,48.39063717392668,14647900,46.04370129903157,2,2,0.006438052123382998,None
2017-09-25,49.383060455322266,49.52794586553304,48.85424390678947,48.90495241865992,14833800,46.16591110229491,2,2,0.008862498451863876,None
2017-09-26,49.3613395690918,49.45551096073388,49.12228273629137,49.25992252368818,10710700,46.29192504882812,2,2,0.009138370050864486,None
2017-09-27,49.57140350341797,49.585889279506496,49.12951272074642,49.40478668093005,10918200,46.43066113789875,2,2,0.010060963537897483,None
2017-09-28,49.61487579345703,49.91188676447328,49.47724155059849,49.68007561528581,11799900,46.58538462320963,2,2,0.011220349042537825,None
2017-09-29,49.60763931274414,49.61487943929089,49.28165123327326,49.44102244632825,14287500,46.76107838948567,2,2,0.01274108696720705,None
2017-10-02,49.59313583374024,49.60762713690526,48.89045685418216,49.07880510763788,12416800,46.9289005279541,2,2,0.012170246597647982,None
2017-10-03,49.542423248291016,49.70904006009722,49.43376059074891,49.52793747313116,7239800,47.10265884399414,2,2,0.012600730594296228,None
2017-10-04,49.50620651245117,49.68730912133807,49.3323495554274,49.54242924495376,10197600,47.265438334147134,2,2,0.011804560198558023,None
2017-10-05,49.73078155517578,49.810467151719685,49.51345619608996,49.54243327908897,10161800,47.42926877339681,2,2,0.01188077368138507,None
2017-10-06,49.31062316894531,49.535188658348005,49.144006319934114,49.25991465434426,11963300,47.57814025878906,2,2,0.010795969501501246,None
2017-10-09,49.41204071044922,49.56416625582959,49.31062368019564,49.36857784800159,5764100,47.72371927897135,2,2,0.01055720414023753,None
2017-10-10,49.45551300048828,49.93362668580857,49.40480447569504,49.75976967606241,7763700,47.87742042541504,2,2,0.011146210336920204,None
2017-10-11,49.57140350341797,49.60038058240772,49.19471253017655,49.39754655629213,10287000,48.03689168294271,2,2,0.011564651404521675,None
2017-10-12,49.39029693603516,49.45549121341383,49.11502299797144,49.19470857708688,10181100,48.18961092631022,2,2,0.011075003983091858,None
2017-10-13,49.3613395690918,49.82496192716959,49.33236248086013,49.6800820128257,8893700,48.334214782714845,2,2,0.010486486511707582,None
2017-10-16,49.4699821472168,49.75974738486215,49.36856514306276,49.51344499847932,7666900,48.467901738484706,2,2,0.009694806855974625,None
2017-10-17,49.49897384643555,49.60039088054977,49.230939955240046,49.45550545551956,8377100,48.594213867187506,2,2,0.009159993840002767,None
2017-10-18,49.151248931884766,49.66557969868112,49.09329476826492,49.46274565282489,7706300,48.68414840698243,2,2,0.00652193767126924,None
2017-10-19,48.99913024902344,49.201964323241874,48.78905052163605,48.81078195432888,7591900,48.766152572631846,2,2,0.0059468370925060965,None
2017-10-20,49.093299865722656,49.12227695054133,48.76731733343675,49.10779117153889,9820200,48.86774012247722,2,2,0.007366999039293387,None
2017-10-23,48.83974838256836,49.288884825196085,48.796285526667,49.12951365114067,8655300,48.946338017781585,2,2,0.005699818728565065,None
2017-10-24,48.93392562866211,49.15124543656228,48.83250861294613,49.01361121626936,9820200,49.01854209899903,2,2,0.005236147517797163,None
2017-10-25,48.59345245361328,48.991874869784745,48.44132692815004,48.84699499605201,13522700,49.059853744506846,2,2,0.0029958676356596214,None
2017-10-26,48.69486999511719,48.85424117402765,48.40510471771754,48.61518440566197,9362200,49.096919631958016,2,2,0.002687970697776987,None
2017-10-27,48.78179550170898,49.04258369757616,48.057385074703056,48.44132724353908,16188000,49.13314018249512,2,2,0.0026266679471613763,None
2017-10-30,49.03534698486328,49.17298121733924,48.44133061445477,48.44133061445477,11614800,49.17105089823405,2,2,0.002749236563463986,None
2017-10-31,49.19472503662109,49.37582768123806,48.8397598738657,49.05708525813169,9649000,49.20775502522786,2,2,0.002661736292617345,None
2017-11-01,49.75251007080078,49.98432119439793,49.46999043662967,49.49172186590235,17306300,49.25218569437663,2,2,0.0032220552364175536,None
2017-11-02,49.60763931274414,49.89015899886374,49.310628319902726,49.752519219077314,11328300,49.29130427042643,2,2,0.00283682904663074,None
2017-11-03,49.75251007080078,49.94809846106804,49.53518472444771,49.58589323502167,11111900,49.32704137166341,2,2,0.0025916088229384626,None
2017-11-06,50.88984298706055,50.95503728605933,49.890158381380616,49.977084113378986,19100000,49.37726745605469,2,2,0.003642331329195281,None
2017-11-07,50.82462692260742,51.04919233651938,50.55659313449735,50.9767524152715,13410300,49.42604370117188,2,2,0.003537190841452542,None
2017-11-08,50.57833480834961,50.831877347505774,50.29581518945948,50.70148325210934,14246600,49.45960807800293,2,2,0.0024340456310364966,None
2017-11-09,50.73046875,50.81740000362718,50.31030931435596,50.38275478911881,12988900,49.49679450988769,2,2,0.0026967124257526454,None
2017-11-10,50.46244430541992,50.687009819530886,50.07850205055247,50.64354695275178,10534200,49.52528800964355,2,2,0.002066312118434166,None
2017-11-13,50.17266845703125,50.51314224700248,50.114714295586566,50.32479398571377,7489800,49.54460576375325,2,2,0.0014008987930516636,None
2017-11-14,49.3613395690918,49.98433314903654,49.303385392628456,49.98433314903654,16527700,49.538569641113284,2,2,0.0004377318850330991,None
2017-11-15,48.80353927612305,49.0208591185021,48.600699685696725,48.9194420866958,17693100,49.51514739990235,2,2,0.001698550942135224,None
2017-11-16,48.60794448852539,48.825269853918,48.47031024880279,48.65141287769209,12514000,49.47771949768067,2,2,0.002714223545400629,None
2017-11-17,48.84700012207031,48.94841714968854,48.578966248043,48.70212023313385,9172400,49.46226539611816,2,2,0.0011207116574560305,None
2017-11-20,48.73108673095703,48.83250927486062,48.51376692011114,48.78904089124111,7785300,49.43956693013509,2,2,0.0016460636893519398,None
2017-11-21,48.83974838256836,49.115027874777816,48.73833136758997,48.919433969596064,8464400,49.41904144287109,2,2,0.0014884820549869726,None
2017-11-22,49.03534698486328,49.23093538196771,49.00636990254905,49.12951835727456,9307500,49.4011728922526,2,2,0.0012958044114689815,None
2017-11-24,49.1729850769043,49.332356278734906,49.16574495086747,49.23093924608157,4990700,49.3939291636149,2,2,0.000525305925736852,None
2017-11-27,48.67314147949219,49.02085541173136,48.571724455354655,48.96290124742039,10595800,49.37098922729491,2,2,0.001663574808999868,None
2017-11-28,49.04983139038086,49.122271330733184,48.66589473238169,48.72384889538882,12113300,49.356984202067046,2,2,0.0010156264971053486,None
2017-11-29,49.3178596496582,49.41203100874274,48.926677383994445,49.02809439433551,13599300,49.35094706217447,2,2,0.00043780565488971135,None
2017-11-30,50.056758880615234,50.15093577230771,49.43376547771853,49.43376547771853,22303600,49.38113072713215,2,2,0.002188880734736276,None
2017-12-01,50.47692108154297,50.82464053419361,49.9408588885692,50.41172126619019,21188300,49.43039042154947,2,2,0.0035722499656759554,None
2017-12-04,50.4551887512207,51.25203913775247,50.29581756855173,50.90431969130988,13575900,49.47578671773274,2,2,0.0032920812725443227,None
2017-12-05,50.23785018920898,50.63627804105858,50.17989604224693,50.45517547691088,10689800,49.52239011128743,2,2,0.00337961842831902,None
2017-12-06,49.58589172363281,50.17990805517057,49.51345178599415,50.09298234072937,12061200,49.54412231445312,2,2,0.0015759915470651142,None
2017-12-07,49.73078155517578,49.81770727735934,49.49172476554407,49.53518762663585,8640000,49.5820332845052,2,2,0.002749255005928042,None
2017-12-08,50.18716049194336,50.2088919234916,48.31093987742877,49.98432642840813,10696700,49.631776301066076,2,2,0.003607299868667868,None
2017-12-11,50.54936218261719,50.8101503963886,50.25235676109677,50.28133384338397,11316700,49.690695190429686,2,2,0.004272722415282343,None
2017-12-12,50.411720275878906,50.802902579871365,50.34652598862005,50.411720275878906,11758200,49.73657430013021,2,2,0.0033270942906077072,None
2017-12-13,50.33927154541016,50.52761977595336,50.194391692261306,50.41171147198458,9216000,49.774725850423174,2,2,0.0027667015769514136,None
2017-12-14,50.15816879272461,50.51313382729671,50.13643736750838,50.15092866886061,11782800,49.78824780782064,2,2,0.000980595036577936,None
2017-12-15,50.11296844482422,50.51404386327729,50.04733448247919,50.51404386327729,10153400,49.805092112223306,2,2,0.0012215273873707189,None
2017-12-18,50.49946212768555,50.75469295351408,50.22235516873096,50.23693740294342,9660700,49.829990514119466,2,2,0.001805600224910775,None
2017-12-19,50.5723762512207,50.86407096085158,50.455701705536654,50.732808619698375,6764200,49.81940828959147,2,2,0.0007674093729987119,None
2017-12-20,51.28704071044922,51.374545250475165,50.5869765721656,50.74011508082621,12254500,49.83482208251953,2,2,0.0011177885268982835,None
2017-12-21,52.37360382080078,52.52674234627608,51.25787630404088,51.30892247919931,16803100,49.89466438293457,2,2,0.004339687002371195,None
2017-12-22,52.48297500610352,52.694453546373296,52.2131564070805,52.431928845598,10660800,49.95308125813802,2,2,0.004236316991180128,None
2017-12-26,52.94239807128906,53.02990817201529,52.563198762038816,52.67258499704284,8631100,50.03574638366699,2,2,0.005994769056660132,None
2017-12-27,52.767372131347656,52.97155675902672,52.65798591977278,52.94968062943451,10855300,50.122236506144205,2,2,0.006272152937715603,None
2017-12-28,52.84759521484375,52.84759521484374,52.665286692956535,52.760085121436646,7966800,50.23844502766927,2,2,0.008427293184410184,None
2017-12-29,52.6944694519043,53.01532874466818,52.60695933736002,52.98616427010266,7356400,50.368142700195314,2,2,0.009405509143120883,None
2018-01-02,53.56223678588867,53.62057684302,52.78925050154791,52.95697677489694,14891400,50.533285776774086,2,2,0.01197596445975449,None
2018-01-03,54.36441421508789,54.50296493589405,53.61329828277305,53.67163835659442,19299600,50.71719957987467,2,2,0.013337193512561907,None
2018-01-04,54.69255828857422,54.72902221954583,54.13105047146868,54.32794123331706,14306800,50.91591529846191,2,2,0.014410609470874025,None
2018-01-05,54.670692443847656,54.71444471835549,54.2185652073422,54.61964626904992,14204400,51.11028010050456,2,2,0.014095086574093724,None
2018-01-08,54.99884414672852,55.0280141834857,54.50296464908767,54.64881483287358,9779200,51.309063339233404,2,2,0.014415505945088614,None
2018-01-09,54.86027526855469,55.122794385247374,54.77276518724793,55.108212153503146,9234500,51.49863967895509,2,2,0.013747833417856084,None
2018-01-10,54.79463195800781,55.057156593476336,54.75087970663401,55.02069267492293,10822000,51.702689361572276,2,2,0.014797421712571812,None
2018-01-11,55.91767501831055,56.11456579143177,54.78735985685204,54.98425619358832,18089500,51.93161748250326,2,2,0.016601574204051714,None
2018-01-12,56.45730209350586,56.60315225014213,55.93225265684448,55.93225265684448,19819200,52.16959889729819,2,2,0.017258107482977826,None
2018-01-16,55.74266815185547,56.62504093149411,55.64057580139254,56.58857699335056,16894900,52.359129206339524,2,2,0.013744495331856427,None
2018-01-17,56.231231689453125,56.47188023404008,55.53846164564498,55.90307862946267,14007400,52.55093955993653,2,2,0.013909841243601728,None
2018-01-18,55.77183532714844,56.15832857172353,55.66973741830988,56.01977229022848,11514600,52.728161112467454,2,2,0.012851880070191612,None
2018-01-19,55.69889831542969,55.72078001177184,55.33428126699861,55.64785215119392,12962700,52.910196050008146,2,2,0.013200940587909448,None
2018-01-22,56.90214920043945,56.924025338361865,55.75725161903343,55.771839420059,17016700,53.154071299235035,2,2,0.017685520809356235,None
2018-01-23,56.81462478637695,57.06985557893646,56.53021840196606,57.011515522461714,10184900,53.39019940694174,2,2,0.017123708025965592,None
2018-01-24,56.66149139404297,57.1646647393605,56.46460062096201,56.88026386512408,12919700,53.606010437011726,2,2,0.015650339570295844,None
2018-01-25,56.21665573120117,56.94588985238079,56.11456339932521,56.94588985238079,11718400,53.794920221964524,2,2,0.013699495719491674,None
2018-01-26,56.52293014526367,56.61772856445486,56.223941528130375,56.34062164124015,7785300,53.99862721761068,2,2,0.014772570492218466,None
2018-01-29,55.66973114013672,56.49376927258277,55.58222660473708,56.29687294070375,12647200,54.17630920410157,2,2,0.012885270151415981,None
2018-01-30,54.54671859741211,55.35616897796767,54.502960763588,55.20302490500614,22751800,54.32259419759115,2,2,0.010608400420534597,None
2018-01-31,54.58317184448242,54.78735650444458,54.20397255649765,54.69255807335207,15725300,54.47160097757976,2,2,0.010805780892393993,None
2018-02-01,55.14468765258789,55.1811460214076,54.34981954715479,54.65609655059215,18011600,54.62644182840984,2,2,0.011228860239712327,None
2018-02-02,52.84030532836914,54.26231524523266,52.54861055847804,54.131052876962414,31005400,54.70203946431479,2,2,0.005482243758534261,None
2018-02-05,50.623416900634766,52.79653640916892,49.79209068497868,52.13293087786432,34767600,54.6799186706543,2,2,0.001604171632185597,None
2018-02-06,51.024513244628906,51.38913031161798,49.51499880983875,49.75564740931912,32815200,54.63494898478191,2,2,0.003261144039043276,None
2018-02-07,50.17131423950195,51.82667339430056,50.16402033982716,51.18494931330136,24603700,54.55789362589518,2,2,0.005587955962664051,None
2018-02-08,48.65450668334961,50.42654601077141,48.632630547541936,50.222361325079255,27771100,54.41496391296387,2,2,0.01036507977064259,None
2018-02-09,48.6180419921875,49.28164777398706,46.99914120419968,49.23060160335751,35174100,54.2766529083252,2,2,0.010030136959181507,None
2018-02-12,49.412899017333984,49.95982453525962,49.01181807874288,49.2451727438466,24956900,54.16216303507487,2,2,0.008302659012130634,None
2018-02-13,49.20872497558594,49.42019799206749,48.86598402038127,49.15767880546707,12285000,54.04597155253092,2,2,0.008426057539316509,None
2018-02-14,49.92335891723633,50.0692090552436,48.61074105685418,48.72741560364612,19756900,53.924675623575844,2,2,0.008796225457178161,None
2018-02-15,49.79938507080078,50.06190972712341,48.99722887142088,50.02544580567344,16469400,53.772507985432945,2,2,0.011035002278493251,None
2018-02-16,49.6754264831543,50.14213583940634,49.3764378461352,49.58791639250165,13791100,53.60527025858561,2,2,0.012127865815182645,None
2018-02-20,49.405609130859375,50.14213711261488,49.17954834545121,49.77752007105872,17808100,53.429767481486,2,2,0.012727236676680055,None
2018-02-21,48.57428741455078,49.71918481311494,48.57428741455078,49.25976929926571,12545400,53.215615590413414,2,2,0.015530020934611845,None
2018-02-22,49.10662841796875,49.82857428266136,48.800351388859085,48.92431986774413,15330300,53.023827362060544,2,2,0.013908236749226727,None
2018-02-23,50.17131423950195,50.20777261064531,49.25977150668844,49.34727604832474,15684800,52.869716771443684,2,2,0.011175902704095082,None
2018-02-26,50.47030258178711,50.5723949333301,50.178607764400326,50.42655030644465,12156400,52.688137690226235,2,2,0.013167882471038901,None
2018-02-27,49.8139877319336,50.97347303351232,49.80669939554498,50.572391987516255,13465700,52.46669387817383,2,2,0.016058821707291976,None
2018-02-28,48.66908264160156,50.258813214082046,48.64720650861565,50.076504687713246,17622000,52.2309076944987,2,2,0.01709891213300481,None
2018-03-01,48.59617233276367,49.361870557861145,48.246142991405335,48.61804847114656,22975000,51.976405715942384,2,2,0.018456157613569495,None
2018-03-02,48.822227478027344,48.99724769187875,47.87422635593498,48.26071959186317,14578900,51.74475212097168,2,2,0.016799222091639837,None
2018-03-05,49.3399772644043,49.49311574345568,48.50864534958885,48.59615543630999,12831500,51.5327880859375,2,2,0.015371360416097851,None
2018-03-06,49.3691635131836,49.828584716665375,49.121226503496,49.6462761282657,15677900,51.28168856302897,2,2,0.018209415886589753,None
2018-03-07,48.99724960327149,49.35457281749703,48.53782847850872,48.83681718279024,12362600,51.021109390258786,2,2,0.01889686795655289,None
2018-03-08,48.98265075683594,49.25246936348996,48.6326215216455,49.10661921248195,8013300,50.76514803568522,2,2,0.01856198969371539,None
2018-03-09,49.91606903076172,49.95982685748729,49.31809732591272,49.36185515263829,11393100,50.555128479003905,2,2,0.015230349335711407,None
2018-03-12,49.9014892578125,50.26610630468717,49.65354677285812,49.94524152308078,9486000,50.33441378275553,2,2,0.016005947162763323,None
2018-03-13,49.54415893554688,50.28068125778059,49.339974309041935,50.05462050180923,10730900,50.13022804260254,2,2,0.014807288430856574,None
2018-03-14,49.25248336791992,49.872331386011695,49.15039101499261,49.733775094060654,11348200,49.9537535349528,2,2,0.012797705331944742,None
2018-03-15,48.99724960327149,49.64626762167968,48.6253385888482,49.43478902773765,12408500,49.76755612691243,2,2,0.013502797618804463,None
2018-03-16,49.434226989746094,49.654557096656326,48.927476709016375,49.022950100289535,14342600,49.57720743815104,2,2,0.013803843181278641,None
2018-03-19,48.6704216003418,49.34609795990359,48.391341662697656,49.27999668850824,14525000,49.438211313883464,2,2,0.010079820957423685,None
2018-03-20,49.08170318603516,49.412192727305545,48.86871892044177,48.93481458740501,11259100,49.38682085673015,2,2,0.003726770151003589,None
2018-03-21,50.36695098876953,50.690094712015565,49.22124228728547,49.37547672272218,16439600,49.364902114868165,2,2,0.0015895190944708038,None
2018-03-22,49.3387565612793,50.073182824112735,49.24328316427293,49.80878892123448,18483800,49.337150192260744,2,2,0.002012533893165136,None
2018-03-23,49.03763961791992,50.16131651854335,48.92748015992253,49.58845932081801,19214300,49.349921290079756,2,2,0.0009261436613698382,None
2018-03-26,49.91893768310547,49.99237916476512,49.03028286760419,49.60313426906568,15953000,49.393284479777016,2,2,0.003144642993424318,None
2018-03-27,49.44890975952149,50.337564651991656,49.16248403398261,50.13192624424337,13923100,49.39448483784994,2,2,8.704843047679933e-05,None
2018-03-28,48.48681640625,49.64721117449077,48.40603467730697,49.47829628229985,18228700,49.37042121887207,2,2,0.0017450628365554555,None
2018-03-29,49.50767517089844,49.70596778884823,48.69246160211958,48.69980183014281,13968100,49.35656509399414,2,2,0.0010048284343837088,None
2018-04-02,48.51619338989258,49.40484842703209,47.68629379402525,49.31672086835109,18993100,49.313792037963864,2,2,0.003101847255518153,None
2018-04-03,49.55173873901367,49.59580251987372,48.23711511215669,48.6998016208696,14114300,49.30966911315918,2,2,0.00029898922772930714,None
2018-04-04,49.48562240600586,49.5957874278602,48.457430477300726,48.79526576862181,12490800,49.31233622233073,2,2,0.00019341534208067168,None
2018-04-05,50.37428665161133,50.690090118439024,49.61048839080773,49.61048839080773,13528400,49.37233619689941,2,2,0.004351121330102903,None
2018-04-06,49.46360778808594,50.30085328126727,48.80996886100977,50.058496872461525,18883900,49.38423550923665,2,2,0.0008629228944899703,None
2018-04-09,49.69861602783203,50.330222962575206,49.50032343354143,49.69861602783203,10819800,49.36847890218099,2,2,0.0011426489684836505,None
2018-04-10,51.34373092651367,51.747661916320496,50.46976208152888,50.4844481379908,21842200,49.39759318033854,2,2,0.002111330173262871,None
2018-04-11,51.8798713684082,51.9973822613928,51.19685471181165,51.26295598992243,21190900,49.46645596822103,2,2,0.004993841203430105,None
2018-04-12,51.87252426147461,52.28380677358129,51.68891769812109,52.05613082482813,14311600,49.57323735555013,2,2,0.007743649483280601,None
2018-04-13,52.44536972045898,52.65834835549238,52.07815667585101,52.15159816412733,13330400,49.70154393513997,2,2,0.009304628864581638,None
2018-04-16,52.98150634765625,53.2238683417606,52.283803689361385,52.562883632033866,14024300,49.840186564127606,2,2,0.01005418593234711,None
2018-04-17,53.18714141845703,53.42950339719817,52.819928336689344,53.12104575328779,16105300,49.9684253692627,2,2,0.009299713947903021,None
2018-04-18,54.02438354492188,54.50910747322881,53.63513859819295,53.64983025838647,17311500,50.12359937032064,2,2,0.011253019867662528,None
2018-04-19,54.09048461914063,54.4944156214161,53.759989504668034,54.06845273215444,18150300,50.29337387084961,2,2,0.01231182939441991,None
2018-04-20,53.83343124389648,54.02437798093359,53.48825010684519,53.98031421134442,13690400,50.45506655375163,2,2,0.011725746328295483,None
2018-04-23,54.16393280029297,54.17127863127123,53.37075115145989,53.66452275508999,14844600,50.596662012736004,2,2,0.010268321382826212,None
2018-04-24,53.58373260498047,54.685371858215824,53.28996101680564,54.31081294321225,22787500,50.719403457641604,2,2,0.00890105242303163,None
2018-04-25,54.00971221923828,54.08315373055737,53.076987655478646,53.4148286933571,13163300,50.86825523376465,2,2,0.010794540210534415,None
2018-04-26,54.79554748535156,54.83961127095717,54.039089281905504,54.208004195545726,12216900,51.05302403767904,2,2,0.013399197076812142,None
2018-04-27,54.215328216552734,54.4870678593311,54.00234399976306,54.23736010049204,10539300,51.226959991455075,2,2,0.012613612655458323,None
2018-04-30,54.20799255371094,54.81756760540582,54.11251917099351,54.12720522863201,12963200,51.386085510253906,2,2,0.011539578874599651,None
2018-05-01,53.87751007080078,53.97298346600158,53.194493435153625,53.93626551549094,13800900,51.55965512593587,2,2,0.012587046285945383,None
2018-05-02,54.097843170166016,54.52380615959167,53.64249685354724,53.71593836184629,13434700,51.72685979207357,2,2,0.012125468294851893,None
2018-05-03,53.97298812866211,54.06112130331106,53.24590764829954,53.848137000330496,15329600,51.84706103006999,2,2,0.008716839870528612,None
2018-05-04,54.23737335205078,54.42832573155562,53.6057663764193,53.82609647609621,13585500,52.01034825642903,2,2,0.011841380578101579,None
2018-05-07,54.310821533203125,55.500594132037655,54.200662073037975,54.663348615415245,17973700,52.18612098693848,2,2,0.012746813352305444,None
2018-05-08,54.73678588867188,54.76616361018579,53.34872076569693,54.33285482511722,28774100,52.34671592712402,2,2,0.011646139432076714,None
2018-05-09,55.85310745239258,56.47002269022486,55.39776125073553,55.4051070806792,24903900,52.56018918355306,2,2,0.015480807219203627,None
2018-05-10,56.27173614501953,56.40393308205666,55.81638989450784,56.07343793785029,13890100,52.81968650817871,2,2,0.01881841371433972,None
2018-05-11,56.3525276184082,56.73442679614662,56.22767089969192,56.39659139958599,12010700,53.047848256429035,2,2,0.01654599783853452,None
2018-05-14,56.74177169799805,56.9988197560373,56.52878742041483,56.52878742041483,10226300,53.322034200032554,2,2,0.01988361355490263,None
2018-05-15,56.75645065307617,56.84458380618436,56.32314192422102,56.61690789479488,10482700,53.562191263834634,2,2,0.017415882763215988,None
2018-05-16,56.95474243164063,56.99146037221325,56.38923123520642,56.67565694651296,11997200,53.81116193135579,2,2,0.018055034019742768,None
2018-05-17,57.81403732299805,57.89482466158799,57.10898877067219,57.13836649408925,16271300,54.05915362040202,2,2,0.017984039754252105,None
2018-05-18,57.36602783203125,57.76996446150631,57.32196405544376,57.71120902390504,14092700,54.32256762186686,2,2,0.01910244610369645,None
2018-05-21,57.95356750488281,57.953567504882805,57.39540208780228,57.68917365485659,11513100,54.59773267110189,2,2,0.019954617041625808,None
2018-05-22,57.18242645263672,58.32812957312604,57.02085178626465,57.94623040070541,16583400,54.79235585530599,2,2,0.0141138241176028,None
2018-05-23,57.17507553100586,57.2191449108739,56.38189393210445,56.851931830259566,16605800,54.96886266072591,2,2,0.012800047524883451,None
2018-05-24,56.235008239746094,56.60222130272034,55.97796021630946,56.51408815044492,19154800,55.11427879333496,2,2,0.010545391741991927,None
2018-05-25,54.77349090576172,55.31696456178657,54.23001164651132,55.24352308446844,32453500,55.19188283284505,2,2,0.005627745578924898,None
2018-05-29,54.60459518432617,54.942430615506886,54.09784483916915,54.34754709573521,19327500,55.24598579406738,2,2,0.00392347747292332,None
2018-05-30,56.25704574584961,56.50675356729028,55.05258722725332,55.07461911671601,23022200,55.3483159383138,2,2,0.007420851034418946,None
2018-05-31,55.83107376098633,56.49940425066717,55.71356849002573,55.8457654218732,13258700,55.40853894551595,2,2,0.00436729537110464,None
2018-06-01,56.0954704284668,56.47002935462715,55.79435860395812,56.02202893004228,14102500,55.475371805826825,2,2,0.004846633455111826,None
2018-06-04,55.61075210571289,56.697699731107086,55.46386350550613,56.28642285698249,13689200,55.53461583455404,2,2,0.004296301105613465,None
2018-06-05,55.478546142578125,55.90451460904571,55.21415230844144,55.33900339588758,13707900,55.578436279296874,2,2,0.003177802543847502,None
2018-06-06,55.742942810058594,55.88982579061097,55.250878661658966,55.68418737654703,13479200,55.65040995279948,2,2,0.005219438645337443,None
2018-06-07,56.58755493164063,56.91069872928104,56.02204348011984,56.03673514555676,15178900,55.73633804321289,2,2,0.0062313950920898364,None
2018-06-08,56.47737121582031,56.80786073711515,56.12484420364261,56.65363192029577,11236600,55.792398834228514,2,2,0.0040654567826741705,None
2018-06-11,56.77116775512695,57.0282158961867,56.34519906238267,56.46270438262602,10717800,55.877593485514325,2,2,0.0061782070256719,None
2018-06-12,56.33781814575195,56.9033293071533,56.18358935715861,56.771132402183895,15707200,55.94858767191569,2,2,0.005148407494917739,None
2018-06-13,56.124847412109375,56.45534255552427,55.89717708901232,56.1615709624534,12502100,56.023498916625975,2,2,0.005432467547971498,None
2018-06-14,56.04405975341797,56.44799639191162,55.91186281747705,56.28642173651416,10291100,56.088372802734376,2,2,0.0047045711542729185,None
2018-06-15,54.8403434753418,55.83112518814231,54.72204446488762,55.72021598760159,16089400,56.1172846476237,2,2,0.0020966499718521048,None
2018-06-18,55.38749313354492,55.75718670199926,54.699862870576816,54.699862870576816,13184400,56.155621973673504,2,2,0.002780173796965074,None
2018-06-19,55.26179885864258,55.46882637622925,54.56677871261258,54.722049350802585,12607600,56.187321217854816,2,2,0.0022987885994444346,None
2018-06-20,55.50577926635742,55.71280671409529,55.06214821533701,55.59450773299145,11655900,56.21295433044433,2,2,0.0018588805036492961,None
2018-06-21,54.47804641723633,55.14349599241732,54.21926203829828,55.11391982895635,15009800,56.16711896260579,2,2,0.003323922186785233,None
2018-06-22,55.56493377685547,56.17123088683302,55.55753832740785,55.82371809677117,28036300,56.14355888366699,2,2,0.0017085467576685998,None
2018-06-25,54.44846725463867,55.48361035444941,54.07877369335455,55.40227731968082,18380300,56.08009020487467,2,2,0.004602667318976683,None
2018-06-26,55.13608169555664,55.35050457655086,54.39669478498672,54.58893696123575,13523600,56.026567204793295,2,2,0.0038814194335798358,None
2018-06-27,55.87547302246094,56.57049857847453,55.572327298525686,55.59450800502401,20583900,55.99720128377279,2,2,0.002129578991474035,None
2018-06-28,55.801544189453125,56.16384228148459,55.3726983264338,55.95681480032376,14285400,55.958761342366536,2,2,0.0027876153312230423,None
2018-06-29,56.14906692504883,56.74057331253765,55.95682466960349,55.95682466960349,13167900,55.903262329101565,2,2,0.004024717379512405,None
2018-07-02,55.320926666259766,55.77195311866922,55.01778097591243,55.75716786300014,15296600,55.835092290242514,2,2,0.004943603931265389,None
2018-07-03,55.66844940185547,56.53353086122842,55.53535951263845,55.897657572866606,9308200,55.75892168680827,2,2,0.005523794630115292,None
2018-07-05,55.60930633544922,56.18602740428581,55.44664026145403,56.00857606950753,9969500,55.70648434956868,2,2,0.003802688554405881,None
2018-07-06,55.94940948486328,56.12686641549082,55.18044637536829,55.43923632226476,9310300,55.665628814697264,2,2,0.00296279107632455,None
2018-07-09,56.784942626953125,56.86627567512414,56.259972719275794,56.28954888598135,11059200,55.6839599609375,2,2,0.0013293512536379781,None
2018-07-10,57.20637893676758,57.672190754381134,57.0658935900422,57.13243571781174,11003600,55.7650562286377,2,2,0.0058809974957262645,None
2018-07-11,55.99378967285156,57.02153732925306,55.62409610893516,56.67402447659947,19362800,55.811362711588544,2,2,0.0033580868515008244,None
2018-07-12,56.08990859985352,56.45220671706716,55.69063886940175,56.14166547374118,12568000,55.80579147338867,2,2,0.00040401906068793236,None
2018-07-13,56.38565826416016,56.7257756317491,55.99378402848324,56.14165918271302,11423100,55.82427762349447,2,2,0.001340591935497043,None
2018-07-16,55.7349967956543,56.1046903405365,55.26178950949113,55.8311207276122,11390600,55.81226183573405,2,2,0.0008713695430403734,None
2018-07-17,55.513160705566406,55.82370179880144,55.20261961233136,55.55012665986194,9753200,55.8090087890625,2,2,0.00023590677933005288,None
2018-07-18,55.55014419555664,55.63147721818431,54.69985364439054,55.24699845391508,15351500,55.81139539082845,2,2,0.00017307330419605305,None
2018-07-19,55.56493377685547,55.801537389503416,55.34311542202767,55.40226773545842,16231800,55.80546175638835,2,2,0.0004302995720076308,None
2018-07-20,55.372684478759766,55.69062107133984,55.19523320229569,55.56492665222255,10861200,55.764966074625654,2,2,0.0029366949896455496,None
2018-07-23,55.12869644165039,55.56493773291749,55.03257815628838,55.52796612412222,7623800,55.72001024881999,2,2,0.003260138924750855,None
2018-07-24,55.82373428344727,56.14906646057482,55.29877004194935,55.372707634639234,10168500,55.68842913309733,2,2,0.002290222074877918,None
2018-07-25,56.289527893066406,56.43001322225519,55.62408413413507,55.8976537022502,11035300,55.68681945800781,2,2,0.00011673157641961529,None
2018-07-26,56.90322494506836,57.00673867760613,56.29692780831483,56.407836990626826,12187400,55.71276537577311,2,2,0.001881564734472596,None
2018-07-27,56.65922164916992,56.95497756626632,56.19340988746867,56.26734745647404,12640900,55.73327077229818,2,2,0.0014870251003240853,None
2018-07-30,57.12504577636719,57.34685850949377,56.91801830235214,57.11025487618006,11395000,55.80942751566569,2,2,0.005522789515822857,None
2018-07-31,57.02153015136719,57.38382821889777,56.88844025946763,57.22855761852752,11290500,55.863895416259766,2,2,0.003949942408884161,None
2018-08-01,56.23038864135742,56.54832530546881,55.92723723649687,56.5261389549791,11172500,55.89618174235026,2,2,0.0023413630277824282,None
2018-08-02,55.91983795166016,56.03074713220057,55.45402616268073,55.81632422077584,9689700,55.90998369852702,2,2,0.001000900189534526,None
2018-08-03,55.6314697265625,55.91983017120112,55.35050473055101,55.81631645471928,7663300,55.94843114217122,2,2,0.0027881593839130525,None
2018-08-06,55.83850860595703,56.1046884003534,55.46142526479187,55.79414718724951,8200100,55.957550303141275,2,2,0.0006613098771235948,None
2018-08-07,56.2525749206543,56.56311616535088,56.07511794561951,56.40784554300259,11798300,56.017687225341795,2,2,0.004361052597012277,None
2018-08-08,55.84589385986328,56.05292129746719,55.51317199815336,55.86068475744904,9398800,56.041347630818684,2,2,0.0017158223097499536,None
2018-08-09,55.32832717895508,55.993776566458926,55.2395987135963,55.89025720300296,15232500,56.023109436035156,2,2,0.0013226105330151616,None
2018-08-10,55.66844940185547,55.66844940185547,55.091728428940165,55.20263761013356,16977700,56.018672943115234,2,2,0.0003217287859451634,None
2018-08-13,54.958641052246094,55.7571804240547,54.92906489317071,55.564938210602506,9817000,55.97899208068848,2,2,0.002877605334720562,None
2018-08-14,55.09173202514648,55.46142555920665,54.86251819809775,55.38009253042736,10437900,55.97135225931803,2,2,0.000554030063547345,None
2018-08-15,53.16931915283203,54.655482885093264,53.0140429266437,54.56676005992832,26400400,55.88804791768392,2,2,0.006041124190135139,None
2018-08-16,53.55379486083984,53.85694056479202,53.39852428451197,53.42810043825173,25013300,55.81953086853027,2,2,0.004968768673508012,None
2018-08-17,53.6868896484375,53.82737498129751,53.49464745206196,53.694285097818295,11532700,55.744113540649415,2,2,0.005469168051498496,None
2018-08-20,54.04919052124024,54.2414327276751,53.67949700790607,53.701677716134064,8345700,55.65292180379232,2,2,0.006613107992468337,None
2018-08-21,54.32276153564453,54.75899713980435,54.26360922424408,54.50021282877099,9509100,55.55680122375488,2,2,0.006970541388880036,None
2018-08-22,54.97343826293945,55.14349980432682,54.62592536959592,54.66289698674697,9345400,55.522789510091144,2,2,0.0024664859253604454,None
2018-08-23,54.714637756347656,54.81075603513258,54.5076102998416,54.714637756347656,6468900,55.47694714864095,2,2,0.0033244293545472148,None
2018-08-24,55.113914489746094,55.4392466152236,55.00300529778096,55.054762168554575,7753300,55.43455568949381,2,2,0.0030741743381601794,None
2018-08-27,55.52056503295898,55.5945082430365,55.2174193077259,55.29875232595123,6984900,55.42740796407064,2,2,0.0005183438955443098,None
2018-08-28,55.283958435058594,55.85328953181872,55.24699247309568,55.62408138799496,8393500,55.41976788838704,2,2,0.0005540485060113454,None
2018-08-29,55.62408447265625,55.85329262919088,55.29135695009075,55.46141843598978,7760400,55.42223256429036,2,2,0.00017873514066985008,None
2018-08-30,55.46882247924805,55.71282159686586,55.18046193700023,55.60191239421446,9250200,55.41902885437012,2,2,0.00023232894129768256,None
2018-08-31,55.03998565673828,55.31355531384694,54.81077178595933,55.29877005173704,8909600,55.407938893636064,2,2,0.0008042297525428233,None
2018-09-04,54.92165756225586,55.335712417590045,54.69984487878725,55.29135100911119,15094700,55.40103759765625,2,2,0.0005004731478470137,None
2018-09-05,54.84772872924805,54.87730488663197,54.11573716749043,54.67027742601973,9598100,55.36850407918294,2,2,0.0023592891028722807,None
2018-09-06,53.834774017333984,54.82555568441307,53.68689885082117,54.64070890573405,14406400,55.28667894999186,2,2,0.005933853597790917,None
2018-09-07,53.82738494873047,53.92350324417932,53.07320692233574,53.63514271675666,10134400,55.18415095011393,2,2,0.007435199271475901,None
2018-09-10,53.8051872253418,54.32276148802975,53.79040196804209,54.10094314100993,8911700,55.08901646931966,2,2,0.006899030734394379,None
2018-09-11,54.315372467041016,54.62591367676126,53.60556157007666,53.75343672487423,14281600,54.995360692342125,2,2,0.006791797026977658,None
2018-09-12,54.59634017944336,55.13609523881394,54.58155491967297,54.75900624229684,12689400,54.914521026611325,2,2,0.005862389049465788,None
2018-09-13,54.618534088134766,54.72204784407794,54.145326734944085,54.50762488074519,11037400,54.860792541503905,2,2,0.003896320944559828,None
2018-09-14,54.906883239746094,55.11391070863738,54.603731845244255,54.6259125539004,9494300,54.82702738444011,2,2,0.0024486059564306495,None
2018-09-17,54.99561309814453,55.36530666583028,54.86252318813461,55.04736997197749,14728900,54.80583216349284,2,2,0.0015370502841520473,None
2018-09-18,55.35791015625,55.734993488077365,55.35051470629001,55.387486315014485,10223500,54.78981221516927,2,2,0.00116174614004258,None
2018-09-19,55.52796936035156,55.75718319430517,55.32094187761346,55.37269874829799,10911500,54.765658696492515,2,2,0.0017515822476085463,None
2018-09-20,55.54275131225586,55.97898691758658,55.476203551483,55.764564018990576,12512400,54.7555539449056,2,2,0.0007327836466811954,None
2018-09-21,55.90977478027344,56.09589254297732,55.46309328575679,55.84277511203445,13710100,54.77493553161621,2,2,0.0014055278515365255,None
2018-09-24,56.72868347167969,56.97436024554743,56.35644800092099,56.40112011971856,12784500,54.810276667277016,2,2,0.002562893906359498,None
2018-09-25,57.0934944152832,57.33172495652354,57.011602134244576,57.08604811340766,13027600,54.881438446044925,2,2,0.005160561078749654,None
2018-09-26,56.5425910949707,57.041391166188696,56.445811873919645,56.74360152005417,12728600,54.92980041503906,2,2,0.0035071480674593036,None
2018-09-27,56.5425910949707,56.84038074110523,56.39369911183598,56.76593474953787,10672100,55.04224281311035,2,2,0.00815417873379018,None
2018-09-28,56.38624954223633,56.98182880000318,56.24480387041188,56.27457772142195,14833100,55.1366579691569,2,2,0.006846866224732878,None
2018-10-01,57.16793441772461,57.40616493405872,56.59468851038521,56.59468851038521,12712600,55.252692794799806,2,2,0.008414696981440845,None
2018-10-02,57.22750473022461,57.42106315793584,56.83293021251022,57.30939701881962,9468400,55.35863660176595,2,2,0.007682909227820056,None
2018-10-03,57.689056396484375,57.86028722620836,57.30938027469019,57.47315912416413,13244800,55.47084643046061,2,2,0.008137313100385318,None
2018-10-04,57.45084381103516,57.852858959303774,57.11583402741036,57.50295657026268,15192700,55.553426615397136,2,2,0.005988609273656353,None
2018-10-05,57.4433822631836,57.62950000403653,57.093480001602046,57.39126384307659,11983200,55.644384765625,2,2,0.006596168589206919,None
2018-10-08,57.39872360229492,57.48806218360359,56.79570379808751,57.019041731563135,11578600,55.72054506937663,2,2,0.005523047710320084,None
2018-10-09,57.912410736083984,58.33675905923092,57.354057380371486,57.59973422005236,16816700,55.8002732594808,2,2,0.0057817862601866055,None
2018-10-10,56.09588623046875,58.105961249393566,55.8353225279774,58.00917638856626,26405300,55.8273375193278,2,2,0.0019626654702817603,None
2018-10-11,54.19749450683594,55.5896517299548,53.78803315894019,55.55243158551367,35592100,55.779784520467125,2,2,0.0034484825892082127,None
2018-10-12,54.34639739990234,54.8973044955119,53.52003391655576,54.733519923336615,23579000,55.7423703511556,2,2,0.0027132276523401666,None
2018-10-15,53.89226531982422,54.56229048117059,53.87737839617832,54.33894686743379,11590400,55.7041130065918,2,2,0.0027743736420106357,None
2018-10-16,54.33894729614258,54.43573218012866,53.81781976646397,54.041157702098765,14571100,55.684689331054685,2,2,0.001408580079342886,None
2018-10-17,53.99648666381836,54.39850172964579,53.53491822813264,54.23471718284236,15804200,55.656314595540366,2,2,0.002057699487706538,None
2018-10-18,53.72846603393555,54.22726019738707,53.38601008530334,53.49768186156357,16586700,55.65277099609375,2,2,0.0002569772945463511,None
2018-10-19,53.25201797485352,54.0337149179554,53.21479782700248,53.46046897838366,13568100,55.63359209696452,2,2,0.0013908292076617035,None
2018-10-22,52.66388702392578,53.326465886284126,52.34376420549367,53.21479975881344,12294500,55.59554875691732,2,2,0.002758854308484049,None
2018-10-23,51.28660583496094,51.90451811727682,50.55702744849641,51.88962551681509,26477700,55.49458986918132,2,2,0.007321409268077561,None
2018-10-24,49.26164627075195,51.54717208611647,49.24675934941904,51.53228516478356,28100200,55.3167667388916,2,2,0.012895505718982597,None
2018-10-25,49.86468124389648,50.37836248660345,49.529665810968375,49.86468124389648,25333300,55.15830497741699,2,2,0.011491444043340432,None
2018-10-26,49.49243927001953,50.10290532068482,48.67351654851188,49.45521344454609,25579900,54.97782351175944,2,2,0.013088284796052146,None
2018-10-29,48.56929016113281,49.924227257477824,47.92160397675122,49.857227588692176,24459800,54.76361274719238,2,2,0.015534290365047332,None
2018-10-30,49.693450927734375,49.81256904206082,48.31618039005468,48.53951833462029,26397400,54.57479743957519,2,2,0.01369264434408475,None
2018-10-31,49.99868392944336,50.83993426348198,49.93167857406359,50.17735541068279,17287800,54.39048792521159,2,2,0.013365889986676358,None
2018-11-01,50.42303466796875,50.66126521434608,49.58922491571595,50.10291183878693,21475800,54.219830703735354,2,2,0.012375843187255528,None
2018-11-02,50.29646682739258,51.35362012981776,49.79022624083501,50.981384571462605,21212500,54.03272043863932,2,2,0.013568996843633621,None
2018-11-05,51.13772201538086,51.338726714572616,50.78781968728431,50.90693211054437,13231600,53.8463550567627,2,2,0.013514978866331379,None
2018-11-06,51.375953674316406,51.4876254784908,50.76548758200882,51.26428187014202,13072100,53.65577036539714,2,2,0.013820957787948743,None
2018-11-07,52.21718597412109,52.38097047306542,51.44293559356916,52.038514557028165,16662900,53.51159019470215,2,2,0.010455761366543748,None
2018-11-08,51.08560562133789,52.38842996204071,50.89948785838035,51.97896861158876,15144900,53.32969067891439,2,2,0.013191119975784725,None
2018-11-09,50.99628448486328,51.32385367721346,50.13269504316383,50.40815147126423,22917800,53.15002517700195,2,2,0.013029112150039076,None
2018-11-12,49.93912124633789,51.562068422627725,49.83489574986765,51.34617112854977,18041600,52.90906473795573,2,2,0.017474142507257203,None
2018-11-13,48.79262924194336,50.065673950018265,48.53206553207941,49.79766393991167,32731900,52.62790222167969,2,2,0.020389545672118273,None
2018-11-14,48.71074295043945,49.73811099522055,48.26406143878956,49.5519932253778,22542100,52.32862510681152,2,2,0.021703193167589025,None
2018-11-15,49.42544937133789,49.48500843876913,48.39808101754288,48.39808101754288,20306800,52.06111195882161,2,2,0.019399710961034648,None
2018-11-16,50.01357650756836,50.18480738635283,49.48500262590316,49.73067949029905,19755500,51.81345176696777,2,2,0.01796000000231801,None
2018-11-19,49.99868392944336,50.19968863585472,49.55199670654883,49.70833496261632,15583800,51.56678377787272,2,2,0.017888046728694443,None
2018-11-20,48.36084365844727,49.4626634239551,47.988608095485205,49.34354531747255,26324400,51.24839820861816,2,2,0.023088913812699438,None
2018-11-21,49.12021255493164,49.641340125954216,48.62885883379791,48.740530650406896,17330900,51.015875752766924,2,2,0.016862230770183034,None
2018-11-23,47.57915115356445,48.070501999696894,47.22924880376654,47.89927113580238,14421800,50.79526430765788,2,2,0.01599845952234477,None
2018-11-26,48.29384613037109,48.61396895594421,47.92161055086115,47.92905117294913,16682700,50.593512598673506,2,2,0.01463077560710882,None
2018-11-27,48.15983963012695,48.50974197300488,47.88438326491446,48.04816782369681,22264300,50.40243174235026,2,2,0.013856939035377047,None
2018-11-28,48.986209869384766,49.02343002347001,47.80994394688661,48.1151742017908,21148200,50.22400716145833,2,2,0.012939122146541054,None
2018-11-29,49.30632781982422,49.70089662899796,48.95642546305075,49.02342514165116,14414200,50.0676685333252,2,2,0.011337477131934809,None
2018-11-30,49.21698760986328,49.35843894427865,48.62885472660323,48.874531566420224,18129000,49.91728591918945,2,2,0.010905554623088204,None
2018-12-03,50.31136322021485,50.6165934475287,49.72323031212821,50.3411427487101,21995400,49.81926409403483,2,2,0.007108417250372007,None
2018-12-04,48.86708068847656,50.49747415293837,48.777742115128135,50.33368960839801,18296300,49.69270388285319,2,2,0.009177984463716704,None
2018-12-06,47.966270446777344,48.04071641653116,46.9537893545079,47.795039604466496,35356100,49.5820260365804,2,2,0.0080262156967435,None
2018-12-07,47.69825744628906,49.60410141684149,47.61636518069223,48.88196930727593,27445700,49.52991307576497,2,2,0.0037791651914662883,None
2018-12-10,46.95379638671875,47.59404204624449,45.87431262402526,47.36325496155224,23382800,49.43288358052572,2,2,0.007036454755515897,None
2018-12-11,46.96868133544922,47.76526801709413,46.47733052803805,47.67592944125076,17241600,49.34875831604004,2,2,0.006100656464198606,None
2018-12-12,47.1547966003418,48.05560873262359,47.12501707664468,47.73548595270881,19267400,49.30160853068034,2,2,0.0034192420624032382,None
2018-12-13,47.303688049316406,47.6014747455321,46.834670523860616,47.04312149520475,15299000,49.22194976806641,2,2,0.005776751467491348,None
2018-12-14,46.224212646484375,47.206914312403214,46.00087187512682,47.0133530678752,22893600,49.09613405863444,2,2,0.009123994150111003,None
2018-12-17,45.38296127319336,46.49222455216994,45.05539498487171,46.10509920782685,20732300,48.928131612141925,2,2,0.01218332230468322,None
2018-12-18,44.3109245300293,45.46485427947092,44.06524767992557,45.30106971273511,26617000,48.72861353556315,2,2,0.01446879544505919,None
2018-12-19,43.789794921875,45.38296280510926,43.42500563119242,44.54171240990041,45548900,48.48368263244629,2,2,0.017762075477768646,None
2018-12-20,42.57630157470703,43.91635183886707,42.31573782330474,43.25377016828488,38504400,48.190360895792644,2,2,0.021271316764901904,None
2018-12-21,42.16300964355469,43.29016191190922,41.80983434885807,42.583811322515984,37393700,47.85522168477376,2,2,0.024303866461624468,None
2018-12-24,40.45726013183594,41.86995872108755,40.41968895549086,41.66707092902772,15605900,47.50094350179037,2,2,0.02569180020242451,None
2018-12-26,42.97455978393555,42.982075737978654,40.09656568219346,40.84800056269485,29097000,47.23355267842611,2,2,0.019390840135810328,None
2018-12-27,43.199981689453125,43.25258188855533,41.53930884216848,42.11040081312938,24377300,47.008914693196616,2,2,0.016290459056187034,None
2018-12-28,42.869361877441406,43.59073871713707,42.606360800415935,43.39536689798911,19437400,46.811472447713214,2,2,0.014318258831973796,None
2018-12-31,43.09478759765625,43.410391725943,42.591327622944206,43.25259109504786,18705200,46.624273935953774,2,2,0.013575396378670612,None
2019-01-02,43.94391250610352,44.23697165778437,42.19307068374242,42.41098462569956,24892600,46.44155604044597,2,2,0.013250467825206447,None
2019-01-03,43.508087158203125,44.22946406214609,43.01214017843021,44.07166340187676,18024100,46.22470639546712,2,2,0.015725658593615077,None
2019-01-04,44.988407135009766,45.12366564775648,44.00402924018241,44.259517223537685,21351500,46.057697168986,2,2,0.012111295261203081,None
2019-01-07,45.65718078613281,45.98781395875595,44.72540316591389,45.326550480006176,18056700,45.96757507324219,2,2,0.006535538988530987,None
2019-01-08,46.01035690307617,46.40110338078872,45.762384885708464,46.29590295726929,18692300,45.863913218180336,2,2,0.007517424997594668,None
2019-01-09,46.73925018310547,46.897050820195474,46.14561593900888,46.62653380432885,18756800,45.83591651916504,2,2,0.002030284764845791,None
2019-01-10,46.874507904052734,46.93462120296018,46.12307303548214,46.386074092883234,19167600,45.788605244954425,2,2,0.003430953027096728,None
2019-01-11,46.59648132324219,46.89705645845248,46.18319266220074,46.634055365016174,14105900,45.736493301391604,2,2,0.003779091421609704,None
2019-01-14,46.483768463134766,46.67162720870741,46.08550883979979,46.15313523636885,13191700,45.65307858784993,2,2,0.006049128219548172,None
2019-01-15,46.64908218383789,47.092426044060765,46.416136321833726,46.73925357350214,9821200,45.56450373331706,2,2,0.00642333503704362,None
2019-01-16,46.58896255493164,46.97219308243145,46.43116191810799,46.59647564247233,12541100,45.476902898152666,2,2,0.006352700399602784,None
2019-01-17,47.01728057861328,47.22016834177367,46.13058718398492,46.23578760936513,10174800,45.367100143432616,2,2,0.007962755177830405,None
2019-01-18,47.97159576416016,48.009166929308215,47.29530332551047,47.57333625389765,14531800,45.3372506459554,2,2,0.0021646473369300034,None
2019-01-22,46.92711639404297,47.55080595440473,46.799370953271925,47.44560551288566,19863200,45.302612177530925,2,2,0.002511937378095075,None
2019-01-23,46.446197509765625,47.15254536456279,46.0629640617237,47.092429189773085,23367700,45.26087684631348,2,2,0.0030265927808229565,None
2019-01-24,46.69417190551758,47.11497655065139,46.1606537267477,46.34851248263826,13049200,45.2522226969401,2,2,0.0006275878315464833,None
2019-01-25,47.28779602050781,47.58085515758684,47.0172790119744,47.09242135145745,10233600,45.26285985310872,2,2,0.0007713929452409785,None
2019-01-28,46.81439208984375,46.83693708528765,46.30341614606275,46.66410454170288,12022400,45.25151303609212,2,2,0.0008228566412673555,None
2019-01-29,46.9571647644043,47.27276602364877,46.919590728925854,47.08490731224236,11884100,45.23996225992838,2,2,0.0008376474974626236,None
2019-01-30,47.61844253540039,47.76873013201698,46.994752879213166,47.25024093351212,12116500,45.28643658955892,2,2,0.003370258877796184,None
2019-01-31,47.926517486572266,48.15195025203609,47.56582907492552,47.69357449978813,17844200,45.37122179667155,2,2,0.006148514658496529,None
2019-02-01,48.76061630249024,49.04615953633513,48.28721432014352,48.44501498092576,14772400,45.51954485575358,2,2,0.010756198327703914,None
2019-02-04,48.873329162597656,48.8883553388734,48.06929400649515,48.42997956704927,10107900,45.688995997111,2,2,0.012288379801337457,None
2019-02-05,48.94846725463867,49.03112554945344,48.677950241243614,48.83575087689187,7852700,45.90140151977539,2,2,0.015403376533747348,None
2019-02-06,48.58778381347656,48.85078488419268,48.54269382064425,48.71552637168248,6803800,46.115560658772786,2,2,0.015530546544838375,None
2019-02-07,47.51322937011719,48.45252588112792,47.06988265524671,48.2872092824145,14600100,46.35075963338216,2,2,0.0170563284834348,None
2019-02-08,47.29530715942383,47.49819490746549,46.49127212079378,47.38548140288438,10634400,46.49478454589844,2,2,0.01044450224222071,None
2019-02-11,47.52074813842773,47.59589048783968,46.934626920326366,47.069885442465385,12497400,46.63881009419759,2,2,0.010444548348380156,None
2019-02-12,48.12188720703125,48.39992015804258,47.565824171504985,48.159455508740166,10677300,46.813894271850586,2,2,0.012696880380798081,None
2019-02-13,48.72303771972656,49.10627113620005,48.2646676904462,48.31726790580581,13061700,47.00150260925293,2,2,0.01360511640954204,None
2019-02-14,48.8958740234375,49.26407555918354,48.46004035819056,48.550214619860455,10213200,47.166567993164065,2,2,0.011970330286977193,None
2019-02-15,49.68488311767578,49.72245142701265,49.29413371621346,49.40685011021198,10183800,47.37246119181315,2,2,0.014931111134716346,None
2019-02-19,49.83516693115234,50.02302567346413,49.36176496440441,49.43690731473036,8721600,47.53401985168457,2,2,0.011716027149722863,None
2019-02-20,50.04556655883789,50.29354146843197,49.75250738676987,49.76002334151343,9935700,47.68029937744141,2,2,0.010608003907557229,None
2019-02-21,49.27158737182617,50.01550633582903,49.09124459664227,49.88776377561516,11866100,47.78900705973307,2,2,0.0078833419274848,None
2019-02-22,49.41436767578125,49.79008517935898,49.16639274750136,49.63979473813141,9948300,47.878177642822266,2,2,0.006466536509160681,None
2019-02-25,49.49701690673828,49.66232776227701,49.21146798727677,49.25655797787195,15904400,47.96559460957845,2,2,0.006339366498069765,None
2019-02-26,49.33921051025391,49.79007023260228,49.3241786041466,49.45192114109669,10550700,48.05701891581217,2,2,0.006629973625872698,None
2019-02-27,49.527076721191406,50.03804694652956,49.29412800511829,49.579676934564056,10294000,48.15846252441406,2,2,0.007356560604622087,None
2019-02-28,49.03112030029297,49.60221234887528,48.723029282968135,49.53458023627049,11249400,48.237863794962564,2,2,0.005758078472606287,None
2019-03-01,49.932838439941406,49.9403543929194,49.29412002862916,49.29412002862916,20327900,48.34932632446289,2,2,0.008083119919674975,None
2019-03-04,50.02302932739258,50.23343021687149,49.2715943032569,50.1132035941668,19780000,48.4495179494222,2,2,0.007265768353936275,None
2019-03-05,49.85770797729492,50.11319884243242,49.50453263216016,50.09065671112488,15807500,48.51238835652669,2,2,0.004559281422218953,None
2019-03-06,49.226505279541016,49.55713275977562,48.97853036961978,49.45193232520183,22690500,48.58903465270996,2,2,0.005558291259184667,None
2019-03-07,48.933441162109375,49.29412669191503,48.73806648921865,49.25655838793156,23446200,48.671942774454756,2,2,0.006012390831092673,None
2019-03-08,48.01668930053711,48.24211632155787,47.57334261293792,48.14443185241485,15621500,48.71602668762207,2,2,0.003196908936638432,None
2019-03-11,48.76813125610352,48.88084764948852,48.32478163758754,48.3698716347379,13212100,48.76537119547526,2,2,0.0035784005274482333,None
2019-03-12,49.08372116088867,49.331696022091165,48.83574629968618,48.85077820623986,11013100,48.84101549784342,2,2,0.005485627950693461,None
2019-03-13,49.57968521118164,49.602227344533965,49.18893578976056,49.391826455919954,13206800,48.928432846069335,2,2,0.006339394161765766,None
2019-03-14,49.632286071777344,49.88025527483689,49.572169893401686,49.62477011623181,12320400,48.99556096394857,2,2,0.004868045155913436,None
2019-03-15,49.612586975097656,49.76405034963374,49.42325486794887,49.589868046712986,12427400,49.05176328023275,2,2,0.004075720013936801,None
2019-03-18,50.301753997802734,50.38506058910131,49.650451071990695,49.67317000089803,10067900,49.10313453674316,2,2,0.003725377744965286,None
2019-03-19,50.165435791015625,50.8091638292272,49.96095964822659,50.55167492512562,12526000,49.14620475769043,2,2,0.0031233972747998773,None
2019-03-20,50.60467529296875,51.059071104070895,49.968522313017,50.11998565739897,13662900,49.201411692301434,2,2,0.004003536209512493,None
2019-03-21,50.960636138916016,51.04394273726518,50.34720189467036,50.45322742384965,17877900,49.28050676981608,2,2,0.005735873745848996,None
2019-03-22,49.58229064941406,50.58196389373372,49.39295855179324,50.49865730854399,19974800,49.34947547912598,2,2,0.0050015224897212995,None
2019-03-25,49.60501480102539,49.68832139498892,49.12789994483602,49.37024482419601,12346300,49.42646573384603,2,2,0.005583234691858063,None
2019-03-26,50.31690216064453,50.65769763905017,50.04426346673709,50.18058281369081,11516500,49.51967086791992,2,2,0.006759116980620983,None
2019-03-27,49.96097183227539,50.50624938330056,49.58230750828113,50.2790484777204,9582600,49.5809736887614,2,2,0.004445602073605698,None
2019-03-28,50.15029144287109,50.210879106256726,49.650451886876056,49.748908284367104,9149200,49.628548812866214,2,2,0.003450087083583714,None
2019-03-29,50.074554443359375,50.75614536132902,49.9079412756932,50.63497582536261,10037600,49.66783816019694,2,2,0.0028492131612634086,None
2019-04-01,50.73342514038086,50.8394506483809,50.33961693608882,50.407773714964485,12411700,49.702789560953775,2,2,0.0025346308301504306,None
2019-04-02,50.38505554199219,50.90761396634591,50.26388600730486,50.86217611308277,11152400,49.7211191813151,2,2,0.0013292405988533929,None
2019-04-03,49.90038299560547,50.62741778744586,49.72620064626772,50.52896714555752,11989800,49.71627972920736,2,2,0.00035095087028608196,None
2019-04-04,50.31690216064453,50.35476511493554,49.688318184249205,49.93066304794944,10504300,49.7511235555013,2,2,0.0025268296678431224,None
2019-04-05,51.202972412109375,51.263560069429765,50.43049422616694,50.45321893112986,17269200,49.810743713378905,2,2,0.00432357750999357,None
2019-04-08,51.43018341064453,51.68767233825033,51.21812656807967,51.27871423738392,10602100,49.87518259684245,2,2,0.0046730253194572635,None
2019-04-09,50.80158996582031,51.278704773126655,50.6425516967182,51.278704773126655,14541900,49.923928578694664,2,2,0.0035349961882264747,None
2019-04-10,50.99091720581055,51.225687136218696,50.85459787700272,50.915185529352094,9375600,49.9727232615153,2,2,0.003538527920098289,None
2019-04-11,51.02877807617188,51.38472329677773,50.6349699078576,50.9454715020745,10914200,50.0393118540446,2,2,0.004828919468359172,None
2019-04-12,51.16511154174805,51.80127048542446,51.036367083632335,51.76340174929259,15426800,50.080387624104816,2,2,0.002978762250221062,None
2019-04-15,50.8621826171875,51.22569704569155,50.77887602358081,51.104527495509416,8300700,50.10835940043132,2,2,0.0020284774033660913,None
2019-04-16,51.19539642333984,51.27112810440369,50.86217587106755,51.04393306121215,8130200,50.15294901529948,2,2,0.003233581776469402,None
2019-04-17,51.12723922729492,51.61950381713535,51.05907667032288,51.5059034074865,10934600,50.21630681355794,2,2,0.004594626404636121,None
2019-04-18,50.88490295410156,51.33929889127816,50.75615271990264,51.27113632282487,9759500,50.28135553995768,2,2,0.004717250348330315,None
2019-04-22,51.96030426025391,51.99817299309407,51.21055072926931,51.35443920255565,14164700,50.41280937194824,2,2,0.009532863578852996,None
2019-04-23,51.87701797485352,52.11178803207,51.53622235773543,51.99819334500374,10212200,50.51643892923991,2,2,0.007515082804655959,None
2019-04-24,50.968204498291016,51.95272796826615,50.94547979242039,51.92243413839592,11019100,50.57925504048665,2,2,0.004555343956136743,None
2019-04-25,50.80915832519531,51.22569124607015,50.69556369037219,50.96062746822117,12060900,50.62023747762044,2,2,0.0029719938659027167,None
2019-04-26,50.15029144287109,50.453223981841646,49.71103955026168,50.43807417701644,16838400,50.63750432332357,2,2,0.0012521695414464962,None
2019-04-29,50.10485076904297,50.37748368304453,50.00639437708394,50.16543265106705,12974500,50.65391311645508,2,2,0.001189944667627063,None
2019-04-30,50.06698226928711,50.62740368182085,50.00639460902473,50.58954072762484,14327000,50.646087392171225,2,2,0.0005675115047925061,None
2019-05-01,49.06731796264648,50.23360463523761,49.02944922356586,50.082135456873495,22155700,50.60948346455892,2,2,0.002654469961768491,None
2019-05-02,48.21153259277344,49.052164807976574,48.188813662059,48.75680715277291,28033000,50.52971204121908,2,2,0.005784921479080524,None
2019-05-03,48.65835571289063,49.04459486244761,48.55233018602524,48.66593061565469,19624500,50.45296936035156,2,2,0.005565280953072765,None
2019-05-06,48.70378494262695,48.862823204741424,48.24181707014849,48.28725492276496,20344700,50.42368583679199,2,2,0.0021236036331109265,None
2019-05-07,48.27968978881836,48.31755563438637,47.66625269029276,48.12822351756748,15064500,50.37950833638509,2,2,0.003203695763421305,None
2019-05-08,48.27968978881836,48.6810729520012,48.15094533609136,48.25697085927332,9823700,50.31160125732422,2,2,0.004924534423402488,None
2019-05-09,48.27968978881836,48.46144989211518,47.64353376074772,48.05249182643145,14409500,50.255558522542316,2,2,0.004064147367724452,None
2019-05-10,48.50688552856445,48.6280550660218,47.598087996827566,48.279684701140965,13075000,50.200778325398765,2,2,0.003972589754778932,None
2019-05-13,47.673824310302734,48.30240539259271,47.44662636355911,48.06763543284838,14069800,50.12075398763021,2,2,0.005803262509612245,None
2019-05-14,48.25697326660156,48.665931352686414,47.88588102797368,47.93132177830943,9242000,50.03820559183757,2,2,0.005986303965645673,None
2019-05-15,48.50688552856445,48.61291104057353,47.85557976412612,47.98432709226466,10092300,49.975599924723305,2,2,0.00454008281710791,None
2019-05-16,48.77195358276367,48.95371079385669,48.62805932758802,48.62805932758802,9376500,49.93798561096192,2,2,0.002727741871573819,None
2019-05-17,48.27968978881836,48.71136678404714,48.21910212472648,48.44630297609221,10555700,49.870078531901044,2,2,0.004924534423402488,None
2019-05-20,48.30239868164063,48.52959948579646,48.20394808141654,48.28725176876502,8186100,49.77339274088542,2,2,0.007011529765306501,None
2019-05-21,48.862823486328125,48.99914282291995,48.4462963530442,48.5068840088532,18380500,49.68781407674154,2,2,0.006206055146438572,None
2019-05-22,48.10550308227539,48.68107142823832,47.94646480248048,48.56747100611125,9637000,49.597944513956705,2,2,0.0065172256216957936,None
2019-05-23,46.49238204956055,47.34058890334766,46.21217139847498,47.30272306762984,23963600,49.44799334208171,2,2,0.010874266982769276,None
2019-05-24,46.66657257080078,47.04523674947422,46.26518946588003,46.86347956153888,10153400,49.302586491902666,2,2,0.010544718592053304,None
2019-05-28,46.181888580322266,46.7801787497731,46.11372890419523,46.69687215795352,12930600,49.13647905985514,2,2,0.012045898283561174,None
2019-05-29,45.88653564453125,45.91682947901775,45.27309849658548,45.54573722900582,16951600,48.970624160766604,2,2,0.012027584916725453,None
2019-05-30,45.30338668823242,45.89410194224625,45.159495325812784,45.81079824125302,15173900,48.77422383626302,2,2,0.014242700056621871,None
2019-05-31,44.5081901550293,45.09133336630484,44.5081901550293,44.68237533933572,21898500,48.5535888671875,2,2,0.016000165450272885,None
2019-06-03,45.07619094848633,45.29581689846969,44.7429674612204,44.81112425020263,18024700,48.35996513366699,2,2,0.014041345233752722,None
2019-06-04,45.85623550415039,45.962261021294026,45.37911778802536,45.500293109308,14743400,48.15649617513021,2,2,0.014755308345835771,None
2019-06-05,45.34882354736328,45.96225767734399,45.07618487227032,45.94711076328566,15881900,47.93888969421387,2,2,0.015780543366728628,None
2019-06-06,46.18945693969727,46.363642112019136,45.43970060850643,45.43970060850643,32393900,47.77959810892741,2,2,0.011551621803646439,None
2019-06-07,46.40151596069336,46.69687360339336,46.21975585573552,46.33335628245653,15774100,47.632676696777345,2,2,0.010654552686904961,None
2019-06-10,46.5378303527832,46.954360391362485,46.46967068181725,46.65142787840743,9837800,47.512261327107744,2,2,0.008732368425287684,None
2019-06-11,46.62871170043945,47.09825452312466,46.61356478500074,46.94679114669498,9522600,47.39639002482097,2,2,0.008402838477034158,None
2019-06-12,45.96984100341797,46.43181185543433,45.82594673798265,46.32578343759499,13816500,47.259818649291994,2,2,0.009903981283615082,None
2019-06-13,46.50754165649414,46.71959270557855,45.95469221496775,46.49996964287493,12191500,47.174492772420244,2,2,0.00618772333713935,None
2019-06-14,46.20460891723633,46.62871390261368,46.09101137954909,46.62114188902608,7916300,47.10759531656901,2,2,0.004851317840988689,None
2019-06-17,46.5908432006836,46.71958764110622,45.96225924621015,46.10615349018668,8795200,47.03867823282878,2,2,0.004997778669511732,None
2019-06-18,47.23458099365234,47.514794638042325,46.81047885335037,46.89378256735314,17222100,46.98970476786295,2,2,0.0035514929723500233,None
2019-06-19,47.18156433105469,47.45420304958644,46.93164743171986,47.16641741458304,8827700,46.9531005859375,2,2,0.002654488404232491,None
2019-06-20,48.22667694091797,48.30240863191846,47.885878553458106,47.93889131495421,25954000,46.95133349100749,2,2,0.00012814746168732238,None
2019-06-21,48.57516860961914,48.75094372451648,48.30004132878901,48.30004132878901,16356300,46.96118278503418,2,2,0.0007142581915087765,None
2019-06-24,48.13956451416016,48.69746035671268,48.063138629006055,48.559896678784725,10396600,46.9489387512207,2,2,0.0008879216545559232,None
2019-06-25,47.75743103027344,48.15483386513006,47.70393146733453,48.10898126168049,11887300,46.95172564188639,2,2,0.000202101742664329,None
2019-06-26,48.49109649658203,48.85793186050675,48.116617089358776,48.23889554400035,14326800,46.95952974955241,2,2,0.0005659438953455331,None
2019-06-27,48.13191223144531,48.63631132574989,48.03256005542124,48.49110654182926,10608700,46.94703063964844,2,2,0.0009064194460318142,None
2019-06-28,48.68979644775391,48.73565196013983,48.24653815608291,48.24653815608291,17369600,46.944292068481445,2,2,0.00019859767448848764,None
2019-07-01,48.73565673828125,49.45404234400328,48.6133782752786,49.29355240794015,14886300,46.95949096679688,2,2,0.0011022046447476397,None
2019-07-02,47.95614242553711,48.689813386865495,47.74215579065365,48.59046411515489,12095400,46.94794909159342,2,2,0.0008370020112201115,None
2019-07-03,48.147193908691406,48.18540538427936,47.73450297550465,48.02491543760075,6987300,46.92409477233887,2,2,0.0017298846886136254,None
2019-07-05,48.215965270996094,48.26182078096304,47.86441510729375,47.97140838186854,7363200,46.92777684529622,2,2,0.0002670192162397833,None
2019-07-08,48.28476333618164,48.55224661268263,48.00199488454502,48.13955854541668,8628200,46.98752288818359,2,2,0.004332706529715125,None
2019-07-09,48.32296752929688,48.35353787495818,47.88735030734354,48.20833310608994,7488100,47.0427360534668,2,2,0.004003988049882445,None
2019-07-10,48.94200897216797,49.11014297534737,48.30768735315399,48.62867018510112,11767400,47.13474006652832,2,2,0.006672013222752682,None
2019-07-11,49.04135513305664,49.09485178244164,48.73566041019218,49.08721356874199,12681300,47.23990071614583,2,2,0.007626115659673194,None
2019-07-12,49.247703552246094,49.41583754491892,49.071925515170655,49.071925515170655,8081400,47.37137794494629,2,2,0.00953456028554861,None
2019-07-15,48.804443359375,49.36233616859447,48.69745005813572,49.33177165169548,9538900,47.51458638509114,2,2,0.010385292711278582,None
2019-07-16,48.28476333618164,48.7891624542614,48.09370302000978,48.70509544868993,10587100,47.62153879801432,2,2,0.007756052040377215,None
2019-07-17,47.734500885009766,48.39939277558626,47.70393053973873,48.24654396457965,13664700,47.684147644042966,2,2,0.004540313347908664,None
2019-07-18,47.74214553833008,47.74214553833008,47.23010245222505,47.50522973247866,12754500,47.763925043741864,2,2,0.005785354876986948,None
2019-07-19,47.96377182006836,48.12426467231057,47.56636899976456,47.78799671080169,9965300,47.823068873087564,2,2,0.004289034774764111,None
2019-07-22,48.18540573120117,48.34589567903527,47.80328514187309,48.14719425533811,7843100,47.88253186543783,2,2,0.004312180067189864,None
2019-07-23,48.31533050537109,48.4452501124465,48.04020320174215,48.18540798294681,7268800,47.94178187052409,2,2,0.004296734503519417,None
2019-07-24,48.52167892456055,48.83501772483335,48.20069607908528,48.25419273410632,9907700,48.00488077799479,2,2,0.004575851976198475,None
2019-07-25,47.97142028808594,48.766231832691965,47.826215510173775,48.70509113756128,10070400,48.07160008748372,2,2,0.004838398894898066,None
2019-07-26,47.726863861083984,47.97906194288873,47.52051838578073,47.97142081358809,9653800,48.11224416097005,2,2,0.002947456167438689,None
2019-07-29,47.53580474853516,47.72686505466645,47.18425448493731,47.68865357650997,8284900,48.15661735534668,2,2,0.0032178872395346447,None
2019-07-30,48.07075881958008,48.18539321739858,47.253021204013294,47.34472930533769,10801300,48.20594787597656,2,2,0.003577386191923271,None
2019-07-31,47.91792678833008,48.48346367873133,47.52052098989593,48.07077562085844,15278000,48.228726069132485,2,2,0.0016518454018423778,None
2019-08-01,46.83269882202149,47.61222517953357,46.53464522672102,47.39059453649264,25190200,48.21709721883138,2,2,0.0008433093339365039,None
2019-08-02,46.1601676940918,47.29888540134171,45.68633607107832,47.02375811452064,21699900,48.14821357727051,2,2,0.004995353485484466,None
2019-08-05,44.78453063964844,45.426493328222485,44.46355075303574,45.304214859701176,27576900,48.02185897827148,2,2,0.009163073731505211,None
2019-08-06,44.73103332519531,45.15900941631555,44.24956350245223,44.89916731016194,16997500,47.908241271972656,2,2,0.008239410581554252,None
2019-08-07,44.3947639465332,44.60875051357659,43.68401951702672,43.913291255337256,24802200,47.796152369181314,2,2,0.008128543708713576,None
2019-08-08,45.67105102539063,45.693980242922194,44.486477795247126,44.69282326093902,23267800,47.70215085347493,2,2,0.006816869556900196,None
2019-08-09,45.16665267944336,45.80861538878641,44.97559238398827,45.70926613420086,14593200,47.603308868408206,2,2,0.00716789419704239,None
2019-08-12,44.63168716430664,45.12844219418654,44.43298282007563,45.0596603696987,21919000,47.46803855895996,2,2,0.009809629637361428,None
2019-08-13,45.044376373291016,45.46471137578643,44.19607106956572,44.43298398150071,14347600,47.34499588012695,2,2,0.008922897521739137,None
2019-08-14,43.27898025512695,44.18842623954463,43.21019843006351,44.08143293730124,23649700,47.189090474446616,2,2,0.011306060394367823,None
2019-08-15,43.01148986816406,43.25604679656277,42.54530231235762,43.04970425694706,14287900,47.01790033976237,2,2,0.012414489370743798,None
2019-08-16,43.577030181884766,43.70694977640463,43.09555744706406,43.2407651295846,21399300,46.86326917012533,2,2,0.011213654428075037,None
2019-08-19,44.53996658325195,44.70045941625347,44.10434942656538,44.18841640686422,13881600,46.73844261169434,2,2,0.009052262186056148,None
2019-08-20,44.16549301147461,44.37947958240984,43.99735903982642,44.32598293967603,9521300,46.599860127766924,2,2,0.010049824289591502,None
2019-08-21,44.448272705078125,44.70047372671459,44.28778273604535,44.62404784954485,12037400,46.450068918863934,2,2,0.0108626666728604,None
2019-08-22,44.24956130981445,44.77688662469549,44.22663209414243,44.60111151973515,9353100,46.29034245808919,2,2,0.011583158417230066,None
2019-08-23,42.766937255859375,44.13492971645128,42.52238030277967,43.722238764873474,24408900,46.0743169148763,2,2,0.015665895788750994,None
2019-08-26,42.95035171508789,43.37068374985822,42.76693256273161,43.14141199592427,10805300,45.8791805267334,2,2,0.014151041010123766,None
2019-08-27,42.682865142822266,43.355398140890415,42.45359339119746,43.17962303413311,11831300,45.692450586954756,2,2,0.013541416138595719,None
2019-08-28,43.29426193237305,43.50824851957704,42.69051072950625,42.90449731671024,15694400,45.544442621866864,2,2,0.010733348114703944,None
2019-08-29,43.928592681884766,44.1120118896144,43.58468348948508,43.63053902025485,12331700,45.417324193318684,2,2,0.00921846567238116,None
2019-08-30,43.928592681884766,44.47884738972426,43.66875050488827,44.09672671269114,13022300,45.2828182220459,2,2,0.009754200811556868,None
2019-09-03,43.71459197998047,43.80630009668341,43.08791450437151,43.21783409342165,13964800,45.13379109700521,2,2,0.010807256289520395,None
2019-09-04,44.325984954833984,44.51704523481172,44.196065363816416,44.325984954833984,11190900,45.0008129119873,2,2,0.009643407708572305,None
2019-09-05,44.87623977661133,45.372994758471776,44.64696510691578,44.71574692475474,14538500,44.879298273722334,2,2,0.008812085976290018,None
2019-09-06,45.11315155029297,45.16664819448038,44.53232959253747,44.78452764151405,12234300,44.784022649129234,2,2,0.006909266301960981,None
2019-09-09,46.01496505737305,46.12195836613707,45.3882874643132,45.479995598203935,24757100,44.7269593556722,2,2,0.004138156976093432,None
2019-09-10,46.55757141113281,47.23010446763467,46.2060211670734,46.29773220797053,25718000,44.69435157775879,2,2,0.0023646743023848504,None
2019-09-11,46.603424072265625,47.18424896758306,46.35122601364381,46.81741065719912,22752000,44.645440419514976,2,2,0.0035469745686487197,None
2019-09-12,46.31300735473633,46.64927528902764,45.63283327360824,46.0149538059587,19059500,44.59194310506185,2,2,0.003879556744707635,None
2019-09-13,46.67985153198242,46.92440847037268,46.42000942052419,46.61871083971052,14061600,44.58684819539388,2,2,0.0003694763254589173,None
2019-09-16,48.24654769897461,48.64395347221251,47.688651973664335,48.63630942762879,30677800,44.65639419555664,2,2,0.005043386883192058,None
2019-09-17,47.57402038574219,48.29240615007348,47.25304044274815,48.27712097440483,26450000,44.749377187093096,2,2,0.006743007488243302,None
2019-09-18,47.3447494506836,47.53580977702586,47.01612545614695,47.230112088738544,11604500,44.836501057942705,2,2,0.0063181115582128244,None
2019-09-19,47.22245788574219,47.73449801922265,47.07725021209672,47.62750473254604,14018500,44.93075752258301,2,2,0.006835358127144531,None
2019-09-20,47.261024475097656,47.446121169386686,47.02965581374548,47.25331346125785,20150100,44.983756637573244,2,2,0.0038434279575672026,None
2019-09-23,47.27644729614258,47.39984410605634,46.89083189741056,46.94481781787208,9330400,45.05408312479655,2,2,0.005099986805465195,None
2019-09-24,46.52835464477539,47.176185679475765,46.25071109161125,47.12991371528972,20550500,45.11730537414551,2,2,0.004584796571279415,None
2019-09-25,46.60547256469727,46.65945847964336,46.20443223794653,46.31240406783871,10124200,45.16934191385905,2,2,0.00377362323100916,None
2019-09-26,45.9962043762207,46.50521658582027,45.76483572495036,46.39724474469492,14005500,45.25991605122884,2,2,0.006568320468440247,None
2019-09-27,45.98849105834961,46.343256501988535,45.65686159607482,45.74169745042584,15631600,45.35914942423503,2,2,0.007196277149268071,None
2019-09-30,45.656864166259766,45.95764370897305,45.61058925891463,45.77254702160455,19808400,45.42847722371419,2,2,0.005027563249007216,None
2019-10-01,44.60027694702149,45.98077779266586,44.592562991776525,45.81110902343165,16374700,45.430487569173174,2,2,0.0001457876785838641,None
2019-10-02,43.505126953125,44.44602941958888,43.38173014949137,44.33805758416093,18912300,45.40847536722819,2,2,0.0015962967000211492,None
2019-10-03,43.97557830810547,44.02185321285064,42.9112790350614,43.2660444787388,20457100,45.3927188873291,2,2,0.0011426397472515948,None
2019-10-04,44.25321960449219,44.31491653233969,43.713357511270914,44.16066979970336,10137900,45.39284083048503,2,2,8.84316152827136e-06,None
2019-10-07,43.85988998413086,44.49229893573094,43.83675400410042,44.32263017882155,11642400,45.42927258809407,2,2,0.0026419844135832093,None
2019-10-08,43.11180114746094,43.75192115564059,43.05010127379875,43.412580676534304,20019200,45.434654235839844,2,2,0.0003902702037136274,None
2019-10-09,43.505126953125,43.74420954729536,43.420291098999655,43.49741594002809,8916900,45.462062962849934,2,2,0.001987645787883685,None
2019-10-10,44.05270767211914,44.16839348257925,43.58225635786621,43.6516672557398,10055700,45.48734448750814,2,2,0.001833383797053334,None
2019-10-11,44.64654922485352,45.063014550656725,44.43060554866456,44.50772744958578,22563900,45.51127637227376,2,2,0.0017355096401594494,None
2019-10-14,44.62340545654297,44.78536318542432,44.152954293782585,44.3226259766172,12160600,45.534436798095705,2,2,0.00167956442536088,None
2019-10-15,44.80850982666016,45.25582511803441,44.47688033602397,44.53086920051063,11085000,45.57090072631836,2,2,0.0026443173852900292,None
2019-10-16,44.183815002441406,44.970470802895775,44.16839003278401,44.6542662799495,11955300,45.566161727905275,2,2,0.0003436660969727834,None
2019-10-17,44.21467208862305,44.50773773344833,44.07585028127944,44.36891592610473,11308100,45.544109471639,2,2,0.0015992013881148681,None
2019-10-18,43.9832878112793,44.453739029663126,43.97557679842576,44.09897359816481,10277800,45.506447347005206,2,2,0.002731209054822159,None
2019-10-21,44.76995086669922,44.80851182132442,44.014144976398754,44.06813090127648,10474000,45.46494687398275,2,2,0.0030095611652414256,None
2019-10-22,45.34836959838867,45.86509575451296,44.76994650927144,44.90876828602053,19696900,45.42464014689128,2,2,0.00292299223883119,None
2019-10-23,45.72627639770508,45.81882327309828,45.07844238592841,45.27125009250466,11820400,45.39540189107259,2,2,0.002120320874504422,None
2019-10-24,45.53346633911133,46.0193396163371,45.29438373618216,45.98849262080751,12116800,45.36941719055176,2,2,0.0018843772102452583,None
2019-10-25,45.90365982055664,46.03476765082154,45.487194462046666,45.54889434123874,11875000,45.34354413350423,2,2,0.0018762809685125559,None
2019-10-28,45.64143371582031,46.32011756531532,45.56431182151911,46.05789900587487,11756600,45.25670700073242,2,2,0.006297317679958336,None
2019-10-29,45.82652282714844,46.21213814387104,45.31751072675506,45.47175744184638,13468400,45.19845708211263,2,2,0.00422420951350877,None
2019-10-30,44.89334487915039,45.95764422391741,44.7159621453579,45.93450824099163,15506700,45.116743596394855,2,2,0.00592575735605827,None
2019-10-31,44.700531005859375,44.77765584165289,44.2609297388772,44.70824496044456,15032400,45.03267936706543,2,2,0.006096230272818359,None
2019-11-01,45.71855545043945,45.80339129908148,44.88562781525121,44.924188762267136,13310100,44.98126373291016,2,2,0.0037285959549477887,None
2019-11-04,47.20703506469727,47.34585683965536,46.2352855820026,46.24299659527274,21530200,44.97894999186198,2,2,0.00016778953823615161,None
2019-11-05,47.268741607666016,47.68520699129596,47.114494842394286,47.33815250493767,17555100,45.00362955729167,2,2,0.001789730484566432,None
2019-11-06,46.30469512939453,47.299583507130805,46.17358437150102,47.19932268544893,17827900,44.99360364278157,2,2,0.0007270664828153972,None
2019-11-07,46.998802185058594,47.14533791462156,46.65175069127918,46.77514749711478,13241700,45.02702356974284,2,2,0.00242357031143714,None
2019-11-08,46.805999755859375,46.86769963672189,46.27385152247532,46.713452876577854,10389800,45.05427385965983,2,2,0.0019761561327594768,None
2019-11-11,46.54377746582031,46.75972408975112,46.18901200495029,46.366394735385306,14480500,45.08383763631185,2,2,0.002143927228531517,None
2019-11-12,46.30469512939453,46.93710411167376,46.06561253677216,46.68259655094556,12541200,45.140651575724284,2,2,0.0041200741400589935,None
2019-11-13,46.10417938232422,46.26614009714263,45.91137166936099,46.065618428134016,10575600,45.22728665669759,2,2,0.006282665142243515,None
2019-11-14,45.98078155517578,46.343260989040026,45.76483786283733,46.088753401345,8116800,45.29412676493327,2,2,0.004847159065337725,None
2019-11-15,46.33554458618164,46.51292730454541,46.11959797694642,46.17358389375227,9181800,45.36353759765625,2,2,0.005033584713530881,None
2019-11-18,45.77254486083984,46.09646331294064,45.57973716902163,46.04247739459249,12754100,45.42729276021321,2,2,0.004623442754767226,None
2019-11-19,45.093868255615234,45.66457743094606,45.03988233205724,45.62601647726352,15379100,45.49336166381836,2,2,0.004791232293003822,None
2019-11-20,45.54890060424805,45.88053014547433,44.80080564724748,45.07844925776367,17145000,45.56148745218913,2,2,0.0049403949425144145,None
2019-11-21,46.2969856262207,46.33554952119944,45.55660473801812,45.703137536096094,15641700,45.63629671732585,2,2,0.005425072119874086,None
2019-11-22,46.14274597167969,46.5592084200581,46.0501961458068,46.33555369589627,11492000,45.686169942220054,2,2,0.0036167424102786505,None
2019-11-25,46.18900680541992,46.2661316417175,45.911363278772,46.08874598923891,12336000,45.73835665384929,2,2,0.0037845135060508017,None
2019-11-26,45.76483154296875,46.26613269325571,45.59515984126946,46.25070772564562,13402000,45.7702340443929,2,2,0.0023117075455351133,None
2019-11-27,45.88051986694336,45.973066735711456,45.50261549462143,45.81881999309002,9668300,45.82679087320964,2,2,0.004101428808870433,None
2019-11-29,45.417781829833984,45.66457545312776,45.24811011056499,45.50261768946848,7830200,45.86689453125,2,2,0.0029082659312599235,None
2019-12-02,45.417781829833984,45.86509711081149,45.36379590861422,45.57202857989561,15389500,45.914710998535156,2,2,0.003467588981999614,None
2019-12-03,44.739105224609375,45.09387369047828,44.57714743441571,45.01674883180568,16945500,45.913682810465495,2,2,7.456288229146235e-05,None
2019-12-04,45.41007232666016,45.54889411213188,44.98589595639083,45.132428755716695,17426500,45.91573956807454,2,2,0.00014915342827903633,None
2019-12-05,45.19411849975586,45.656858691685336,45.03987471112439,45.60287277726198,10892400,45.898000971476236,2,2,0.0012863803123220885,None
2019-12-06,46.05790710449219,46.19672889225351,45.37922313566041,45.386934149641725,16729600,45.91548233032226,2,2,0.0012677257599010838,None
2019-12-09,46.00392150878906,46.21986520595296,45.70313900515221,45.70313900515221,8406300,45.91882438659668,2,2,0.00024236164176005826,None
2019-12-10,46.09646987915039,46.26614161356311,45.89594820356948,46.158166819474445,8785100,45.93399225870768,2,2,0.0010999546641290436,None
2019-12-11,46.01933670043945,46.33554412718686,45.92678983569073,46.02705065534206,12436200,45.940419387817386,2,2,0.0004660871735627792,None
2019-12-12,46.8676986694336,47.02965644033672,46.034767947053766,46.088753870688144,22490800,46.00623118082682,2,2,0.0047725869618142625,None
2019-12-13,46.51293182373047,47.33043461022562,46.48208188484066,47.02965506108026,11371500,46.06664454142253,2,2,0.0043810995554716126,None
2019-12-16,47.13762664794922,47.32272333826587,46.82142213108451,46.844561056131646,11135900,46.11394691467285,2,2,0.003430307540853661,None
2019-12-17,47.16846466064453,47.59264091377396,46.99108197086354,47.33813633870084,23146200,46.11266123453776,2,2,9.323587717657844e-05,None
2019-12-18,47.34586334228516,47.64664291533372,47.0527947835658,47.11449466624875,12940700,46.11523195902507,2,2,0.00018642564819310037,None
2019-12-19,47.3304443359375,47.48469112006988,47.24560845756405,47.353583265865616,12767400,46.149423599243164,2,2,0.0024795339686997098,None
2019-12-20,47.784446716308594,47.83895937364585,47.38727967488916,47.4729432709097,17419800,46.17561175028483,2,2,0.001899131181512581,None
2019-12-23,48.27506637573242,48.30621434548768,47.67542413986525,47.72993680033343,13472200,46.22458063761393,2,2,0.003551161007996184,None
2019-12-24,48.25170135498047,48.45417949594922,48.166037754625776,48.38409136572422,5037400,46.28151143391927,2,2,0.0041285484523053695,None
2019-12-26,48.23612594604492,48.62550378762955,48.17382703616431,48.46196580713613,10156200,46.34589246114095,2,2,0.004668829658877827,None
2019-12-27,48.03364944458008,48.46196446431161,48.00249850514434,48.415238055158014,10718300,46.41020812988281,2,2,0.004664089945608407,None
2019-12-30,47.88206100463867,48.30714364380726,47.80987687161408,48.21891825238196,14629500,46.47358411153157,2,2,0.004595945040817839,None
2019-12-31,48.15475463867188,48.2028753526783,47.50509746357132,47.64144662555607,10722400,46.534224446614594,2,2,0.004397559454667632,None
2020-01-02,48.58785629272461,48.66003735908535,48.30713888768628,48.47556749497514,11944700,46.62806816101075,2,2,0.006805426007935933,Pandemic
2020-01-03,48.44349670410156,49.17335719243207,48.202880868308526,49.02898891477923,29502900,46.73972244262696,2,2,0.008097025537594005,Pandemic
2020-01-06,48.82045364379883,49.06908856970385,48.443494764626,48.61192339529198,22458100,46.848774210611985,2,2,0.007908294581390252,Pandemic
2020-01-07,48.69213104248047,48.7402548239839,48.12268006269903,48.6841119420087,11462500,46.928612391153976,2,2,0.005789762625902584,Pandemic
2020-01-08,47.89007186889648,48.700138451268856,47.82590990588413,48.64399558629929,19021400,46.986856587727864,2,2,0.004223794558066818,Pandemic
2020-01-09,48.24298095703125,48.29110167196525,47.30458724157518,47.86601903907673,15366800,47.05532239278158,2,2,0.004965052516995028,Pandemic
2020-01-10,47.97029495239258,48.25902847643434,47.91415206775464,48.21892685305835,9151200,47.12883783976237,2,2,0.005331246083846497,Pandemic
2020-01-13,47.98633193969727,48.13871931877656,47.649471602314776,47.898106540393336,8778500,47.19903157552084,2,2,0.005090359839214187,Pandemic
2020-01-14,47.99434280395508,48.050485673958406,47.56926019977076,47.88205706394842,17339000,47.28491694132488,2,2,0.0062282967581239745,Pandemic
2020-01-15,47.64143371582031,47.93016710029001,47.50508459078304,47.78580193783329,10830800,47.35903867085776,2,2,0.005375212918222738,Pandemic
2020-01-16,47.72164535522461,48.08256597402423,47.69758500049024,47.92215647016253,8224500,47.45845667521159,2,2,0.007209666378192592,Pandemic
2020-01-17,47.41688537597656,47.87405064461876,47.33668212376345,47.84999028086642,11909100,47.52535044352214,2,2,0.004851050425259962,Pandemic
2020-01-21,46.56671142578125,47.160222727241575,46.48650512858566,47.15220362730072,17354600,47.571103541056324,2,2,0.003317956049654125,Pandemic
2020-01-22,46.11757278442383,46.510576055227,45.98924574775384,46.47849353117003,14677700,47.57309239705405,2,2,0.00014422929036900234,Pandemic
2020-01-23,45.94111251831055,46.085480787333616,45.283436208119774,45.63633778109051,13278000,47.570998764038094,2,2,0.00015182758557164,Pandemic
2020-01-24,45.41175842285156,45.941107666850215,45.05885994670478,45.73257744448097,20390600,47.548175048828135,2,2,0.0016551466029134376,Pandemic
2020-01-27,44.15254974365234,44.67387989992049,44.0964068726151,44.49742912834229,21682500,47.48594881693522,2,2,0.004512566660695105,Pandemic
2020-01-28,44.35306930541992,44.625764613550736,44.17662155984651,44.40119308669863,14300100,47.40212783813477,2,2,0.0060785900559218176,Pandemic
2020-01-29,43.88787460327149,44.76210320245187,43.83173173484717,44.60169369571516,13745400,47.31462593078614,2,2,0.006345526281073044,Pandemic
2020-01-30,44.24077606201172,44.28889983515392,43.31842363057371,43.43071243457219,24430500,47.21806424458823,2,2,0.00700252984283356,Pandemic
2020-01-31,42.86126327514648,43.61518717401906,42.63669176121376,43.4948792575223,33430500,47.07449086507162,2,2,0.01041175764723995,Pandemic
2020-02-03,42.29983139038086,42.86928229301101,42.1474409660452,42.805117259699735,21289200,46.90628980000814,2,2,0.012197725869132758,Pandemic
2020-02-04,42.45222091674805,43.24624335728341,42.37201768058235,42.90938609391867,19819800,46.743682352701825,2,2,0.011792083871605241,Pandemic
2020-02-05,44.04828643798828,44.20067686482759,43.13395611518138,43.15801953284704,34382000,46.619143676757815,2,2,0.009031385316713048,Pandemic
2020-02-06,43.5991439819336,44.256820294633535,43.52695984714666,44.256820294633535,15400600,46.463279596964526,2,2,0.011303063493953991,Pandemic
2020-02-07,43.29436492919922,43.47883481062886,43.0697934317296,43.27030457148667,13693300,46.298035049438475,2,2,0.011983323002924928,Pandemic
2020-02-10,43.07781219482422,43.17405974403742,42.81313908338082,43.0697930955017,14640600,46.12609125773112,2,2,0.012469143613056621,Pandemic
2020-02-11,43.55904769897461,43.727476347584144,43.36655562945111,43.66331130455709,13844600,45.97693786621094,2,2,0.01081641297293795,Pandemic
2020-02-12,44.14453125,44.39316309384332,43.78361060298561,44.20869322082642,17199800,45.85235354105632,2,2,0.009034695739016163,Pandemic
2020-02-13,44.008182525634766,44.25681743149515,43.75152852067564,44.02422378338935,11974900,45.714134470621744,2,2,0.010023470008415303,Pandemic
2020-02-14,43.77559280395508,44.19265327560473,43.50289753584129,44.16057381901739,12520000,45.55372568766276,2,2,0.011632639548367019,Pandemic
2020-02-18,43.41466522216797,43.767563664803255,43.01364301299106,43.390601809118834,16314700,45.38609797159831,2,2,0.012156147333855172,Pandemic
2020-02-19,43.99214553833008,44.168596331202,43.462796219271695,43.70341204939063,12455400,45.225154368082684,2,2,0.011671424050335943,Pandemic
2020-02-20,43.94401550292969,44.43326309975696,43.83172977111164,44.104425002479786,13050800,45.06688385009765,2,2,0.01147757531034943,Pandemic
2020-02-21,43.422698974609375,43.56706726339957,43.061778252633886,43.52696564085956,13808200,44.91797142028808,2,2,0.010798938738218578,Pandemic
2020-02-24,41.41758346557617,42.02713908686557,41.28925644944536,41.78652325450758,33037500,44.69045817057292,2,2,0.016498969555120313,Pandemic
2020-02-25,39.58892822265625,41.56195751720136,39.33227415472637,41.52987499382067,42837300,44.411079279581706,2,2,0.02026019945026536,Pandemic
2020-02-26,38.39387130737305,39.92577625775729,38.37783004941189,39.73328728133757,48828300,44.09133059183757,2,2,0.023187765420189188,Pandemic
2020-02-27,36.34064483642578,38.121181910454695,36.32460357599484,37.39934354840759,61278700,43.70287399291992,2,2,0.028170375162992922,Pandemic
2020-02-28,36.30855178833008,36.76571686961092,34.90497403292758,35.193710517853745,68755800,43.32511126200358,2,2,0.027394869548260425,Pandemic
2020-03-02,37.77630233764648,37.82442611878335,36.035866890557074,37.11862595989718,36642700,42.99359982808431,2,2,0.024040784711466423,Pandemic
2020-03-03,36.62135696411133,38.49012238389314,36.212315557050886,37.99285252017901,48595300,42.633748881022136,2,2,0.026095929917897,Pandemic
2020-03-04,37.48756790161133,37.49558700182353,36.62937732014567,37.4073616017018,24484500,42.3311107635498,2,2,0.021946928772922925,Pandemic
2020-03-05,36.11606597900391,36.58125329781736,35.51453255198755,36.41282467254651,29387300,41.99772720336914,2,2,0.02417654891082044,Pandemic
2020-03-06,34.086891174316406,35.20173253731199,33.573583184985225,34.88893567253562,61517400,41.60258649190267,2,2,0.028655098446511595,Pandemic
2020-03-09,27.22139358520508,29.218486056034635,27.0529649475426,28.127704871931535,66556900,40.99624099731445,2,2,0.04397139888608659,Pandemic
2020-03-10,28.512678146362305,29.5312749135937,26.756201990963888,29.410967028343737,48431100,40.47491194407145,0,2,0.037806115417121755,Pandemic
2020-03-11,27.00484275817871,28.111665267154745,26.571740958629505,27.630439685630016,43477300,39.896637725830075,0,2,0.04193570586864803,Pandemic
2020-03-12,23.636253356933597,25.665426706648283,23.56406922193885,25.01577102147427,38829100,39.221583684285484,0,2,0.04895405473504921,Pandemic
2020-03-13,25.81781578063965,25.84187920026463,23.09888494894324,25.63334588115472,34098400,38.60748500823975,0,2,0.044533649677999,Pandemic
2020-03-16,22.304855346679688,24.95962353245338,22.192569615119137,22.4171426080186,40233600,37.922271410624184,0,2,0.04969081273274112,Pandemic
2020-03-17,22.457250595092773,23.40366354350772,21.61510430968831,22.521414107030456,45443600,37.26085205078125,0,2,0.047965285076266406,Pandemic
2020-03-18,19.2330322265625,21.318348827082275,18.35078271906041,20.885245469080942,52135800,36.48687909444173,0,2,0.05612752777747776,Pandemic
2020-03-19,20.540367126464844,20.620570379943224,18.430988516756955,19.513749266284133,52226500,35.703281784057616,0,0,0.05682547360950441,Pandemic
2020-03-20,20.74087142944336,21.52687467873565,19.858622166260066,21.06168892611588,58357200,34.94133936564128,0,0,0.055255088571520616,Pandemic
2020-03-23,19.327211380004883,20.737598634854766,18.982814674054403,20.606398474673533,48260200,34.1424342473348,0,0,0.05793557623949552,Pandemic
2020-03-24,22.426776885986328,22.54157524181915,20.827792190264866,20.827792190264866,44511100,33.45406640370687,0,0,0.0499195546147746,Pandemic
2020-03-25,23.48456382751465,24.59975313686932,21.92657977498163,22.918770631453988,52434900,32.78491694132487,0,0,0.04852586221456323,Pandemic
2020-03-26,24.91954803466797,25.41974348765012,23.427163344666894,23.722360866297038,46918100,32.14408416748047,0,0,0.04647237221928413,Pandemic
2020-03-27,23.230365753173828,23.95195779066579,23.090967095884345,23.87815997352205,36528400,31.451490275065105,0,0,0.05022602226169037,Pandemic
2020-03-30,23.46816635131836,23.6731643043508,22.213578315716124,22.918771774631004,42127400,30.774576059977214,0,0,0.04908895213859199,Pandemic
2020-03-31,23.82896614074707,24.59975902822095,23.353370862095225,24.124163749569103,34350600,30.12171942392985,0,0,0.04734432731055893,Pandemic
2020-04-01,22.648176193237305,23.353368139643724,22.328378299624134,23.05817212924514,23826500,29.410253779093424,0,0,0.05159457758335462,Pandemic
2020-04-02,24.722753524780277,26.042940880272116,23.1729694563405,23.787963332897277,73128100,28.769545046488442,0,0,0.04646337690742697,Pandemic
2020-04-03,24.46035385131836,25.67394126652048,23.76336055069209,25.50174374966524,63834300,28.137466875712075,0,0,0.04583749961442485,Pandemic
2020-04-06,25.75594139099121,25.928140476112976,24.673552503975028,25.00974900482065,38020700,27.615412139892577,0,0,0.037858740988385264,Pandemic
2020-04-07,26.30533790588379,27.77312082048157,26.256137272805606,27.026928422908032,51509500,27.172625796000162,0,0,0.032110298703262874,Pandemic
2020-04-08,28.06012344360352,28.15032305188025,26.641537850942587,26.862932908322605,41905800,26.828167533874513,0,0,0.02497967211551755,Pandemic
2020-04-09,27.805923461914062,29.896902050315795,26.748133226456723,29.142511051026343,91327600,26.543676821390786,0,0,0.020630902199585854,Pandemic
2020-04-13,27.715723037719727,28.880113054879768,27.272926701841097,28.77351324186738,33842800,26.25724919637044,0,0,0.020771364616665178,Pandemic
2020-04-14,27.58452415466309,28.191319474060144,27.40412495440602,27.85512295504868,36324100,25.917523256937663,0,0,0.024636490133226774,Pandemic
2020-04-15,26.288936614990234,26.551333724587945,25.468943301482184,26.485732883178372,36710500,25.573109245300294,0,0,0.024976463126767268,Pandemic
2020-04-16,25.165552139282227,26.305341956960177,25.13275171217877,26.223340889201538,32302900,25.16237538655599,0,0,0.02978589352120542,Pandemic
2020-04-17,27.83871841430664,27.871518832529187,25.673939295929312,25.690339505040583,45853400,24.886463801066082,0,0,0.020008754894944136,Pandemic
2020-04-20,26.96953010559082,27.96171944405257,26.05934026085564,26.19873893098773,56395000,24.64921843210856,0,0,0.017204730381302547,Pandemic
2020-04-21,26.493932723999023,26.97772794793654,25.739538739951684,26.19053510945803,60430800,24.624969736735025,0,0,0.001758484339792421,Pandemic
2020-04-22,27.43692398071289,27.87152174756537,27.06792705716659,27.691122556493763,36876600,24.589111264546712,0,0,0.0026004104889221225,Pandemic
2020-04-23,28.3225154876709,28.986706796013745,27.9945175400303,28.27331485711873,41603600,24.63303368886312,0,0,0.003185197971945275,Pandemic
2020-04-24,28.38811492919922,29.142509003506454,27.93712006974338,28.888310422203503,32429600,24.791429074605308,0,0,0.011486630560214373,Pandemic
2020-04-27,29.003114700317383,29.208112689970783,27.53533147169505,28.17492419844692,23288000,24.89760570526123,0,0,0.007699793303689084,Pandemic
2020-04-28,29.66730117797852,29.847700360374013,28.962107786454546,29.437704493489864,29569000,25.143020566304525,0,0,0.017797171486920504,Pandemic
2020-04-29,31.86488342285156,31.97148323796414,30.618495449908032,30.64309420415685,35537500,25.45660832722982,0,0,0.02274098289590687,Pandemic
2020-04-30,31.159687042236328,32.04527964909702,30.700490528158152,32.04527964909702,42020100,25.854163487752277,0,0,0.0288301912005251,Pandemic
2020-05-01,29.39670753479004,30.74969538284346,29.03591223505215,30.520098658284876,29265900,26.149374834696452,0,0,0.021408348883662054,Pandemic
2020-05-04,30.41349601745605,30.43809477051404,28.71611324000468,28.855510344693887,26390200,26.471795654296876,0,0,0.023381545000936033,Pandemic
2020-05-05,30.4381046295166,31.91408972346113,30.331507913057997,31.65989418480593,34366700,26.84215876261393,0,0,0.0268582583920407,Pandemic
2020-05-06,29.64270782470703,30.848093765786864,29.61810594116036,30.58569661344154,23675100,27.082689793904624,0,0,0.017443002406652086,Pandemic
2020-05-07,30.41349601745605,30.98749090363267,30.20029952557242,30.47909373495084,24234700,27.313654200236,0,0,0.01674924301397196,Pandemic
2020-05-08,31.799285888671875,31.815686102554057,30.946496662945005,31.126892759607117,24823100,27.542978795369468,0,0,0.016630326005559137,Pandemic
2020-05-11,31.24169158935547,31.6762894435882,31.09409279026073,31.586089829916855,23265700,27.810022989908855,0,0,0.019365703057263595,Pandemic
2020-05-12,30.692302703857425,31.594292708298788,30.651303726932166,31.55329373137353,28064500,28.05082753499349,0,0,0.017462837276774223,Pandemic
2020-05-13,29.298303604125977,30.528291176732544,29.085107134536376,30.487292216583025,34497400,28.233138783772787,0,0,0.013220978325136468,Pandemic
2020-05-14,29.626298904418945,29.90509618784904,28.12571269795171,28.78170538601667,30984200,28.46574287414551,0,0,0.01686815080115389,Pandemic
2020-05-15,29.51150321960449,30.249493886803183,29.24910299284434,29.63450010012753,27213900,28.625367863972983,0,0,0.011575799874060433,Pandemic
2020-05-18,31.922271728515625,32.12726961882049,31.11868037388289,31.20067827879701,36569800,28.87409845987956,0,0,0.01803762433364753,Pandemic
2020-05-19,31.028493881225582,32.06168230755739,31.00389512498605,31.963284154578385,26970300,29.049850209554037,0,0,0.012745291849018292,Pandemic
2020-05-20,32.26667404174805,32.32407321388271,31.504081465650025,31.668080440900617,27260600,29.248561414082847,0,0,0.014410282117136797,Pandemic
2020-05-21,31.750083923339844,32.496276346239675,31.495885335838828,32.36507778159863,28120900,29.371560096740723,0,0,0.008919706975452302,Pandemic
2020-05-22,31.553285598754883,31.5860860230496,30.905491295027,31.49588642024944,19247500,29.49647216796875,0,0,0.009058463464604483,Pandemic
2020-05-26,32.4306755065918,32.766872024055054,32.348677576681936,32.561874071259886,37444300,29.653637250264484,0,0,0.011397410529591756,Pandemic
2020-05-27,32.848873138427734,33.09487005660051,31.93048005615257,32.90627231506736,35612800,29.82911554972331,0,0,0.012725461589512266,Pandemic
2020-05-28,31.930477142333984,32.93086806336913,31.774679838246644,32.93086806336913,27178400,30.017166900634766,0,0,0.013637243181976233,Pandemic
2020-05-29,31.78289222717285,32.02069068545778,31.11870063212946,31.651693617088338,35750200,30.237744903564455,0,0,0.01599603433831831,Pandemic
2020-06-01,32.340476989746094,32.52087619521278,31.30728864939286,31.73368478084645,23840000,30.387803522745767,0,0,0.01088205892384475,Pandemic
2020-06-02,33.24246597290039,33.27526639330673,32.652070917667345,32.69306987916514,25159200,30.59690138498942,0,0,0.01516350923525489,Pandemic
2020-06-03,34.218257904052734,34.374055222084415,33.70166218718059,33.76726303352268,27300900,30.85437889099121,0,0,0.018671939053968467,Pandemic
2020-06-04,34.22645950317383,34.35765806756655,33.537666258106924,34.029660092574495,27424700,31.08069674173991,0,0,0.016412280752693853,Pandemic
2020-06-05,36.768436431884766,37.10463298129054,35.90744557394517,35.940246000233735,50196700,31.36222743988037,0,0,0.020416245749495854,Pandemic
2020-06-08,38.42480850219727,38.44120871025351,37.25222021434469,38.10501226515017,47534700,31.69678389231364,0,0,0.02426160555517587,Pandemic
2020-06-09,36.98162841796875,37.3014278430886,36.47323438483687,37.194828034715314,43699500,31.962734349568684,0,0,0.01928638662985449,Pandemic
2020-06-10,35.161258697509766,36.670044139605,35.14485848174531,36.63724370807609,40488500,32.145866266886394,0,0,0.013280492156735546,Pandemic
2020-06-11,31.848485946655277,33.652468776362845,31.74188612238513,32.70947682755499,48152200,32.14531968434652,0,0,3.963746593238504e-05,Pandemic
2020-06-12,32.65207290649414,33.488464909678555,31.766483397723874,33.250666539278775,42817500,32.195065879821776,0,0,0.0036075303994684838,Pandemic
2020-06-15,32.750465393066406,33.08666184463196,30.913685847739423,31.25808083948077,32847400,32.30685780843099,0,0,0.008107007521279685,Pandemic
2020-06-16,33.693458557128906,34.3576529499459,32.734066656393246,34.30845232261944,32041900,32.41618989308675,0,0,0.00792862278742712,Pandemic
2020-06-17,32.545467376708984,33.57045693650982,32.537268836559335,33.56225839636017,23368000,32.48643531799316,0,0,0.005094108270038422,Pandemic
2020-06-18,32.947261810302734,33.30805697805407,32.02067045255407,32.21746980734002,18468900,32.59658711751302,0,0,0.007988067459785642,Pandemic
2020-06-19,32.44707107543945,33.98045466709506,32.4142706569606,33.972256126485384,26967100,32.66437295277913,0,0,0.004915741978650523,Pandemic
2020-06-22,32.59739303588867,32.70535981072785,31.90807084716518,32.290106396257926,19448200,32.690976524353026,0,0,0.0019292569465938492,Pandemic
2020-06-23,32.630611419677734,33.17043891377347,32.53094832724281,33.087389504876235,14805800,32.737273852030434,0,0,0.003357422922793729,Pandemic
2020-06-24,30.82011604309082,32.13231548828311,30.612489287929208,32.12401181205511,32363000,32.74153429667155,0,0,0.00030896199018348725,Pandemic
2020-06-25,31.40977096557617,31.52604142564124,30.3716373319489,30.52943250373257,24017200,32.811916542053225,0,0,0.005104030315715713,Pandemic
2020-06-26,30.321807861328125,31.18553586423046,30.18062319815335,31.18553586423046,33861100,32.835100173950195,0,0,0.001681247300208355,Pandemic
2020-06-29,30.72875595092773,30.994517911106783,30.263670936548166,30.39655191663769,19452800,32.87567526499431,0,0,0.002942453649056098,Pandemic
2020-06-30,31.43467712402344,31.617389610641425,30.16400289506063,30.479596326092167,20943400,32.85942211151123,0,0,0.001178657879608025,Pandemic
2020-07-01,30.670623779296875,31.982823192545787,30.62909906290197,31.559266016305376,24573400,32.8474931081136,0,0,0.000865076052171565,Pandemic
2020-07-02,31.011131286621094,31.733671484415623,30.944689206388936,31.301807467304883,20779200,32.805641682942706,0,0,0.0030350117656774422,Pandemic
2020-07-06,31.10248565673828,31.783501096717625,30.71214637962845,31.55926384187576,22542200,32.78405507405599,0,0,0.001565433236376812,Pandemic
2020-07-07,30.11417388916016,30.753664478051277,30.064345510890643,30.712139773449383,20910900,32.736084683736166,0,0,0.003478751283386261,Pandemic
2020-07-08,30.089265823364254,30.57926504090073,29.84011437691729,30.1141800175692,20650900,32.658037694295246,0,0,0.005659867740743341,Pandemic
2020-07-09,28.602659225463867,30.03943591942167,28.569441354074,29.956386488747945,30543600,32.51649723052979,0,0,0.010264333199967668,Pandemic
2020-07-10,29.51622200012207,29.54944304324245,28.43656344377397,28.43656344377397,25228000,32.43602205912272,0,0,0.005835956387817198,Pandemic
2020-07-13,29.358421325683597,29.90655582162697,29.13418722254872,29.790285347962133,37223800,32.35520636240641,0,0,0.005860650847225424,Pandemic
2020-07-14,30.38825035095215,30.446385585768702,29.076047809360823,29.15910040776497,34221100,32.29013214111328,0,0,0.00471909920535496,Pandemic
2020-07-15,31.04435539245605,31.24367531657042,30.58757713421648,31.16062587621161,25902500,32.21686178843181,0,0,0.005313472159085508,Pandemic
2020-07-16,30.903160095214844,31.30180301551389,30.44638194704712,30.83672119256449,18822800,32.10635852813721,0,0,0.008013554945150103,Pandemic
2020-07-17,30.47130012512207,31.34333499347759,30.33841913430843,31.002827256509345,17716900,31.981186548868816,0,0,0.009077311662898158,Pandemic
2020-07-20,29.964693069458008,30.71214744335332,29.939775705968625,30.36333603582871,20076500,31.75439510345459,0,0,0.016446625231434142,Pandemic
2020-07-21,31.775192260742188,32.01604001952231,30.43807882725043,30.47960353818057,36170200,31.53274122873942,0,0,0.016074055182625502,Pandemic
2020-07-22,31.38485717773437,31.434685565187625,30.92807900666226,31.434685565187625,19621700,31.346182187398274,0,0,0.013529022802731605,Pandemic
2020-07-23,31.32672500610352,31.48452019533545,30.92808202688644,31.276893445651588,21043900,31.218364397684734,0,0,0.009269182448611746,Pandemic
2020-07-24,31.15231704711914,31.79180783517685,31.03604657076917,31.326725929776966,19950600,31.195158767700196,0,0,0.0016828425733517172,Pandemic
2020-07-27,31.185535430908203,31.32672326025382,30.72045356514051,31.110789678462307,18231000,31.146274185180665,0,0,0.00354504733115224,Pandemic
2020-07-28,30.65400695800781,31.301801271382228,30.570957542289296,31.00282147391628,17776900,31.076392237345377,0,0,0.005067749378246722,Pandemic
2020-07-29,31.293500900268555,31.31841509398752,30.52943288885155,30.737059618196145,17215000,30.996393648783364,0,0,0.005801395210123683,Pandemic
2020-07-30,30.064361572265625,30.654020929770848,29.798599519076408,30.637410405429826,32833700,30.91369012196859,0,0,0.0059975538687369045,Pandemic
2020-07-31,29.92316436767578,29.9563854059976,29.316894674899174,29.60757400801624,24774100,30.812886873881023,0,0,0.007310122480058245,Pandemic
2020-08-03,30.03113174438477,30.19723377110372,29.66570982010919,29.914861276121293,21103400,30.732355562845864,0,0,0.0058400275617638275,Pandemic
2020-08-04,30.76197624206543,30.828415146432945,29.906551983357296,29.93146934461096,22572100,30.671175003051758,0,0,0.004436735858996954,Pandemic
2020-08-05,31.08588218688965,31.4762215525148,30.803509635441653,31.36825473833764,30758700,30.61968402862549,0,0,0.0037340595349328876,Pandemic
2020-08-06,30.83672523498535,31.193843491926422,30.72045476400597,30.9114709903482,19190700,30.620237668355305,0,0,4.014924431072764e-05,Pandemic
2020-08-07,30.87824249267578,30.95298822998552,30.205530856888124,30.56264902757555,18376600,30.60252005259196,0,0,0.001284858809035283,Pandemic
2020-08-10,31.833335876464844,31.849943229053565,31.03604672249208,31.11079248167287,26308100,30.652904319763184,0,0,0.003653802541855544,Pandemic
2020-08-11,31.72537422180176,32.82994709982456,31.575882679192148,32.45622141143393,26513100,30.686124928792317,0,0,0.0024091160302111003,Pandemic
2020-08-12,32.04096603393555,32.414691701371794,31.70045507520197,32.20706492251467,25532700,30.70633455912272,0,0,0.0014655765145941135,Pandemic
2020-08-13,31.41807556152344,32.04925937164316,31.3433298185234,31.783497433894624,15761000,30.731249618530274,0,0,0.001806808206308519,Pandemic
2020-08-14,31.717060089111328,31.76689164791032,31.052655145788105,31.168925614853084,13279700,30.754780578613282,0,0,0.0017064350955311447,Pandemic
2020-08-17,31.53435516357422,31.74198193569545,31.35994626721122,31.725371413749773,14255800,30.769176228841147,0,0,0.0010439541219382509,Pandemic
2020-08-18,31.135698318481445,31.72535732917271,31.044342072404717,31.418070729931472,14348800,30.803227043151857,0,0,0.0024693214542133024,Pandemic
2020-08-19,30.77859306335449,31.25198183839849,30.67892993419457,31.11079398948845,14793900,30.826204617818195,0,0,0.0016663042936841954,Pandemic
2020-08-20,30.11417388916016,30.521123597775187,30.105870215492534,30.321800580301485,19107700,30.876588439941408,0,0,0.0036537702675434325,Pandemic
2020-08-21,29.92316436767578,30.05604535283048,29.64079187820547,29.997910119833584,17347800,30.89015318552653,0,0,0.0009836979811597146,Pandemic
2020-08-24,30.74537467956543,30.961305141822358,29.923171217612826,30.105883802076363,24827000,30.93638496398926,0,0,0.0033526693776761984,Pandemic
2020-08-25,30.31350517272949,30.95299593600136,30.16401366089281,30.911471220076223,20118500,30.9338934580485,0,0,0.00018068082063105173,Pandemic
2020-08-26,29.67400932312012,30.27197526797121,29.632484614312617,30.27197526797121,18001200,30.888215255737304,0,0,0.003312524743981138,Pandemic
2020-08-27,29.73215103149414,29.93147411261309,29.366729078931115,29.68232263731408,22259700,30.849181620279946,0,0,0.0028306692636270725,Pandemic
2020-08-28,30.2636775970459,30.35503388498818,29.698932515341948,29.84842404685965,14575100,30.842260869344077,0,0,0.0005018839963493171,Pandemic
2020-08-31,29.60757064819336,30.34672124224696,29.60757064819336,30.305196533123137,18791500,30.830356788635253,0,0,0.0008632686906915321,Pandemic
2020-09-01,29.408246994018555,29.541127961315265,29.042825125985637,29.47468906173299,18260500,30.751458613077798,0,0,0.005721594668032237,Pandemic
2020-09-02,29.267066955566406,29.574353646746573,29.084354408746098,29.39994794376318,23850200,30.6808656056722,0,0,0.005119314507825434,Pandemic
2020-09-03,29.05113410949707,29.81520218718622,28.87672840207216,29.208929296957788,39442300,30.60501257578532,0,0,0.005500764603090458,Pandemic
2020-09-04,28.95977210998535,29.54943436370537,28.602653921669948,29.350111331663147,34341000,30.531927744547527,0,0,0.0053000183815363755,Pandemic
2020-09-08,27.905033111572266,28.5445238629296,27.58944274191489,28.411642873565263,49218800,30.42257766723633,0,0,0.007929927591761032,Pandemic
2020-09-09,28.096046447753903,28.37841571717181,27.996383351113696,28.220620566356157,24977600,30.337312316894533,0,0,0.006183334030686938,Pandemic
2020-09-10,27.066221237182617,28.21232169874365,27.016389680372992,28.17910066087057,37003300,30.196402994791665,0,0,0.010218563614727838,Pandemic
2020-09-11,27.09113502502441,27.265543887174864,26.866897774944547,27.124356062399023,25397300,30.09729544321696,0,0,0.007187152740162128,Pandemic
2020-09-14,27.29876518249512,27.54791665780896,26.97486794777383,27.165884184452207,19444200,30.009815470377603,0,0,0.006343935618546626,Pandemic
2020-09-15,27.09943962097168,27.730623438080222,27.016387034423037,27.481472014698756,25610400,29.912092399597167,0,0,0.0070867519656889755,Pandemic
2020-09-16,28.187402725219727,28.552827784672665,27.1077444011128,27.340285316668407,35886100,29.826273282368977,0,0,0.00622349249623011,Pandemic
2020-09-17,28.22893524169922,28.253849438706688,27.46486712943037,27.738935969044064,22356700,29.731041717529298,0,0,0.006906071145058146,Pandemic
2020-09-18,27.9133415222168,28.228935077720656,27.630969007951844,28.212324557101205,26406400,29.633595593770345,0,0,0.0070666681223017225,Pandemic
2020-09-21,26.98812866210937,27.30047243654756,26.53227745713137,27.232937254937276,30719600,29.503925132751466,0,0,0.009403535799463958,Pandemic
2020-09-22,26.709552764892575,27.43553987371471,26.65890298826908,27.00501274709652,22348700,29.333132362365724,0,0,0.012385673020612442,Pandemic
2020-09-23,25.50238800048828,26.91215268758432,25.468622020444524,26.810853137325733,26484600,29.12569948832194,0,0,0.015042766422897147,Pandemic
2020-09-24,25.493946075439453,25.958239139576104,24.93679375442458,25.40952871556173,35243800,28.907465489705405,0,0,0.015826050146855897,Pandemic
2020-09-25,25.4770622253418,25.671221025544,25.071860830973577,25.23225204324816,27558400,28.709431711832682,0,0,0.014361156003433129,Pandemic
2020-09-28,26.07642364501953,26.36344171538001,25.90759052783103,25.94135650721781,26376000,28.521410497029624,0,0,0.013635057749982193,Pandemic
2020-09-29,25.35887908935547,26.059540443149128,25.105627008267536,26.000447163806214,23800900,28.315561294555664,0,0,0.014927920588430066,Pandemic
2020-09-30,25.28290367126465,25.81473030528428,25.164718722494666,25.51927034855016,24574500,28.120468139648438,0,0,0.014147905791229931,Pandemic
2020-10-01,24.506267547607425,25.114069662309944,24.354316616399974,25.00432821761972,28365200,27.911390622456867,0,0,0.015162033838128197,Pandemic
2020-10-02,24.742631912231445,24.95367449465269,23.80560394116755,23.847811813600952,28705200,27.73233922322591,0,0,0.01298457820989185,Pandemic
2020-10-05,25.48550796508789,25.502390151470024,24.903029866526666,24.96212154418277,31572200,27.58441734313965,0,0,0.010727105340611498,Pandemic
2020-10-06,25.10562896728516,26.000449192647565,25.038095395750776,25.856940151871083,31111600,27.396425819396974,0,0,0.013632904592300266,Pandemic
2020-10-07,25.46017837524414,25.52771194082328,24.962117725300278,25.249135781543423,21043000,27.234648259480796,0,0,0.011731901500683373,Pandemic
2020-10-08,26.41409683227539,26.430979019290792,25.55304249951681,25.6712258592622,30563100,27.12598450978597,0,0,0.007880155991814464,Pandemic
2020-10-09,25.99200439453125,26.71798976000978,25.94979491331751,26.650456200194867,25517900,27.00131295522054,0,0,0.009041021504196944,Pandemic
2020-10-12,26.05953598022461,26.15239361160633,25.637450860824405,25.907585079620223,16684600,26.861174901326496,0,0,0.010162632231776936,Pandemic
2020-10-13,25.654335021972656,26.21148729377324,25.57835956580648,26.05953799156796,25383800,26.729400380452475,0,0,0.009556119526062501,Pandemic
2020-10-14,25.764080047607425,26.36344023672001,25.66277889487422,25.71342866617722,27244000,26.607928148905437,0,0,0.008809010695404407,Pandemic
2020-10-15,26.07642364501953,26.08486554239805,25.097186090893427,25.325112489731563,20353900,26.501573371887208,0,0,0.007712712249779763,Pandemic
2020-10-16,25.48550796508789,26.059544165394325,25.443298473813915,26.025776572375143,18711500,26.382719167073567,0,0,0.008619154748891855,Pandemic
2020-10-19,24.945236206054688,25.704990900758776,24.91991212298279,25.578364044889856,25186000,26.248901303609212,0,0,0.00970430011436152,Pandemic
2020-10-20,25.24069595336914,25.46018046202264,24.919911893107784,25.088745015830003,22990300,26.160090065002443,0,0,0.006440477307410042,Pandemic
2020-10-21,24.75951766967773,25.24069453815445,24.75107577249585,25.0971855063169,24657600,26.048872439066567,0,0,0.00806535982676193,Pandemic
2020-10-22,25.78096008300781,25.814726055578262,24.64132992900147,24.8017211164333,32824200,26.006030400594074,0,0,0.003106849773900633,Pandemic
2020-10-23,25.654335021972656,26.06797827769569,25.33355101492541,25.916028975490413,24987700,25.95813706715902,0,0,0.0034731632167686044,Pandemic
2020-10-26,24.73419189453125,25.24913634999501,24.48938331759302,25.215370371508847,30401000,25.872651290893554,0,0,0.006199319036432005,Pandemic
2020-10-27,24.413406372070312,24.717308210642933,24.35431470570945,24.70886631400179,21596800,25.78311684926351,0,0,0.006492923064648659,Pandemic
2020-10-28,23.3919620513916,23.96599820653965,23.256894910195275,23.81404727016195,40549100,25.623268826802573,0,0,0.011591973915062281,Pandemic
2020-10-29,24.10950469970703,24.185480159873958,22.775715613626915,23.08805935099396,37252100,25.48595447540283,0,0,0.009957860942436225,Pandemic
2020-10-30,24.24457359313965,24.261457387768512,23.66209716958929,23.94067334045646,37899700,25.36366221110026,0,0,0.008868478420843262,Pandemic
2020-11-02,25.071861267089844,25.40108720447489,24.11794782319522,24.57380060738428,41893100,25.299786631266276,0,0,0.004632175261511051,Pandemic
2020-11-03,24.92835235595703,25.5108287694949,24.700425962767127,25.493946585283503,34877500,25.24041328430176,0,0,0.004305679098600024,Pandemic
2020-11-04,24.962120056152344,25.56148191549428,24.28678433730109,24.962120056152344,43613700,25.222404352823894,0,0,0.0013059846516436657,Pandemic
2020-11-05,24.962120056152344,25.46018075260291,24.91147027977034,24.995887647158582,31795800,25.204676818847656,0,0,0.0012855780651346294,Pandemic
2020-11-06,24.42184829711914,25.333552203770356,24.32054714743472,24.962116801763667,33223200,25.169503021240235,0,0,0.0025507587649920005,Pandemic
2020-11-09,27.90827178955078,28.524515733431507,27.26670054643236,27.35111951013436,99356700,25.230564626057944,0,0,0.00442810939642202,Pandemic
2020-11-10,28.811538696289062,28.811538696289062,27.84074137936178,28.43166134530644,73338100,25.345653279622397,0,0,0.00834608179381613,Pandemic
2020-11-11,28.516077041625977,29.182972476327404,28.24594275267814,29.123880801885985,46542500,25.453425725301106,0,0,0.007815519765815626,Pandemic
2020-11-12,27.595930099487305,28.41477644416321,27.30047173813756,28.018015312989583,38584800,25.556414477030437,0,0,0.007468612405780339,Pandemic
2020-11-13,28.600492477416992,28.743999891785723,27.773205917441643,27.80697028418736,39432700,25.68500982920329,0,0,0.009325570282548767,Pandemic
2020-11-16,30.482994079589844,30.550526037988732,29.453105146906616,29.816098681532523,47932700,25.851592699686687,0,0,0.012080376470166465,Pandemic
2020-11-17,30.795333862304688,30.812217655669816,29.68946954879594,30.086230642240743,39010100,26.04124952952067,0,0,0.01375367045773812,Pandemic
2020-11-18,29.9005184173584,31.17521771206912,29.900518417358395,31.057034353938057,41000200,26.18926086425781,0,0,0.01073359247735306,Pandemic
2020-11-19,30.3901309967041,30.44922266046625,29.385569492493435,29.689468097446984,32936200,26.321795336405437,0,0,0.009611230219361833,Pandemic
2020-11-20,30.22974395751953,30.449226850228825,30.018701352114423,30.314159711579737,19753200,26.46305332183838,0,0,0.01024384823298674,Pandemic
2020-11-23,32.36549758911133,32.407705470699746,30.66871627531914,30.70248064843691,38162300,26.673252042134603,0,0,0.015243342051658226,Pandemic
2020-11-24,34.028507232666016,34.1213632641464,33.15900960117703,33.454471149446704,53466000,26.95239111582438,0,0,0.020242808206634155,Pandemic
2020-11-25,33.2349853515625,33.80902143982036,33.0492700667174,33.80902143982036,35676200,27.201421292622886,0,0,0.01805934955633881,Pandemic
2020-11-27,32.8466682434082,33.31940479947289,32.584974275188664,33.04927054465145,18755400,27.427096112569174,0,0,0.01636564898225723,Pandemic
2020-11-30,31.031702041625977,32.52588401460744,30.98105387931592,32.48367613926424,41543600,27.611969248453775,0,0,0.013406763097702612,Pandemic
2020-12-01,31.175212860107425,32.07003463566322,31.12456147725368,31.892756405802377,34467800,27.8196351369222,0,0,0.015059664330614009,Pandemic
2020-12-02,32.18821716308594,32.67783430396462,30.972609767309656,31.073912530460618,37741800,28.051219177246093,0,0,0.016794178077712996,Pandemic
2020-12-03,32.525882720947266,32.9226438179527,32.002498002948464,32.331723925887296,36487700,28.31009801228841,0,0,0.018773561641687087,Pandemic
2020-12-04,34.298641204833984,34.323965284101455,33.116801461786984,33.116801461786984,51850200,28.594020716349284,0,0,0.020589710956053997,Pandemic
2020-12-07,33.496681213378906,33.96941778938485,33.1758955646515,33.89344232574558,34656600,28.855432256062826,0,0,0.018957230141499526,Pandemic
2020-12-08,33.99474334716797,34.332409584478704,33.07459745656976,33.08303774389432,28927300,29.164117304484048,0,0,0.022385444462679427,Pandemic
2020-12-09,34.070709228515625,34.89799562451852,33.65706442038733,34.3408434304654,43345900,29.486027399698894,0,0,0.023344507922439695,Pandemic
2020-12-10,35.117488861083984,35.522693504321765,34.02006793797286,34.11292720120424,38802200,29.876878293355308,0,0,0.02834400635172707,Pandemic
2020-12-11,34.7122802734375,34.889558475859054,34.22266319598604,34.881114969896416,28076100,30.230304145812987,0,0,0.02562999028404711,Pandemic
2020-12-14,33.496681213378906,35.25255394378554,33.37005436722864,35.24411365682761,39942200,30.538707733154297,0,0,0.022365033265554946,Pandemic
2020-12-15,34.15513229370117,34.32396701123975,33.370053594363,33.68239894889842,29335900,30.84148343404134,0,0,0.021956906145991884,Pandemic
2020-12-16,33.98629379272461,34.366171059833945,33.74992714663615,34.23954745096686,23814400,31.143414815266926,0,0,0.02189567716523344,Pandemic
2020-12-17,33.825904846191406,34.29864139001337,33.62330577044931,34.290197883375804,23181700,31.43887430826823,0,0,0.021426344117992047,Pandemic
2020-12-18,33.260311126708984,33.94408700912887,32.99861717427109,33.75837173279779,36570200,31.715480677286784,0,0,0.020059139706821716,Pandemic
2020-12-21,32.61872100830078,32.90102137355979,31.669159004265648,32.00278819199173,40079400,31.988709767659504,0,0,0.019814223783786167,Pandemic
2020-12-22,32.07122802734375,32.66149482662341,32.037008810866176,32.55028400473336,25092900,32.12747497558594,0,0,0.010063075200035687,Pandemic
2020-12-23,32.78125762939453,33.23465080960747,32.336417621328025,32.34497405679845,26965900,32.25979894002278,0,0,0.009595964469715668,Pandemic
2020-12-24,32.610164642333984,32.824029841416255,32.28509188932219,32.824029841416255,11451500,32.39626852671305,0,0,0.009896599687365448,Pandemic
2020-12-28,32.40485382080078,33.14055058105508,32.310752617048664,32.72992655316878,18912300,32.55656598409017,0,0,0.01162456635971476,Pandemic
2020-12-29,32.19099044799805,32.69571244473397,32.03700724470072,32.601611235682945,18984300,32.676249249776205,0,0,0.00867927718180539,Pandemic
2020-12-30,32.69571304321289,33.003679455444725,32.13966221409164,32.2166538171496,28218300,32.75000654856364,0,0,0.005348784867190481,Pandemic
2020-12-31,32.421958923339844,32.68714962799455,32.276528920473424,32.55027605882084,18154900,32.804227383931476,0,0,0.003932025555026364,Pandemic
2021-01-04,32.473289489746094,33.07211267115323,32.08833149717552,32.79836549050833,33858800,32.88998641967773,0,0,0.006219135464090142,None
2021-01-05,33.92757034301758,34.8172502309175,32.79836250965364,32.824025285718065,47736700,33.00790106455485,0,0,0.00855101906533351,None
2021-01-06,34.96267318725586,35.2877491232123,34.14998497902634,34.5948248747238,43131400,33.16566537221273,0,0,0.011440865585589988,None
2021-01-07,35.4759521484375,35.835244034266935,34.90279184915118,35.27064016844696,25728600,33.269347190856934,0,0,0.007518872731024917,None
2021-01-08,35.43318176269531,35.92935055098525,35.15088141958018,35.92935055098525,31372000,33.31616967519124,0,0,0.003395506611127086,None
2021-01-11,35.98923110961914,36.13466112442276,34.46651211965831,34.66326768753791,23445200,33.40797786712646,0,0,0.006657812525407758,None
2021-01-12,37.24674987792969,37.44350539565086,36.15175825048122,36.42550860483539,43973600,33.554647254943845,0,0,0.010636276204997852,None
2021-01-13,36.955902099609375,37.39218561138457,36.67359850827215,37.3750760061529,27382200,33.75212059020996,0,0,0.014320513423208059,None
2021-01-14,38.0508918762207,38.49573183569872,37.152658786052456,37.18687799754852,41657300,33.98130989074707,0,0,0.01662051461466607,None
2021-01-15,36.570945739746094,37.3836340755163,36.21165380413693,37.37507764086446,47748500,34.12740084330241,0,0,0.01059432882043887,None
2021-01-19,37.30664443969727,37.56328201622924,36.89602366458135,37.01578764940801,27809700,34.286759567260745,0,0,0.011556490614164527,None
2021-01-20,37.44351577758789,37.717262944521,37.075667410148334,37.62316174401456,25362800,34.39158871968587,0,0,0.007602075907739758,None
2021-01-21,36.17742538452149,37.42639693326851,35.843796311133715,37.23819457871219,29984000,34.48094685872396,0,0,0.0064801378264229825,None
2021-01-22,35.98923110961914,36.09188547909468,35.09099803423015,35.381854800513814,25222300,34.547429784139,0,0,0.004821256624531811,None
2021-01-25,35.62138366699219,35.7325944737244,34.97123495915301,35.59572088979385,40911600,34.59911893208822,0,0,0.0037484308250705922,None
2021-01-26,34.86001968383789,36.47683970655166,34.842910080124334,35.937898611205995,27499800,34.59053662618001,0,0,0.0006223778354426113,None
2021-01-27,34.3895149230957,35.34762982983498,33.79924505231529,34.28686057034726,49933600,34.57977778116862,0,0,0.0007802176643048053,None
2021-01-28,34.79158020019531,35.21075731999232,34.35529674053349,34.671816241202784,28624100,34.62294108072917,0,0,0.0031301472166547217,None
2021-01-29,33.63671875,34.748817149074405,33.50839832331587,34.30397713677984,31534500,34.605660629272464,0,0,0.0012531562132749308,None
2021-02-01,33.876243591308594,34.21842918852331,33.31163964023091,34.04733638991595,30510700,34.60199228922526,0,0,0.00026602332317970934,None
2021-02-02,34.244102478027344,35.06534751077465,34.244102478027344,34.68894258562909,31964500,34.61593221028646,0,0,0.0010109052262998741,None
2021-02-03,35.70693588256836,35.80103383110156,34.29542423135795,34.42374465904036,37192800,34.697486368815106,0,0,0.005914203152309394,None
2021-02-04,36.10044097900391,36.10899414985398,35.339081503731826,35.97212057298847,24163900,34.813543701171874,0,0,0.008416329139511847,None
2021-02-05,36.40840911865234,36.78481065756111,36.305751483503336,36.66504667987758,24098200,34.958116404215495,0,0,0.010484227309857541,None
2021-02-08,37.931129455566406,38.11077542830594,36.904575911831735,36.93879512473177,31184100,35.12977879842122,0,0,0.012448737026547585,None
2021-02-09,37.529052734375,37.75147430080343,37.032887321298354,37.63171034810641,32399400,35.29374173482259,0,0,0.011890382205173022,None
2021-02-10,38.24764633178711,38.281865542285125,37.417851688813215,37.657379635652255,29225500,35.4885014851888,0,0,0.014123727720815493,None
2021-02-11,37.65738296508789,38.13644216444498,36.86180419894827,38.1278857294022,24816300,35.6707145690918,0,0,0.013213859534000783,None
2021-02-12,38.21342849731445,38.24764770904466,37.32375183559448,37.39218699573126,23700400,35.85463841756185,0,0,0.013337921989893031,None
2021-02-16,39.17154312133789,39.62493621202123,38.89779598017172,39.0945515339272,38296700,36.079624557495116,0,0,0.01631570678951766,None
2021-02-17,39.75325775146485,40.009895295747874,39.00045146002098,39.57360853347564,34482200,36.32229016621908,0,2,0.01759779922894089,None
2021-02-18,38.85502243041992,39.6591575563095,38.73525845762535,39.58216596475249,30680100,36.486538569132485,0,2,0.011911083871106953,None
2021-02-19,39.50518035888672,39.65916356533176,38.86358475314039,38.906357140858674,27202100,36.63795547485351,0,2,0.010980560124517647,None
2021-02-22,40.8739128112793,41.4641828060502,39.70193251985938,39.77037094494969,37822300,36.817887496948245,0,2,0.01304843985239934,None
2021-02-23,41.54972839355469,41.669492376501054,39.78747807260786,41.36152598416823,49185400,37.021772384643555,0,2,0.01478547099584504,None
2021-02-24,43.0211181640625,43.26920254321263,41.47273316625221,41.82347191275555,38874400,37.256168619791666,0,2,0.01699811484555358,None
2021-02-25,42.19132232666016,43.46596023161648,41.900465552172896,43.46596023161648,37943900,37.42098770141602,0,2,0.011952468760511925,None
2021-02-26,41.19043350219727,41.74648099234361,39.97567762625443,41.62671701795282,45154400,37.56213874816895,0,2,0.01023609317683949,None
2021-03-01,42.2597541809082,42.84146763945166,41.96889745163647,42.27686052087434,34695800,37.7024341583252,0,2,0.010174043506428587,None
2021-03-02,42.02878189086914,42.75592212493667,42.00311585277173,42.413739829096855,37234100,37.884362030029294,0,2,0.013193176310529742,None
2021-03-03,42.64471054077149,43.61138195372154,42.32819102555401,42.33674745920283,41287200,38.06229756673177,0,2,0.012903657288107828,None
2021-03-04,43.66271209716797,44.44973432404964,42.627605500077486,43.0296697841047,53786900,38.26960411071777,0,2,0.015033605128863092,None
2021-03-05,45.29663848876953,45.39929284492258,43.78247286638878,44.90312740408024,56197900,38.573577880859375,0,2,0.022043788594291902,None
2021-03-08,45.38218307495117,45.98100613306973,44.72347803735307,45.74147821515156,50305000,38.88667627970378,0,2,0.022705494984393226,None
2021-03-09,44.58660507202149,45.77569477092192,44.27008556720385,45.12554615787445,59444800,39.18551699320475,0,2,0.021671545899220268,None
2021-03-10,45.7158203125,45.869803505222215,44.44118565013958,44.65505083299557,39208300,39.547377014160155,0,2,0.02624162538416097,None
2021-03-11,45.73292922973633,46.51139835307114,45.63027485724264,45.80992082493752,25398700,39.92549082438151,0,2,0.027420329369928886,None
2021-03-12,45.8270263671875,46.23764708407408,45.484840804787005,45.81847319662301,29893400,40.293339029947916,0,2,0.026675880864714174,None
2021-03-15,45.3051986694336,45.85269300473542,44.757704334131766,45.72437585551861,30226300,40.682288360595706,0,2,0.02820610743715546,None
2021-03-16,44.01345443725586,44.595167984493216,43.73970726953518,44.55239560141005,38643500,41.020195388793944,2,2,0.02450458501948194,None
2021-03-17,44.35563659667969,44.56950177460645,43.50873231955097,43.88513385790555,32276100,41.357246526082356,2,2,0.024442516906607703,None
2021-03-18,42.3624153137207,44.158881523263126,42.1827693454312,43.962125948947424,43603600,41.5790958404541,2,2,0.016088228216274092,None
2021-03-19,42.37096786499024,43.07244538517991,41.797810756457245,42.34530508798834,40579300,41.78811340332031,2,2,0.01515768602722023,None
2021-03-22,41.964637756347656,42.4401325712258,41.87818205494849,42.27587168548907,29780900,41.973321024576826,2,2,0.013431019548589496,None
2021-03-23,41.3508186340332,42.275873236277015,40.85802936285065,41.11739317861449,51598100,42.08731066385905,2,2,0.008266382685277018,None
2021-03-24,42.38825607299805,42.958850469016205,41.98192584873882,41.98192584873882,40815400,42.24928410847982,2,2,0.011746106808644075,None
2021-03-25,42.54388046264648,42.66491515902644,41.00500509790466,41.679343147991865,40335100,42.3924919128418,2,2,0.010385246605118525,None
2021-03-26,43.59861755371094,43.65913490261138,42.8205326422079,43.31331865351044,36174300,42.590533065795896,2,2,0.014361690834891139,None
2021-03-29,43.079891204833984,43.45163917488384,42.55252297358398,43.226860949045815,23643100,42.75274848937988,2,2,0.011763654813220059,None
2021-03-30,42.70813751220703,43.16634115691046,42.388256384822014,42.638972955600245,26696100,42.87063496907552,2,2,0.008548976562435917,None
2021-03-31,42.41420364379883,42.81189003390574,42.249939436358126,42.6216907612684,24048700,42.959333165486655,2,2,0.006432279632125115,None
2021-04-01,43.49486923217773,43.51216037253291,42.37961541387753,42.604393642599184,32519800,43.11399472554525,2,2,0.011215858302533022,None
2021-04-05,42.45742034912109,43.41705712199345,42.20670378184052,43.40840990356445,26686100,43.212402725219725,2,2,0.00713642213208332,None
2021-04-06,42.34503173828125,43.235504000578985,42.2758704770866,42.66490957944538,26628900,43.26144002278646,2,2,0.003556122030834885,None
2021-04-07,42.49201202392578,42.70814636118288,42.20671311573124,42.36233010239221,24944300,43.29284947713216,2,2,0.0022777734116207204,None
2021-04-08,41.93870162963867,42.198065449696095,41.454562867820485,42.18941823012193,31883300,43.2567689259847,2,2,0.0026165153706834143,None
2021-04-09,41.66204833984375,42.29316012825242,41.47185238996098,41.93005607106435,22186700,43.239126459757486,2,2,0.0012794090608985176,None
2021-04-12,41.33352279663086,42.32773855161626,41.18654976453452,42.025151864870175,19598100,43.243896102905275,2,2,0.0003458884138952678,None
2021-04-13,41.37675476074219,41.60153300251172,40.96177726197288,41.26436399088342,22412700,43.21446278889974,2,2,0.0021344662444565676,None
2021-04-14,42.52659225463867,43.088542867114114,41.69663716681666,41.73986337594207,33383900,43.231056467692056,2,2,0.0012033523390161394,None
2021-04-15,42.1807746887207,42.57846104606988,42.007866573106455,42.57846104606988,24843100,43.21559193929036,2,2,0.001121467798483211,None
2021-04-16,41.84360504150391,42.595751540359934,41.67069692851628,42.49200799174654,28594500,43.154955037434895,2,2,0.004397310481401351,None
2021-04-19,41.80037307739258,42.24128890443467,41.39404282844816,41.9300549789809,20413900,43.03841285705566,2,2,0.008451489697288372,None
2021-04-20,40.69377136230469,41.71392566308224,40.27879384472625,41.65340831455715,36287000,42.88213246663411,2,2,0.011333253807659927,None
2021-04-21,41.21248245239258,41.35945547603129,39.984841339156446,40.17504055870748,28495500,42.76966171264648,2,2,0.008156235068535578,None
2021-04-22,40.72835159301758,41.42862467577027,40.59002576079932,41.41133683244748,25031400,42.6034127553304,2,2,0.012056161514823804,None
2021-04-23,41.10010528564453,41.28165733266808,40.52086356206462,40.762936256044185,16948900,42.44898529052735,2,2,0.011198882014343714,None
2021-04-26,41.37675476074219,41.68798870930616,40.944486120614,40.944486120614,17945900,42.30064290364583,2,2,0.010757599954974717,None
2021-04-27,41.87818145751953,42.02515449882752,41.34216930828256,41.53236855069957,21134400,42.18640899658203,2,2,0.008284096672029673,None
2021-04-28,43.32196807861328,43.4862289914253,42.15484065195422,42.18942293821412,32937000,42.16335945129394,2,2,0.0016715235110202897,None
2021-04-29,43.80610656738281,44.34212210656411,43.27009432614983,43.94443571138958,33021200,42.14504178365072,2,2,0.0013283738030410719,None
2021-04-30,42.699485778808594,43.78015712691753,42.60438617250345,43.1836277300224,29259500,42.15627746582031,2,2,0.0008147972844622098,None
2021-05-03,43.875267028808594,43.9876577988103,43.05395595193095,43.19228178502997,22870000,42.206420771280925,2,2,0.0036363283071361163,None
2021-05-04,43.90119934082031,44.29024175264055,43.39976946398919,43.96171668288704,26958800,42.27097282409668,2,2,0.004681232215974496,None
2021-05-05,45.31903839111328,45.45736750899084,44.44585727117117,44.44585727117117,39810600,42.403246815999346,2,2,0.00959234052552338,None
2021-05-06,45.552467346191406,45.552467346191406,44.47179576397816,45.31039796711898,29355200,42.508720525105794,2,2,0.007648818332961049,None
2021-05-07,46.36513137817383,46.44293985879447,44.92135252620148,45.08561670637157,31598100,42.63609555562337,2,2,0.009237074118641608,None
2021-05-10,46.382423400878906,47.670582018179736,46.34784112040092,46.94437061788106,34499000,42.728889083862306,2,2,0.006729267852501497,None
2021-05-11,45.18936920166016,46.06255050346062,44.791682798778695,45.41414746913061,56765900,42.79920501708985,2,2,0.00509922144320607,None
2021-05-12,45.405494689941406,46.74552670658931,45.19800430833021,45.42278582990465,41097800,42.88911692301432,2,2,0.006520296291965155,None
2021-05-13,44.85218811035156,45.69078690034785,44.247011447854426,44.86083203072477,39849100,42.97038307189941,2,2,0.005893317061734349,None
2021-05-14,46.24409484863281,46.41699964492621,45.34497539693774,45.34497539693774,28591800,43.06202392578125,2,2,0.006645677384040427,None
2021-05-17,47.31612396240234,47.33341510339935,46.01067414763399,46.07983541367407,33702100,43.22398071289062,2,2,0.011744898827246386,None
2021-05-18,46.21815490722656,47.41986100920779,46.13170251204204,47.24695621883875,35217700,43.353084818522134,2,2,0.009362464431948991,None
2021-05-19,45.06832504272461,45.57840212132172,44.43721328411255,45.137486303612725,43984800,43.43896191914876,2,2,0.006227697378040853,None
2021-05-20,44.99916076660156,45.20665114646485,44.35940508308952,45.05103418605431,28261300,43.540977223714194,2,2,0.00739801926388306,None
2021-05-21,45.09426498413086,45.76860301602901,45.05968270096992,45.4487251416604,25269900,43.65538444519043,2,2,0.008296665211303011,None
2021-05-24,45.54381561279297,45.64755914346556,44.89541277468139,45.40548980591373,24010200,43.7957275390625,2,2,0.010177501468444317,None
2021-05-25,44.61876678466797,45.55246527429927,44.54960222353717,45.43143059026816,24279300,43.903794606526695,2,2,0.00783688536045779,None
2021-05-26,45.01646041870117,45.18072133110719,44.454509811185964,44.66200023028416,19777200,43.98679021199544,2,2,0.006018735038737066,None
2021-05-27,45.05103302001953,45.60433628807048,44.80031644607532,45.19800275774348,19526800,44.082465489705406,2,2,0.006938248634269173,None
2021-05-28,45.13748550415039,45.36226701843778,44.89541614840794,45.301749679502166,18562700,44.19226150512695,2,2,0.007962266452531952,None
2021-06-01,46.87520980834961,46.97895335283939,46.00202535654611,46.02796371612942,36285100,44.36142272949219,2,2,0.012267355392282187,None
2021-06-02,47.74839401245117,47.97317555414424,46.60720505631905,47.16050839287426,33946700,44.5965768178304,2,2,0.017053073388523687,None
2021-06-03,47.87807846069336,48.1460829234365,47.24696660288619,47.54955335048271,29380800,44.81876335144043,2,2,0.016112682923649646,None
2021-06-04,48.19795227050781,48.3967954446593,47.48903198076846,48.18930834900032,26329400,45.06775004069011,2,2,0.01805619589498031,None
2021-06-07,47.99045181274414,48.4832409819734,47.92129056134438,48.189298243143135,20035200,45.29742825826009,2,2,0.01665597025186727,None
2021-06-08,48.40544128417969,48.4918936885817,47.25560517753551,47.826199621253146,28776500,45.53171780904134,2,2,0.01699037823187044,None
2021-06-09,48.10285186767578,48.75125480255196,48.07691680562405,48.54376771024239,28026100,45.739206822713214,2,2,0.015046837596843554,None
2021-06-10,48.042327880859375,48.97602956098176,47.53225084404009,48.75124806112382,28676900,45.896552149454756,2,2,0.011410481626011881,None
2021-06-11,47.87807846069336,48.4832552538346,47.81756111117406,48.21524749314325,19045700,46.032284545898435,2,2,0.009843139594601369,None
2021-06-14,47.67058181762695,48.34491979437168,47.281539408755854,48.05098030538881,18872500,46.197987747192386,2,2,0.012016583986900142,None
2021-06-15,48.578346252441406,48.708028157417935,47.852134840058106,47.97317282374519,32142500,46.35475705464681,2,2,0.01136870944486118,None
2021-06-16,48.3189811706543,48.88957556228077,47.89535981063106,48.50053318209282,30393200,46.50201644897461,2,2,0.010679062721672461,None
2021-06-17,46.67635726928711,48.60427451521829,46.045242313986016,48.197941042121,53470900,46.5472604115804,2,2,0.003281034236557956,None
2021-06-18,45.29310989379883,46.27868191585944,45.2585276093182,45.69944349157574,56906100,46.538615163167314,2,2,0.0006269423453033052,None
2021-06-21,47.22325897216797,47.31059490460545,45.668656719545325,45.668656719545325,42183400,46.56721941630045,2,2,0.002074343811542645,None
2021-06-22,47.53767776489258,47.72108523784154,46.59443362117925,47.10972366302578,24172200,46.60572789510091,2,2,0.002792585575293771,None
2021-06-23,47.668678283691406,48.515847443304736,47.58133902437678,47.97435736216239,20276500,46.68837153116862,2,2,0.005993210668445104,None
2021-06-24,48.07917022705078,48.11410593737832,47.424140650846674,47.88703048355475,20878400,46.77749404907227,2,2,0.006463050883448951,None
2021-06-25,48.33244323730469,48.35864335102996,47.93942487316401,48.210171597716986,19165000,46.89350255330404,2,2,0.00841278818640806,None
2021-06-28,46.69923782348633,48.14903632529062,46.507094769577165,48.12283287961515,32851400,46.908673985799155,2,2,0.0011002128586262705,None
2021-06-29,46.472164154052734,47.24073312223238,46.41102832686656,46.97872195834125,15955500,46.8805419921875,2,2,0.0020400961557385244,None
2021-06-30,47.048587799072266,47.18832730191364,46.56823346628334,46.611901436236415,23517000,46.90822308858235,2,2,0.002007397666917321,None
2021-07-01,47.86955642700195,48.27130704876463,47.42413450716101,48.12283196493356,23625800,47.00159746805827,2,2,0.0067713904404694825,None
2021-07-02,47.764747619628906,47.9219549585221,47.25819323003585,47.66867942955165,15235900,47.093783696492515,2,2,0.006685227248268588,None
2021-07-06,46.21015167236328,47.69488600094234,46.01800860288464,47.60754672770086,34223100,47.13097991943359,2,2,0.002697422460619825,None
2021-07-07,45.45904541015625,46.56822906676793,44.95249100958252,46.1402783373447,30411900,47.12815424601237,2,2,0.0002049142184369357,None
2021-07-08,45.19703674316406,45.62499082752882,44.49833925694322,44.655546607799465,24689900,47.147429911295575,2,2,0.0013978465652458305,None
2021-07-09,46.15774154663086,46.19267725096099,45.24070096370384,45.77345879395584,25603000,47.185472615559895,2,2,0.0027588082023234373,None
2021-07-12,46.08787536621094,46.3673543490487,45.31057423696514,45.6337211861865,20676500,47.22003402709961,2,2,0.002506349311477918,None
2021-07-13,45.73852157592773,46.149007759091546,45.46777820545971,45.86079320538452,24893400,47.24006856282552,2,2,0.0014528788780724944,None
2021-07-14,44.376075744628906,46.41103275435384,44.20140050815371,45.87827478234835,33499700,47.156764094034834,2,2,0.006041133411367139,None
2021-07-15,43.75597381591797,44.428471238957925,43.546366219853866,43.89571332384493,29835400,47.02368342081706,2,2,0.009650840021598328,None
2021-07-16,42.51578140258789,44.10531937902245,42.43717772983443,44.08785152600477,37126900,46.844940185546875,2,2,0.012962230554038223,None
2021-07-19,41.01357650756836,41.598737882186725,40.43715072467752,41.06598006297737,57497400,46.605460993448894,2,2,0.017366724375200315,None
2021-07-20,41.56380844116211,42.00049480707823,40.68170344793869,41.03105054168004,41671000,46.39123954772949,2,2,0.015535064948539123,None
2021-07-21,43.01359939575195,43.36294975903815,42.288698558011305,42.3847700744976,41021300,46.2115114847819,2,2,0.013033648996203295,None
2021-07-22,42.53324890136719,42.96993522821561,42.16643065435533,42.96993522821561,23635000,46.025858052571614,2,2,0.01346334918812836,None
2021-07-23,42.37604904174805,42.6904637856761,41.94809489992311,42.672995929718674,23475900,45.836982091267906,2,2,0.013697042871768428,None
2021-07-26,43.42409133911133,43.598763212296966,42.40224355638277,42.48084723197727,23633100,45.68851585388184,2,2,0.010766581434983102,None
2021-07-27,43.0223388671875,43.15334610829284,42.51578442032879,43.08347802291518,23444200,45.53357442220052,2,2,0.011236154234257723,None
2021-07-28,43.41535568237305,43.77343835251889,42.74285831031331,43.13587668770568,19584600,45.36147473653158,2,2,0.01248044884354027,None
2021-07-29,43.834564208984375,44.166446689071066,43.5725531275061,43.97430367454956,21897000,45.21199417114258,2,2,0.010840139202982213,None
2021-07-30,43.135868072509766,43.93063692954684,42.87385698379512,43.747229500611766,24800300,45.09397786458333,2,2,0.00855839144035131,None
2021-08-02,42.81273651123047,44.210131706074215,42.742865085661805,43.16208364411493,28905400,45.011298751831056,2,2,0.005995783392184539,None
2021-08-03,43.546363830566406,43.63369976885909,42.27124047423936,42.67299112102966,32151000,44.88873558044433,2,2,0.008888124255709062,None
2021-08-04,42.367305755615234,43.29308196335544,42.30616993669064,42.76032411416779,32261900,44.71638984680176,2,2,0.012498291927541039,None
2021-08-05,42.84766387939453,43.3716861424939,42.44590992392256,42.62932071449441,22900000,44.55568936665853,2,2,0.011653793054671846,None
2021-08-06,43.24067687988281,43.581294999716135,43.00486920472057,43.21447676745415,18107400,44.39440625508626,2,2,0.011696044739888167,None
2021-08-09,42.62931823730469,42.96993302169138,42.341103677191576,42.66425060960304,21096700,44.204302088419595,2,2,0.01378611075206193,None
2021-08-10,43.38042068481445,43.49396006939692,42.80399483242633,42.85639839415342,26641500,44.09367485046387,2,2,0.0080225456463906,None
2021-08-11,43.72103118896485,43.79963485197645,42.99613037100759,43.26687706174799,23843100,44.00197041829427,2,2,0.006650288000061733,None
2021-08-12,43.6773681640625,43.92191479064194,43.14461360463634,43.68610375696847,18258600,43.889596430460614,2,2,0.008149217710951562,None
2021-08-13,43.162071228027344,43.70356462545856,43.05726745147536,43.70356462545856,16525400,43.732680257161455,2,2,0.011379359967870095,None
2021-08-16,42.367305755615234,42.594384510179935,41.99175858150086,42.576916657394015,24129200,43.552765528361,2,2,0.013047185764841096,None
2021-08-17,41.93061828613281,42.6118511995756,41.55507112227164,41.95682173042241,25554100,43.41011441548665,2,2,0.010344876051238572,None
2021-08-18,41.057247161865234,42.2537701013925,41.00484693467434,41.92188755869023,28152900,43.263387807210286,2,2,0.010640425759416705,None
2021-08-19,39.991729736328125,40.61182344525056,39.42403624798108,40.34981234741802,49628100,43.08987757364909,2,2,0.012582739970581791,None
2021-08-20,40.07906723022461,40.332346078445056,39.450237905443366,39.62491308806616,30793800,42.887255096435545,2,2,0.014693922604132603,None
2021-08-23,41.58126831054688,41.69480767674428,40.961174589622175,41.04851051337283,29352200,42.73703486124675,2,2,0.010893779109770185,None
2021-08-24,42.27123641967773,42.48957957611894,41.86075021943958,41.93061829704164,22691100,42.62145868937174,2,2,0.008381435997465547,None
2021-08-25,42.59438705444336,42.83019808366044,41.90442182062144,42.18390081858558,19908800,42.56206906636556,2,2,0.0043068594163013785,None
2021-08-26,41.94808578491211,42.58564739638306,41.87821770791707,42.349839721329154,20732700,42.5018061319987,2,2,0.004370190837965859,None
2021-08-27,43.066017150878906,43.354228463724304,42.37605178827928,42.47212333644544,23101300,42.5201473236084,2,2,0.0013300797309691026,None
2021-08-30,42.559452056884766,43.39788906476642,42.541984202764,43.23194944809792,15908900,42.57167650858561,2,2,0.0037368305151614933,None
2021-08-31,42.27123641967773,42.73412284520439,42.1664293057964,42.349840089262656,26936600,42.5952574412028,2,2,0.0017100590397235438,None
2021-09-01,41.65114212036133,42.47211457596906,41.49393477063442,42.2275679588092,31729900,42.54984219868978,2,2,0.0032934552361180147,None
2021-09-02,42.70792007446289,43.04853484424731,42.03542279468127,42.03542279468127,30817700,42.5556645711263,2,2,0.0004222309939705404,None
2021-09-03,42.46337890625,42.93500095457386,42.262503588997774,42.620586255691286,19581400,42.5585755666097,2,2,0.0002111016651371589,None
2021-09-07,42.210105895996094,42.79526402945044,42.052898537110806,42.262506127856135,21236400,42.51810938517253,2,2,0.002934555663811511,None
2021-09-08,41.66860961914063,42.725389758690405,41.64240950495997,42.445910768588845,21899200,42.472985076904294,2,2,0.003272357057206743,None
2021-09-09,41.755950927734375,42.41098046750125,41.17078947308331,41.38913265300561,25264800,42.417671585083006,2,2,0.004011263601963355,None
2021-09-10,41.73847961425781,42.48958062400367,41.60747238450131,42.40224136028191,18756500,42.34780209859212,2,2,0.0050668456975065945,None
2021-09-13,42.93499755859375,43.22321212032367,42.27996809828262,42.27996809828262,34249800,42.34110641479492,2,2,0.00048556241563502134,None
2021-09-14,42.314918518066406,43.39789907001141,42.13151100499313,43.3192953741724,29467900,42.32451248168945,2,2,0.0012033707814801398,None
2021-09-15,43.89570236206055,43.93063806323119,42.8476579801559,42.91752605084535,38347500,42.33615709940592,2,2,0.0008444527667095247,None
2021-09-16,43.39788055419922,43.86077026849296,43.16206956729151,43.852034677319416,30321900,42.37050959269206,2,2,0.002491198827233143,None
2021-09-17,43.07474136352539,43.86077812739181,42.961201979488585,43.17954515482343,32229500,42.378078842163085,2,2,0.0005489122797636137,None
2021-09-20,41.75938034057617,42.26325064549673,41.07871266835575,42.03341305636812,42830000,42.32870229085287,2,2,0.0035807242779224424,None
2021-09-21,41.85661697387695,42.47540609235585,41.4146252281248,42.25441021947977,25661700,42.30294558207194,2,2,0.0018678435411941807,None
2021-09-22,43.1472282409668,43.65109847735077,42.563799368725945,42.563799368725945,39626100,42.29517250061035,2,2,0.0005636939147274367,None
2021-09-23,44.658836364746094,44.79143183541216,43.18258251200421,43.38590163685709,24867100,42.326432673136395,2,2,0.0022669476852040793,None
2021-09-24,44.9947509765625,45.22458514907746,44.33176350660605,44.42016048708212,27751500,42.37034543355306,2,2,0.003184497158310262,None
2021-09-27,46.59476089477539,46.78039658627757,45.92293504223611,45.984813606070176,40848700,42.48476842244466,2,2,0.008297808644076032,None
2021-09-28,46.75387954711914,47.584826066814266,46.64780248771533,47.03675395361525,66487600,42.630987548828124,2,2,0.01060362382233715,None
2021-09-29,46.75387954711914,47.04559567564077,46.13509051836056,46.7096810533783,34947200,42.79176292419434,2,2,0.0116592243603445,None
2021-09-30,46.04669570922852,46.877638896104486,46.04669570922852,46.62128627142864,44599400,42.958077875773114,2,2,0.01206094733425378,None
2021-10-01,47.59366607666016,47.637864571942536,46.38260977085198,46.38260977085198,41656000,43.21147575378418,2,2,0.018376089655748773,None
2021-10-04,48.37156677246094,48.9019553983176,47.88537326460892,48.10636908740397,57407900,43.487892405192056,2,2,0.020045381628615022,None
2021-10-05,48.654441833496094,49.54726348628612,48.1505716202761,49.061073343791406,49014800,43.72366485595703,2,2,0.01709791623994439,None
2021-10-06,48.141727447509766,48.40692175062806,47.29310432867981,47.8500147257182,50087400,43.9193478902181,2,2,0.014190683086672484,None
2021-10-07,48.51300430297852,48.77819861775895,48.0268141638596,48.26548668667193,38798100,44.116635131835935,2,2,0.014307018150114259,None
2021-10-08,50.006935119628906,50.12185389307405,48.91079771364489,49.02571311496134,43100200,44.385263442993164,2,2,0.01948058116604312,None
2021-10-11,49.8213005065918,50.90859958666794,49.77710201497155,50.75832066860459,43010700,44.61043955485026,2,2,0.016329483310188686,None
2021-10-12,49.86550521850586,50.34285708065911,49.52075221988268,49.72406800440073,35519100,44.85397466023763,2,2,0.017660854013644034,None
2021-10-13,49.8213005065918,50.07765647896949,48.94615553514434,49.50306597152,28951300,45.10564346313477,2,2,0.018250699342442056,None
2021-10-14,50.431251525878906,50.64340902237769,49.92738126533944,50.38705303097929,23393300,45.39831377665202,2,2,0.021224076393150493,None
2021-10-15,50.67876815795898,51.19147675841697,50.65224636384414,50.99699933817656,22677400,45.664008712768556,2,2,0.019267856564066377,None
2021-10-18,50.71411895751953,51.45666503483872,50.43124458255304,51.17379065987222,32628800,45.939033381144206,2,2,0.019944436801451193,None
2021-10-19,51.288719177246094,51.46551653823722,50.65225002652971,50.926286104672414,22276300,46.24165382385254,2,2,0.021945647021668735,None
2021-10-20,51.70418548583984,51.71302383523743,50.69644167594965,50.89976080551019,25106300,46.57617301940918,2,2,0.024258903734187764,None
2021-10-21,50.74948501586914,51.49203117978467,50.33401175387803,51.30639548183802,32120900,46.87595748901367,2,2,0.021739985883436064,None
2021-10-22,51.226837158203125,51.27103565244324,50.45777256761259,50.93512102638629,21502500,47.19223607381185,2,2,0.02293611799776346,None
2021-10-25,51.978214263916016,52.26108863326596,51.5804211282275,51.85445714884147,25056100,47.493676630655926,2,2,0.02186008320955135,None
2021-10-26,52.27877426147461,52.51745016826524,51.960539719087095,52.15501713324143,22751600,47.8258051554362,2,2,0.024085535350565956,None
2021-10-27,50.7760009765625,51.99589890931932,50.66108557223949,51.71302451507552,34003800,48.055148442586265,2,2,0.016631681526668995,None
2021-10-28,51.1384391784668,51.182641046893785,50.493131690556304,50.50197341309335,23367500,48.313167063395184,2,2,0.01871118000692301,None
2021-10-29,50.802528381347656,51.50971444507761,50.590370876164094,51.394795655931134,21998900,48.57075996398926,2,2,0.018680307322046508,None
2021-11-01,51.67765808105469,51.81909526095673,51.16494956845792,51.30638674835996,24828400,48.90136922200521,2,2,0.02397536007012796,None
2021-11-02,51.19147109985352,51.7748999239552,51.023515492293285,51.37710677749301,17062700,49.212531026204424,2,2,0.02256505562039346,None
2021-11-03,50.76716232299805,51.29755096599639,50.36053080522407,50.57268491357191,23337400,49.4665288289388,2,2,0.018419595428523117,None
2021-11-04,50.83788299560547,51.6511494634404,50.37821460280672,51.51855060681795,38181600,49.67249704996745,2,2,0.0149365516616215,None
2021-11-05,51.50086975097656,51.73070731600842,51.0765581372204,51.53622989515515,22603500,49.88936767578125,2,2,0.01572718009690202,None
2021-11-08,51.96937942504883,52.50860978183045,51.686505036594326,51.93401928345984,20011200,50.068521626790364,2,2,0.012992015133533735,None
2021-11-09,52.1815299987793,52.19921006837723,51.288708402918346,52.03125446538951,19689000,50.24944330851237,2,2,0.013120208701381614,None
2021-11-10,50.802528381347656,52.12850351538975,50.50197388274628,51.96054450691511,36016500,50.38439826965332,2,2,0.00978676098189693,None
2021-11-11,50.99699401855469,51.34175032905366,50.83787675897934,50.83787675897934,24498300,50.549408213297525,2,2,0.011966309829806926,None
2021-11-12,50.87324142456055,51.07655719162996,50.56384859904816,50.78484443787955,17095000,50.65872739156087,2,2,0.007927686832374964,None
2021-11-15,51.29754257202149,51.5980969864409,50.39587932876323,50.829032568299056,21375700,50.75625991821289,2,2,0.007072933949474197,None
2021-11-16,51.37710952758789,51.79258276636865,51.12959527748637,51.44782981169047,20479400,50.84701550801595,2,2,0.006581479166564125,None
2021-11-17,50.590362548828125,51.60694466644605,50.41356521896476,50.87323692775807,23669500,50.928636678059895,2,2,0.00591906274159551,None
2021-11-18,50.28981399536133,50.87324289181797,49.67986667656133,50.47544969602277,28955500,50.98786366780599,2,2,0.0042950654605198035,None
2021-11-19,48.32736206054688,49.33510578565813,48.22128501605616,49.20250695094841,45689800,50.93187789916992,2,2,0.004060016255769544,None
2021-11-22,49.18482971191406,49.92737581033662,48.24780958275536,48.25664793191802,33892900,50.910662206013996,2,2,0.0015385349025104356,None
2021-11-23,50.69643783569336,50.8643968106832,49.78593617091953,49.83013465881689,33862300,50.93835995992025,2,2,0.0020086056483154258,None
2021-11-24,51.19147109985352,51.48318719796864,50.36052803889916,50.43124494708768,21434300,50.98403231302897,2,2,0.0033121005673071024,None
2021-11-26,49.13179397583008,49.29090786923088,47.85885585159393,48.65444217924152,44727200,50.94071706136068,2,2,0.0031411665889445606,None
2021-11-29,49.4146728515625,50.70528779169622,49.25555557158667,50.2014175291491,35441200,50.89858055114746,2,2,0.0030556857679158167,None
2021-11-30,48.25665283203125,49.22019485077589,48.01797691486012,48.48648702701328,46262000,50.81666501363119,2,2,0.0059404098937725636,None
2021-12-01,47.74394226074219,49.83898536029918,47.71742383765104,49.38815193497514,44774800,50.69850578308105,2,2,0.008568756105166553,None
2021-12-02,49.13179397583008,49.30858794008179,47.20471009075366,47.77045886946807,50371900,50.61275939941406,2,2,0.006218217951501959,None
2021-12-03,48.74283599853516,50.01577404017272,48.27432595383716,49.79477822706936,37940100,50.54587109883627,2,2,0.004850653912281067,None
2021-12-06,49.46770477294922,50.05113361741167,48.884275928486765,49.49422656505798,31969500,50.48723335266114,2,2,0.004252334271237168,None
2021-12-07,50.62572860717773,51.103080441970825,50.09533655558685,50.1572184945821,36843300,50.44215049743652,2,2,0.0032693509355615213,None
2021-12-08,50.61688232421875,51.15611267729152,50.51080527231009,50.90859843212842,23515000,50.386754099528,2,2,0.004017275845254381,None
2021-12-09,50.22792434692383,50.431240075000574,49.91853158074797,50.29864462040874,23399400,50.36848487854004,2,2,0.0013248605136337854,None
2021-12-10,50.599212646484375,50.80252842924033,49.69754914983023,50.767168282988216,19525600,50.350510660807295,2,2,0.001303467255295676,None
2021-12-13,49.19367218017578,50.29865130936096,48.95499628361634,50.14837239428486,28604000,50.29688212076823,2,2,0.003889073056175002,None
2021-12-14,48.99034881591797,49.74173658205604,48.82239321677408,48.89311349354733,28798800,50.207305145263675,2,2,0.006496007566766854,None
2021-12-15,48.75167465209961,49.04338735353527,47.664372352568776,48.91963024552449,33858100,50.12597859700521,2,2,0.005897697146954456,None
2021-12-16,49.06107711791992,50.06881762188251,48.9815184796003,49.17599590041025,26865900,50.06910909016927,2,2,0.004124103818461261,None
2021-12-17,48.06216430664063,48.92846741395544,47.62901443904732,48.70747162008549,34635100,49.97658513387045,2,2,0.0067097188405715324,None
2021-12-20,47.46671676635742,47.50253476650552,46.25788829559532,46.76828284243198,36330800,49.84211336771648,2,2,0.009751720300137545,None
2021-12-21,48.81881713867188,48.99790372325656,47.93234042366358,47.9502494237013,25159700,49.73709462483725,2,2,0.007615824764714563,None
2021-12-22,49.1322021484375,49.4635134313685,48.281543675054735,48.87253026110738,21103100,49.63545036315919,2,2,0.007371111708784239,None
2021-12-23,49.15907287597656,49.839597681722864,49.14116387901062,49.34711222043111,16685300,49.580668512980154,2,2,0.003972709630795546,None
2021-12-27,50.23358917236328,50.27836337606536,48.5859989004166,48.99789903024739,21742200,49.55522168477377,2,2,0.0018453713987081344,None
2021-12-28,50.19777297973633,50.6902584625167,49.92018863834024,50.358950543670566,17938500,49.53270606994629,2,2,0.0016328035576760047,None
2021-12-29,49.87541961669922,50.35895232561164,49.63365326224301,50.11718597115543,15109100,49.485301971435554,2,2,0.0034376845264870726,None
2021-12-30,49.57098007202149,50.28732302362444,49.52620927800741,49.89333525419097,13590000,49.42509765625001,2,2,0.004365939849994338,None
2021-12-31,49.69633483886719,49.95601020105863,49.36502689636325,49.445615684085,13241200,49.39529673258464,2,2,0.0021611248262901617,None
2022-01-03,51.23647689819336,51.317065689534296,49.74110786237654,49.767973070018485,32527100,49.42685216267905,2,2,0.002288359386005634,None
2022-01-04,53.009422302246094,53.21537065877654,51.76477595602737,51.93490631599805,39978800,49.58292083740235,2,2,0.011317900456309454,None
2022-01-05,53.00046157836914,54.11974825703222,52.919872800873726,53.52876502732979,45402000,49.710108566284184,2,2,0.009223491243843945,None
2022-01-06,54.182430267333984,54.48687639308971,53.421316660840674,54.245113466447,37340700,49.826308314005544,2,2,0.008426656919399589,None
2022-01-07,54.92564392089844,55.06891249971315,54.01230545003251,54.38838760429135,35584600,49.9507807413737,2,2,0.009026581054818489,None
2022-01-10,54.755516052246094,55.15845660021172,54.039169709657166,55.05100601514039,33236500,50.1382381439209,2,2,0.013594170807108258,None
2022-01-11,56.61799621582031,56.71649398880326,54.76445777304332,55.23008143527698,38443900,50.378348922729494,2,2,0.01741252623475284,None
2022-01-12,56.7254524230957,57.07467276636066,56.31355570945047,56.92244798866176,30248400,50.66064224243164,2,2,0.020471550088667773,None
2022-01-13,56.43891143798828,57.18211944597654,56.20610130745949,56.725448559773845,29777000,50.95047454833984,2,2,0.021018267715205263,None
2022-01-14,57.76415252685547,57.853694100569655,56.45682300640057,56.49264100220308,32400500,51.238219833374025,2,2,0.020866919633700604,None
2022-01-18,57.99695587158203,58.67748408899371,57.11048272979056,58.381990764535296,41066700,51.54669049580892,2,2,0.022369897465456673,None
2022-01-19,57.57611846923828,58.50735911943539,57.11944752022551,58.44467932891088,32989000,51.81697095235189,2,2,0.019600392633964625,None
2022-01-20,57.04780960083008,58.578993144864455,56.93140623137176,57.20003438397199,41990400,52.031040318806966,2,2,0.01552403635501673,None
2022-01-21,55.91957473754883,56.76127726464696,55.32859138537513,56.40310750272529,57269800,52.20779673258463,2,2,0.012818148803381932,None
2022-01-24,56.29565048217773,56.49264606093978,53.582500249337286,54.59433651871633,62252800,52.410054270426436,2,2,0.014667457668172262,None
2022-01-25,58.48049545288086,58.69540344057532,55.04204962878448,56.08074765876167,59217200,52.672763697306316,2,2,0.019051351256951975,None
2022-01-26,58.38199615478516,59.57291893731429,57.74624207871536,59.09834243204983,65362700,52.97904116312663,2,2,0.022210849655196797,None
2022-01-27,59.01775741577149,60.047495802075815,58.041735777944666,59.41174172219983,54450700,53.31328811645508,2,2,0.024239161076385213,None
2022-01-28,58.767032623291016,59.34010692748653,57.54029864317776,58.623767463034426,52651200,53.647133382161456,2,2,0.024210031204364862,None
2022-01-31,59.02669906616211,59.40277774054461,57.70146749979036,58.6327148112972,31649200,53.9793207804362,2,2,0.02408980478100145,None
2022-02-01,61.1309700012207,61.27424200282387,58.54317924863265,58.67749504223936,45222300,54.4149476369222,2,2,0.031591101843754466,None
2022-02-02,61.32795333862305,61.44436352457132,60.06540152669312,60.81755889012649,32598500,54.87698885599772,2,2,0.03350663759706998,None
2022-02-03,60.74593734741211,61.202608330414485,60.08332139375151,61.07724874003506,30981300,55.274559529622394,2,2,0.02883131619083401,None
2022-02-04,61.695091247558594,62.680062288634495,61.372736094975984,61.51600125635457,40866700,55.6933224995931,2,2,0.030368154386649415,None
2022-02-07,62.483055114746094,63.06508552283791,60.93396626001585,61.39958648753929,32582500,56.137455240885416,2,2,0.032207937718739255,None
2022-02-08,61.13991928100586,62.420383615998944,60.71011698807049,62.29502404459411,37882100,56.50099957784017,2,2,0.02636376982378913,None
2022-02-09,61.65031433105469,62.12489083160478,61.13096362677618,61.28319182050218,35395700,56.88275095621745,2,2,0.02768412115495411,None
2022-02-10,61.265281677246094,62.44724828469319,60.86234115509227,61.345873880627614,37821600,57.262413024902344,2,2,0.02753260709127181,None
2022-02-11,63.04718017578125,63.12776553347246,61.2921327392275,61.677167610780096,46517000,57.71161969502767,2,2,0.032575892540911366,None
2022-02-14,61.560768127441406,62.73377839583565,60.82651632994837,62.66214923947288,49816500,58.10710080464681,2,2,0.02867978368468821,None
2022-02-15,60.91605758666992,61.05932956182832,59.70722933050209,60.04749002412759,43046100,58.4297534942627,2,2,0.023398359917564615,None
2022-02-16,61.40855407714844,62.474110490298855,61.03247534309534,61.39959786969442,36722100,58.709724553426106,2,2,0.020303142727884582,None
2022-02-17,61.31005096435547,61.95476121335075,60.83547448428506,61.35481833456767,33811400,58.98671086629232,2,2,0.02008669274816338,None
2022-02-18,60.93398284912109,61.41750878828719,60.34299607434106,60.44149387013773,31645800,59.21176261901856,2,2,0.01632046494525169,None
2022-02-22,59.94900131225586,62.77856176515596,59.04462245078276,62.77856176515596,46501400,59.379207865397134,2,2,0.012142914865874765,None
2022-02-23,60.56684875488281,61.03247590459054,59.94900023497955,60.298217181468,33979000,59.57291895548503,2,2,0.01404768022016567,None
2022-02-24,60.092262268066406,61.927895108420834,58.52526095659726,61.85625912317362,61742900,59.68872782389323,2,2,0.008398310852101964,None
2022-02-25,61.67718505859375,61.73986485394616,60.22659355712801,60.22659355712801,39211500,59.853785578409834,2,2,0.011969777013054683,None
2022-02-28,63.19941329956055,63.27104929636385,60.89815984703547,61.23842058447418,48197100,60.07913564046224,2,2,0.016342097955622026,None
2022-03-01,63.83516311645508,64.90967567006066,62.93973371125568,63.76352712445891,62115500,60.28150266011556,2,2,0.014675397148959712,None
2022-03-02,65.2947006225586,65.81405123789335,64.49776912008218,64.81116799775552,45454100,60.52476081848145,2,2,0.01764077017025667,None
2022-03-03,65.47380828857422,65.92152304397085,64.52464836165555,64.65896415459154,44559900,60.788017145792644,2,2,0.019091011775964728,None
2022-03-04,67.3631591796875,67.39897034517557,65.29471254615406,65.46484632435227,52608400,61.13186213175456,2,1,0.02493519811337941,None
2022-03-07,68.3570785522461,69.449503536239,66.83485127291503,68.06159203604524,65607400,61.54644559224447,2,1,0.030065061710660812,None
2022-03-08,69.43160247802734,71.83135375005364,67.45270415331527,69.9151352154787,98027200,61.984310658772785,2,1,0.03175341397015741,None
2022-03-09,67.30944061279297,68.89435481212334,65.81407483769394,66.88858761261388,87018200,62.278608830769855,2,1,0.02134212660575241,None
2022-03-10,69.3689193725586,69.54800252679588,67.62282787661509,68.1063605909571,68901300,62.64483960469564,1,1,0.026558586793140493,None
2022-03-11,68.8137435913086,69.67335494014992,68.15112779083204,68.25858177128109,45918900,62.97137247721354,1,1,0.02367974581332588,None
2022-03-14,66.7542724609375,67.81982892849366,65.85884295418629,67.34525238296912,50745000,63.23761380513509,1,1,0.01930748019815054,None
2022-03-15,64.30973815917969,65.05294618833001,63.07404806721646,64.1664730099995,62362200,63.41371510823568,1,1,0.012770641015901751,None
2022-03-16,64.0142593383789,65.11564073760437,63.34268714732537,64.55151572490462,53768100,63.50982475280762,1,1,0.0069697483629242996,None
2022-03-17,66.21700286865234,66.38713664453951,64.74849916655016,65.15144650445382,38478200,63.67279307047526,1,1,0.011818253728140382,None
2022-03-18,66.15433502197266,66.6020498127235,65.6528966424391,66.10061143318994,29275400,63.85307299296061,1,1,0.013073669143265909,None
2022-03-21,68.82110595703125,69.03806962537779,67.45607908590752,67.49223969729861,34357400,64.09060681660971,1,1,0.01722564874619037,None
2022-03-22,68.31486511230469,68.91150480176756,67.53742927890623,68.53182186441354,33231100,64.28500048319499,1,1,0.014097179793766679,None
2022-03-23,69.49006652832031,70.1319018587769,69.2640678811061,69.59854146494706,29331500,64.56333872477214,1,1,0.020184732887233436,None
2022-03-24,69.66183471679688,70.3488726726214,69.20080235023515,69.7522397112751,26350300,64.83038940429688,1,1,0.01936617334009816,None
2022-03-25,71.18955993652344,71.27995799832667,69.19173311387291,69.24597057156885,28041800,65.16119867960612,1,1,0.0239898650681295,None
2022-03-28,69.42679595947266,69.75223460435552,68.98383358914573,69.7251089698384,34880200,65.3738525390625,1,1,0.015421385599925341,None
2022-03-29,69.24597930908203,69.2821399177521,67.06735608792462,67.87191066427377,36637000,65.6300262451172,1,1,0.01857738915122642,None
2022-03-30,70.05054473876953,70.54774456385347,69.48103058207226,69.9149441594801,24868200,65.93450915018717,1,1,0.022080710407387016,None
2022-03-31,69.10134887695312,70.7014162714737,69.09230699988481,69.39062687075639,32803300,66.190935643514,1,1,0.01859572096052553,None
2022-04-01,69.66183471679688,70.31271205421666,68.96576177907072,69.01095737937709,24806300,66.46932843526204,1,1,0.02018868879577962,None
2022-04-04,69.75222778320312,70.33981876523329,69.01094557806906,70.11382011155044,23003700,66.76326993306478,1,1,0.02131626104987472,None
2022-04-05,68.65838623046875,70.95453331264525,68.5770300280395,69.8787844423585,27288600,67.05358276367187,1,1,0.02105311475109184,None
2022-04-06,69.065185546875,70.03245944716546,68.67646761141634,69.4087009957029,32164200,67.33686065673828,1,1,0.02054295008836937,None
2022-04-07,69.96919250488281,70.20423306254362,68.10695869715845,69.39063643751184,27048700,67.66609166463216,1,1,0.023875411136025093,None
2022-04-08,71.89469909667969,72.09357903891691,70.1590308866805,70.1590308866805,26713100,68.0066754659017,1,1,0.024698701175198456,None
2022-04-11,69.734130859375,71.14435998501692,69.58045345915613,71.12628313078598,26230500,68.22449938456218,1,1,0.015796311673520913,None
2022-04-12,70.8912582397461,72.18397085494833,70.75565766392704,71.14437563624469,31964700,68.45970255533854,1,1,0.01705663278409153,None
2022-04-13,71.94892120361328,72.14780110336686,70.5748525551181,71.7590831802842,24647900,68.68150990804037,1,1,0.016085185209700814,None
2022-04-14,72.18396759033203,72.75348860362833,71.49692976167104,71.6054115968064,25934700,68.90518188476562,1,1,0.01622040535636371,None
2022-04-18,73.24163818359375,73.67555861869721,72.32860861926304,72.78060591140228,30456600,69.10113118489583,1,1,0.014209992346568612,None
2022-04-19,72.64501190185547,73.57612530420255,72.22013330538284,72.86196869052567,22863900,69.24406229654947,1,1,0.010365181204194718,None
2022-04-20,72.92524719238281,73.31396517006358,72.12973437856417,72.83484910623349,26039700,69.36051712036132,1,1,0.00844515471087548,None
2022-04-21,70.61103057861328,73.68461411254236,70.33982939443942,73.35917545030678,32578900,69.470570119222,1,1,0.00798090256248929,None
2022-04-22,68.88438415527344,71.34325051345705,68.85726542141471,70.33078099909766,35749600,69.4544189453125,1,1,0.0011712624515098913,None
2022-04-25,66.6063232421875,66.96792246612489,64.18361740781795,66.71480507844818,55362200,69.38083826700846,1,1,0.005335976575884471,None
2022-04-26,66.69672393798828,68.52279698682234,66.52496274807658,67.10352566721099,44584300,69.37891998291016,1,1,0.00013911150658452165,None
2022-04-27,67.67304992675781,68.33296225528161,65.91929784280227,67.12161255802813,44566300,69.49103037516277,1,1,0.008130102096928438,None
2022-04-28,69.72509765625,70.2946186408507,66.7871153477809,68.12503032597961,43734800,69.68139165242513,1,1,0.013804756083251046,None
2022-04-29,67.9352035522461,70.27654653084312,67.6911211192831,69.87879355001776,39708100,69.73866500854493,1,1,0.004153390451426819,None
2022-05-02,69.01998901367188,69.04710774921705,67.31143970500887,67.51936150574139,52070600,69.83418680826823,1,1,0.00692711860719375,None
2022-05-03,70.95452880859375,71.27996739151531,69.10134415816198,69.1465397465544,41649400,69.90530090332031,1,1,0.00515710311673323,None
2022-05-04,73.90154266357422,74.05522005727502,71.39748119451575,72.3195524536506,45383700,70.09152348836263,1,1,0.013504623422748274,None
2022-05-05,72.7896499633789,74.498206285783,71.30709921214333,74.42588505476365,46597000,70.20150960286459,1,1,0.007976052194435868,None
2022-05-06,74.95924377441406,74.96828565314682,72.25630137566209,73.7298103501997,47122800,70.37808990478516,1,1,0.012805377397003381,None
2022-05-09,68.75782775878906,73.41340137488201,68.47759163699568,73.35012202812442,53022000,70.29703216552734,1,1,0.0058782034624176305,None
2022-05-10,69.381591796875,71.13534368579474,67.9171179301236,69.81551227859352,56863900,70.29552536010742,1,1,0.00010927159969753575,None
2022-05-11,70.31270599365234,72.61789521549748,70.1951891666658,70.53870466650257,49852500,70.33108291625976,1,1,0.002578588443294727,None
2022-05-12,70.61103057861328,70.64719119629864,68.41432305698939,70.2855919163777,45021800,70.34976577758789,1,1,0.001354857181466329,None
2022-05-13,73.02467346191406,73.31395142150274,71.5330811809069,71.65963985716878,29718700,70.48054326375326,1,1,0.009483815845622079,None
2022-05-16,74.9501953125,75.71858934020185,73.24163917979772,73.28684166839899,28259400,70.6568219502767,1,1,0.012783504634599874,None
2022-05-17,75.81803894042969,76.27907127752793,75.14004290676866,75.96267450787258,28164700,70.85901565551758,1,1,0.014662828609686818,None
2022-05-18,73.87443542480469,76.45081850229187,72.9885177348091,76.36042042705094,33230700,71.03288396199544,1,1,0.012608706960011817,None
2022-05-19,73.6032485961914,74.84172384799513,72.19301903715389,72.19301903715389,35720500,71.184152730306,1,1,0.010969817389189451,None
2022-05-20,73.91963195800781,75.3841056245658,72.4370814349432,74.50722979997478,31920000,71.31583404541016,1,1,0.00954936036297549,None
2022-05-23,75.87226104736328,76.13442028824092,74.33547310779743,74.79650535150864,26644700,71.44841944376627,1,1,0.009614923322794011,None
2022-05-24,76.16155242919922,76.47794919046822,74.45300302141449,75.03155906971556,26563800,71.66266682942708,1,1,0.01553694607987599,None
2022-05-25,77.73448944091797,77.84297126983766,76.31521827297462,76.42370010189431,26324000,71.89077453613281,1,1,0.016542078814916872,None
2022-05-26,78.59330749511719,79.1808985779536,78.15034509211411,78.20458946821753,21339100,72.11225407918295,1,1,0.016061412873496383,None
2022-05-27,80.03064727783203,80.24760406815862,78.05089673742243,78.24074168800671,18667200,72.37381006876628,1,1,0.018967705461098827,None
2022-05-31,78.82832336425781,81.77534757935587,78.4034517118334,81.35046903000027,39340600,72.56003290812174,1,1,0.013504641865212275,None
2022-06-01,80.11202239990234,80.69961350779096,78.9458682694839,79.82274433710394,29648600,72.80893325805664,1,1,0.018049934678423973,None
2022-06-02,79.85888671875,80.41936590323205,79.06337388326469,79.55153183808478,26302700,73.04005457560221,1,1,0.016760622014311943,None
2022-06-03,80.91655731201172,81.1696746925452,79.86792028188005,79.95831836108037,20525300,73.38357213338216,1,1,0.0249114534408712,None
2022-06-06,80.82615661621094,81.35951009407852,80.39223619439282,81.30527262770042,16692300,73.78163121541341,1,1,0.028866734943107764,None
2022-06-07,83.23983001708984,83.34830496234338,80.70864220821811,80.7719215585933,25689400,74.3360814412435,1,1,0.04020802044387639,None
2022-06-08,83.4206314086914,84.3517448639985,82.90535469570919,83.64663008801574,28492700,74.89354502360025,1,1,0.04042654520080635,None
2022-06-09,81.57647705078125,83.23078895135652,81.48607896321073,82.70647038774271,24588100,75.35699259440104,1,1,0.033608624423454136,None
2022-06-10,80.19337463378906,81.84768670607919,79.26226113099389,80.63633013671505,31271800,75.70593516031902,1,1,0.025304868084711662,None
2022-06-13,76.00787353515625,77.84298161238193,74.4982040909977,77.76161850564915,44731300,75.97502415974935,1,1,0.01951398968973095,None
2022-06-14,76.15250396728516,78.53001420412357,75.1581112762979,77.5356146162048,34756400,76.21277465820313,1,1,0.017241361725589766,None
2022-06-15,74.47107696533203,76.36042937483438,73.21452495052873,75.98075327617407,43223200,76.3299929300944,1,1,0.008500518988055372,None
2022-06-16,70.27652740478516,72.8890708430079,69.67085277171465,72.49131797043269,57979100,76.20915908813477,1,1,0.008762715499937679,None
2022-06-17,66.4345703125,70.30366662636439,65.63001556017457,69.788389909741,64234200,75.99732309977213,1,1,0.01536207463543171,None
2022-06-21,69.87626647949219,70.35161214719022,68.08456823313021,68.20340290648595,35006700,75.82789052327475,1,1,0.012287033501458655,None
2022-06-22,67.07902526855469,68.25825676552898,66.1466133967226,66.51226770942623,41212600,75.77193044026693,1,1,0.004058153566897316,None
2022-06-23,64.59259796142578,67.88347316732877,63.50477818662881,67.39898411699029,56921100,75.61229731241862,1,1,0.01157639003291111,None
2022-06-24,65.44274139404297,66.83222667982238,64.74800572543066,65.69870434878568,47398500,75.44996515909831,1,1,0.01177211990423399,None
2022-06-27,67.3624038696289,67.81946996840662,66.11918352301149,66.20145207313938,33979400,75.34167760213217,1,1,0.007852874976818303,None
2022-06-28,69.1815185546875,70.2967608478491,68.1394085043536,68.96212880047892,39784000,75.21357243855795,1,1,0.00929002243302679,None
2022-06-29,66.7773666381836,70.37904312172643,66.5853927197369,70.14137374757738,35592000,74.94114481608072,1,1,0.019756102358226446,None
2022-06-30,65.3696060180664,67.06074946338381,64.78456187454337,65.34218316356944,37766700,74.59286371866862,1,1,0.02525689923562746,None
2022-07-01,66.34771728515625,66.63109603767464,64.10808919252057,66.16488665911595,34602000,74.34197311401367,1,1,0.0181942654023457,None
2022-07-05,63.71501922607422,65.28732791537517,62.33468445926266,64.97652627758482,44932900,74.0123654683431,1,1,0.0239027244253327,None
2022-07-06,62.62721633911133,64.16295913988955,60.744098742482215,63.029429876123785,48209500,73.63595161437988,1,1,0.027297050718759985,None
2022-07-07,64.8851089477539,65.39702076631374,64.17207994783425,64.32748772784745,33793600,73.26971321105957,1,1,0.026559140067062614,None
2022-07-08,64.8576889038086,65.94550865658184,63.9526998097197,65.67126615569356,21970300,72.89291776021322,1,1,0.02732472363611671,None
2022-07-11,64.236083984375,64.77542575474897,63.37680422667176,64.04411700741117,22754100,72.44297091166179,1,1,0.03262956933262773,None
2022-07-12,62.98372268676758,63.35851333778792,61.85020048278752,62.55407935016926,32345100,71.92265141805014,1,1,0.037732903445324206,None
2022-07-13,62.88315963745117,64.19951233691492,62.06958247577586,62.06958247577586,29489000,71.3510684967041,1,1,0.04145046158551846,None
2022-07-14,61.694786071777344,61.76791832853385,59.857385197132174,60.68009867567736,36636800,70.77995058695475,1,1,0.04141673953994052,None
2022-07-15,62.7003288269043,63.10254925603081,61.76791698352776,63.0385602763312,29960300,70.19956080118816,1,1,0.04208912411674626,None
2022-07-18,64.1355209350586,65.19591070070148,63.83385562377746,64.37319029460542,25726800,69.67544860839844,1,1,0.03800794513344097,None
2022-07-19,66.11005401611328,66.27459812491172,64.02583328751756,64.04411286659443,24388200,69.18189849853516,1,1,0.03579162201214747,None
2022-07-20,66.74993133544922,67.05159664051828,65.1044975314163,65.37873301161746,20924700,68.71269098917644,1,1,0.034026327792492594,None
2022-07-21,65.57984161376953,65.64383058834828,63.67845195159726,64.92166531851656,21579600,68.12402470906575,1,1,0.04268932488912869,None
2022-07-22,65.04051971435547,66.48485053708993,64.66572209388481,65.83581041509066,20418200,67.51135431925455,1,1,0.044430072189087344,None
2022-07-25,67.42640686035156,67.49039584851077,65.15021219380989,65.93636660506678,19556000,67.0396853129069,1,1,0.03420483240236116,None
2022-07-26,66.81392669677734,68.53249989042108,66.36600382098288,68.23083455652285,18614400,66.59370371500651,1,1,0.03234201443262974,None
2022-07-27,68.3222427368164,68.66047418166264,66.55796720696293,67.24356639772036,22405400,66.33751602172852,1,1,0.018578403486750328,None
2022-07-28,68.70618438720703,69.4100631625978,67.43553412248353,68.9347174534642,23332700,66.08930536905925,1,1,0.017999918715827956,None
2022-07-29,71.68624877929688,71.90564553896385,69.82141816778076,69.95853939900374,25833800,65.99647776285808,1,1,0.00673173914268832,None
2022-08-01,70.20536804199219,70.64414766922414,69.26380585274256,70.46132398692356,25665500,65.99410578409831,1,1,0.00017201286251156134,None
2022-08-02,70.04081726074219,70.74469604219792,69.41920703619556,70.21449765008667,19932200,66.11431401570638,1,1,0.00871734703829119,None
2022-08-03,68.02972412109375,70.54358794716242,67.60922409982811,70.33334142366759,28506600,66.05276260375976,1,1,0.004463629582248219,None
2022-08-04,65.50672149658203,67.75548603290879,65.25990187929058,67.5635190940575,27995500,66.00035247802734,1,1,0.00380071521074854,None
2022-08-05,66.8047866821289,67.38068749042678,64.62001115673976,64.62001115673976,22589800,66.07409210205078,1,1,0.0053475031159372355,None
2022-08-08,67.15216064453125,67.75549133465259,66.6311054913702,66.73166060639043,18878300,66.13107274373372,1,1,0.004132163175265879,None
2022-08-09,68.33139038085938,69.199813288297,67.98402261273954,68.10285730266251,17341500,66.16337229410807,1,1,0.002342322035914779,None
2022-08-10,68.82501983642578,69.21809699373112,67.1338765221682,68.48678838386395,17394200,66.15148900349935,1,1,0.0008617610192522829,None
2022-08-11,71.19261932373047,71.7959499750648,69.90369643794246,70.11394295635837,30265800,66.29866409301758,1,1,0.010672949044828739,None
2022-08-12,71.73196411132812,71.76853024096226,70.42475461758092,70.72641995635553,19190500,66.5107426961263,1,1,0.015379668746167141,None
2022-08-15,70.33333587646484,70.71726973852088,68.50507141988318,69.13581791489656,21012200,66.64359664916992,1,1,0.009634398564867364,None
2022-08-16,70.1688003540039,71.17434453290227,69.73001376222986,70.4338995694521,19678800,66.85872268676758,1,1,0.015600664793285701,None
2022-08-17,70.75384521484375,71.4851469095543,69.66602548765172,69.84885614203662,22736200,67.12961031595866,1,1,0.019644424016964868,None
2022-08-18,72.65524291992188,72.72836820814945,71.41202235445981,71.54000032670356,23433000,67.3886147816976,1,1,0.01878267221894525,None
2022-08-19,72.63694763183594,73.13972315824151,72.05190355071431,72.47240354812826,19744200,67.64792340596517,1,1,0.018804729405988763,None
2022-08-22,72.49982452392578,72.94775433559812,70.82696785283404,72.01533556062037,22848100,67.92338142395019,1,1,0.019975862760249763,None
2022-08-23,75.11424255371094,75.68100703866295,73.63335282656188,73.6881985277821,27183500,68.32773208618164,1,1,0.02932299228331381,None
2022-08-24,76.03752899169922,76.14722738420748,74.78516516409947,75.12339664362602,24546600,68.76621106465657,1,1,0.031797934078456214,None
2022-08-25,76.62255859375,77.00649243324472,75.88211376411375,76.4763010724413,19899300,69.26380348205566,1,1,0.036084764978762784,None
2022-08-26,75.72671508789062,77.29902373285653,75.38849060621772,76.4671669807216,19317600,69.69801635742188,1,1,0.03148856174344772,None
2022-08-29,76.86937713623047,77.86578490992751,75.49817876869778,75.69015267751485,26062500,70.12247823079427,1,1,0.030781431564306905,None
2022-08-30,74.26410675048828,75.57131622992337,73.65163977794327,75.55303665244448,28820900,70.39427998860677,1,1,0.019710715454114736,None
2022-08-31,73.58765411376953,74.81258811409764,72.16160988072454,72.42670909891712,29152300,70.62220408121745,1,1,0.016528763355848408,None
2022-09-01,71.77765655517578,72.77406426980195,70.77211254011941,72.49982182284334,28302100,70.82879791259765,1,1,0.014981920123267711,None
2022-09-02,73.09400939941406,74.0629872933402,72.70093227700109,73.54193222170207,28594100,71.09724756876628,1,1,0.01946762533502433,None
2022-09-06,72.41756439208984,74.02643924776677,72.11589904897363,73.77961961275307,22784100,71.26361948649088,1,1,0.012065078446208188,None
2022-09-07,71.5765609741211,71.88736260453636,70.18707599010636,70.83610907798166,30270700,71.42237396240235,1,1,0.011512671319501289,None
2022-09-08,71.8873519897461,72.2438629716515,71.01892923367394,71.8964952640776,26840800,71.5412109375,1,1,0.008617905271949722,None
2022-09-09,73.67906951904297,74.03558059455519,72.63695914842624,73.176300887199,19339400,71.70697377522787,1,1,0.012020908744727832,None
2022-09-12,75.03197479248047,75.84555191577141,74.117842566376,74.75773233493896,20865900,71.81849797566731,1,1,0.008087592217214556,None
2022-09-13,73.13972473144531,75.12339007961222,72.81063655695141,73.86189006023606,30573000,71.91630986531575,1,1,0.0070931929962707585,None
2022-09-14,75.20565795898438,75.73585634359266,73.82532326790937,73.82532326790937,27192100,72.08847122192383,1,1,0.012484921141080463,None
2022-09-15,73.26770782470703,74.18184015695721,72.91119677307157,73.87103153736852,27943200,72.26307067871093,1,1,0.012661729044253445,None
2022-09-16,71.70453643798828,73.09401439931025,70.6624262234279,73.03916869568359,35201800,72.46966451009115,1,1,0.0149819201232686,None
2022-09-19,71.7470474243164,71.79325519549145,69.56617317079491,69.73251127658268,18812900,72.63440653483073,1,1,0.011946880693894268,None
2022-09-20,71.24803161621094,71.66388039713748,70.40710519088479,71.24803161621094,21149800,72.77093556722005,1,1,0.009900910613344527,None
2022-09-21,70.20381164550781,72.68964054754785,70.17608979981198,72.58798907978523,34352900,72.833349609375,1,1,0.004526186420420908,None
2022-09-22,69.95429229736328,71.7100818279447,69.89884861281644,71.47905707524494,28874000,72.87099202473958,1,1,0.0027297797638548005,None
2022-09-23,65.13050842285156,67.36682657862067,64.63149405704647,67.23745326715084,52737800,72.66892166137696,1,1,0.014653884014605545,None
2022-09-26,63.53181838989258,65.5371119109956,63.44865284815261,64.72390717371917,36079800,72.39558347066243,1,1,0.019822135600878976,None
2022-09-27,64.24335479736328,65.43544326840626,63.88295677708462,64.6314817079302,33835600,72.19258410135905,1,1,0.014721254335904765,None
2022-09-28,67.0895767211914,67.45921768018691,64.50210410885262,64.8902239431562,31573800,72.08994331359864,1,1,0.0074433785042964384,None
2022-09-29,67.0895767211914,67.22819296210409,65.42620298118395,66.59980544690619,24281500,71.96780103047689,1,1,0.008857601977649843,None
2022-09-30,66.55359649658203,67.47769535243764,65.90673011760902,66.55359649658203,21684700,71.76441281636556,1,1,0.014749452863489276,None
2022-10-03,70.31470489501953,70.68434598587771,68.83614758190421,68.94704202425689,34775300,71.68700472513835,1,1,0.005613535660348168,None
2022-10-04,73.33649444580078,73.40118109135526,71.17409920096537,71.73780013378955,33165400,71.71489372253419,1,1,0.002022474381306427,None
2022-10-05,74.8520278930664,75.4342077941207,72.68039639512104,73.30878407179154,30636800,71.70615323384602,1,1,0.0006338490481032633,None
2022-10-06,76.18273162841797,76.41375640210889,74.18667419957649,74.24211788916101,26335100,71.71099332173665,1,1,0.00035099697644658256,None
2022-10-07,75.59130096435547,77.19923124908071,75.04607888859348,76.33981889770214,28457700,71.6766180674235,1,1,0.0024928494277680624,None
2022-10-10,74.03881072998047,76.53387508556621,73.7985430278606,75.88700863791523,23165800,71.6203545888265,1,1,0.004080155426549048,None
2022-10-11,73.44739532470703,74.71340650632597,72.34771520316981,72.65266958061872,26921100,71.50628852844238,1,1,0.008271924645734785,None
2022-10-12,74.03881072998047,74.55630388810124,72.48632420530264,72.96685255922685,20551200,71.49877866109212,1,1,0.0005446059644003132,None
2022-10-13,77.06062316894531,77.35633459810366,73.05003647034044,73.06851535014933,35067400,71.61454429626465,1,1,0.008395175633208352,None
2022-10-14,74.1866683959961,77.31936351815065,74.03881621856492,76.21969047562396,26747300,71.69484469095866,1,1,0.00582328180437508,None
2022-10-17,75.11077117919922,76.34906759747636,74.89823234156601,75.3510389111604,18994200,71.76207008361817,1,1,0.004875099398425675,None
2022-10-18,75.76687622070312,76.46919344577394,74.30680513611156,75.7299114140872,25187900,71.8737138112386,1,1,0.008096260175333603,None
2022-10-19,78.0031967163086,78.28966513824302,75.96093180732687,75.98866069843407,31263800,72.08793500264485,1,1,0.015535046506075068,None
2022-10-20,78.0771255493164,79.315421923273,77.60584011735445,78.59462580350423,25261800,72.29426078796386,1,1,0.014962481766123359,None
2022-10-21,80.33192443847656,80.48901957265869,78.30814542058266,78.51144832379045,25274200,72.51602261861166,1,1,0.016081884008629643,None
2022-10-24,80.7107925415039,81.27449342055829,79.85138735410598,80.28570790407706,22496000,72.7053165435791,1,1,0.01372735306149031,None
2022-10-25,80.79397583007812,81.16361684004094,79.96228532024075,80.39661297817338,18841800,72.96045824686686,1,1,0.018502549631973064,None
2022-10-26,81.89366149902344,82.54052802297991,81.04348500284534,81.098935740839,22706500,73.1833916982015,1,1,0.016166848440664516,None
2022-10-27,82.18936157226562,83.5755099753941,81.9398509115259,83.02104497389043,25010600,73.48078015645345,1,1,0.02156623020806836,None
2022-10-28,82.475830078125,83.75108407231188,80.99727318986875,83.07649579688031,24664000,73.83982327779134,1,1,0.026037347430734492,None
2022-10-31,83.16890716552734,84.25934423037688,81.57021284787334,81.66262838497641,29760400,74.22055193583171,1,1,0.027609954785640545,None
2022-11-01,83.9728775024414,84.60126509573105,83.46462023937045,84.56430029020628,21755400,74.64471346537272,1,1,0.03075965101422362,None
2022-11-02,81.94911193847656,84.13922943628641,81.75505196530105,83.704901712853,28249600,75.03622347513834,1,1,0.028391804608016713,None
2022-11-03,83.46463012695312,83.93592264033066,81.2190690400934,81.45009381425461,26817200,75.486568069458,1,1,0.03265841334645492,None
2022-11-04,84.48112487792969,85.95968179768509,83.29827934212535,85.32205831216542,30295300,76.13158861796062,1,1,0.04677606427535563,None
2022-11-07,85.93196105957031,86.19995060632611,84.50884780282338,84.65670702185375,19387700,76.87826004028321,1,1,0.05414765548820544,None
2022-11-08,86.01514434814453,86.38478539145264,84.96167195742213,85.76563364752704,21859300,77.60398635864257,1,1,0.05262874336747947,None
2022-11-09,81.81049346923828,85.11876999084434,81.6256764664862,84.85078040163211,31514000,78.09468358357748,1,1,0.03558473445005417,None
2022-11-10,83.63096618652344,83.72337468384858,81.78276803875497,83.50159288020495,29244100,78.64606323242188,1,1,0.039985346132526134,None
2022-11-11,86.06134033203125,86.50491096963334,85.02635392815321,85.229656843291,25541300,79.29632136027018,1,1,0.047155886823164295,None
2022-11-14,86.03362274169922,87.52142282113095,85.80259797222617,85.8118409370937,23122600,79.82028528849284,1,1,0.037997193176879884,None
2022-11-15,86.93923950195312,87.16102129778776,85.79335161445584,86.35705259370249,25771100,80.27371012369791,1,1,0.03288178847143963,None
2022-11-16,85.16496276855469,86.68972039853088,84.7213921696221,86.1629842781009,23638600,80.61747461954752,1,1,0.02492936107349708,None
2022-11-17,85.34978485107422,85.4237144637105,83.42765722442648,83.86198488576973,21429900,80.92304306030273,1,1,0.022159432065330442,None
2022-11-18,84.67518615722656,84.90621089992912,82.71610085131091,83.7695731140093,23683100,81.22583923339843,1,1,0.0219583907643508,None
2022-11-21,83.52930450439453,83.75108628090271,80.66459913591908,82.83623028378037,42576800,81.54218902587891,1,1,0.02294128188770772,None
2022-11-22,86.14451599121094,86.33857594887672,84.18542343475443,84.573543350086,26877500,81.96542638142904,1,1,0.030692631099742407,None
2022-11-23,85.21117401123047,85.75639612621602,84.26859606625533,84.58278636447491,20598700,82.33783849080403,1,1,0.027006849325165394,None
2022-11-25,84.89698028564453,85.86728003537115,84.74912105693414,85.26661425678834,7591300,82.599050394694,1,1,0.018942752807193486,None
2022-11-28,82.5682373046875,83.86197720608408,82.29101185816234,82.81774796190695,29131200,82.87843602498373,1,1,0.020260688175564034,None
2022-11-29,83.81578063964844,84.30555905622145,83.17815709221799,83.48310441911246,19024200,83.1686030069987,1,1,0.021042537997939537,None
2022-11-30,84.23162841796875,84.91545972951765,82.91016651641354,84.74912162126887,21915100,83.45076141357421,1,1,0.020461766361471234,None
2022-12-01,83.95438385009766,85.2481237231681,83.66791544653256,84.82303907421777,19451000,83.64913431803386,1,1,0.014385749029289574,None
2022-12-02,83.45538330078125,84.4441690064318,82.9656119302697,83.37221777008288,18385000,83.82840957641602,1,1,0.013000812188901811,None
2022-12-05,80.97879028320312,84.61049952091328,80.28571605501656,84.27782332735849,25876900,83.84997177124023,1,1,0.0015636627598247799,None
2022-12-06,78.84412384033203,81.44083968999507,78.29890883217008,80.47054000166052,32465100,83.78774948120117,1,1,0.004512280802500879,None
2022-12-07,78.65931701660156,79.86064160245996,77.96624269965059,78.82565513468245,24447100,83.71659418741862,1,1,0.005160090795915284,None
2022-12-08,78.30815124511719,80.5999199831264,77.87382356510734,80.42433890814806,25640400,83.59707717895508,1,1,0.008667220420910837,None
2022-12-09,76.4045181274414,78.91806894755267,76.37679628094735,78.05865645465164,24048900,83.4042490641276,1,1,0.013983647984866288,None
2022-12-12,78.40980529785156,78.5946293434991,76.54312826386837,76.83883968658797,21092400,83.26871490478516,1,1,0.009828763693847886,None
2022-12-13,79.89759826660156,80.56295067109323,79.26921066795008,79.93456307244175,27278700,83.15967127482097,1,1,0.007907704422539297,None
2022-12-14,79.40782928466797,80.7292911688428,78.69627613948892,80.4428227279717,26337800,83.00750300089518,1,1,0.01103504838465419,None
2022-12-15,78.92729187011719,79.11210883335596,77.58734421053278,78.7147460171089,20203300,82.9067756652832,1,1,0.007304617404529257,None
2022-12-16,77.95700073242188,78.3266417829233,76.89428535609899,77.43950749190985,29550500,82.72318801879882,1,1,0.013313541052374589,None
2022-12-19,77.94766235351562,79.03066122878785,77.37815555236914,78.77858071133313,18418300,82.50540593465169,1,1,0.015793277888178636,None
2022-12-20,79.12401580810547,79.62816968393528,77.8916420414982,78.19039910240511,14296500,82.27847442626953,1,1,0.016456782418528437,None
2022-12-21,80.62712860107422,80.99123849826377,79.55346810705893,80.73916515518225,17029100,82.09887390136718,1,1,0.01302440010046535,None
2022-12-22,78.76924896240234,80.75785010595878,77.19143435151459,80.71116641857499,18679700,81.99749908447265,1,1,0.007351571918087441,None
2022-12-23,81.28067016601562,81.29934648944091,79.40410566880576,79.81489218606717,14815000,81.91915588378906,1,1,0.00568134860078473,None
2022-12-27,82.14892578125,82.49436650071547,81.33668386686176,81.63544090537013,16374600,81.78874206542969,1,1,0.009457443121981157,None
2022-12-28,80.3097152709961,82.03691207663466,80.05764186510234,82.03691207663466,15919000,81.59794514973959,1,1,0.01383634802422673,None
2022-12-29,81.14995574951172,81.51406566528499,79.93625840457736,79.97360392451945,13457900,81.4049690246582,1,1,0.013994381498962927,None
2022-12-30,81.66345977783203,81.8221729187744,80.7111666863165,80.72050484841037,11330900,81.28825225830079,1,1,0.00846415044888138,None
2023-01-03,78.79725646972656,81.56076124215042,77.81695601631974,81.14996758580004,26541400,81.0698346455892,1,1,0.015839365605924804,None
2023-01-04,78.78790283203125,79.2453729630633,77.3314632425819,77.63022026408252,22852600,80.87359186808268,1,1,0.014231274950121886,None
2023-01-05,80.2256851196289,80.66448611816328,78.43314272483046,78.6572087434477,19361900,80.76347122192382,1,1,0.007985808257935822,None
2023-01-06,81.74746704101562,82.74643651595201,81.05659275292031,81.26198954414768,22211200,80.61690292358398,1,1,0.010628945325524608,None
2023-01-09,81.45806121826172,83.11055972722471,81.19664966863417,82.97985395241093,23001600,80.49179916381836,1,1,0.00907236447190729,None
2023-01-10,82.03691101074219,82.20496232013157,80.7485152644466,81.99022732143867,15799500,80.39646352132162,1,1,0.006913618723484172,None
2023-01-11,82.28897857666016,82.96118376653864,81.40204552625018,82.75578694486128,16451500,80.38715489705403,1,1,0.0006750495128668987,None
2023-01-12,83.85745239257812,84.39895179249494,82.62507862345065,82.78379175424102,18358000,80.38854395548502,1,1,0.00010073273882649225,None
2023-01-13,83.97882080078125,84.18421761808199,82.90516727514051,83.79210030665162,15904200,80.3801170349121,1,1,0.0006111094898868519,None
2023-01-17,84.15620422363281,85.03380615357894,83.81076349903216,84.17488054546516,16966600,80.38684438069662,1,1,0.0004878585024141735,None
2023-01-18,82.61573791503906,85.49127899533144,82.53171583295097,84.5483241552951,19037600,80.35885620117188,1,1,0.002029666942299224,None
2023-01-19,83.64270782470703,83.97881037074114,81.96220221746584,82.13959165090868,17146900,80.44765345255534,1,1,0.006439462971885801,None
2023-01-20,84.47364044189453,84.76305933370436,82.97051701545573,83.82010449135201,14280000,80.63530400594075,1,1,0.013608177858579484,None
2023-01-23,84.58567810058594,85.50995671024835,84.31492838201196,85.08983201211018,14652500,80.8328493754069,1,1,0.014325737251159154,None
2023-01-24,84.2589111328125,84.45496979427016,82.5877363065624,84.30559481917739,15377600,81.03120803833008,1,1,0.014384716251300667,None
2023-01-25,84.26824951171875,84.26824951171875,82.51304547007713,83.8481177021441,13430600,81.29333241780598,1,1,0.019008924368326685,None
2023-01-26,86.92904663085938,86.96639215151623,84.58566685088246,85.63132006048512,18331500,81.57730712890626,1,1,0.020593482439959843,None
2023-01-27,85.17385864257812,86.89171003159099,85.0338147064687,86.46224718433777,17420500,81.75318247477213,1,1,0.012754254886562233,None
2023-01-30,83.22259521484375,84.67903504257465,83.11055864235276,84.55766743124055,13762500,81.88034133911133,1,1,0.009221398024170657,None
2023-01-31,83.96014404296875,84.09084980168022,82.09291077802821,82.94249820965274,13924100,82.04810307820638,1,1,0.012165866512428014,None
2023-02-01,82.30766296386719,83.92281608723773,81.22466402453314,83.56804425690302,23483600,82.1931251525879,1,1,0.010516815143894132,None
2023-02-02,80.43107604980469,82.14892727166203,79.5441359560357,81.99021415021582,24901500,82.27590560913086,1,1,0.006003132714121673,None
2023-02-03,80.25370025634766,82.07425731240784,80.16967816232523,80.76719235181024,22727400,82.3135617574056,1,1,0.002730775656915707,None
2023-02-06,79.88958740234375,80.93524075787768,78.90928693634753,80.32838842763861,15857200,82.28897705078126,1,1,0.00178285144546253,None
2023-02-07,82.48503875732422,82.60641349396975,79.97361453369189,80.39373922364653,20507000,82.41283671061198,1,1,0.008982143937608988,None
2023-02-08,81.74746704101562,82.83980387409491,81.28065874201863,82.41967213123999,13483600,82.42839660644532,1,1,0.0011283837225146698,None
2023-02-09,81.04725646972656,82.01821860888113,80.99124175188692,81.75680709505674,16075200,82.3916742960612,1,1,0.002663054928799813,None
2023-02-10,84.22156524658203,84.38961654467118,82.31698624254847,82.3916772912393,20001600,82.52206929524739,1,1,0.009456078379638466,None
2023-02-13,84.0068359375,84.33360036622794,82.92383711893848,83.79210095694718,12372400,82.617298634847,1,1,0.006905909773498031,None
2023-02-14,84.03484344482422,84.65102677964354,83.11055775819972,83.3439619395418,13511300,82.69634475708008,1,1,0.005732323571513653,None
2023-02-15,82.60639953613281,83.2692664644447,81.55140822413173,83.09187703189316,15969800,82.82331619262695,1,1,0.009207805928139745,None
2023-02-16,81.79415130615234,82.8678118261242,81.71012210780754,82.15826121214454,12657100,82.92352447509765,1,1,0.007266976335333908,None
2023-02-17,78.88127136230469,80.58045343635588,78.53583774910169,80.52443871484836,22340200,82.87871068318685,1,1,0.0032498388085593355,None
2023-02-21,78.4891586303711,79.39476800303424,78.3397836566876,78.53584231629554,16811300,82.77010040283203,1,1,0.007876278463740949,None
2023-02-22,77.96632385253906,79.01196988039395,77.29411876438701,78.27441191550096,20135200,82.65370915730794,1,1,0.008440544094854285,None
2023-02-23,79.1426773071289,79.60015457691686,78.14370781415174,79.1426773071289,17511700,82.55723470052084,1,1,0.006996204077652557,None
2023-02-24,79.03999328613281,79.15202273152148,77.52753166701444,77.97566369442941,18748400,82.4489351908366,1,1,0.007853741772629874,None
2023-02-27,79.27339172363281,79.61882531915302,78.61985580680309,79.1987006834929,15338200,82.29613316853842,1,1,0.011081007005151022,None
2023-02-28,78.13438415527344,80.10431596848488,78.06903127097908,80.07630148413288,19003800,82.10131861368815,1,1,0.014127702071826231,None
2023-03-01,79.67485809326172,80.07631362132727,77.91032282693278,78.19974889233062,18547000,81.95194040934244,1,1,0.010832716111188745,None
2023-03-02,80.37505340576172,80.67381756964166,79.28272364256212,79.53480412510338,16399300,81.87725092569987,1,1,0.005416385719290151,None
2023-03-03,81.46739196777344,81.86884741758338,79.35741631600976,79.41343103642468,25337600,81.80474039713542,1,1,0.005258370687018399,None
2023-03-06,81.5047378540039,81.6354436175106,80.69248878970099,81.01925319846772,16949200,81.70577697753906,1,1,0.007176700473643383,None
2023-03-07,80.08563232421875,81.22464573744708,79.88023552866223,81.01924894189055,18500200,81.55577545166015,1,1,0.010877918590658009,None
2023-03-08,79.26404571533203,80.74849259576415,78.49848043701701,79.73085398559556,19699500,81.38927993774413,1,1,0.012074041483753462,None
2023-03-09,78.14371490478516,80.84186659670625,78.12504570488304,79.72152940639506,18944100,81.18512878417968,1,1,0.014804780255741612,None
2023-03-10,77.14474487304688,79.24538243487586,76.69661284869755,78.14371445086613,28312400,80.8589853922526,1,1,0.023651501179580592,None
2023-03-13,75.5762710571289,76.9300195824515,73.85841970173654,75.17481558036846,41663500,80.53906580607097,1,1,0.023200158756053968,None
2023-03-14,76.32315826416016,78.02234021827383,74.97874805943567,75.56693108546739,30533200,80.30908457438152,1,1,0.016677944447823334,None
2023-03-15,72.2245864868164,74.0824816740764,71.17893324744503,73.52231309413564,57673500,79.91789932250977,1,1,0.02836825358138162,None
2023-03-16,73.00881958007812,73.1955471848571,70.35735169858481,70.63743954428838,44395200,79.60793787638346,1,1,0.02247800718991777,None
2023-03-17,71.86048126220703,73.19555347872397,71.27229816023939,72.58870117613802,33675800,79.32225138346354,1,1,0.020717618665708315,None
2023-03-20,73.29910278320312,73.77078299981902,71.78972752948603,71.78972752948603,26144400,79.09043146769206,1,1,0.01681128346315086,None
2023-03-21,75.83674621582031,76.07258632899236,74.58207508640047,74.80848677707937,29856200,78.95533676147461,1,1,0.009796895115910864,None
2023-03-22,74.22359466552734,76.23294967522709,74.16699534609788,75.88391094238735,24604700,78.67995529174804,1,1,0.01997031157856166,None
2023-03-23,73.19532775878906,75.2801605130811,72.4878074802724,74.62923955371986,24743100,78.39488398234049,1,1,0.020673006345089284,None
2023-03-24,73.47834014892578,73.76135114463142,71.51614881178043,71.74256048725238,20649000,78.14258677164713,1,1,0.018296270671193327,None
2023-03-27,75.04431915283203,75.46882843386518,73.65757827879682,74.25189271169691,20111900,77.83667856852213,1,1,0.022184071197346666,None
2023-03-28,76.20464324951172,76.53481791231584,74.59149801358201,74.61979767078411,16298400,77.57660547892253,1,1,0.0188601674530251,None
2023-03-29,77.26121520996094,77.34611418798696,76.4593603404411,76.95934018153223,18102300,77.35081787109375,1,1,0.016373828215078712,None
2023-03-30,77.600830078125,78.01590376832054,77.14801391023036,77.90270512429849,13730400,77.18396555582682,1,1,0.01209991626086393,None
2023-03-31,78.1385498046875,78.27061969529288,77.51592843703139,77.79893945819676,16147300,77.06211217244466,1,1,0.00883665133845013,None
2023-04-03,81.67613220214844,82.2044116392156,81.00634728807613,81.43085652182403,31226100,77.15527420043945,1,1,0.0067559909829590925,None
2023-04-04,80.195068359375,82.0251826124813,79.4781124514031,81.92141239433003,24681500,77.21213785807292,1,1,0.004123679641787836,None
2023-04-05,81.4025650024414,81.4025650024414,79.72338474054959,80.39316972157002,20276100,77.32667922973633,1,1,0.008306393611107188,None
2023-04-06,80.1667709350586,81.36483549085024,80.00639419518134,81.27993650850532,16689300,77.36081568400066,1,1,0.00247553195399397,None
2023-04-10,80.80825805664062,81.73274724949378,80.46864772535243,80.46864772535243,13488600,77.41975784301758,1,1,0.004274409900745235,None
2023-04-11,81.57237243652344,82.08178790056432,80.79881722015064,81.26106178673149,12787600,77.49639053344727,1,1,0.00555730458735626,None
2023-04-12,81.62898254394531,82.30820325243396,81.3837067998201,82.13839807531178,16667200,77.612877146403,1,1,0.008447460018885744,None
2023-04-13,82.13839721679688,82.34593767525134,81.30824258024836,81.50634741860871,15692300,77.6949951171875,1,1,0.0059550900951836905,None
2023-04-14,82.28932189941406,82.77043046899914,81.8082061325611,82.25158662385032,11780100,77.75880406697591,1,1,0.004627343335920964,None
2023-04-17,81.31767272949219,82.35537504379548,81.03466889608451,82.01576468589067,11881000,77.75381342569987,1,1,0.00036191491518389185,None
2023-04-18,81.6384048461914,81.84594527295832,80.72334416304722,81.12898939792758,12246800,77.75826899210612,1,1,0.00032311197075141074,None
2023-04-19,81.35539245605469,81.4214273909491,80.45920302573506,80.90258353028389,17123100,77.80059432983398,1,1,0.003069379297497621,None
2023-04-20,80.63845825195312,80.65732229504816,79.65736247381471,80.22337733116818,15198100,77.84640808105469,1,1,0.0033223545773384267,None
2023-04-21,80.1667709350586,80.96862584536974,79.8082893724411,80.93089056523796,16878800,77.91384328206381,1,1,0.00489031443129484,None
2023-04-24,81.39312744140625,81.77047300970999,79.88375236545943,79.91205202356029,12625900,78.05545603434244,1,1,0.010269575470382764,None
2023-04-25,79.8648910522461,80.74220927239517,79.39321087508122,80.60071097706037,15332600,78.19841003417969,1,1,0.010366841025963192,None
2023-04-26,78.79889678955078,80.03469666890834,78.317780947547,79.29887667364906,20035000,78.2809346516927,1,1,0.0059845795952535585,None
2023-04-27,79.0819091796875,79.28001401284202,78.00647882983775,78.7517344577633,17057300,78.50951207478842,1,1,0.016576142046080822,None
2023-04-28,80.30826568603516,80.7422105924492,78.52531516298393,78.79889053388443,19110900,78.75282694498698,1,1,0.017644882839746634,None
2023-05-01,79.40264129638672,80.26110269513637,78.97813200515418,79.29887107901547,13910700,79.00423227945963,1,1,0.0182315929496506,None
2023-05-02,75.94994354248047,78.57248415524175,75.22355204491323,78.44984990116403,33824000,79.09259363810222,1,1,0.006407852588446117,None
2023-05-03,74.51602935791016,75.85560647677508,74.48772969998838,74.97828109485948,29683800,79.04856974283854,1,1,0.003192556515115408,None
2023-05-04,73.68588256835938,75.29902801383203,73.45947808406552,74.54433680316082,26430500,79.03064600626628,1,1,0.0012998064261746656,None
2023-05-05,75.68580627441406,76.28012072138566,75.27072540507412,75.72353435592815,19533600,79.11366195678711,1,1,0.006020210435863982,None
2023-05-08,75.68580627441406,77.11971088180982,75.67637065540129,76.78953618904782,16355900,79.18724416097005,1,1,0.005336087230668474,None
2023-05-09,75.714111328125,76.4310600842647,74.93112043145949,75.09148997975898,20710600,79.20957056681316,1,1,0.0016190823643975616,None
2023-05-10,74.85563659667969,76.24237735647336,74.28962186950841,76.0914434546193,18026000,79.16460367838542,1,1,0.003260941171938647,None
2023-05-11,73.95945739746094,74.34623142200853,73.3934425923381,73.79908785550873,19084100,79.05454508463542,1,1,0.00798130829669863,None
2023-05-12,74.0726547241211,74.82734591572257,73.53493958921734,74.32736606012575,18952700,78.93693923950195,1,1,0.008528625303319881,None
2023-05-15,74.44999694824219,74.87451342326831,73.76134792456673,74.3462267341648,16272300,78.81398747762044,1,1,0.008916304340828907,None
2023-05-16,72.61988830566406,74.42170296546455,72.50668246423595,74.10096387732149,22255600,78.51211268107096,1,1,0.021891573716975143,None
2023-05-17,74.01605224609375,74.41226186601041,72.82741618907549,73.36513130103904,23100300,78.30614547729492,1,1,0.014936477891764888,None
2023-05-18,74.55377197265625,74.6481065741037,73.11043169843087,73.57267628361151,16577100,78.07785237630209,1,1,0.01655552337123334,None
2023-05-19,75.12921905517578,75.71410507375637,74.70470976891576,75.24242489023705,18059100,77.909933980306,1,1,0.012177227070303553,None
2023-05-22,74.81790924072266,75.5820360406844,74.70471060166795,74.84620890048633,13471800,77.71025568644205,1,1,0.014480414197432623,None
2023-05-23,75.61976623535156,76.47822037863051,75.33675526220534,75.53486006450048,21401900,77.51183547973633,1,1,0.01438917932760786,None
2023-05-24,75.94994354248047,76.53482235129388,75.30845821871188,76.21408328804372,16737100,77.3225341796875,1,1,0.013727887892949875,None
2023-05-25,74.60094451904297,75.01601821402944,73.90285261892821,74.85564866830128,19125500,77.07128575642903,1,1,0.018220213949310837,None
2023-05-26,74.3084945678711,75.26129057462612,73.92172055151697,75.0537501377816,14392900,76.80525817871094,1,1,0.019291979307087592,None
2023-05-30,73.54438018798828,73.62928637149496,72.73308962112891,73.01610063645906,20165800,76.54614842732748,1,1,0.018790307399075168,None
2023-05-31,72.2519760131836,72.9500679533612,72.00670746938323,72.39348152523415,22398800,76.23326746622722,1,1,0.022689726677601607,None
2023-06-01,73.1481704711914,73.96889665723718,71.93123462178659,72.42177889109743,25811800,75.9596934000651,1,1,0.019839240986316398,None
2023-06-02,75.3744888305664,75.73296315079682,74.00661208771115,74.51602750947092,27635400,75.78422775268555,1,1,0.012724544076923472,None
2023-06-05,74.87452697753906,76.47823698079183,74.74245708067211,76.47823698079183,18913100,75.60781962076823,1,1,0.01279289184881982,None
2023-06-06,75.47826385498047,75.54429879179644,73.80851199978395,73.88398255536455,17375400,75.4106575012207,1,1,0.014297944457785317,None
2023-06-07,77.47817993164062,77.57252172077447,75.79899972571745,75.84617062028438,30327100,75.33110046386719,1,1,0.005769374481857215,None
2023-06-08,77.14801788330078,77.84610261403996,75.86504707167411,77.58196283469374,23077600,75.27607116699218,1,1,0.003990654148350092,None
2023-06-09,76.72349548339844,77.48761502882063,76.51595506432871,77.11026946662732,19193500,75.19745737711588,1,1,0.005700971382570197,None
2023-06-12,75.9876937866211,76.751813514969,75.4688426147369,75.57261284911374,18193500,75.05343831380209,1,1,0.010444078065545703,None
2023-06-13,76.34616088867188,77.84610053734667,76.3084256073049,76.8272767295145,20068200,74.95155563354493,1,1,0.007388401518862997,None
2023-06-14,75.56315612792969,77.44044104851362,74.9971414058298,77.10083797306783,23802700,74.93866271972657,1,1,0.0009349776016660538,None
2023-06-15,76.39332580566406,76.96876900894505,75.67636991039015,75.69523395096148,23388500,75.00123926798503,1,1,0.004537971154970011,None
2023-06-16,76.28011322021484,76.89329884491305,76.0631371878689,76.67632281256711,23721100,75.08771362304688,1,1,0.006271009504942526,None
2023-06-20,74.57282257080078,75.85757494315062,74.01133379048277,75.77192817330294,21276000,75.05061416625976,1,1,0.0026904051030367526,None
2023-06-21,75.1628646850586,75.80048154465895,74.15409001901867,74.26829297951258,17236900,75.03318277994792,1,1,0.0012641018157082407,None
2023-06-22,74.15409088134766,74.56330908538145,73.87810583577486,74.47766230951191,16753700,74.98118209838867,1,1,0.003771022843573668,None
2023-06-23,73.62114715576172,73.82099686334391,73.01207930579844,73.35468087898546,17452600,74.94003245035807,1,1,0.002984119786037631,None
2023-06-26,74.94396209716797,75.36269893896366,73.58307462199295,73.75437539721293,16244300,74.97284927368165,1,1,0.002379834007862014,None
2023-06-27,75.11528015136719,75.43884432306805,74.43007689286809,74.86784402787303,14194200,75.00760345458984,1,1,0.002520328699253005,None
2023-06-28,75.87661743164062,75.97178293578172,74.37297777995857,75.03914356960883,16451600,75.05515747070312,1,1,0.003448556359064936,None
2023-06-29,76.75214385986328,76.75214385986328,75.75288801662623,76.16210617729851,14217900,75.19289932250976,1,1,0.009988862724561232,None
2023-06-30,77.24701690673828,77.63720491380053,76.70456554470576,77.27556583200379,17983000,75.30059814453125,1,1,0.007810180672463973,None
2023-07-03,77.42784118652344,78.00836023799421,77.14233739506918,77.43735991574871,9769900,75.39640045166016,1,1,0.006947460645079007,None
2023-07-05,76.99958801269531,77.77043803716782,76.56181362327905,77.75140057989098,16278700,75.45874608357748,1,1,0.0045212253975821515,None
2023-07-06,75.26753997802734,76.69504427938931,74.69653970961502,76.16211166362612,20983900,75.47373377482096,1,1,0.0010868881783248074,None
2023-07-07,76.8853759765625,77.59912806628849,74.839285200549,74.89638304431533,24455000,75.51592076619467,1,1,0.003059346597037216,None
2023-07-10,77.48493194580078,77.63720255681085,76.62842791052505,76.68553301998502,15462500,75.56708704630533,1,1,0.003710513118912795,None
2023-07-11,79.18843078613281,79.31214522692046,77.68479099503726,77.8370616243112,19821000,75.72000325520834,1,1,0.011089287671525838,None
2023-07-12,79.92121124267578,80.36848982796029,79.42633901541701,79.8355572084469,21538800,75.90709381103515,1,1,0.013567567552666082,None
2023-07-13,79.6166763305664,80.41607525030359,78.87436799853035,79.92121028960851,26613200,76.10950368245443,1,1,0.014678504704158657,None
2023-07-14,77.51347351074219,79.17889504206524,77.3231425257128,79.10276700445047,21991800,76.28488693237304,1,1,0.01271856871856003,None
2023-07-17,77.36121368408203,77.6942965533235,77.00909335907707,77.2374992642672,16222900,76.42532170613607,1,1,0.010184149976747658,None
2023-07-18,78.1415786743164,78.95049625006672,77.05667608836202,77.18039050231765,21607300,76.51755803426107,1,1,0.0066888604136929874,None
2023-07-19,78.59838104248047,79.13132090327417,77.97028294384855,78.141583745414,18760500,76.64168650309244,1,1,0.00900163762214512,None
2023-07-20,79.5215072631836,79.68329660883293,78.85534146578976,79.24552221550253,17724900,76.77646128336589,1,1,0.009773694496093999,None
2023-07-21,80.22574615478516,80.2638065474902,79.30262552744446,79.81652795691235,15760000,76.86804682413737,1,1,0.006641666148101688,None
2023-07-24,81.52002716064453,82.1100577073622,80.60641789093735,80.63497407990468,22269800,77.01378046671549,1,1,0.010568417158400623,None
2023-07-25,81.9482650756836,82.42409984803774,80.98707680254275,81.48194903176201,16803300,77.187939453125,1,1,0.012629786696460421,None
2023-07-26,81.97681427001953,82.30038569182933,81.15837787802478,81.27258083760397,16394000,77.38757680257162,1,1,0.014477444960715014,None
2023-07-27,81.4533920288086,82.75718190580955,81.22499337335682,82.42409902063773,17775300,77.55781784057618,1,1,0.012345662094782606,None
2023-07-28,81.70082092285156,81.71985837784366,80.51123410900497,81.3962869889333,17313900,77.76240666707356,1,1,0.014836519736429077,None
2023-07-31,83.2520523071289,83.48996968570812,82.17666110912707,82.41457848770628,18133200,77.99103088378907,1,1,0.016579535459471995,None
2023-08-01,82.86186218261719,83.09977955505616,81.96729053883483,82.9189600285907,17883000,78.21042251586914,1,1,0.015910000243366085,None
2023-08-02,81.7769546508789,82.71910535636506,81.08223277024425,82.3003757431832,22960000,78.45056025187175,1,1,0.017414481135946236,None
2023-08-03,82.60491943359375,83.3472205171974,81.54856565749243,81.99585150547473,20815300,78.69862874348958,1,1,0.017989609378404436,None
2023-08-04,82.71910095214844,83.9753042461331,82.62393546606772,83.19493564321326,21595300,78.98412907918295,1,1,0.020704118781999625,None
2023-08-07,82.81427764892578,83.3567289797457,82.5668488037533,83.18543543800882,13410800,79.2905667622884,1,1,0.022222468407568696,None
2023-08-08,83.2235107421875,83.26157840072679,80.86337399805952,81.47244201336116,18618600,79.5665517171224,1,1,0.020014075545832677,None
2023-08-09,84.27033996582031,85.04118996335541,83.50900143592868,84.03242258281198,26042800,79.87172037760416,1,1,0.02213044051179036,None
2023-08-10,84.26081848144531,85.35523985961896,83.68981823303447,84.3940516307191,19613300,80.151193745931,1,1,0.02026705082567326,None
2023-08-11,85.55509185791016,85.65025735839814,84.20372287325883,84.22275306909151,23335000,80.44462534586589,1,1,0.021279283909385827,None
2023-08-14,85.19345092773438,85.54557125856668,84.62245067663339,85.31717261025871,15094700,80.70950647989909,1,1,0.019208840678997197,None
2023-08-15,83.4233627319336,84.69859654308196,83.27109210696261,84.60343103280661,22491200,80.90935719807943,1,1,0.014492918188081294,None
2023-08-16,82.70008087158203,84.41308161248064,82.64297576442196,83.50899849317265,18997700,81.09937362670898,1,1,0.013779748101952816,None
2023-08-17,83.68982696533203,84.83182758131143,83.56610527048133,83.86112778379523,20232100,81.3801165262858,1,1,0.020359115606379596,None
2023-08-18,84.51776885986328,84.62245308929369,82.93800121142124,83.20446751882142,17651900,81.63452962239583,1,1,0.01844971197237255,None
2023-08-21,83.98483276367188,85.2029685530991,83.40431379204453,84.86036695473994,15244200,81.85119298299153,1,1,0.015712149488673166,None
2023-08-22,83.33769989013672,84.38453491395059,83.29011350969243,84.08951968505036,12869700,81.989501953125,1,1,0.010029989419468865,None
2023-08-23,83.12832641601562,83.20446171586642,81.71985967208516,82.4336117716972,19399300,82.09640579223633,1,1,0.007752529529736929,None
2023-08-24,82.55732727050781,83.43286144828171,82.31940990085216,82.37650774615771,16727500,82.19442749023438,1,1,0.007108408029140367,None
2023-08-25,83.35672760009766,83.77546450140076,82.32893006337682,83.05219365205777,19018400,82.38920262654622,1,1,0.014124843489892402,None
2023-08-28,83.918212890625,84.54631095581725,83.43285943525254,83.57561130573406,12859100,82.60776926676432,1,1,0.01585017288987789,None
2023-08-29,84.1466293334961,84.23228337817518,83.30916264913391,84.222764648619,13509700,82.80793762207031,1,1,0.014515952825722156,None
2023-08-30,84.56534576416016,84.71760909675626,84.19419526892159,84.52727811584575,13945100,83.0068364461263,1,1,0.01442388804501471,None
2023-08-31,84.6224594116211,85.02215890258377,84.01339144615524,84.87941427057058,14808700,83.17686818440755,1,1,0.01233048394684122,None
2023-09-01,86.3544921875,86.44965768954484,85.5360558007222,85.5550932575286,17878100,83.38115971883138,1,1,0.014814960495915575,None
2023-09-05,86.81129455566406,87.69634749744311,86.75419670802096,86.83984347948561,24368700,83.55753529866537,1,1,0.012790531213416667,None
2023-09-06,86.84935760498047,87.31567361089805,86.21173354388782,86.63998916050186,20162100,83.72090504964193,1,1,0.01184736515769691,None
2023-09-07,86.76371002197266,87.4679507076484,86.61144667146328,87.02066486315938,15364600,83.88046824137369,1,1,0.011571318355287463,None
2023-09-08,87.60118865966797,88.22928681349396,87.12535386469023,87.17293298779035,17369500,84.08539479573568,1,1,0.014861011328733742,None
2023-09-11,86.44964599609375,88.50525541339326,86.09753296008958,88.23878913944587,22047500,84.24368896484376,1,1,0.01147929045950935,None
2023-09-12,88.48624420166016,88.58140971124725,87.22052186822916,87.38230396059352,26799700,84.4181620279948,1,1,0.012652563139603501,None
2023-09-13,87.82006072998047,88.75270003925624,87.36326343370581,88.57188050995555,18157700,84.5834353129069,1,1,0.011985407001365633,None
2023-09-14,88.84786987304688,89.16192256747416,88.46720060046796,88.73366691307446,18549900,84.81913248697917,1,1,0.017092457270575512,None
2023-09-15,87.56311798095703,88.89545681301738,87.56311798095703,88.02943403094628,24797800,84.98440577189128,1,1,0.011985407001365633,None
2023-09-18,88.30514526367188,88.72697220154275,87.6532342297994,88.4681211935796,16873300,85.17060724894206,1,1,0.01350309269822958,None
2023-09-19,87.48066711425781,89.09127037397216,86.96297242568092,88.9666430155938,18132200,85.32615356445312,1,1,0.011280019635080851,None
2023-09-20,86.66577911376953,88.03670929617124,86.60825260624637,87.04925746887851,17965200,85.44089584350586,1,1,0.008320963157733896,None
2023-09-21,85.47700500488281,87.46149768105111,85.33319970372017,87.26016587087855,21693700,85.4811180114746,1,1,0.0029168601195235233,None
2023-09-22,85.62079620361328,86.69453407769254,85.5441063880826,86.11932023288756,21033700,85.52645060221354,1,1,0.003287461435291128,None
2023-09-25,86.69453430175781,86.8287506220845,85.39071234923497,85.39071234923497,17536900,85.56443201700846,1,1,0.0027543635684788015,None
2023-09-26,86.19601440429688,86.71370172688502,85.81253608284142,85.94675239821474,16730000,85.59785079956055,1,1,0.002423487320349249,None
2023-09-27,88.3434829711914,88.5927449778567,86.88626680909965,87.26974513145225,23144700,85.76185480753581,1,1,0.011893360663123076,None
2023-09-28,88.4393539428711,88.95704859975778,87.75868337017958,87.96000785103982,24231400,85.9531639099121,1,1,0.013873491146891404,None
2023-09-29,86.65618133544922,88.65026272793769,86.33022952099427,88.3051329748439,24181800,86.05204238891602,1,1,0.007170540690639271,None
2023-10-02,84.93054962158203,86.7712444457208,84.34575403201691,86.54115302130221,25299900,86.06580174763998,1,1,0.0009978110768003035,None
2023-10-03,84.8730239868164,85.03599991440655,84.0389664078307,84.7292186860198,20733300,86.0954081217448,1,1,0.002147016341265573,None
2023-10-04,82.2078628540039,83.75135800701433,81.40256485116801,83.60755270243888,29786200,86.05774688720703,1,1,0.0027311445061983797,None
2023-10-05,81.69974517822266,82.4187642817894,81.02865629301603,81.02865629301603,23518500,86.01012751261393,1,1,0.0034532960723341333,None
2023-10-06,82.18868255615234,82.93646127486895,80.77940390276764,81.69974750382197,25728200,85.99783935546876,1,1,0.0008911214220739261,None
2023-10-09,84.93054962158203,85.28526841521253,83.78971072770165,84.39368425975597,30744500,86.05030008951823,1,1,0.00380438526110094,None
2023-10-10,85.03600311279297,85.60163536673652,84.5278973698766,85.00724351440022,20850300,86.08755976359049,1,1,0.0027020238554089637,None
2023-10-11,83.94308471679688,84.24986592101062,82.97481088382773,84.16358713587591,23572700,86.08077494303386,1,1,0.0004920264992964718,None
2023-10-12,84.03897094726562,84.9113771412036,83.64590359147248,84.8346800014037,19993200,86.06322911580403,1,1,0.0012724009245466128,None
2023-10-13,85.88923645019531,86.30147441642546,85.04558989071474,85.40989031803194,24255900,86.10545501708984,1,1,0.0030621682940408235,None
2023-10-16,86.46446228027344,86.72330598720627,85.63998630375859,86.4452843379869,19182600,86.10912068684895,1,1,0.0002658296773065949,None
2023-10-17,87.36563110351562,87.63407110511385,86.14809503893858,86.27272241114186,20212000,86.12759857177734,1,1,0.0013399925554145042,None
2023-10-18,88.16133117675781,88.52563156864957,87.5190091775378,87.72033365576016,23808400,86.17133102416992,1,1,0.003171421451274359,None
2023-10-19,88.0079574584961,88.73655835177271,87.02049822990561,87.85456317723244,31648500,86.2128059387207,1,1,0.0030077076976016137,None
2023-10-20,86.53157043457031,88.18052238730994,86.2343708431167,87.8545631966735,23263400,86.17715199788411,1,1,0.0025855781371832975,None
2023-10-23,85.13188171386719,86.04263650043121,84.73881434826582,86.03304752915649,25944100,86.1332265218099,1,1,0.00318541928151328,None
2023-10-24,83.93350982666016,85.40988946240049,83.90474291505566,85.34278129713957,22135800,85.9814687093099,1,1,0.011005282247622983,None
2023-10-25,83.78011322021484,84.42243525756028,83.35828629933546,83.99102668065454,20706300,85.84680379231771,1,1,0.009765727351608522,None
2023-10-26,83.1281967163086,83.5116750450039,82.30372086959794,83.01315102342777,22385200,85.65614802042643,1,1,0.01382611245666121,None
2023-10-27,81.13412475585938,83.35829054555899,80.85610311786672,83.04192765302534,26904700,85.44184824625651,1,1,0.015540745227476283,None
2023-10-30,81.4025650024414,82.00653850569071,80.61643031120028,81.42173562977433,22765300,85.21176223754883,1,1,0.016685542743026804,None
2023-10-31,81.6709976196289,81.84356252248419,80.68354574216201,81.4984327167736,18602800,85.01810658772787,1,1,0.014043659762994487,None
2023-11-01,81.47925567626953,82.62969081277443,81.36421728258824,82.18869323709882,23041300,84.84522247314453,1,1,0.012537334624007634,None
2023-11-02,83.94308471679688,84.01978184641052,81.21081347391802,81.68057059288014,22661500,84.794091796875,1,1,0.0037079311739423026,None
2023-11-03,83.09944915771484,84.05814146118907,82.59134340715221,83.78970878649497,23615800,84.71004689534506,1,1,0.006094828645547334,None
2023-11-06,82.15991973876953,83.76094129350479,81.92024668548929,83.76094129350479,20517700,84.55889307657877,1,1,0.010961481395423522,None
2023-11-07,80.33840942382812,81.22999346393074,79.98369067609147,81.08618817083527,23775100,84.36363957722982,1,1,0.014159533764834364,None
2023-11-08,79.331787109375,80.55891207202684,79.30302751091313,80.0316357003283,25371000,84.06324971516928,1,1,0.021783888169187637,None
2023-11-09,79.09210968017578,80.09873945634727,79.04417214255187,79.91658559046601,19116100,83.75167490641276,1,1,0.02259500618206678,None
2023-11-10,79.96452331542969,80.15625883789187,79.20715556749379,79.98369394197937,17282800,83.52861963907877,1,1,0.016175682380960676,None
2023-11-13,80.53973388671875,80.70270980553711,79.83988536143836,80.08914738178711,14223700,83.38225911458333,1,1,0.010613877832367002,None
2023-11-14,81.25875854492188,81.48884264086139,80.71230424566458,80.8465205778161,17362000,83.26178359985352,1,1,0.008736730068043208,None
2023-11-15,81.10536193847656,82.1311623414083,80.99032355093665,81.13412153536154,16521800,83.22503356933593,1,1,0.0026650651573851825,None
2023-11-16,79.52351379394531,80.64518920885016,78.71821586964533,80.3384080023205,26583000,83.15249252319336,1,1,0.005260583782708661,None
2023-11-17,81.19164276123047,81.72850803946638,80.01244816597278,80.2041909898005,24425400,83.11925786336263,1,1,0.0024101349763512303,None
2023-11-20,81.30668640136719,82.00653495369309,81.2875157748646,81.5271888344741,14546900,82.9984624226888,1,1,0.008759930687861406,None
2023-11-21,81.1245346069336,81.26833258201304,80.34798897030035,80.92321012758153,13486900,82.86808013916016,1,1,0.009455156256434893,None
2023-11-22,81.086181640625,81.15328979676624,79.05375170368383,79.50433817244951,18273600,82.7728500366211,1,1,0.0069059651008900325,None
2023-11-24,81.4217300415039,82.0257035033003,81.00949209684381,81.05742963324846,9576300,82.6856086730957,1,1,0.0063266319766195345,None
2023-11-27,81.13412475585938,81.27793006023373,80.37675697944663,80.99990842224108,12250900,82.52710494995117,1,1,0.011494487049914515,None
2023-11-28,81.15330505371094,81.90108388107988,80.99991077412662,81.29711036226077,14460900,82.35006637573242,1,1,0.012838610717282428,None
2023-11-29,80.54931640625,81.76685961104597,80.29047272736518,81.66140288262298,22634000,82.12285588582357,1,1,0.016477013801628804,None
2023-11-30,81.086181640625,82.24619823348958,80.11790054695241,81.2395685771305,29182300,81.88701756795247,1,1,0.017102692838142364,None
2023-12-01,81.50801086425781,82.47629207271761,80.62601576063172,80.99032349222087,21521600,81.67035268147787,1,1,0.015712260143457613,None
2023-12-04,81.13412475585938,81.64223780654764,80.53974022533309,80.91362962816143,18535100,81.49043782552083,1,1,0.013047194986073318,None
2023-12-05,79.71526336669922,81.23958055853464,79.66732582771105,81.08619359940727,18873600,81.30988388061523,1,1,0.01309354089831638,None
2023-12-06,78.5264892578125,79.75361422300116,78.21970070227358,79.1975709374495,31153300,81.12964986165365,1,1,0.013070340278498183,None
2023-12-07,77.98961639404297,79.28384952377979,77.71159475200085,78.89078948795591,20454400,80.93663330078125,1,1,0.013997313850751869,None
2023-12-08,78.8332748413086,79.07294792784344,78.3443396967897,78.50731564021528,17057900,80.79346923828125,1,1,0.010382074501296579,None
2023-12-11,78.92913055419922,79.1879742298439,78.53606324149908,78.9003709584877,14672100,80.71996943155925,1,1,0.005330111872304588,None
2023-12-12,77.8458023071289,78.28680714768922,77.4048047808095,78.20052104784362,22693300,80.60141067504883,1,1,0.00859772921624291,None
2023-12-13,78.92913055419922,78.95789014991074,77.52944082039082,77.89374122313842,23222800,80.51001510620117,1,1,0.006627889627431882,None
2023-12-14,81.24916076660156,81.35461748960898,79.72484373916106,79.72484373916106,30358700,80.50234527587891,1,1,0.0005562062743083018,None
2023-12-15,80.81776428222656,80.97115124770627,80.14667527980754,80.52056469382651,23181400,80.39816792805989,1,1,0.007554807872293345,None
2023-12-18,81.47786712646484,82.66838803069415,81.40043331158105,82.2521905063126,21223600,80.3441151936849,1,1,0.0039198350862663656,None
2023-12-19,82.45543670654297,82.54254419721202,81.448819413346,81.63271546625643,18431200,80.35396575927734,1,1,0.000714350403828945,None
2023-12-20,81.69080352783203,83.22976177546629,81.5940149549076,82.74581152634939,19909100,80.39904556274413,1,1,0.0032691296259912406,None
2023-12-21,82.01021575927734,82.1360401706846,81.24557344881386,81.85534812878066,13031400,80.48832651774089,1,1,0.00647454053857377,None
2023-12-22,82.25218200683594,82.96842625926071,82.12635022452878,82.60061936881735,12518900,80.59366226196289,1,1,0.007638813296195313,None
2023-12-26,82.95874786376953,83.40398119096537,82.69741798772864,82.94906679147336,12991700,80.69346974690755,1,1,0.007237911011937381,None
2023-12-27,82.59095001220703,83.23944156373884,82.29089584092789,82.95874953744269,10119100,80.76184361775717,1,1,0.004958385566228962,None
2023-12-28,81.33267974853516,82.48448373369379,81.30364391437064,82.16507478889426,13099000,80.76430765787761,1,1,0.0001786890345099046,None
2023-12-29,81.14877319335938,81.69080248692016,80.9067980718842,81.61336867576938,12170700,80.76575469970703,1,1,0.00010493762063745748,None
