Date,Close,High,Low,Open,Volume,Smoothed_Close,KMeans_Cluster,GMM_Cluster,DTW_Distance,Major_Event
2014-01-02,14.336871147155762,14.402817475542212,14.297303350123892,14.389628209864922,43679450,14.336871147155762,2,2,0.0,None
2014-01-03,14.435790061950684,14.481952485022138,14.350058299276002,14.356652931143351,30349074,14.386330604553223,2,2,0.006960105955139406,None
2014-01-06,14.448980331420898,14.547899816316546,14.422601802115391,14.508332022358289,42798546,14.407213846842447,2,2,0.0029387621027017197,None
2014-01-07,14.455572128295898,14.52811306965718,14.409409711065992,14.52811306965718,58506229,14.41930341720581,2,2,0.001701286166666316,None
2014-01-08,14.50174045562744,14.521524356788788,14.4423887521434,14.481956554466096,44270453,14.435790824890137,2,2,0.002320165049250811,None
2014-01-09,14.554491996765137,14.574277438810403,14.462167159749086,14.547897365549703,35872817,14.45557435353597,2,2,0.0027840065942292824,None
2014-01-10,14.528112411499023,14.56768019590357,14.46216610415811,14.547896303701297,44795967,14.465936933244977,2,2,0.0014582580670803313,None
2014-01-13,14.310490608215332,14.53470964167344,14.284112080561336,14.508331114019445,52459804,14.446506142616272,2,2,0.0027343680801250603,None
2014-01-14,14.429191589355469,14.44897703021338,14.317082865420934,14.389623804437395,38581263,14.444582303365072,2,2,0.0002707293151520407,None
2014-01-15,14.600653648376465,14.613842908715846,14.48854338709301,14.4951380172627,75928326,14.46018943786621,2,2,0.0021962899615153297,None
2014-01-16,14.508331298828123,14.567682986805648,14.475358138840614,14.561089903207298,57911287,14.46456597068093,2,2,0.0006158808387604076,None
2014-01-17,14.462166786193848,14.554491620825164,14.429192082569449,14.528113096644788,70660016,14.46436603864034,2,2,2.813512843746757e-05,None
2014-01-21,14.475357055664062,14.554492633712451,14.3896252977126,14.541303370704387,51099056,14.46521150148832,2,2,0.00011897645693470515,None
2014-01-22,14.481950759887695,14.514923915296585,14.442382973397027,14.50173465313303,22301904,14.46640716280256,2,2,0.00016825759665528572,None
2014-01-23,14.244543075561523,14.422601238210309,14.178596754876176,14.416005057742602,64648058,14.451616223653158,2,2,0.002081432127905458,None
2014-01-24,13.92140293121338,14.172000468972808,13.92140293121338,14.172000468972808,86803719,14.418477892875671,2,2,0.004663340552531148,None
2014-01-27,13.83566951751709,14.007131459136746,13.756533951415156,13.941185154051803,79350014,14.384195047266344,2,2,0.0048244006392366146,None
2014-01-28,14.020325660705566,14.033514926370254,13.895026088491685,13.908216902555722,43538500,14.3639800813463,2,2,0.0028447199400585266,None
2014-01-29,13.85545825958252,13.993947097142089,13.822485095496752,13.868647525216826,79334380,14.33721577493768,2,2,0.003766365791739723,None
2014-01-30,14.05329418182373,14.079672704437952,13.934590830059738,13.980753244634624,56607904,14.323019695281982,2,2,0.001997721441973299,None
2014-01-31,13.888426780700684,14.02032094135025,13.81588584396278,13.842264366412923,65974214,14.302324794587635,2,2,0.0029122580218829963,None
2014-02-03,13.53890895843506,13.908212936945745,13.519125065578953,13.87523823378666,129496030,14.267624074762518,2,2,0.004883205344562214,None
2014-02-04,13.670804977416992,13.743345927714156,13.55869468764953,13.604858658965025,67895066,14.241675418356191,2,2,0.003651584701590549,None
2014-02-05,13.657617568969728,13.70377999815678,13.558696529455275,13.65102293622872,58062823,14.217339674631754,2,2,0.0034246100489547793,None
2014-02-06,13.868646621704102,13.875241254091629,13.677400734066566,13.683995366454091,49232368,14.203391952514648,2,2,0.0019627717099233166,None
2014-02-07,14.040109634399414,14.053298900134742,13.881836897176129,13.927999327249774,63056129,14.19711186335637,2,2,0.0008837558729786199,None
2014-02-10,14.05329418182373,14.06648344313084,13.97415861398107,14.046699551170176,53244320,14.191785282558865,2,2,0.0007495748776886746,None
2014-02-11,14.19838047027588,14.237949810582371,14.033513122262802,14.099460990507524,46243500,14.19202082497733,2,2,3.314634401019312e-05,None
2014-02-12,14.19838047027588,14.26432679012145,14.145623414399422,14.218164366229551,47764154,14.192240123091073,2,2,3.0860389250708664e-05,None
2014-02-13,14.25113582611084,14.25773200570768,14.073080783768278,14.073080783768278,39783458,14.194203313191732,2,2,0.0002762669028262277,None
2014-02-14,14.270922660827637,14.284111924510546,14.204974794013976,14.231353321379794,37421046,14.192005030314128,2,2,0.0003093499717261583,None
2014-02-18,14.297304153442385,14.323682686279083,14.231356272951189,14.284114887024032,26168844,14.187388833363851,2,2,0.0006496072050594659,None
2014-02-19,14.09946346282959,14.336871804302032,14.092868829688674,14.251140025070686,78908823,14.175738271077474,2,2,0.0016395074312782754,None
2014-02-20,14.139029502868652,14.172002664471584,14.03351383734004,14.112649425187076,39164019,14.1651868502299,2,2,0.0014848324454153072,None
2014-02-21,14.165407180786133,14.218164236180035,14.112648576993092,14.165407180786133,53100785,14.153975741068523,2,2,0.0015776660671942278,None
2014-02-24,14.270922660827637,14.343463611083637,14.165407002965251,14.172001634806705,51914224,14.144523429870606,2,2,0.0013301619330305936,None
2014-02-25,14.185187339782717,14.2709190806128,14.152214188847578,14.264322902027043,49380703,14.133092594146728,2,2,0.0016085867492365846,None
2014-02-26,14.165407180786133,14.231353500028511,14.092866229619515,14.218164236180035,52231699,14.128256479899088,2,2,0.0006805547279713497,None
2014-02-27,14.237950325012209,14.244543408835828,14.099461499933632,14.14562392549342,47711837,14.121881771087647,2,2,0.0008970710779181434,None
2014-02-28,14.310490608215332,14.389626191177324,14.218164213027208,14.244542740681206,69264062,14.112209669748943,2,2,0.0013610915620292374,None
2014-03-03,14.19838047027588,14.218164366229551,14.10605562249208,14.178596574322208,61089483,14.101877975463868,2,2,0.0014539117633731724,None
2014-03-04,14.48854637145996,14.48854637145996,14.336868297915546,14.363246824027785,61500268,14.102757294972738,2,2,0.0001237408833860698,None
2014-03-05,14.640225410461426,14.640225410461426,14.46216879906274,14.495141958877468,58700112,14.108252906799317,2,2,0.0007733615088802992,None
2014-03-06,14.686387062072754,14.719360220153936,14.63363000914286,14.640224640759095,53457898,14.115067450205485,2,2,0.0009589661237421332,None
2014-03-07,14.752336502075195,14.831472089921132,14.692983262791511,14.778715031357176,81544764,14.13199389775594,2,2,0.0023819482581166618,None
2014-03-10,14.758934020996094,14.83806962431963,14.666607602052434,14.719364670934793,29071542,14.159911600748698,2,2,0.003928675749355737,None
2014-03-11,14.660008430480955,14.79190261025894,14.627035272636224,14.778713347121046,55578050,14.18738956451416,2,2,0.0038667941239669545,None
2014-03-12,14.633630752563477,14.640225384514736,14.5281150929442,14.56768288465175,39319248,14.207833067576091,2,2,0.0028768804773133816,None
2014-03-13,14.46876049041748,14.699574110609536,14.435787337304165,14.679790218741545,70116160,14.228276475270588,2,2,0.00287686705687773,None
2014-03-14,14.376439094543455,14.534710267279785,14.363248281749565,14.416005339328338,54433958,14.239047972361247,2,2,0.0015158023357189077,None
2014-03-17,14.528112411499023,14.580869457371753,14.481949996360385,14.495139257828566,46338656,14.260370826721191,2,2,0.003000625834177484,None
2014-03-18,14.600653648376465,14.613842908715846,14.54130042845053,14.56767894912929,44158186,14.295762316385906,2,2,0.004980412866180783,None
2014-03-19,14.594058990478516,14.699573072993084,14.488543359565227,14.613842880949996,69971394,14.326537450154623,2,2,0.004330783293729601,None
2014-03-20,14.824875831604004,14.857848989589971,14.567682102515333,14.567682102515333,112214267,14.365446058909098,2,2,0.005475354032333568,None
2014-03-21,14.826862335205078,14.992340650507964,14.807005123865196,14.926148391904473,82702027,14.397386582692464,2,2,0.004494781008379745,None
2014-03-24,14.820244789123535,14.912911784907749,14.73419531032938,14.873197358143086,68496287,14.423391087849934,2,2,0.0036594439310659865,None
2014-03-25,14.80700969696045,14.89305763934221,14.734198345422792,14.866581349378592,42096507,14.448514938354492,2,2,0.0035355151615914515,None
2014-03-26,14.654759407043455,14.899666475082304,14.654759407043455,14.893047407139004,62505872,14.463727569580078,2,2,0.0021407740957541943,None
2014-03-27,14.575331687927246,14.68785741756142,14.49590285816448,14.621665171955527,81009033,14.476292610168457,2,2,0.0017681959816695514,None
2014-03-28,14.63491153717041,14.72758011145693,14.58195895422828,14.615055872704906,48922771,14.489085133870443,2,2,0.0018002081924177737,None
2014-03-31,14.787145614624023,14.833480659557074,14.72757398360072,14.74081212382812,41048557,14.506292565663655,2,2,0.0024214893328518006,None
2014-04-01,14.813629150390623,14.859962659018446,14.773913160286176,14.82686729571286,51651775,14.523503398895263,2,2,0.002421967995030583,None
2014-04-02,14.846720695495604,14.879816050289906,14.800387198783588,14.826863482619029,44565278,14.548411973317464,2,2,0.0035052207665118296,None
2014-04-03,14.820244789123535,14.87981642927053,14.773909737094044,14.859959215888198,46626833,14.57111914952596,2,2,0.0031954323939120677,None
2014-04-04,14.674622535705566,14.932769397993631,14.661384394474103,14.899672490777707,60202301,14.58809299468994,2,2,0.002388618214268945,None
2014-04-07,14.44957447052002,14.668006961176594,14.436336326133274,14.66138788898322,72897112,14.59404805501302,2,2,0.0008380166908181774,None
2014-04-08,14.469428062438965,14.502524969252532,14.350284792804215,14.462810546040949,56290676,14.60352274576823,2,2,0.0013333112617570642,None
2014-04-09,14.59519386291504,14.6084320057145,14.442953666583774,14.515765006118263,44907126,14.617848968505859,2,2,0.0020160356267060475,None
2014-04-10,14.25761890411377,14.608432816033815,14.250999832346883,14.608432816033815,94458692,14.618504587809245,2,2,9.226101655612773e-05,None
2014-04-11,14.08552074432373,14.257618155362463,14.02594910155021,14.09213981574301,98050873,14.611005592346192,2,2,0.0010552845851203863,None
2014-04-14,14.198040962219238,14.27085071936816,14.052419893784547,14.250993512873,69247689,14.61099427541097,2,2,1.592558276586331e-06,None
2014-04-15,14.33042049407959,14.356898320134793,14.125229386710789,14.231134474385009,103855038,14.605723412831624,2,2,0.0007417340172661824,None
2014-04-16,14.442951202392578,14.449570272662992,14.310569796984272,14.39661771049967,49363100,14.599147605895997,2,2,0.0009253703016736115,None
2014-04-17,14.469428062438965,14.502524969252532,14.396618286551064,14.462810546040949,58956037,14.591915639241536,2,2,0.0010177073673611758,None
2014-04-21,14.45619010925293,14.48928701649665,14.423094756146476,14.476048875254069,37683618,14.582044092814128,2,2,0.001389158164912807,None
2014-04-22,14.555481910705566,14.5951963458602,14.423098906052402,14.476053040396296,33032777,14.575262355804444,2,2,0.0009543494941317565,None
2014-04-23,14.588574409484863,14.60181255193766,14.522383697220883,14.54224091090008,32197667,14.57288122177124,2,2,0.0003350814189346796,None
2014-04-24,14.581950187683104,14.654761499592784,14.522378567687165,14.654761499592784,36918798,14.571158536275227,2,2,0.00024242226280968282,None
2014-04-25,14.462815284729004,14.562101375288682,14.436337439775333,14.548863229880723,35205738,14.57096036275228,2,2,2.78876637513914e-05,None
2014-04-28,14.37676239013672,14.502526295948906,14.237760342042971,14.462811869104232,54068967,14.570971139272054,2,2,1.5165091451496693e-06,None
2014-04-29,14.515759468078612,14.522378536953044,14.39661467420202,14.40985281195088,34182162,14.570559374491374,2,2,5.7944964480416417e-05,None
2014-04-30,14.535619735717772,14.56871508705938,14.462809962766237,14.47604810330288,46774307,14.568391577402751,2,2,0.0003050599060319126,None
2014-05-01,14.562098503112791,14.581955717308164,14.48928871772977,14.535622217518966,33615533,14.567326227823893,2,2,0.0001499196784253698,None
2014-05-02,14.555481910705566,14.687864915358729,14.522386548076703,14.56872005575711,34600209,14.558346430460611,2,2,0.0012636681515096893,None
2014-05-05,14.495903968811035,14.509142108119107,14.370140091247295,14.42309264847959,23206197,14.547314484914144,2,2,0.0015524535434687792,None
2014-05-06,14.290715217590332,14.45619200482074,14.290715217590332,14.45619200482074,73906286,14.52966349919637,2,2,0.0024839077756375616,None
2014-05-07,14.482664108276367,14.495903801568732,14.32380643841226,14.363520855878289,50411420,14.518851979573567,2,2,0.0015214344449043793,None
2014-05-08,14.522377967834473,14.601806791214887,14.46280635029916,14.46280635029916,35858291,14.514439264933268,2,2,0.0006209724704309139,None
2014-05-09,14.515759468078612,14.535616674701902,14.423090949699738,14.515759468078612,29373014,14.512453524271647,2,2,0.00027944029578086393,None
2014-05-12,14.661383628845217,14.668002699115291,14.55547695038677,14.588572301737164,25643084,14.513335927327473,2,2,0.0001241748107814189,None
2014-05-13,14.64814281463623,14.70771443619356,14.628285607450454,14.668000021822008,28989311,14.508702500661213,2,2,0.0006520318303004924,None
2014-05-14,14.542243003845217,14.648149712847268,14.51576671512911,14.634910014351584,31432723,14.499656295776367,2,2,0.0012730132476881373,None
2014-05-15,14.37676239013672,14.495907224808128,14.270855697746867,14.47605001138579,49008449,14.483991018931071,2,2,0.002204471953334508,None
2014-05-16,14.396617889404297,14.396617889404297,14.284092139271714,14.38337974869896,41206002,14.469870122273763,2,2,0.00198714143033607,None
2014-05-19,14.469428062438965,14.482666203509494,14.350284792804215,14.35690386333948,24674780,14.46303030649821,2,2,0.0009625225389944259,None
2014-05-20,14.383378028869627,14.476046556863771,14.330423918242824,14.442949654920636,24000561,14.460823758443196,2,2,0.000310513076085428,None
2014-05-21,14.476051330566406,14.53562297626209,14.429717828358651,14.436335345965086,39055814,14.461044534047444,2,2,3.106830682608752e-05,None
2014-05-22,14.542243003845217,14.56871929256132,14.456193511380242,14.495909498592033,22555244,14.459279505411784,2,2,0.0002483809359112854,None
2014-05-23,14.588574409484863,14.59519348071126,14.529002768447285,14.562098124579272,20383390,14.47031135559082,2,2,0.0015524401230340157,None
2014-05-27,14.714333534240724,14.7739051559154,14.62166501305432,14.62166501305432,28444963,14.491271781921387,2,2,0.0029496237080259835,None
2014-05-28,14.68786334991455,14.72757778083639,14.65476799081302,14.681244278094244,40448075,14.507599194844564,2,2,0.0022976500329430216,None
2014-05-29,14.720954895019531,14.734193035230325,14.654764193965566,14.720954895019531,18361350,14.520617008209229,2,2,0.0018319117331631052,None
2014-05-30,14.754051208496094,14.767290903708146,14.68124143258467,14.687860503122073,33521607,14.530987008412678,2,2,0.0014593023047304587,None
2014-06-02,14.793768882751465,14.807007025344728,14.69448125916457,14.76729259756494,24982776,14.541798369089763,2,2,0.0015214120775128848,None
2014-06-03,14.813629150390623,14.813629150390623,14.727579651658356,14.754055942302823,19306758,14.553713003794352,2,2,0.0016766686155553767,None
2014-06-04,14.853341102600098,14.866579245708666,14.7672931723944,14.7672931723944,24081684,14.56364164352417,2,2,0.0013971925319482548,None
2014-06-05,14.992338180541992,14.998957249898137,14.813621753789128,14.879812447350568,38203470,14.57710043589274,2,2,0.0018939678242058111,None
2014-06-06,15.09162712097168,15.111485886993249,15.005579202806375,15.032055485318775,36753598,14.59408966700236,2,2,0.002390783377768546,None
2014-06-09,15.157821655273438,15.177678870136596,15.085011867441857,15.098250010683962,39739634,14.617256546020508,2,2,0.003260123363676204,None
2014-06-10,15.151202201843262,15.151202201843262,15.091629004617523,15.118106844571995,26550947,14.643071206410726,2,2,0.003632728318630374,None
2014-06-11,15.05191421508789,15.09824926829444,15.005580716018766,15.091628642861426,25320439,14.660943031311035,2,2,0.002514985029420158,None
2014-06-12,14.959246635437012,15.051913629973006,14.932770351283873,15.04529455893472,36993766,14.675063927968344,2,2,0.00198714143033607,None
2014-06-13,14.965858459472656,15.032049137803622,14.919523430504368,14.99895379863814,34428485,14.68852259318034,2,2,0.0018939499302927931,None
2014-06-16,14.893057823181152,14.939391331189425,14.853343387745491,14.939391331189425,41736316,14.699775123596192,2,2,0.0015834950094253397,None
2014-06-17,15.045292854309082,15.058530994885777,14.866576402386515,14.873195472674864,30098442,14.718088086446127,2,2,0.0025770634878541365,None
2014-06-18,15.131340980529783,15.157817259335577,14.979100823259431,15.038672450572465,38125793,14.746108945210775,2,2,0.003943192186454558,None
2014-06-19,15.111485481262209,15.151199903964509,15.058531363521912,15.13796176306374,28443117,14.767069657643637,2,2,0.002949663969330496,None
2014-06-20,15.171292304992676,15.191228105357496,15.124773877186716,15.17793757178095,30669011,14.78870013554891,2,2,0.003043915683731857,None
2014-06-23,15.204524040222168,15.217814578520075,15.118133980997175,15.1712976944774,23893956,14.811658954620361,2,2,0.003230844448171899,None
2014-06-24,15.10483741760254,15.237744307855609,15.084901618107777,15.171291642873063,27761266,14.826440747578939,2,2,0.00208014504429066,None
2014-06-25,15.11813259124756,15.1380683968618,15.018453563176354,15.031744100252515,31616881,14.842107073465984,2,2,0.002204619578118905,None
2014-06-26,15.064966201782228,15.118128335120412,14.951995108150562,15.098192535118592,32902784,14.859531180063884,2,2,0.0024519805609766188,None
2014-06-27,15.124773979187012,15.124773979187012,15.018449709857594,15.018449709857594,22087464,14.884464899698893,2,2,0.00350875928785066,None
2014-06-30,15.111485481262209,15.138066552175426,15.071613874892376,15.091549678077293,45984497,14.90829381942749,2,2,0.003353288022849732,None
2014-07-01,15.204524040222168,15.270976731711702,15.144716617881588,15.144716617881588,34924332,14.93279701868693,2,2,0.003448174971170337,None
2014-07-02,15.191229820251465,15.251037228097411,15.184584552713028,15.197875087789903,21714471,14.959725411732991,2,2,0.0037894566310356925,None
2014-07-03,15.310851097106934,15.330786906103535,15.264332649159476,15.297560557775869,27225904,14.987552070617676,2,2,0.003915863707491196,None
2014-07-07,15.244390487670898,15.290907355945585,15.197873619396214,15.290907355945585,30418995,15.010956986745198,2,2,0.0032936207692213504,None
2014-07-08,15.111485481262209,15.23110186065996,15.078259142620682,15.21781132520335,42234379,15.028387355804444,2,2,0.0024528618362029686,None
2014-07-09,15.151357650756836,15.16464818670741,15.09819550695454,15.131421846830976,23890756,15.04295482635498,2,2,0.0020499848535604492,None
2014-07-10,15.051675796508787,15.098192663575473,14.925414168468333,14.98522156898264,31814580,15.055081907908122,2,2,0.0017065648710656856,None
2014-07-11,15.078256607055664,15.091547140277331,14.95864024777264,15.031739740779823,26102370,15.066991964975992,2,2,0.0016760244346794018,None
2014-07-14,15.171292304992676,15.231099706087138,15.15135494433981,15.224454439298864,26266093,15.08090000152588,2,2,0.001957187019608231,None
2014-07-15,15.277618408203123,15.31084630642268,15.197875197167958,15.251037337858069,36321394,15.097028319040934,2,2,0.0022696326383204735,None
2014-07-16,15.251038551330566,15.310847524653967,15.20452167452553,15.290910160020596,32831509,15.111608632405598,2,2,0.002051792138795472,None
2014-07-17,15.051675796508787,15.244390091787364,15.038385263061166,15.177937424549246,42034342,15.118219788869222,2,2,0.0009303448095487887,None
2014-07-18,15.224454879760742,15.2377454137218,15.098193246842598,15.098193246842598,25827980,15.125957012176514,2,2,0.0010888088315359479,None
2014-07-21,15.184579849243164,15.204515645683305,15.118125634154952,15.14470825636288,18265332,15.12905543645223,2,2,0.00043602098340178586,None
2014-07-22,15.231090545654297,15.257671596820751,15.197864231696228,15.224445282862682,15999553,15.131497732798259,2,2,0.00034368839119292005,None
2014-07-23,15.26433277130127,15.2909138501761,15.211170613551609,15.23775169242644,17625827,15.135268751780192,2,2,0.00053067083737246,None
2014-07-24,15.297551155090332,15.324132217414338,15.270968532478564,15.304194860383571,25123971,15.143456649780273,2,2,0.0011522293334613742,None
2014-07-25,15.211167335510254,15.284265286663262,15.19787679893698,15.237748408656802,44700318,15.151854006449382,2,2,0.0011817050820110975,None
2014-07-28,15.217811584472656,15.257683191521783,15.118131006561535,15.19787578094809,51911024,15.160252443949382,2,2,0.0011818571802735267,None
2014-07-29,15.138068199157717,15.277620396923297,15.13142293070642,15.23774878621554,34997453,15.168419456481933,2,2,0.0011492902582150855,None
2014-07-30,15.204524040222168,15.264331462562748,15.111488711848224,15.197878771073215,49021005,15.173727162679036,2,2,0.0007469187786213194,None
2014-07-31,14.892184257507324,15.13806062751294,14.88553899237981,15.098189036747865,61818850,15.165755271911621,2,2,0.0011218320483810107,None
2014-08-01,14.765925407409668,14.912122827706709,14.69947274376917,14.85231543043026,61016238,15.154236602783204,2,2,0.001620946969792092,None
2014-08-04,14.885542869567873,14.90547867014302,14.752635972112149,14.819088640695975,32232135,15.144711621602376,2,2,0.0013403883044353915,None
2014-08-05,14.73270320892334,14.858964865551574,14.67289579486762,14.812446427664296,49123055,15.128984260559083,2,2,0.002213208656463461,None
2014-08-06,14.792513847351074,14.872258643762647,14.68618953252061,14.68618953252061,45635509,15.118573474884034,2,2,0.0014650417773953706,None
2014-08-07,14.726059913635254,14.89219320189186,14.68618829892293,14.858966856298256,49004387,15.10550438563029,2,2,0.0018391274536688762,None
2014-08-08,14.8722562789917,14.878901547611967,14.686187197335672,14.71941354043702,62985100,15.099080721537272,2,2,0.0009039602345075615,None
2014-08-11,14.885542869567873,14.9519955381517,14.872252335851105,14.898833403284636,28040580,15.091106351216634,2,2,0.0011221809796888582,None
2014-08-12,14.918773651123049,14.95864526415901,14.839030425051115,14.839030425051115,27079046,15.084682623545328,2,2,0.0009039691814642925,None
2014-08-13,14.985223770141602,15.018451668929494,14.93870689624212,14.951997431641972,27864301,15.077372614542643,2,2,0.0010286897565989772,None
2014-08-14,15.078256607055664,15.078256607055664,14.998511847437648,15.005158674336483,26959269,15.07360684076945,2,2,0.0005299327134520304,None
2014-08-15,15.005157470703123,15.144709618624525,14.918767451404015,15.144709618624525,48988876,15.063417053222656,2,2,0.0014339421562212795,None
2014-08-18,15.171292304992676,15.184582838569224,15.071611742880528,15.078257009668802,30915826,15.060980447133382,2,2,0.0003428876385764834,None
2014-08-19,15.197872161865234,15.237743759419706,15.184581629347075,15.204517428124312,24872847,15.063860003153483,2,2,0.00040522108527407674,None
2014-08-20,15.237747192382812,15.290909334432516,15.151357151263769,15.17129451482068,32671479,15.066739654541015,2,2,0.00040523450570884023,None
2014-08-21,15.417169570922852,15.443750639514684,15.244391064787816,15.270972133379647,46030414,15.078922780354818,2,2,0.0017144516133169585,None
2014-08-22,15.36401081085205,15.457044571372908,15.344075005026154,15.417172959721112,30347351,15.088447920481364,2,2,0.001340410671826664,None
2014-08-25,15.49691677093506,15.543433648276713,15.437107796921698,15.437107796921698,33893123,15.09930206934611,2,2,0.0015274333793111605,None
2014-08-26,15.530141830444336,15.576658703947713,15.47697968929762,15.48362495694096,17016729,15.10771951675415,2,2,0.0011845323202994695,None
2014-08-27,15.49691677093506,15.570014721043371,15.470334137880023,15.570014721043371,21784145,15.115915457407633,2,2,0.0011533611234724184,None
2014-08-28,15.450399398803713,15.470335204753528,15.390591980954255,15.423818324203951,25850015,15.129206244150797,2,2,0.0018703254913656764,None
2014-08-29,15.52349853515625,15.543434340619234,15.45704428999119,15.496917461205603,28003280,15.139174365997315,2,2,0.0014027485920025118,None
2014-09-02,15.5833101272583,15.596600667794965,15.496921613769985,15.570019586721637,36352415,15.152465375264486,2,2,0.00187035680571368,None
2014-09-03,15.556723594665527,15.656402613760138,15.523497254967324,15.643113638169172,24151728,15.163319810231526,2,2,0.001527473640615673,None
2014-09-04,15.57001495361328,15.669693977977165,15.516852807285876,15.57001495361328,31148855,15.173509216308593,2,2,0.0014338884744815594,None
2014-09-05,15.589948654174805,15.59659392156876,15.4570417460075,15.55007704981107,30005256,15.183255799611409,2,2,0.0013715729216972061,None
2014-09-08,15.596590995788574,15.656398391114848,15.543428866609664,15.576655197346485,26755908,15.19610325495402,2,2,0.001807938362928363,None
2014-09-09,15.437105178833008,15.563366813349406,15.41052411057442,15.563366813349406,38428619,15.203413041432698,2,2,0.0010286584422509737,None
2014-09-10,15.516852378845217,15.536788183167538,15.443752869375007,15.443752869375007,38567107,15.216039180755615,2,2,0.0017767940069710608,None
2014-09-11,15.556723594665527,15.570014130544807,15.45039774734296,15.463689843510558,36650440,15.227779165903728,2,2,0.0016520913257496161,None
2014-09-12,15.543432235717772,15.616531739471313,15.483624827427978,15.556722770893284,42971009,15.249487431844075,2,2,0.0030548622851434004,None
2014-09-15,15.536791801452637,15.576663419382784,15.490274913867466,15.54343707110766,25694294,15.275182978312175,2,2,0.003615966195422926,None
2014-09-16,15.603242874145508,15.636469218962704,15.49027330176704,15.49691857073048,39350392,15.299106311798095,2,2,0.003366574253414356,None
2014-09-17,15.669692993164062,15.756083035805029,15.583304510811397,15.636466653797653,54889305,15.33033930460612,2,2,0.004395214801752534,None
2014-09-18,15.822537422180176,15.862410594011468,15.72950366191359,15.749439467685,63655749,15.36467342376709,2,2,0.004831616030809949,None
2014-09-19,15.781166076660156,15.93464049258869,15.741129681218869,15.907949562294498,62190612,15.399843629201253,2,2,0.004949272983701514,None
2014-09-22,15.67440414428711,15.787842189058912,15.654385942281014,15.74780578504672,39775087,15.426581891377767,2,2,0.003762700757295123,None
2014-09-23,15.567633628845217,15.721108026318651,15.560962463810792,15.641035245064725,39927485,15.449318250020346,2,2,0.0031995390469956586,None
2014-09-24,15.654382705688477,15.661055438310902,15.534271951747916,15.60100084470909,44279193,15.473838551839192,2,2,0.0034505817024983454,None
2014-09-25,15.394145965576172,15.62769319532087,15.394145965576172,15.601002262405714,66656804,15.487469291687011,2,2,0.0019181648683559427,None
2014-09-26,15.540945053100586,15.580981445748836,15.414161576310976,15.440852504743145,49182020,15.502892239888508,2,2,0.002170370628217899,None
2014-09-29,15.487561225891112,15.52092488556186,15.380795948207949,15.387470246878877,47184969,15.518972365061442,2,2,0.0022628508452111618,None
2014-09-30,15.46086883544922,15.554288640425924,15.427505178934904,15.520923417174982,40730589,15.52862491607666,2,2,0.001358340372871858,None
2014-10-01,15.27403450012207,15.46087258869524,15.247343568431187,15.42750892408164,63257889,15.531163660685221,2,2,0.0003572609243693847,None
2014-10-02,15.314069747924805,15.37412590645746,15.173940800331128,15.280706085816046,69509769,15.533707745869954,2,2,0.00035801246872435577,None
2014-10-03,15.53427028656006,15.560962780925404,15.40081564841719,15.454197503674337,62092379,15.537611103057861,2,2,0.0005492939275550945,None
2014-10-06,15.487561225891112,15.641035627113324,15.467543030088668,15.641035627113324,40801003,15.54172945022583,2,2,0.0005795480613295378,None
2014-10-07,15.227314949035645,15.44751814092274,15.220643786728866,15.44751814092274,63099706,15.532742722829182,2,2,0.0012646433697802717,None
2014-10-08,15.51425552368164,15.51425552368164,15.187288454409988,15.23399915483245,72327897,15.532213179270427,2,2,7.451920159939895e-05,None
2014-10-09,15.187283515930176,15.500905016453649,15.173938053502503,15.500905016453649,110277904,15.521892070770264,2,2,0.0014524220950977718,None
2014-10-10,15.06717300415039,15.327411064910764,15.060498706797926,15.153918502158358,76225243,15.509117857615154,2,2,0.001797631468914318,None
2014-10-13,14.933723449707031,15.167270691605175,14.920377982554974,15.07385085480362,70603882,15.489458688100179,2,2,0.002766506347101627,None
2014-10-14,14.993773460388184,15.113884194712664,14.92704614506163,14.973755265790215,78074944,15.469807465871176,2,2,0.0027653879775249024,None
2014-10-15,14.706844329833984,14.853646004850855,14.379877318827502,14.78024595071084,134405258,15.441478157043457,2,2,0.003986598346445103,None
2014-10-16,14.706844329833984,14.820282343878125,14.439933475315264,14.453278939704358,101397347,15.41270580291748,2,2,0.0040489452135774595,None
2014-10-17,14.893683433532717,14.967085059512971,14.793592443655474,14.900357732928144,65796704,15.38949696222941,2,2,0.0032660283550383085,None
2014-10-20,14.980432510375977,14.993777977461786,14.86032173986654,14.86032173986654,60934746,15.368958346048991,2,2,0.002890265124400715,None
2014-10-21,15.260683059692385,15.280701250623387,15.073843477530229,15.11388142612863,62988547,15.363077608744304,2,2,0.0008275576985417032,None
2014-10-22,15.120553016662598,15.300718288197292,15.120553016662598,15.287372828582596,56880817,15.349867630004884,2,2,0.0018589539095150709,None
2014-10-23,15.267363548278809,15.367454553796152,15.240672613474183,15.294054483083434,99572513,15.340222295125326,2,2,0.001357324893296763,None
2014-10-24,15.41416358947754,15.420836322457072,15.267361897190767,15.294052829108905,32770205,15.33591334025065,2,2,0.0006063710372445907,None
2014-10-27,15.434176445007324,15.440849175676716,15.334083918229954,15.360776407644003,27325984,15.33249282836914,2,2,0.0004813462655848255,None
2014-10-28,15.60100555419922,15.607678288835949,15.474222029363972,15.474222029363972,44604546,15.332418251037598,2,2,1.0494780102732193e-05,None
2014-10-29,15.641035079956056,15.667726006758944,15.520924342606325,15.627689616554608,55631844,15.331462987263997,2,2,0.00013442802305618784,None
2014-10-30,15.727782249450684,15.801182298581685,15.58098058445196,15.62768970662623,41918628,15.328304481506347,2,2,0.0004444758573975971,None
2014-10-31,15.907947540283203,15.927965735459397,15.841218656292504,15.907947540283203,46879927,15.332530530293782,2,2,0.0005947042058258578,None
2014-11-03,15.96800708770752,16.008043490500807,15.901279749718706,15.947988886310874,60885014,15.342317295074462,2,2,0.0013772273982741723,None
2014-11-04,15.974679946899414,15.981352680750671,15.847898003725494,15.907952608386823,36701526,15.35588550567627,2,2,0.0019093655365307605,None
2014-11-05,16.081439971923828,16.114803630218958,15.988021728697465,16.114803630218958,30312760,15.370120747884114,2,2,0.002003232531798016,None
2014-11-06,16.10813331604004,16.114806048700498,16.008040759396224,16.054751454756378,33192561,15.39392032623291,2,2,0.0033491590023746465,None
2014-11-07,16.114810943603516,16.154847351727394,16.03473812735576,16.114810943603516,35459694,15.413049189249675,2,2,0.002691879782022344,None
2014-11-10,16.201553344726562,16.201553344726562,16.094788054073334,16.11480625230763,37733474,15.43684892654419,2,2,0.003349181369765919,None
2014-11-11,16.148170471191406,16.221572100644288,16.148170471191406,16.208225067958928,47698542,15.459758981068928,2,2,0.00322398213245223,None
2014-11-12,16.114810943603516,16.134829147665457,16.0547563314177,16.094792739541578,23048629,15.48778486251831,2,2,0.003943898996026984,None
2014-11-13,16.10813331604004,16.161515177323704,16.041404422698513,16.128151514021415,36133543,15.514253648122152,2,2,0.0037247790817060977,None
2014-11-14,16.054746627807617,16.134819395658788,16.034728435844823,16.10145574238747,14073777,15.53160285949707,2,2,0.0024414410460908975,None
2014-11-17,16.054746627807617,16.07476481977041,15.994690485182762,16.00803594649129,19907978,15.550509039560954,2,2,0.0026605430664981,None
2014-11-18,16.10813331604004,16.161515177323704,16.041404422698513,16.04807872209592,15630130,15.579869651794434,2,2,0.00413172692960595,None
2014-11-19,16.074764251708984,16.101455173382817,16.008035380787977,16.081436982127443,27164231,15.598553276062011,2,2,0.002629224244886874,None
2014-11-20,16.074764251708984,16.09478244296436,15.967998998277224,15.99468991995106,19798912,15.62813596725464,2,2,0.00416297864904247,None
2014-11-21,16.15484046936035,16.254933013765537,16.134822273826664,16.254933013765537,25110061,15.664391549428304,2,2,0.0051020109534587466,None
2014-11-24,16.26160430908203,16.301640696612644,16.201549727786112,16.2082208923046,23038411,15.708654244740805,2,2,0.0062287996158014725,None
2014-11-25,16.248262405395508,16.294971534411825,16.19487897692561,16.294971534411825,28864242,15.750470542907715,2,2,0.005884534145907061,None
2014-11-26,16.268280029296875,16.274952761777953,16.228243634410404,16.24826183185364,10769280,15.802518399556478,2,2,0.007324354452620696,None
2014-11-28,16.281625747680664,16.35502737285192,16.26160754992585,16.281625747680664,9621496,15.8550111134847,2,2,0.007386956308016446,None
2014-12-01,16.168190002441406,16.241591637942893,16.12815360129722,16.19488093653753,33654309,15.897494665781657,2,2,0.005978432455522986,None
2014-12-02,16.321666717529297,16.3350121864394,16.15484678941565,16.15484678941565,26767603,15.942202472686768,2,2,0.006291437259023702,None
2014-12-03,16.395063400268555,16.408408865138806,16.301643579439894,16.335007241615525,17814417,15.980015150705974,2,2,0.005321130867779189,None
2014-12-04,16.41507911682129,16.43509731110139,16.30831384725743,16.37504272826109,20925400,16.023166020711262,2,2,0.006072339712094532,None
2014-12-05,16.56188201904297,16.62193660639446,16.481807669170877,16.501825864954704,37209929,16.066316636403403,2,2,0.006072303924268718,None
2014-12-08,16.641958236694336,16.728705336396974,16.535194503813674,16.541867237118716,52915889,16.10724312464396,2,2,0.005759317014680354,None
2014-12-09,16.60191535949707,16.60191535949707,16.381713679607014,16.428422794518376,55516992,16.146167755126953,2,2,0.005477608665399147,None
2014-12-10,16.388391494750977,16.608593242957873,16.36169899692674,16.555211380783344,63708559,16.172413953145345,2,2,0.0036934557866166173,None
2014-12-11,16.428428649902344,16.57523034439728,16.40173771758273,16.43510138298225,71819494,16.19866040547689,2,2,0.0036934915744435415,None
2014-12-12,16.10813331604004,16.401736686574083,16.088115118058667,16.301644129930267,48320689,16.2113387743632,2,2,0.001784143931825355,None
2014-12-15,15.961333274841309,16.228245742226353,15.88126047466806,16.201554808835272,45935750,16.21311829884847,2,2,0.00025042084201865045,None
2014-12-16,15.807857513427734,16.128151820693915,15.801184780640396,15.874584841301116,45497391,16.207779979705812,2,2,0.0007512267382285831,None
2014-12-17,16.168190002441406,16.174862735965437,15.847897226550783,15.881260894170936,53873361,16.214230314890543,2,2,0.0009077134828048283,None
2014-12-18,16.54186248779297,16.555207950571443,16.32833194986409,16.41507902466082,46183796,16.22957773208618,2,2,0.0021597416437662,None
2014-12-19,16.552593231201172,16.63978347040677,16.498938668453498,16.592835728002555,49107421,16.244393062591552,2,2,0.0020848645639020003,None
2014-12-22,16.66661834716797,16.66661834716797,16.55930759802785,16.59954853842739,19475282,16.262786642710367,2,2,0.002588408228834993,None
2014-12-23,16.76051139831543,16.82087279432475,16.693441605786326,16.726975714680396,22928360,16.281418577829996,2,2,0.0026219503691633506,None
2014-12-24,16.73368263244629,16.814164486679875,16.72697423651933,16.814164486679875,9773278,16.300935649871825,2,2,0.002746509899079319,None
2014-12-26,16.73368263244629,16.79404402312148,16.72697423651933,16.787337201935348,18149002,16.321564706166587,2,2,0.002902992170177976,None
2014-12-29,16.794044494628906,16.861112708373227,16.686733777897118,16.720267884769278,22126486,16.344428412119548,2,2,0.0032174598010841216,None
2014-12-30,16.773921966552734,16.81416288984787,16.720265827418544,16.767215146003547,20298451,16.368400923411052,2,2,0.0033734947243519997,None
2014-12-31,16.58612823486328,16.847697391963436,16.566007772738764,16.83428375054709,29869969,16.38611364364624,2,2,0.002492595270504827,None
2015-01-02,16.58612823486328,16.700145761642926,16.458698641408006,16.673318478810238,40511471,16.402046807607015,2,2,0.0022421699550083662,None
2015-01-05,16.23737144470215,16.512354260765953,16.197130517885245,16.478820155085202,50770502,16.407467047373455,2,2,0.0007627548918200944,None
2015-01-06,15.989215850830078,16.291024345796295,15.915440825886051,16.237369782200638,57454463,16.404615434010825,2,2,0.00040128889784418753,None
2015-01-07,16.156888961791992,16.197129887041598,16.029457790427486,16.123353282676565,36287049,16.404683717091878,2,2,9.609031398349899e-06,None
2015-01-08,16.398332595825195,16.438575087245475,16.311143943018834,16.34467804025205,37995923,16.409241326649983,2,2,0.0006413625845438364,None
2015-01-09,16.17700958251953,16.43857874867987,16.170302761579048,16.431870352998615,36300590,16.40686623255412,2,2,0.00033423145805677734,None
2015-01-12,16.04288101196289,16.217260033579965,15.995933237804133,16.177019084301033,38356360,16.399352931976317,2,2,0.0010572976503577802,None
2015-01-13,15.989215850830078,16.257490243549007,15.875198328448656,16.150181116357697,45785445,16.389605935414632,2,2,0.0013716310769149587,None
2015-01-14,15.761186599731444,15.82154799993398,15.553271960662787,15.734357736011466,71356023,16.3760391553243,2,2,0.0019091642300070877,None
2015-01-15,15.566679954528809,15.788008157745937,15.539852675288069,15.707524745283209,58038203,16.35087292989095,2,2,0.0035414783081713086,None
2015-01-16,15.754480361938477,15.761188759843684,15.466085391148898,15.526446799624122,89499855,16.329520161946615,2,2,0.0030048353772620384,None
2015-01-20,15.68740463256836,15.861783526227724,15.633750072901028,15.801420571861438,39330942,16.30526434580485,2,2,0.0034133623630034915,None
2015-01-21,15.727648735046388,15.808132165574964,15.58009709136138,15.680700985836886,49251571,16.27745656967163,2,2,0.003913206461378049,None
2015-01-22,16.11664581298828,16.136766272837136,15.714231891789526,15.821542585723968,97345387,16.259946155548096,2,2,0.002464126054573912,None
2015-01-23,15.942269325256348,16.136770301839054,15.94226932525635,16.10323619371822,34069402,16.23795795440674,2,2,0.0030942557350948086,None
2015-01-26,16.02275276184082,16.02945958346597,15.87520111134654,15.915443615838386,27588310,16.225769996643066,2,2,0.0017151315820191915,None
2015-01-27,15.848373413085938,15.955682556300353,15.78801202002783,15.80142408818874,35186781,16.20643482208252,2,2,0.002720912656219765,None
2015-01-28,15.55997371673584,15.928853544315416,15.53314643649163,15.928853544315416,85405918,16.188162835439048,2,2,0.0025712971743194757,None
2015-01-29,15.68740463256836,15.72093873236044,15.47949163911691,15.539853018742658,50409450,16.179031880696616,2,2,0.0012849395408485176,None
2015-01-30,15.432549476623535,15.687411902636152,15.425842653556954,15.506326105097196,64531113,16.16652161280314,2,2,0.0017604881785506787,None
2015-02-02,15.680700302124023,15.700820765193656,15.352062922505102,15.472787275663691,62984977,16.150271956125895,2,2,0.002286707905009955,None
2015-02-03,15.942269325256348,15.955682968504682,15.741063101790406,15.741063101790406,66155787,16.130285517374674,2,2,0.0028125608062481433,None
2015-02-04,15.902031898498535,16.036169935271474,15.875204606092204,15.90873872160012,37523958,16.10860013961792,2,2,0.0030516413807641918,None
2015-02-05,16.062992095947266,16.08981937978294,15.935560922987031,15.948976139645644,30264135,16.08847926457723,2,2,0.002831479145998461,None
2015-02-06,16.19042205810547,16.351387323822493,16.150181135361375,16.210542519477514,83237512,16.069476286570232,2,2,0.0026741648079358082,None
2015-02-09,16.109939575195312,16.190423000106893,16.069700224850646,16.11664797078363,37354080,16.04868485132853,2,2,0.002925842697358405,None
2015-02-10,16.23737144470215,16.270907125123717,16.116648664251436,16.230664623565996,39742220,16.032141145070394,2,2,0.0023280875793278977,None
2015-02-11,16.23737144470215,16.284320767396018,16.13006230652374,16.217250981293695,36080733,16.013585376739503,2,2,0.002611231915145451,None
2015-02-12,16.398332595825195,16.418453054165123,16.230660534918695,16.26419463215191,40635310,16.001065731048584,2,2,0.0017618078546506322,None
2015-02-13,16.384918212890625,16.45198797905183,16.32455684061185,16.40503867031688,23270085,15.994358730316161,2,2,0.0009438323466373078,None
2015-02-17,16.438579559326172,16.47882048695349,16.344682486788248,16.358096129330686,17869196,15.989440441131592,2,2,0.0006921186693886749,None
2015-02-18,16.337976455688477,16.418458314835547,16.29773552611494,16.418458314835547,36387868,15.992793941497803,2,2,0.0004719161733186539,None
2015-02-19,16.27090835571289,16.33797657214685,16.23066585111158,16.297735642286476,21550255,16.002183691660562,2,2,0.0013213581277267128,None
2015-02-20,16.39162826538086,16.418455547241045,16.14347433343347,16.244076640409173,40206183,16.010008335113525,2,2,0.0011011108968739247,None
2015-02-23,16.35139274597168,16.371513214015707,16.26420247637305,16.371513214015707,23616735,16.00844367345174,2,2,0.00022018460215722513,None
2015-02-24,16.43187141418457,16.48552755991436,16.358096379074805,16.39163048594288,33958612,16.016939067840575,2,2,0.0011955012891027295,None
2015-02-25,16.43187141418457,16.49894120266159,16.411750950063727,16.41845777143734,32659415,16.0299054145813,2,2,0.0018246691717882513,None
2015-02-26,16.39162826538086,16.458698044771985,16.337973701660484,16.45199122430694,33480738,16.04331916173299,2,2,0.0018876289054481354,None
2015-02-27,16.331268310546875,16.405043342119356,16.317854668442788,16.37150923685914,28937856,16.06232188542684,2,2,0.0026741290201095502,None
2015-03-02,16.45198631286621,16.46539994979191,16.30443473194336,16.3379688242576,27137641,16.09183209737142,2,2,0.0041527791185076435,None
2015-03-03,16.405046463012695,16.45199579404943,16.324564595077312,16.405046463012695,31729394,16.113517634073894,2,2,0.0030516637481556863,None
2015-03-04,16.304443359375,16.358097935468894,16.24408038652835,16.337977469433685,47685247,16.134085591634115,2,2,0.0028943941448758004,None
2015-03-05,16.371509552001953,16.405043657907687,16.277612480725075,16.331268624915076,25112031,16.155547618865967,2,2,0.0030202107221954932,None
2015-03-06,16.25078582763672,16.539182299117073,16.223958541869408,16.431871581306947,74347599,16.160018952687583,2,2,0.0006292215644250199,None
2015-03-09,16.324567794799805,16.358101913012455,16.2574979836331,16.264204807275632,26666907,16.172762235005695,2,2,0.0017932787745236212,None
2015-03-10,15.975807189941406,16.19042708596642,15.975807189941406,16.1837202634263,49650662,16.171197382609048,2,2,0.00022021144302697415,None
2015-03-11,16.076404571533203,16.136767530524956,16.002629546337424,16.022750007754453,36531648,16.17879842122396,2,2,0.0010696444504789682,None
2015-03-12,16.42516326904297,16.438576909423126,16.19042141290903,16.210541873479265,50418806,16.20763807296753,2,2,0.004058415567148366,None
2015-03-13,16.3111515045166,16.418460665409107,16.21725441399451,16.384926552630198,40917578,16.228429635365803,2,2,0.002925860591270979,None
2015-03-16,16.51235580444336,16.52576944796965,16.37821779443948,16.37821779443948,39676730,16.264423179626466,2,2,0.005065136071793486,None
2015-03-17,16.47211456298828,16.512355492807693,16.358097020425678,16.45870091971514,22247248,16.290803654988608,2,2,0.0037123517589756627,None
2015-03-18,16.566007614135742,16.61966375402813,16.371508240720164,16.431869626515816,58915168,16.311594931284585,2,2,0.0029258203299660224,None
2015-03-19,16.41175079345703,16.566009258319056,16.337975759051254,16.566009258319056,42486734,16.328585561116537,2,2,0.0023909802108141864,None
2015-03-20,16.63457489013672,16.648038600105988,16.439349514963645,16.493204354840717,47450742,16.34763832092285,2,2,0.0026811702749609534,None
2015-03-23,16.540332794189453,16.681703362595226,16.540332794189453,16.600919503240902,26417014,16.35930201212565,2,2,0.0016413549778180325,None
2015-03-24,16.40569305419922,16.52686804532713,16.398961198059833,16.52686804532713,22615686,16.369160461425782,2,2,0.0013873150918517485,None
2015-03-25,16.143146514892578,16.466278751031894,16.143146514892578,16.425887616669193,40570806,16.366019630432127,2,2,0.00044198860346056357,None
2015-03-26,16.129682540893555,16.203732945429984,16.008507571033448,16.075826120612017,40238682,16.362430000305174,2,2,0.000505145170165866,None
2015-03-27,16.109493255615234,16.149884405070203,16.048906531432785,16.12969041096217,30154207,16.352802022298178,2,2,0.0013548823741420524,None
2015-03-30,16.345104217529297,16.385495349098576,16.223929242202704,16.230661097464253,43422048,16.351474889119466,2,2,0.00018675877226437265,None
2015-03-31,16.23065948486328,16.311441739975702,16.197000211899773,16.26431875782679,26132160,16.344544219970704,2,2,0.0009753077399889953,None
2015-04-01,16.217199325561523,16.27778603015804,16.102756191815832,16.190271901296406,32823015,16.340518315633137,2,2,0.0005665391864198011,None
2015-04-02,16.29798126220703,16.324908685916764,16.176807855513232,16.176807855513232,26472163,16.34142074584961,2,2,0.0001269931021139481,None
2015-04-06,16.324913024902344,16.3653057518218,16.129689151118377,16.16334843970182,19432443,16.339196904500326,2,2,0.0003129466482831855,None
2015-04-07,16.237394332885742,16.372033030179562,16.237394332885742,16.35856931851207,22346466,16.33539695739746,2,2,0.000534741702630015,None
2015-04-08,16.29798126220703,16.365301402100272,16.250858270715,16.250858270715,22778055,16.33093395233154,2,2,0.0006280495131090191,None
2015-04-09,16.324913024902344,16.338376740335722,16.21047144371864,16.271058163168835,25595691,16.327368672688802,2,2,0.000501718485784286,None
2015-04-10,16.31817626953125,16.358568984327444,16.291248846746356,16.33164156154255,18165005,16.32492027282715,2,2,0.0003445472990273313,None
2015-04-13,16.378765106201172,16.432619953595143,16.27778568671857,16.29124939856706,38112499,16.32650349934896,2,2,0.00022279711348671682,None
2015-04-14,16.378765106201172,16.419156241746652,16.284517542642817,16.36530139435268,32499016,16.324062792460122,2,2,0.0003434647172779748,None
2015-04-15,16.439353942871094,16.506672510849558,16.37203537489263,16.41242651567971,45762179,16.32520637512207,2,2,0.00016092890853336428,None
2015-04-16,16.466279983520508,16.520136413987416,16.345106571362674,16.432620702365554,27839065,16.330600929260253,2,2,0.0007591403213496051,None
2015-04-17,16.24412727355957,16.385497836128362,16.183538986390662,16.385497836128362,49064829,16.326354853312175,2,2,0.0005975224971577209,None
2015-04-20,16.311445236206055,16.37203352114559,16.297981524134812,16.304713380170433,19100196,16.32837683359782,2,2,0.00028454006104827734,None
2015-04-21,16.23065948486328,16.392225575706718,16.217195775677876,16.37203001192861,26714793,16.325246556599936,2,2,0.00044050340866297333,None
2015-04-22,16.345104217529297,16.385495349098576,16.190269965894974,16.244124807987347,26511555,16.337556457519533,2,2,0.0017322918447961744,None
2015-04-23,16.37203598022461,16.41242712250509,16.291252115044475,16.318179543231462,26294652,16.347410837809246,2,2,0.0013867424866282896,None
2015-04-24,16.345104217529297,16.365299783313937,16.284515939556627,16.338370781649,23031271,16.344742202758788,2,2,0.0003755395567228703,None
2015-04-27,16.284521102905273,16.432623546237036,16.25759367332118,16.365304972276803,29486759,16.34385452270508,2,2,0.00012491740817988095,None
2015-04-28,16.378765106201172,16.378765106201172,16.190271559703366,16.25759011894583,31748721,16.339401499430338,2,2,0.0006266448409215641,None
2015-04-29,16.37203598022461,16.446086407738825,16.21720168753026,16.28452025799773,49893538,16.33606554667155,2,2,0.0004694468132944163,None
2015-04-30,16.24412727355957,16.412425261261657,16.183538986390662,16.324909548959457,42838185,16.325336201985678,2,2,0.00150987050348661,None
2015-05-01,16.3855037689209,16.405699345083196,16.311451742372906,16.331648899154768,22565584,16.324461301167805,2,2,0.00012311906990203347,None
2015-05-04,16.54706573486328,16.553797591865603,16.425890728202315,16.452818156211606,27367961,16.32154432932536,2,2,0.0004104863692382388,None
2015-05-05,16.398962020874023,16.594187439330575,16.38549830791971,16.499941448650397,37717594,16.316831970214842,2,2,0.0006631394769314181,None
2015-05-06,16.31817626953125,16.493206098251914,16.203734722695447,16.46627867546702,36626312,16.313914744059243,2,2,0.00041052215706516293,None
2015-05-07,16.432619094848633,16.473010228283325,16.25085741377369,16.25085741377369,39290812,16.32356383005778,2,2,0.0013578527637367888,None
2015-05-08,16.668237686157227,16.668237686157227,16.520135278634843,16.520135278634843,40714217,16.341515668233235,2,2,0.002526244774313069,None
2015-05-11,16.607646942138672,16.701894489545523,16.580719523056324,16.66823521569259,38354636,16.35812079111735,2,2,0.0023367303394130623,None
2015-05-12,16.54706573486328,16.587456876877216,16.412427014197668,16.533602020858634,48760649,16.36485284169515,2,2,0.0009473574475413749,None
2015-05-13,16.553796768188477,16.614383478194732,16.52013748485167,16.547064911521115,29430379,16.375624084472655,2,2,0.0015157665478919835,None
2015-05-14,16.70189666748047,16.708628523128894,16.600917252135268,16.634576530377387,26445450,16.391780662536622,2,2,0.002273609560534018,None
2015-05-15,16.627843856811523,16.71535955655501,16.57398901427323,16.708627701237724,28494942,16.40277608235677,2,2,0.0015473135168966312,None
2015-05-18,16.722087860107422,16.735551567882307,16.6143766172899,16.63457217895223,19841750,16.416015243530275,2,2,0.001863060562599328,None
2015-05-19,16.816343307495117,16.870199749615495,16.742292872931163,16.755756588306426,32513049,16.435313542683918,2,2,0.0027157234213861514,None
2015-05-20,16.76921844482422,16.856734165681694,16.74229101705858,16.850002308740283,37350263,16.451021448771158,2,2,0.0022104708877412893,None
2015-05-21,16.728830337524414,16.769221486499198,16.715366621199486,16.735562195686878,23172098,16.464485359191894,2,2,0.0018946880542130007,None
2015-05-22,16.73555564880371,16.775946781977645,16.695164515629777,16.695164515629777,16231966,16.478398005167644,2,2,0.0019578356739622382,None
2015-05-26,16.54706573486328,16.70863188353818,16.533602020858634,16.70863188353818,54832187,16.484008026123046,2,2,0.000789461557298754,None
2015-05-27,16.728830337524414,16.749025912011806,16.573996019168312,16.594191593655705,31773341,16.495676867167155,2,2,0.0016420796813036986,None
2015-05-28,16.708633422851562,16.72209713809658,16.60765397789465,16.68843784998404,21900598,16.50465284983317,2,2,0.0012631313341131545,None
2015-05-29,16.560527801513672,16.70863022145148,16.520136663517636,16.70863022145148,31521478,16.507794443766276,2,2,0.0004420959669393376,None
2015-06-01,16.573989868164062,16.668237428080467,16.526866878515285,16.648040280469285,23062170,16.518789863586427,2,2,0.0015473135168972973,None
2015-06-02,16.600921630859375,16.66150834767578,16.493210331455398,16.560530486315105,26426862,16.528439076741538,2,2,0.0013578706576498067,None
2015-06-03,16.742286682128906,16.789409668517646,16.627843563137517,16.661502839129476,40898498,16.54549331665039,2,2,0.002399931640901354,None
2015-06-04,16.594188690185547,16.73555926748124,16.567261262247158,16.69516812557366,37471271,16.553796132405598,2,2,0.0011684009575327892,None
2015-06-05,16.688430786132812,16.796142043120394,16.6413078027214,16.715358205225048,52402931,16.564342625935872,2,2,0.0014841390562783108,None
2015-06-08,16.587451934814453,16.735554325359107,16.58072007981782,16.715358760369202,28272131,16.57242088317871,2,2,0.0011368003067886434,None
2015-06-09,16.627843856811523,16.70189584592044,16.533597882369513,16.600916435542377,31163011,16.583864974975587,2,2,0.0016104521896893598,None
2015-06-10,16.863460540771484,16.924047233549093,16.69516259132617,16.722090010338437,53968148,16.600021489461263,2,2,0.0022736006135770648,None
2015-06-11,16.930782318115234,16.96444317892054,16.87019561377976,16.937514174152508,60034147,16.61864636739095,2,2,0.002620957256979972,None
2015-06-12,16.85672950744629,16.92404805825739,16.802873086178696,16.89038878285184,42206558,16.639066441853842,2,2,0.0028735835238025143,None
2015-06-15,16.782678604125977,16.843266884385176,16.67496891587639,16.74901932654798,40678641,16.652305603027344,2,2,0.0018630605625986618,None
2015-06-16,16.87693214416504,16.89039585996859,16.735561547608388,16.78941641082259,36228207,16.66330115000407,2,2,0.0015473314108103153,None
2015-06-17,16.85672950744629,16.950975478581835,16.816336796340916,16.930779913338505,55448179,16.678560066223145,2,2,0.0021472874801657937,None
2015-06-18,17.011566162109375,17.038493586244115,16.856731892715693,16.930782309086226,70136594,16.701673062642417,2,2,0.0032525408179497894,None
2015-06-19,16.727584838867188,16.984515290700344,16.727584838867188,16.96423143299212,47071470,16.7115052541097,2,2,0.001383619998771346,None
2015-06-22,16.98451805114746,17.052132508693045,16.964234190142555,16.970995477144193,40678518,16.722047932942708,2,2,0.001483602238881554,None
2015-06-23,17.01832389831543,17.072415779989324,16.991278751243073,17.03184647185161,33542288,16.735737164815266,2,2,0.0019263960684365866,None
2015-06-24,16.876333236694336,17.018321829089263,16.876333236694336,16.991276685305273,26541099,16.746712748209635,2,2,0.0015445220664349613,None
2015-06-25,16.774921417236328,16.930432650771095,16.761398839322844,16.923671361814353,43711579,16.754083569844564,2,2,0.0010372475205959741,None
2015-06-26,16.82901382446289,16.876342853053565,16.781684795872216,16.849297693858894,30737208,16.758320808410645,2,2,0.0005962788701889821,None
2015-06-29,16.423330307006836,16.720830208446493,16.41657060530068,16.646456026851457,52912442,16.751503690083823,2,2,0.0009593284754845222,None
2015-06-30,16.484180450439453,16.62616908567574,16.43009014655114,16.585601357759504,77383245,16.74357344309489,2,2,0.0011159717918021173,None
2015-07-01,16.734352111816406,16.77492143312498,16.63293277736921,16.741114988309246,52375111,16.74084040323893,2,2,0.00038460282376773236,None
2015-07-02,16.65997314453125,16.76815532437574,16.59236027433422,16.727587602257522,24081438,16.737198893229166,2,2,0.0005124458867591386,None
2015-07-06,16.592357635498047,16.63292535116441,16.4503690431368,16.47065290096998,33223951,16.73264980316162,2,2,0.0006401636923580867,None
2015-07-07,16.62616539001465,16.639687962980933,16.31514303673191,16.565312224137262,63077548,16.729003461201987,2,2,0.0005131258554611495,None
2015-07-08,16.335430145263672,16.511225216319733,16.308384993951883,16.403044611072573,56789354,16.721948941548664,2,2,0.0009927364114645787,None
2015-07-09,16.463899612426758,16.5923656953021,16.430093166283182,16.565318950857485,31236625,16.713117917378742,2,2,0.001242732273043723,None
2015-07-10,16.65997314453125,16.700540866649472,16.585598987314516,16.69377957962977,36120618,16.7114959081014,2,2,0.0002282547570182647,None
2015-07-13,16.862815856933594,16.862815856933594,16.76815782454403,16.80196426468316,41191230,16.721572176615396,2,2,0.0014179673651946167,None
2015-07-14,16.90338134765625,16.937187780145507,16.77491531666796,16.808721749157215,27691961,16.73255189259847,2,2,0.001545103618614485,None
2015-07-15,17.04537582397461,17.072422569332065,16.9236726137502,16.984524218862404,62160945,16.747367032368977,2,2,0.0020848377230324733,None
2015-07-16,17.21440315246582,17.21440315246582,17.153551570314566,17.17383543103165,39781365,16.763104248046876,2,2,0.0022145954347383423,None
2015-07-17,17.167078018188477,17.221169913170062,17.092702257912386,17.200884460345986,22286763,16.782200558980307,2,2,0.0026872989402384473,None
2015-07-20,17.18735694885254,17.241448828303906,17.14002794342057,17.214402094813668,25354045,16.798831431070962,2,2,0.0023403538568393945,None
2015-07-21,17.167078018188477,17.261737643759073,17.126510287599462,17.194124759444055,24390172,16.818152300516765,2,2,0.002718899590983037,None
2015-07-22,17.29553985595703,17.315823716290726,17.153551246091986,17.17383510642568,36459143,16.840408833821616,2,2,0.003132016365464896,None
2015-07-23,17.14678955078125,17.32258459034736,17.11298311769722,17.30906201711375,36561685,16.849853134155275,2,2,0.001329034616497582,None
2015-07-24,16.98451805114746,17.140029239714302,16.95747290314092,17.12650666571103,32149658,16.85164432525635,2,2,0.0002520626085562583,None
2015-07-27,16.862815856933594,16.91014646065785,16.80196426468316,16.869578732490893,34805048,16.851847203572593,2,2,2.8549738540606384e-05,None
2015-07-28,16.93043327331543,16.99804616536903,16.82225105849992,16.99804616536903,29677194,16.85677235921224,2,2,0.0006930849407025264,None
2015-07-29,17.09946632385254,17.10622761275457,16.943955091576147,16.984522824988332,33091373,16.864190165201823,2,2,0.0010438593215300607,None
2015-07-30,17.09946632385254,17.1129889016566,17.004806691694426,17.072421168244414,20597954,16.872281392415363,2,2,0.001138625485936906,None
2015-07-31,17.04537582397461,17.11975159553045,16.99804679777623,17.079183858788976,24137571,16.873408381144205,2,2,0.00015859375285809385,None
2015-08-03,17.02509117126465,17.065660493666915,16.910149255792476,17.045375038700914,42025601,16.88332525889079,2,2,0.0013955373449754394,None
2015-08-04,16.998044967651367,17.0859433086573,16.970999812735585,17.03861428755468,30678613,16.883776156107583,2,2,6.345181627342988e-05,None
2015-08-05,17.065656661987305,17.167075976397385,17.018326061066556,17.112985675378674,24771536,16.885353914896648,2,2,0.0002220276752187278,None
2015-08-06,17.004806518554688,17.10622743858218,16.943954919055987,17.079182283249427,23921408,16.889636357625324,2,2,0.0006026401563381523,None
2015-08-07,17.038618087768555,17.05890037094942,16.89662940526257,16.9912874685799,30673812,16.898426246643066,2,2,0.0012369435921175675,None
2015-08-10,17.200883865356445,17.207646741083582,17.106225830589697,17.153554847973073,30165778,16.91082191467285,2,2,0.0017443612892622529,None
2015-08-11,17.04537582397461,17.099467727159713,16.977762929405493,17.038616122047507,65448208,16.931556765238444,2,2,0.0029178799059754734,None
2015-08-12,16.889862060546875,16.916908801871486,16.632931511964447,16.903386224973968,77509300,16.94507948557536,2,2,0.0019029639890768557,None
2015-08-13,16.95071792602539,17.01156953169205,16.822251837643734,16.93043405746984,27547564,16.952291679382324,2,2,0.0010149248638551267,None
2015-08-14,17.072420120239258,17.072420120239258,16.92367018599604,16.930431474483022,33603346,16.966039911905924,2,2,0.0019346988441701907,None
2015-08-17,17.106225967407227,17.11298725565893,16.93719217358514,16.99804376785046,28771055,16.983168856302896,2,2,0.002410444314917659,None
2015-08-18,17.092697143554688,17.133266449534403,17.052131012633158,17.085937444675345,20245642,16.998719914754233,2,2,0.0021883987457862464,None
2015-08-19,16.937191009521484,17.085940928365137,16.87633783190897,17.045371614113655,57382080,17.018778610229493,2,2,0.0028227290224346335,None
2015-08-20,16.578840255737305,16.78168209207607,16.578840255737305,16.76139822594812,67731590,17.02260996500651,2,2,0.0005391614991946403,None
2015-08-21,15.983839988708496,16.490941337934615,15.983839988708496,16.36923656961211,127715881,17.00007219314575,2,2,0.0031715932280261816,None
2015-08-24,15.300942420959473,15.841850168724754,12.522025552847904,15.00344260405331,143651668,16.948009745279947,2,2,0.0073264077791626026,None
2015-08-25,15.098102569580078,15.875656979202772,15.04401068225906,15.862134404254853,84936661,16.88783378601074,2,2,0.008468169173390994,None
2015-08-26,15.666061401367188,15.666061401367188,15.165721176589852,15.449698532891295,146056427,16.841856638590496,2,2,0.006470063247729918,None
2015-08-27,16.05145263671875,16.085259075343092,15.740430226316004,15.868896280617903,96219884,16.803091621398927,2,2,0.005455147330831078,None
2015-08-28,15.97708225250244,16.03117256710112,15.875661325100143,15.990604831152112,40348364,16.76342509587606,2,2,0.005582010702074092,None
2015-08-31,15.841856002807615,15.94327534987809,15.82833342319822,15.875662451831108,58845124,16.718575064341227,2,2,0.00631145160095925,None
2015-09-01,15.327988624572754,15.584919147734588,15.213045144786731,15.503783694376985,86294454,16.657272084554037,2,2,0.00862676739972712,None
2015-09-02,15.537593841552734,15.578163165443422,15.334753572218473,15.530832552159252,52533664,16.598673884073893,2,2,0.00824614149817271,None
2015-09-03,15.625489234924316,15.787761737196446,15.55787476625206,15.584919918709163,60273576,16.547963873545328,2,2,0.007136088118167683,None
2015-09-04,15.31446647644043,15.449693823340056,15.213045569383349,15.402363220031038,54210039,16.492295487721762,2,2,0.00783384784369856,None
2015-09-08,15.706623077392578,15.720145652230784,15.50378286729015,15.611965053525132,49726245,16.453755728403728,2,2,0.005423448263564223,None
2015-09-09,15.49026107788086,15.916226969470824,15.4564546390712,15.848612504322093,43741739,16.405749988555907,2,2,0.006755533792266011,None
2015-09-10,15.564640045166016,15.67958196085641,15.429411086941368,15.476741698578916,43653476,16.35458911259969,2,2,0.00719953546096308,None
2015-09-11,15.63225555419922,15.632255554199215,15.45646041911978,15.490266870571595,26809949,16.30568208694458,2,2,0.006882365849160577,None
2015-09-14,15.598443984985352,15.645773001489506,15.53759080480767,15.598443984985352,31837353,16.257451025644936,2,2,0.006787241806489597,None
2015-09-15,15.821561813354492,15.868890811115769,15.598437807808184,15.6592893763584,41048311,16.217333380381266,2,2,0.005645493832695525,None
2015-09-16,15.922987937927246,15.950033088432637,15.753954159739182,15.83508961125535,28008328,16.18149814605713,2,2,0.005042858149835627,None
2015-09-17,15.699867248535156,16.017651042779384,15.666060799685743,15.909468818931389,75221486,16.13597183227539,2,2,0.006406620378413219,None
2015-09-18,15.396151542663574,15.559217585460068,15.368974134746288,15.484479713687534,85290820,16.082349999745688,2,2,0.0075458497839209215,None
2015-09-21,15.572803497314451,15.63395265416469,15.470886640604892,15.498065638941942,47097445,16.033489513397218,2,2,0.006875816676922275,None
2015-09-22,15.375767707824709,15.430122520905789,15.260262134734708,15.341795949649033,65335941,15.97265230814616,2,2,0.008561221995607049,None
2015-09-23,15.382566452026367,15.43692128062873,15.294238260254362,15.382566452026367,34891095,15.917225329081218,2,2,0.007799876249452886,None
2015-09-24,15.273855209350586,15.301032623669244,15.137966542464127,15.205911673553938,51271027,15.863358434041341,2,2,0.007580335828171858,None
2015-09-25,15.498068809509276,15.599984091775983,15.423329340554195,15.491272862065337,55416173,15.814936796824137,2,2,0.006814060308926173,None
2015-09-28,15.137961387634276,15.416532980126718,15.090400928772072,15.3893555750626,58422891,15.750454839070638,2,2,0.009074124177153031,None
2015-09-29,15.165142059326172,15.21270412372604,15.02925500473501,15.151553353867056,48264309,15.685752042134602,2,2,0.009105201430936072,None
2015-09-30,15.396151542663574,15.396151542663574,15.212702443929118,15.368974134746288,49086741,15.629200522104899,2,2,0.007958125544481387,None
2015-10-01,15.402947425842283,15.464096599734985,15.239881366835476,15.389358720532796,48512971,15.578059069315593,2,2,0.007196802165718941,None
2015-10-02,15.423332214355469,15.423332214355469,14.934133982445378,15.070022646080368,75346063,15.539542134602865,2,2,0.005420236306141524,None
2015-10-05,15.74945831298828,15.76984136540188,15.525243141146186,15.532037491950716,47975517,15.531729412078857,2,2,0.0010994333425096148,None
2015-10-06,15.674724578857422,15.769845515151442,15.64754557319477,15.715490694412,36684908,15.544188817342123,2,2,0.0017533306132633264,None
2015-10-07,15.797022819519045,15.88535099792086,15.681518826222794,15.77663976187853,38597020,15.567486159006755,2,2,0.0032784825186384925,None
2015-10-08,15.892142295837402,15.905730998319193,15.701898865799722,15.735870622004198,37237011,15.575022188822429,2,2,0.0010604961873452723,None
2015-10-09,15.79023265838623,15.939710049387386,15.72228911488268,15.926121340686676,58339183,15.566314856211344,2,2,0.0012253259689600782,None
2015-10-12,15.803817749023438,15.830996755495947,15.74266857386949,15.783434690638789,25312191,15.560539372762044,2,2,0.0008127460118749763,None
2015-10-13,15.681519508361816,15.851378329421554,15.681519508361818,15.749463036785713,42452020,15.555194822947184,2,2,0.0007521035399764564,None
2015-10-14,15.552427291870115,15.715493377218532,15.532044230613216,15.68831596220933,44763838,15.562676111857096,2,2,0.0010527928577046541,None
2015-10-15,15.90573501586914,15.92611807474028,15.627163354044187,15.6407536552513,55652525,15.57494748433431,2,2,0.0017268699890908845,None
2015-10-16,16.000856399536133,16.028033809405912,15.919322574633895,15.95329433697112,36542235,15.587459723154703,2,2,0.001760765534205344,None
2015-10-19,15.987264633178713,16.021236392400514,15.892143707357656,15.898938059202017,32690313,15.609886328379313,2,2,0.0031559494743946814,None
2015-10-20,16.08238983154297,16.10277289046924,15.973678588643176,15.98726729459402,23941473,15.622411886850992,2,2,0.0017626399216150723,None
2015-10-21,15.966885566711426,16.1571290421678,15.93970655996652,16.10277262397098,29215200,15.638299369812012,2,2,0.0022357415666847125,None
2015-10-22,16.22507095336914,16.286220123040167,15.994061383763547,16.000855735949216,61204335,15.660313733418782,2,2,0.0030979374077393373,None
2015-10-23,16.40172576904297,16.408520121254966,16.279427429227038,16.354165303558997,45903498,15.68596274058024,2,2,0.0036094170231846245,None
2015-10-26,16.333784103393555,16.40172923516497,16.27263492056314,16.40172923516497,24485698,15.710474077860514,2,2,0.0034493201816165886,None
2015-10-27,16.238662719726562,16.272634487060675,16.18430789199198,16.25225142666021,28664204,15.72437744140625,2,2,0.0019565294182972703,None
2015-10-28,16.619152069091797,16.646329486825994,16.272636802394047,16.272636802394047,112058299,15.747582912445068,2,2,0.0032655541663377807,None
2015-10-29,16.598764419555664,16.68029824552384,16.51723218888041,16.612353124668207,48479611,15.777546151479084,2,2,0.004216530657827677,None
2015-10-30,16.360960006713867,16.57158652509653,16.340576949640663,16.557997820381065,62867662,15.809706433614094,2,2,0.004525706163900134,None
2015-11-02,16.585174560546875,16.6531196766753,16.39493110691435,16.40172545899791,73531446,15.843452135721842,2,2,0.004748811947390186,None
2015-11-03,16.61235809326172,16.666714525262286,16.503646824553982,16.578386320319737,42479225,15.884671815236409,2,2,0.005800575905084759,None
2015-11-04,16.564790725708008,16.653118893935464,16.517230263358545,16.61235118805747,40100564,15.924079291025798,2,2,0.005545556327369194,None
2015-11-05,16.632741928100586,16.65991934771408,16.53762095945335,16.564798379066843,45236788,15.969375514984131,2,2,0.006374241342443687,None
2015-11-06,16.802593231201172,16.96566085052578,16.7414440704239,16.945276201640752,85556100,16.01285966237386,2,2,0.006119239658640918,None
2015-11-09,16.619152069091797,16.863752019286306,16.524031107022104,16.822985892685008,59169369,16.06223268508911,2,2,0.006947942567628873,None
2015-11-10,16.693885803222656,16.700680155311936,16.55120281405501,16.57838022241212,41119339,16.113190809885662,2,2,0.007171003616336158,None
2015-11-11,16.639535903930664,16.768628631777254,16.625945600443004,16.768628631777254,27576370,16.154636955261232,2,2,0.005832444964527506,None
2015-11-12,16.388137817382812,16.605558693446426,16.381343464858727,16.59876434092234,66597469,16.187476634979248,2,2,0.004621313342227706,None
2015-11-13,16.252254486083984,16.42211495002326,16.20469400286315,16.306609324050655,53877793,16.2151073773702,2,2,0.0038882936606994267,None
2015-11-16,16.44928550720215,16.44928550720215,16.17071548353477,16.20468724309265,53560564,16.238434950510662,2,2,0.00328273679650648,None
2015-11-17,16.415315628051758,16.56479298252213,16.381343864602346,16.517232513692953,46013180,16.263121318817138,2,2,0.003473951153161847,None
2015-11-18,16.70747184753418,16.727854900556988,16.456077669667792,16.510434073021166,83572836,16.293469619750976,2,2,0.004270717900532572,None
2015-11-19,16.734651565551758,16.76862332528722,16.653119342186653,16.714268509710482,35613076,16.32155326207479,2,2,0.003952027306106665,None
2015-11-20,16.76182746887207,16.829772577537316,16.714267009511243,16.782210522883855,44189330,16.35393975575765,2,2,0.004557539435516178,None
2015-11-23,16.693885803222656,16.809391384033194,16.673502746954824,16.75503497202616,31828859,16.383608690897624,2,2,0.004175115195683032,None
2015-11-24,16.64632797241211,16.70068439822875,16.503644946994918,16.59197314188869,35916887,16.415768973032634,2,2,0.004525706163900134,None
2015-11-25,16.659914016723633,16.693887375662875,16.612353547618845,16.653121259287342,24226080,16.452685197194416,2,2,0.005194978779586634,None
2015-11-27,16.700679779052734,16.721062834861346,16.6055572566531,16.687091075180327,23191055,16.479183355967205,2,2,0.003728912575660104,None
2015-11-30,16.687088012695312,16.755031519588073,16.659909014645724,16.755031519588073,30361138,16.50205774307251,2,2,0.0032189628897942857,None
2015-12-01,16.870540618896484,16.877334971012367,16.714268924938366,16.748240685517782,38268343,16.53150027592977,2,2,0.004143255083197239,None
2015-12-02,16.673500061035156,16.911303941145075,16.639528306061248,16.911303941145075,43846620,16.551203950246176,2,2,0.002772769216728088,None
2015-12-03,16.40172576904297,16.768623979076448,16.347370951347,16.768623979076448,59308595,16.565698623657227,2,2,0.0020397405882424113,None
2015-12-04,16.836576461791992,16.863753882528968,16.462882140777936,16.503648271883403,52547451,16.586082140604656,2,2,0.002868439023752334,None
2015-12-07,16.680299758911133,16.829777124003957,16.59876592554547,16.816186822365456,31381144,16.59536794026693,2,2,0.0013067298536706407,None
2015-12-08,16.46967315673828,16.61915053577868,16.42890703389814,16.496852167258258,35697769,16.599897575378417,2,2,0.0006374259236352486,None
2015-12-09,16.279430389404297,16.578383536385246,16.18430784584686,16.394934398010953,66624798,16.60125649770101,2,2,0.00019123225056905113,None
2015-12-10,16.29301643371582,16.449288148063577,16.218278550689647,16.272633374708683,58161303,16.590385309855144,2,2,0.001529831163681994,None
2015-12-11,15.932916641235352,16.150337588651904,15.844590029435338,16.048422267344193,89542078,16.568190383911134,2,2,0.003123346764510204,None
2015-12-14,15.966885566711426,16.075595212519072,15.790229201688012,15.946500912829498,71948873,16.555054569244383,2,2,0.0018485172846305353,None
2015-12-15,16.340578079223633,16.428904665979985,16.116361245333078,16.1299499509879,93332943,16.546901353200276,2,2,0.0011473487686308736,None
2015-12-16,16.605560302734375,16.65991512819472,16.33378298484653,16.49005470333808,102205375,16.5466747601827,2,2,3.188695335554215e-05,None
2015-12-17,16.36775779724121,16.666712554364988,16.34737473588639,16.666712554364988,70913355,16.540106995900473,2,2,0.0009242385116627894,None
2015-12-18,15.93019199371338,16.27204147640899,15.93019199371338,16.25152909479302,113598773,16.51668866475423,2,2,0.0032955085770665082,None
2015-12-21,16.087434768676758,16.14213175536991,15.943859392488896,16.06008707797431,50728156,16.492850049336752,2,2,0.0033546524337322303,None
2015-12-22,16.237852096557617,16.27203671376394,16.039578106184084,16.183155103739068,57087748,16.480140050252277,2,2,0.001788595042739205,None
2015-12-23,16.429292678833008,16.456640381121712,16.292552562100546,16.34041104110578,40627924,16.47132027943929,2,2,0.0012411486617236456,None
2015-12-24,16.415620803833008,16.504500846970853,16.374597640172567,16.4498054358091,13844688,16.46385644276937,2,2,0.001050336918115402,None
2015-12-28,16.401939392089844,16.408776316003358,16.26519930853099,16.347244000781718,16747016,16.464316495259602,2,2,6.474017802537979e-05,None
2015-12-29,16.572866439819336,16.59337721446159,16.483986416369564,16.538681815415575,38040239,16.475003560384113,2,2,0.0015039207773412944,None
2015-12-30,16.456636428833008,16.56602721171612,16.42928873311223,16.53867951599534,19339133,16.475248591105142,2,2,3.448157077268199e-05,None
2015-12-31,16.292543411254883,16.483978825043426,16.258358802594078,16.292543411254883,59154720,16.47115618387858,2,2,0.0005758977030327905,None
2016-01-04,15.978045463562012,15.991719310160716,15.793446929191088,15.957534693663954,93387476,16.446841971079508,2,2,0.00342158014264915,None
2016-01-05,16.039581298828125,16.0874397724431,15.896004272694444,16.005396674817426,52096536,16.42367296218872,2,2,0.003260423086722364,None
2016-01-06,15.793451309204102,15.889168261940313,15.711406601569932,15.807125159594989,77248574,16.391393756866456,2,2,0.004542441446237833,None
2016-01-07,15.349042892456056,15.608849201840965,15.28751057958049,15.465272199842827,92006910,16.346565659840902,2,2,0.006308364900928787,None
2016-01-08,15.10974407196045,15.4994518046955,15.075557859465544,15.485777961812724,83028242,16.295346196492513,2,2,0.00720778008147871,None
2016-01-11,15.130256652832031,15.21913664224106,14.979842757774747,15.191788953192129,70986600,16.244357617696128,2,2,0.007175289208551705,None
2016-01-12,15.246487617492676,15.314858460139702,15.048215223864458,15.287510765196291,80633578,16.195884545644123,2,2,0.006821298396823439,None
2016-01-13,14.849942207336426,15.376390128780022,14.78157297284574,15.308020894289337,125524947,16.13464635213216,2,2,0.008617650450942094,None
2016-01-14,14.979843139648438,15.102907743505856,14.740547643793729,14.884124620248915,95264013,16.071623102823892,2,2,0.008868849678185908,None
2016-01-15,14.64483642578125,14.713205676738657,14.446563992715951,14.473910087810092,94362797,16.004000981648762,2,2,0.00951601883756914,None
2016-01-19,14.637999534606934,14.856782743466448,14.535444052644346,14.80208573728495,83779398,15.945210107167561,2,2,0.00827325525017697,None
2016-01-20,14.350842475891112,14.487582554888917,14.03634077578271,14.337168628520182,107682217,15.862352307637533,2,2,0.011660036205094038,None
2016-01-21,14.289311408996582,14.549116136992224,14.241451333735606,14.36451757609598,91494814,15.782652695973715,2,2,0.01121560508247943,None
2016-01-22,14.549114227294922,14.610648143042566,14.446560376529552,14.473906464778564,59334200,15.71863406499227,2,2,0.009008923230862331,None
2016-01-25,14.25512409210205,14.542278100552542,14.220939473307588,14.487582710481403,78982191,15.651157188415528,2,2,0.009495579515194752,None
2016-01-26,14.494422912597656,14.53544446442929,14.28931354815062,14.309824324066437,63973716,15.591204071044922,2,2,0.008436810090475255,None
2016-01-27,14.439720153808594,14.692689499928663,14.3371663150747,14.446558681679086,77206350,15.541430854797364,2,2,0.007004259186006667,None
2016-01-28,14.446556091308594,14.596968361148312,14.350837587031736,14.528599147584805,79906672,15.490753205617269,2,2,0.007131534117253535,None
2016-01-29,14.849942207336426,14.856779130785494,14.50125590085705,14.54911436500053,100518905,15.441065343221029,2,2,0.006992247896758785,None
2016-02-01,14.788412094116213,14.863619876685457,14.679021290799271,14.781576774197752,84561575,15.38049373626709,2,2,0.00852384608437129,None
2016-02-02,14.378190994262695,14.5969741700187,14.34400637387716,14.576465003075963,86157444,15.314174842834472,2,2,0.009332624120989896,None
2016-02-03,14.391863822937012,14.460234664153464,13.981645196792185,14.460234664153464,151930266,15.262897237141926,2,2,0.007215962073297888,None
2016-02-04,14.514930725097656,14.61748618902755,14.302984478616988,14.302984478616988,97011048,15.21048043568929,2,2,0.007376273641825026,None
2016-02-05,14.323493957519531,14.603811023081809,14.28247081247716,14.528603261577793,81506726,15.146668497721354,2,2,0.008979836674924968,None
2016-02-08,13.961134910583496,14.166244230774945,13.76969783276372,14.118385763964262,132312804,15.064396572113036,2,2,0.011577589999938853,None
2016-02-09,13.940624237060549,14.036342787665262,13.687656419150985,13.687656419150985,168924221,14.981896686553956,2,2,0.011609669312861337,None
2016-02-10,13.86541748046875,14.20726690988782,13.858580556091916,14.050016043931954,80836939,14.897345956166586,2,2,0.011898271292210438,None
2016-02-11,13.441522598266602,13.591936531397304,13.352642586359885,13.49621959549776,155436893,14.792967828114827,2,2,0.014688451286500426,None
2016-02-12,14.008993148803713,14.008993148803713,13.701328370892572,13.7628606843594,119640644,14.711379718780517,2,2,0.011481361008126356,None
2016-02-16,14.234611511230469,14.296145422526422,14.104709976325427,14.248285357009946,97496185,14.642781988779705,2,2,0.009653309886739958,None
2016-02-17,14.426047325134276,14.49441816106266,14.371351940622246,14.371351940622246,79846353,14.59104871749878,2,2,0.007280084911317486,None
2016-02-18,14.344002723693848,14.48074277572771,14.275633500321003,14.48074277572771,79491948,14.53452943166097,2,2,0.007953589437480701,None
2016-02-19,14.344002723693848,14.405535024729408,14.207262671659985,14.227773438671838,91481888,14.486214478810629,2,2,0.006799047315735329,None
2016-02-22,14.569622993469238,14.631155295465,14.51492761391745,14.51492761391745,52408225,14.460233815511067,2,2,0.0036560888223378107,None
2016-02-23,14.309820175170898,14.514929480149886,14.282470876590414,14.494418710180828,71553352,14.433569685618084,2,2,0.003752268605888398,None
2016-02-24,14.275640487670898,14.316662041773,13.981649472694585,14.10471574028985,89023089,14.405082480112712,2,2,0.00400881811318432,None
2016-02-25,14.473906517028809,14.487581969135311,14.275635738166676,14.275635738166676,87713797,14.379329776763916,2,2,0.0036240095094148828,None
2016-02-26,14.576462745666504,14.706364283014109,14.494418064158632,14.569624217359875,100096303,14.370213794708253,2,2,0.001282832532566891,None
2016-02-29,14.41921329498291,14.637996457856543,14.412374766019886,14.56278869214816,70846020,14.351526133219402,2,2,0.0026297923766316345,None
2016-03-01,14.904640197753906,14.93198628809196,14.52176764311589,14.52176764311589,100224943,14.360186258951822,2,2,0.001218682853677544,None
2016-03-02,15.06872844696045,15.075565371808764,14.897803720463848,14.918314495008788,89863616,14.374543889363606,2,2,0.002020455423271006,None
2016-03-03,15.171279907226562,15.17811683026428,14.99351830295752,15.055050610296991,76643660,14.401891803741455,2,2,0.0038484931242226406,None
2016-03-04,15.232816696166992,15.308024476996898,15.116587365041942,15.246490546265374,70707286,14.433341979980469,2,2,0.004425777605529868,None
2016-03-07,15.22597885131836,15.246489625226875,15.082401828670015,15.130261906411942,48251261,14.455904134114583,2,2,0.003175024385885905,None
2016-03-08,14.979843139648438,15.150767805849718,14.95933076705067,15.08923389863281,94684581,14.480061435699463,2,2,0.003399499053737154,None
2016-03-09,15.000357627868652,15.075563793325658,14.945660629520416,15.034542248530927,59913509,14.496925926208496,2,2,0.0023732294489009487,None
2016-03-10,14.986680030822754,15.164441619089745,14.808918442555765,15.09607239486713,94740222,14.515157922108967,2,2,0.0025656695386120365,None
2016-03-11,15.376392364501951,15.39690313783142,15.137098403702858,15.137098403702858,79284278,14.546152464548747,2,2,0.004361659240988969,None
2016-03-14,15.328536033630373,15.369557586016892,15.232817472772927,15.328536033630373,55347853,14.562105592091878,2,2,0.0022449792993834983,None
2016-03-15,15.321693420410156,15.321693420410156,15.171279512208354,15.225974895085992,75699114,14.579881636301677,2,2,0.002501506439288148,None
2016-03-16,15.287505149841309,15.38322204698483,15.171275883736262,15.239645095981636,72379969,14.610192108154298,2,2,0.004265394461349992,None
2016-03-17,15.472112655639648,15.519971132135192,15.17812166087504,15.287514069582274,65859485,14.646200402577717,2,2,0.005067211765726443,None
2016-03-18,15.609457015991213,15.671262448917677,15.527049772089256,15.568253394040234,65031268,14.68268461227417,2,2,0.005134184209426129,None
2016-03-21,15.581986427307127,15.684997084633228,15.52018100035965,15.561384618324634,47484348,14.72463436126709,2,2,0.005903313807830379,None
2016-03-22,15.533916473388672,15.595721904051132,15.437773079944453,15.472109430312484,43482367,14.777060413360596,2,2,0.00737757542401174,None
2016-03-23,15.417170524597168,15.533915722619804,15.410303254855462,15.506446643652984,55912266,14.82627862294515,2,2,0.0069261567282850045,None
2016-03-24,15.321027755737305,15.321027755737305,15.17681348808986,15.279822527542644,48500785,14.8747989654541,2,2,0.006827950459062038,None
2016-03-28,15.369093894958496,15.41716476519255,15.293552343606216,15.341623213840272,36121356,14.939051342010497,2,2,0.009041816716836681,None
2016-03-29,15.396567344665527,15.403434613795865,15.218016734863332,15.307291233557676,44438115,14.985303815205892,2,2,0.006508808043327097,None
2016-03-30,15.485840797424316,15.602585977168372,15.465238991424789,15.478973528757807,37636102,15.02701145807902,2,2,0.005869243797061774,None
2016-03-31,15.45150375366211,15.547647123048376,15.41716741188606,15.4446364853069,39946073,15.061193339029948,2,2,0.004810192543208913,None
2016-04-01,15.588851928710938,15.60945373535655,15.314157948609209,15.375964980959491,45753316,15.102688312530518,2,2,0.0058393162272032395,None
2016-04-04,15.513313293457031,15.609456688405398,15.478976942551812,15.57512033750018,38544826,15.141665331522624,2,2,0.00548498095764538,None
2016-04-05,15.29355812072754,15.39656877969713,15.266089041645955,15.369099700615548,61644172,15.165796502431233,2,2,0.0033958218545704355,None
2016-04-06,15.375969886779783,15.389704428925638,15.218021039688525,15.266091937199008,38129610,15.20133482615153,2,2,0.005001075862470117,None
2016-04-07,15.087535858154297,15.279820991550393,15.005128634875993,15.26608645433734,51315220,15.228398005167643,2,2,0.003808424179047254,None
2016-04-08,15.142475128173828,15.293556661117032,15.115006051713882,15.190547624392236,55956828,15.250683625539144,2,2,0.003136109598113501,None
2016-04-11,15.204276084899902,15.334755758340505,15.19054155216014,15.211143351269785,45423161,15.271610736846924,2,2,0.0029449355027622026,None
2016-04-12,15.396567344665527,15.424036421186864,15.190547658341996,15.224884003993663,48225902,15.304189205169678,2,2,0.004584554770998395,None
2016-04-13,15.746797561645508,15.76053209664978,15.540777924168292,15.554512459172566,69649488,15.332261117299398,2,2,0.003950376592611882,None
2016-04-14,15.781142234802246,15.863551100769614,15.67126428431708,15.67126428431708,52055051,15.35600824356079,2,2,0.0033417777631716827,None
2016-04-15,15.72619915008545,15.842944335207958,15.69873007415391,15.822342528259306,53901797,15.374505551656087,2,2,0.0026030051885430616,None
2016-04-18,15.84294605255127,15.856680592005835,15.636924735905495,15.650660887773707,52434076,15.394843196868896,2,2,0.002861983794558487,None
2016-04-19,16.042097091674805,16.042097091674805,15.891015558402383,15.891015558402383,57169363,15.422047138214111,2,2,0.0038282327409806527,None
2016-04-20,16.165708541870117,16.19317600426615,16.028361555409504,16.035228824111865,74743119,15.461575984954834,2,2,0.005562636067536264,None
2016-04-21,16.02149200439453,16.227513281677883,15.98029000631654,16.15883898511232,63436754,15.495613797505696,2,2,0.00478991873953194,None
2016-04-22,16.172582626342773,16.206918984325284,16.035235581998645,16.035235581998645,46728145,15.53514388402303,2,2,0.005562810533190188,None
2016-04-25,16.13824462890625,16.15197917070399,16.021497798797633,16.103906661997982,38189682,15.560538959503173,2,2,0.003573682878486917,None
2016-04-26,16.241252899169922,16.26185471086034,16.131374957740512,16.151978381844778,41664795,15.590962855021159,2,2,0.004281355831941225,None
2016-04-27,16.268720626831055,16.323658786764486,16.172578846947548,16.22751700688098,56916147,15.622530428568522,2,2,0.0044422981609091305,None
2016-04-28,16.09703826904297,16.261854371541112,16.042100105681524,16.13137462114387,74850832,15.649514865875243,2,2,0.0037973433732867434,None
2016-04-29,16.007766723632812,16.06957216888171,15.863552405637945,16.007766723632812,60318138,15.667370001475016,2,2,0.002512636453309902,None
2016-05-02,16.151979446411133,16.172581259459403,15.987161717197068,16.02149807227752,43564598,15.685454082489013,2,2,0.002544854444060496,None
2016-05-03,15.945955276489258,15.980293237922686,15.808609880410213,15.966557085901114,44142060,15.697586377461752,2,2,0.0017072985215078607,None
2016-05-04,15.822341918945312,15.904749143566448,15.746800350629194,15.760534888066047,46466680,15.707200558980306,2,2,0.0013529408845580626,None
2016-05-05,15.815478324890137,15.918489002516193,15.774274698805296,15.856683563388929,47043157,15.720477485656739,2,2,0.0018683750548247335,None
2016-05-06,15.884142875671388,15.891010142460848,15.698725059942932,15.698725059942932,38964104,15.73924798965454,2,2,0.0026414502610936363,None
2016-05-09,15.84294605255127,15.932220559005945,15.781139012592078,15.856680592005835,31989258,15.7550430615743,2,2,0.002222737165252786,None
2016-05-10,16.069561004638672,16.076428271561998,15.911612252989226,15.91847951991255,37549070,15.777476183573405,2,2,0.0031568665374472893,None
2016-05-11,15.897883415222168,16.06269949284717,15.884148876454548,16.021494264130745,31961192,15.7912109375,2,2,0.001932802089368968,None
2016-05-12,15.904752731323242,16.02149632587126,15.808610947577812,15.952823623195956,35254978,15.806319236755371,2,2,0.002126092139957958,None
2016-05-13,15.712468147277832,15.980294922695789,15.684999065166007,15.870416981834657,45538875,15.810439777374267,2,2,0.0005798567313326508,None
2016-05-16,15.79487419128418,15.863548503749984,15.69873241121125,15.712466951221668,33796243,15.819825140635173,2,2,0.001320740787720931,None
2016-05-17,15.70559787750244,15.822343066597078,15.636923572923555,15.753668762018192,45457629,15.833559799194337,2,2,0.0019327886689342044,None
2016-05-18,15.980294227600098,15.994028768058598,15.65752768958405,15.65752768958405,96899150,15.853703943888346,2,2,0.002834753732117612,None
2016-05-19,15.82920742034912,15.98029055550289,15.733065659231954,15.904748987926006,66203303,15.878426329294841,2,2,0.003479019604081479,None
2016-05-20,15.9390869140625,16.02836302780768,15.884148759396886,15.911617836729691,35765351,15.90498005549113,2,2,0.003736732215736227,None
2016-05-23,15.925350189208984,15.98028994874618,15.85667750530416,15.904748384037536,38575724,15.929015858968098,2,2,0.0033824014196564,None
2016-05-24,16.165708541870117,16.200044885381917,16.01462701800478,16.035228824111865,47386483,15.954653898874918,2,2,0.003607873673169726,None
2016-05-25,16.337392807006836,16.419801656699025,16.227516490635466,16.234383760408676,51504178,15.97434040705363,2,2,0.0027703535384435707,None
2016-05-26,16.241252899169922,16.36486538172628,16.220651087479503,16.34426357003586,36198417,15.989677429199219,2,2,0.002158278816360326,None
2016-05-27,16.35112762451172,16.357996506815354,16.248118576162472,16.26872038583232,37026264,16.01050837834676,2,2,0.0029314032308904725,None
2016-05-31,16.309925079345703,16.433535933285548,16.25498530962547,16.433535933285548,40884834,16.026074345906576,2,2,0.00219049680711092,None
2016-06-01,16.34426498413086,16.364866797603735,16.124509082258907,16.19318179383515,38452378,16.036146608988442,2,2,0.001417403706928555,None
2016-06-02,16.37859344482422,16.37859344482422,16.248113743311464,16.30305188609022,28227076,16.043242772420246,2,2,0.0009985966680434721,None
2016-06-03,16.145103454589844,16.193174330537754,15.973420142362636,16.179439794552636,86083215,16.047363154093425,2,2,0.0005798343639411563,None
2016-06-06,16.241252899169922,16.316792875368122,16.13824384071783,16.151978381844778,46925474,16.049652163187663,2,2,0.0003221172788077098,None
2016-06-07,16.20691680908203,16.3030585985292,16.193180655318567,16.254987703805615,26503799,16.051941235860188,2,2,0.0003221262257642188,None
2016-06-08,16.22064971923828,16.261853339143517,16.179444486919337,16.179444486919337,30469958,16.0512544631958,2,2,9.664502529460606e-05,None
2016-06-09,16.103904724121094,16.151977227042256,16.021495870837484,16.124506534338565,39571234,16.045760599772134,2,2,0.0007731154675736374,None
2016-06-10,15.904752731323242,15.980294316679853,15.856681839450529,15.918487271858302,47349676,16.039351081848146,2,2,0.000901969536661662,None
2016-06-13,15.79487419128418,16.000895516267885,15.78800692127897,15.815476001299809,56062079,16.03225466410319,2,2,0.0009986324558701742,None
2016-06-14,15.56138515472412,15.81547575334698,15.47897630353989,15.733068514576438,66888232,16.012568187713622,2,2,0.002770349064965094,None
2016-06-15,15.581986427307127,15.760537050902368,15.568251887985468,15.602588236289622,58034633,16.000435892740885,2,2,0.0017072985215076386,None
2016-06-16,15.623190879821776,15.636925419877102,15.369100276384543,15.45837478674416,71488109,15.9937975247701,2,2,0.0009341741069774923,None
2016-06-17,15.610067367553713,15.686011226418426,15.541025874823728,15.644587303401307,46524537,15.986950492858886,2,2,0.0009635380185695208,None
2016-06-20,15.69982624053955,15.94146914189468,15.692922250274291,15.858619637676044,70566829,15.98080660502116,2,2,0.0008645891519476478,None
2016-06-21,15.789576530456545,15.824096474776862,15.692919065324464,15.761960575000288,40308110,15.979027620951335,2,2,0.00025034479288743583,None
2016-06-22,15.775769233703612,15.906946648818405,15.741247666857952,15.789577212027774,54005201,15.969234561920166,2,2,0.0013781131469785546,None
2016-06-23,16.10716438293457,16.10716438293457,15.955276602052589,15.96218059209268,73745517,15.976210594177246,2,2,0.000981691393529882,None
2016-06-24,15.24415683746338,15.596261897272775,15.188923304463584,15.264867183414877,165914672,15.954190731048584,2,2,0.003098711319486025,None
2016-06-27,14.80920124053955,15.037034507242517,14.719449380125008,15.016322539454546,140642119,15.924081834157308,2,2,0.00423702813542004,None
2016-06-28,15.188924789428713,15.188924789428713,14.947281908888716,15.078459333664538,109722231,15.903883520762125,2,2,0.002842376539148983,None
2016-06-29,15.534127235412598,15.534127235412598,15.285581990711249,15.320101938442637,100009025,15.898167832692463,2,2,0.0008043313991838996,None
2016-06-30,15.782675743103027,15.782675743103027,15.50651289045056,15.582456783360454,72707045,15.891580549875895,2,2,0.0009269852273416923,None
2016-07-01,15.69982624053955,15.810291705819225,15.672210279478511,15.720538211335333,45095346,15.887267843882244,2,2,0.0006068989076843945,None
2016-07-05,15.465086936950684,15.589360366580635,15.389141432885316,15.547934809347115,59557011,15.871467844645183,2,2,0.0022234305543900046,None
2016-07-06,15.506513595581056,15.5272255673165,15.299392257190997,15.333912210083408,58561132,15.857506624857585,2,2,0.001964671148811492,None
2016-07-07,15.527226448059082,15.658403897526544,15.45128254738805,15.554842411939456,65731461,15.836223888397218,2,2,0.0029949803045570267,None
2016-07-08,15.824091911315918,15.844803871935053,15.720530487185536,15.741242447804668,55327418,15.819113858540852,2,2,0.0024077825953265908,None
2016-07-11,15.913848876953123,15.962178421697798,15.858616964142348,15.90694650888702,42557517,15.808200391133626,2,2,0.0015357808898273095,None
2016-07-12,16.114070892333984,16.1347828636089,16.010509414923845,16.031221386198762,55059306,15.800298500061036,2,2,0.0011119814491540314,None
2016-07-13,16.114070892333984,16.148590844458845,16.024317395773792,16.10026291148404,57377156,15.793770027160644,2,2,0.0009187092924782814,None
2016-07-14,16.26595687866211,16.43165587256543,16.22453456173934,16.43165587256543,67039521,15.791159756978352,2,2,0.0003673262505550223,None
2016-07-15,16.23834228515625,16.34190212841959,16.134780820857557,16.328094149317813,62710956,15.786484718322754,2,2,0.0006578876134011313,None
2016-07-18,16.293575286865234,16.31428725689751,16.231437755732948,16.245245735754466,38953149,15.7914337793986,2,2,0.0006964489963876552,None
2016-07-19,16.300474166870117,16.30737815471656,16.196912728138567,16.217624691677887,30777585,15.793407821655274,2,2,0.0002777940557650016,None
2016-07-20,16.328092575073242,16.36261251949951,16.25905268622071,16.36261251949951,31817657,15.797447013854981,2,2,0.0005684091003508307,None
2016-07-21,16.245248794555664,16.33500230263058,16.224538441659316,16.307386337387765,36524509,15.798266983032226,2,2,0.00011538889939100017,None
2016-07-22,16.348806381225586,16.355710370887646,16.23834254663262,16.265956884245487,23484772,15.806430371602376,2,2,0.0011487802816887438,None
2016-07-25,16.314285278320312,16.355709213361017,16.265955733070893,16.32118926749376,37096308,15.820081456502278,2,2,0.0019210278944707948,None
2016-07-26,16.328092575073242,16.348804541729002,16.25905268622071,16.272860663991214,34484126,15.83785540262858,2,2,0.0025012111897200207,None
2016-07-27,16.321189880371094,16.369517806400015,16.26595634387415,16.300477912072985,50709937,15.863182226816813,2,2,0.0035640783205665993,None
2016-07-28,16.3557071685791,16.39022711013069,16.224531390683058,16.279761676130544,33001387,15.888972918192545,2,2,0.003629355315988958,None
2016-07-29,16.328092575073242,16.40403645281103,16.293572630646974,16.293572630646974,54440606,15.912469641367595,2,2,0.003306540174565775,None
2016-08-01,16.286666870117188,16.41093865653361,16.25214692944596,16.341898775191154,39409726,15.93502295811971,2,2,0.0031737807589169442,None
2016-08-02,16.14858055114746,16.300469864716217,16.10715501396724,16.238333990497665,39709475,15.949981435139973,2,2,0.002105008636708039,None
2016-08-03,16.314285278320312,16.32118926749376,16.148587917122228,16.148587917122228,33511513,15.967471726735432,2,2,0.0024612943428070633,None
2016-08-04,16.272865295410156,16.32809722221174,16.238345341159167,16.300481258810947,31363295,15.984041595458985,2,2,0.0023317692519733146,None
2016-08-05,16.58354377746582,16.58354377746582,16.397136055166076,16.445463983169713,51542339,15.999920908610026,2,2,0.002234591882759984,None
2016-08-08,16.604257583618164,16.652585512250404,16.55592803395051,16.631873542836587,45019886,16.04525760014852,2,2,0.006379936080325832,None
2016-08-09,16.61806297302246,16.645678927936473,16.576639040651443,16.597349385801795,32239890,16.10555299123128,2,2,0.008484976031381208,None
2016-08-10,16.48688507080078,16.631870450778447,16.459269116716484,16.60425449669415,33545242,16.148818333943684,2,2,0.00608844870746994,None
2016-08-11,16.52140998840332,16.56283393200352,16.459274073003023,16.52140998840332,25139605,16.181727759043376,2,2,0.004631128153628872,None
2016-08-12,16.473081588745117,16.500697550364944,16.404040063660005,16.410944054064963,28861534,16.204741287231446,2,2,0.0032385433043342626,None
2016-08-15,16.58354377746582,16.59735175689543,16.521407870032572,16.535215849462183,26275941,16.23419853846232,2,2,0.00414532630365172,None
2016-08-16,16.542123794555664,16.583546117654425,16.500698229385673,16.555930154898174,27637427,16.270099767049153,2,2,0.005052145090796545,None
2016-08-17,16.597352981567383,16.604258592827122,16.500697118428143,16.54212268080904,25676567,16.306461079915366,2,2,0.005116889742300401,None
2016-08-18,16.58354377746582,16.618065347075234,16.535215849462183,16.56973579803621,26595016,16.341671657562255,2,2,0.004954954301148451,None
2016-08-19,16.576641082763672,16.590449061921714,16.47307961804301,16.535215524254195,31510153,16.366756629943847,2,2,0.003530044097624696,None
2016-08-22,16.576641082763672,16.590449061921714,16.50759956593811,16.549023503412233,32517481,16.388849703470864,2,2,0.0031090137400215934,None
2016-08-23,16.597352981567383,16.680202485293666,16.597352981567383,16.638778543948277,29855443,16.40495910644531,2,2,0.002266970918729738,None
2016-08-24,16.590452194213867,16.645684121273867,16.549026627883205,16.60426017597887,24299201,16.42083848317464,2,2,0.0022346008297167153,None
2016-08-25,16.624969482421875,16.65258544152301,16.54902397385836,16.56973594318421,27249662,16.432805569966636,2,2,0.0016840498547585625,None
2016-08-26,16.64567756652832,16.7699493534775,16.542117744070673,16.673293519183694,64953346,16.446383412679037,2,2,0.001910721000456972,None
2016-08-29,16.790664672851562,16.852800572742463,16.666391252034565,16.687103218664866,40451522,16.46295305887858,2,2,0.002331737937624423,None
2016-08-30,16.942556381225586,16.942556381225586,16.79757097382184,16.818282943303032,39359132,16.484355799357097,2,2,0.0030118676851575987,None
2016-08-31,16.95635986328125,16.97016783927287,16.818278482330037,16.949455875285437,56386078,16.505298042297362,2,2,0.0029470648784351017,None
2016-09-01,16.887327194213867,17.011600664167403,16.756149732653792,16.997792680954326,62960480,16.526700655619305,2,2,0.0030118497912441367,None
2016-09-02,16.963268280029297,17.011596208617384,16.887322771212613,16.908036361642914,66918391,16.54718271891276,2,2,0.002882306806496704,None
2016-09-06,16.93564796447754,16.983975880634226,16.804470571017248,16.95635992854469,60299920,16.567894808451335,2,2,0.0029146768955092828,None
2016-09-07,16.928749084472656,16.9494626778083,16.838997204505954,16.8735171583393,38671003,16.58791669209798,2,2,0.00281754873455764,None
2016-09-08,16.914941787719727,16.977079328170948,16.88042183248888,16.928749769812065,72066064,16.607708422342935,2,2,0.002785160751632043,None
2016-09-09,16.597352981567383,16.880419822831882,16.597352981567383,16.8182839108138,66476831,16.61576328277588,2,2,0.0011335078267566967,None
2016-09-12,16.783756256103516,16.8458921396018,16.445457648321103,16.52140150593012,87153077,16.630952072143554,2,2,0.0021374189870253524,None
2016-09-13,16.48688507080078,16.631870450778447,16.424747553076006,16.590446519652,83230864,16.63762601216634,2,2,0.000939179929200229,None
2016-09-14,16.445465087890625,16.597352871819375,16.397137156640568,16.486889028962104,82876829,16.647522163391113,2,2,0.0013926206371208671,None
2016-09-15,16.542123794555664,16.590451729379105,16.37642477594693,16.41094472939224,68626527,16.65511678059896,2,2,0.0010687408078611238,None
2016-09-16,16.385343551635742,16.48246149195316,16.336784581477033,16.475526125001302,75235766,16.658866055806477,2,2,0.0005276109782119676,None
2016-09-19,16.489816665649414,16.609371082235835,16.37880359537407,16.37880359537407,50396100,16.65574181874593,2,2,0.00043965344778529314,None
2016-09-20,16.498367309570312,16.63499962291281,16.472749768809628,16.609382082152127,39903200,16.652212142944336,2,2,0.0004967081900830728,None
2016-09-21,16.600839614868164,16.61791742962379,16.43858815879933,16.57522044955665,64029700,16.65163803100586,2,2,8.079101818281309e-05,None
2016-09-22,16.634986877441406,16.703302981769905,16.60082963966936,16.686225177276086,38355700,16.656574757893882,2,2,0.0006947132868058148,None
2016-09-23,16.549596786499023,16.66061151055932,16.523979256935064,16.575215944847923,59009500,16.657514317830405,2,2,0.00013221812477337558,None
2016-09-26,16.28487205505371,16.455663187067525,16.24217508644273,16.447123467588337,54189000,16.651240666707356,2,2,0.0008828498903881155,None
2016-09-27,16.412965774536133,16.430045214727482,16.17386012699751,16.225096818786493,47620000,16.645554733276366,2,2,0.0008001442234903955,None
2016-09-28,16.489816665649414,16.515435818228912,16.327566918999647,16.481276948122915,42936400,16.643811162312826,2,2,0.00024536133805574956,None
2016-09-29,16.259254455566406,16.56667621157195,16.17385888992628,16.48128064593182,62580800,16.632541211446128,2,2,0.0015859464755361152,None
2016-09-30,16.481287002563477,16.566682601139647,16.31903715693288,16.344654696355832,47336900,16.629132652282713,2,2,0.00047966423774270517,None
2016-10-03,16.404420852661133,16.48981639775421,16.36172389450687,16.43004000482442,33170500,16.623391977945964,2,2,0.0008078475531310136,None
2016-10-04,16.472742080688477,16.59229489186933,16.387346517508625,16.44712292309905,68471600,16.61992867787679,2,2,0.0004873675673833233,None
2016-10-05,16.737472534179688,16.771629793759057,16.515444646164728,16.54106381243834,58651900,16.624599329630534,2,2,0.0006572702733955715,None
2016-10-06,16.763084411621094,16.78870356924441,16.61791244265876,16.780163850036637,53337300,16.630353736877442,2,2,0.0008097800957589385,None
2016-10-07,16.754552841186523,16.78871010252492,16.64353807706929,16.69477478346965,55532800,16.634673182169596,2,2,0.0006078472850847838,None
2016-10-10,16.839941024780273,16.916796872375308,16.82286321436969,16.839941024780273,37997400,16.641148630777995,2,2,0.0009112475306660706,None
2016-10-11,16.686229705810547,16.839939760677275,16.575214988157807,16.7887030757217,78581200,16.63766746520996,2,2,0.0004898816621903279,None
2016-10-12,16.669151306152344,16.7801644019348,16.643532147686415,16.669151306152344,51378700,16.62855396270752,2,2,0.0012824836012590435,None
2016-10-13,16.506900787353516,16.541059667157928,16.31903183478436,16.532519947206826,73171100,16.61357199350993,2,2,0.0021083145371754153,None
2016-10-14,16.583755493164062,16.754546622824403,16.53251880577993,16.703308306655348,76176500,16.603452936808267,2,2,0.0014239886669933366,None
2016-10-17,16.506900787353516,16.626453609098885,16.464203816383037,16.59229635807951,41236100,16.58824068705241,2,2,0.002140720414014474,None
2016-10-18,16.643531799316406,16.694768486390867,16.575215673622157,16.67769067655599,45958700,16.57850348154704,2,2,0.0013702532455970307,None
2016-10-19,16.788705825805664,16.831402798798507,16.677692718753203,16.69477053067927,49835900,16.573835372924805,2,2,0.000656912395130993,None
2016-10-20,16.788705825805664,16.891180841287646,16.720389691746046,16.771626385094482,56238200,16.56962750752767,2,2,0.0005921453762356421,None
2016-10-21,16.78015899658203,16.797238430057558,16.62644735287113,16.65206650308442,39543100,16.57572104136149,2,2,0.0008575031623132556,None
2016-10-24,16.831398010253906,16.916793560729612,16.82285992111252,16.857017164032012,33808700,16.57730909983317,2,2,0.00022347708218917184,None
2016-10-25,16.814327239990234,16.874103661704293,16.771628632490668,16.865563940204378,36177800,16.58822383880615,2,2,0.0015359598289597098,None
2016-10-26,16.916805267333984,16.942424438840824,16.720396505472223,16.73747595314345,40419200,16.60393517812093,2,2,0.002210954023398326,None
2016-10-27,16.959495544433594,17.03635139236429,16.8826396965029,17.010732233459063,45545800,16.617847569783528,2,2,0.001957799886135536,None
2016-10-28,16.882640838623047,17.010733384244745,16.75454829300135,16.99365394381916,55749900,16.63442414601644,2,2,0.0023327131558952274,None
2016-10-31,16.85702133178711,16.96803606348837,16.85702133178711,16.96803606348837,38579100,16.646664301554363,2,2,0.0017224770333956752,None
2016-11-01,16.788705825805664,16.959496975347264,16.65207355768643,16.916798373569303,62758900,16.65634225209554,2,2,0.0013619146820373906,None
2016-11-02,16.677692413330078,16.76308635775192,16.600836560322353,16.754548266337803,66529900,16.65890401204427,2,2,0.0003604997226618334,None
2016-11-03,16.69477081298828,16.848482524417964,16.669153280273427,16.69477081298828,53462100,16.660896809895835,2,2,0.00028043340796490845,None
2016-11-04,16.643531799316406,16.780164050704908,16.566675954312263,16.70330820570076,64891400,16.664027976989747,2,2,0.0004406286660554315,None
2016-11-07,17.061962127685547,17.070501843919743,16.90825049303867,16.92532992550706,59001800,16.689930979410807,2,2,0.0036451601148390633,None
2016-11-08,17.070507049560547,17.155902609159504,16.89971755914745,17.010730646476723,63290400,16.711849021911622,2,2,0.0030843827684763347,None
2016-11-09,17.796375274658203,17.881770874620482,17.172990163869077,17.54019010355696,268936600,16.755400975545246,2,2,0.0061287815878650065,None
2016-11-10,18.45391273498535,18.53076858482724,18.001317355781453,18.06963348577591,241635500,16.828556251525878,2,2,0.010294663524327285,None
2016-11-11,18.50514793395996,18.53076709143762,18.274580403015676,18.334356808345326,134954500,16.896018282572427,2,2,0.009493490400826587,None
2016-11-14,18.957746505737305,19.068759616146117,18.65886279939567,18.684480332451844,261730900,16.981129137674966,2,2,0.011977093979939069,None
2016-11-15,18.94066429138184,18.95774373010877,18.60762338013121,18.79549231977273,122754500,17.063393211364748,2,2,0.01157648505079778,None
2016-11-16,18.667400360107425,18.8125723361743,18.616162042353245,18.76987373804582,117887700,17.12772413889567,2,2,0.00905287068172711,None
2016-11-17,18.923585891723636,18.940665331388377,18.624702212730654,18.667400811892517,98536400,17.199740854899087,2,2,0.010134441425366347,None
2016-11-18,18.923585891723636,18.9919020215976,18.83819032218492,18.90650645205889,92344300,17.27204195658366,2,2,0.010174461162280601,None
2016-11-21,18.99190330505371,19.04313999872546,18.86381075648177,19.02606218669163,71943900,17.343774032592773,2,2,0.010094385900625946,None
2016-11-22,19.00044250488281,19.085838077852785,18.889429400171405,19.07729835767728,98286500,17.420914459228516,2,2,0.010855467711560318,None
2016-11-23,19.11145782470703,19.13707698820293,18.93212856659151,19.07730056883109,101948400,17.502324676513673,2,2,0.011456327423533419,None
2016-11-25,19.13707733154297,19.17123621681702,19.06022146846165,19.154156774179995,33114800,17.589997227986654,2,2,0.012337584755644393,None
2016-11-28,18.9150447845459,19.11145343992961,18.86380809809469,19.000440347821176,99791400,17.667706871032713,2,2,0.010935569814083723,None
2016-11-29,18.966279983520508,19.02605801327439,18.880886055727352,18.949202175232735,74645700,17.749686177571615,2,2,0.011536411632144139,None
2016-11-30,19.222469329833984,19.273706019401143,19.154153200816108,19.231009049559344,98843700,17.8356507619222,2,2,0.012097233713289857,None
2016-12-01,19.55551147460937,19.598210075898702,19.29932638201381,19.32494391400231,120088300,17.927877616882324,2,2,0.012978482098444766,None
2016-12-02,19.342021942138672,19.51281307725439,19.25662637458081,19.504273357620107,82108300,18.012988154093424,2,0,0.01197704924515619,None
2016-12-05,19.572586059570312,19.64090217590032,19.46157298132832,19.512809661379645,95145700,18.106069056193032,2,0,0.01309866656657832,None
2016-12-06,19.74338150024414,19.760459311488248,19.504274226191125,19.700682900171252,79142600,18.203135172526043,2,0,0.013659479700768529,None
2016-12-07,20.050800323486328,20.067879760999787,19.726299154654622,19.794615275923658,120172500,18.31101760864258,2,0,0.015181589640896442,None
2016-12-08,20.23867416381836,20.35822698824944,20.04226385810077,20.16181831131693,116856500,18.421746571858723,2,0,0.015582162782211473,None
2016-12-09,20.281370162963867,20.281370162963867,20.093501215185327,20.23867319308215,95677300,18.532475725809732,2,0,0.015582189623081666,None
2016-12-12,20.0849609375,20.306988758044067,20.033722620523328,20.221593191867896,85143200,18.63921972910563,2,0,0.015021385435848744,None
2016-12-13,20.136194229125977,20.255747024335527,19.96540312558261,20.136194229125977,113420700,18.74852549235026,2,0,0.015381885158511022,None
2016-12-14,20.04226493835449,20.34968836492996,19.90563266627321,19.982488522917077,142995800,18.856977462768555,2,0,0.01526173647820317,None
2016-12-15,20.21305656433105,20.38384772280905,20.06788456826032,20.14474042669689,110426000,18.974822934468587,2,0,0.01658362247637024,None
2016-12-16,20.038911819458008,20.321995689269343,20.01317632722749,20.313417191859173,83096500,19.08629430135091,2,0,0.0156866363945396,None
2016-12-19,20.04748916625977,20.098958511585675,19.884500997183235,20.06464452391441,73717600,19.19975954691569,2,0,0.015967221900766604,None
2016-12-20,20.2962646484375,20.2962646484375,20.16759043142612,20.16759043142612,60793600,19.307569630940755,2,0,0.015171408004274856,None
2016-12-21,20.24479484558105,20.304842703126106,20.176168488932227,20.296264204022325,37738000,19.41337922414144,2,0,0.014889892014560924,None
2016-12-22,20.193323135375977,20.23621398971829,20.12469515053833,20.23621398971829,37796100,19.493277486165365,2,0,0.011243559848405305,None
2016-12-23,20.227638244628903,20.227638244628903,20.133276388815545,20.193325883721325,18276700,19.55240166982015,2,0,0.008320159670201832,None
2016-12-27,20.25337028503418,20.27910414227653,20.227634791610672,20.27052564446869,38241100,19.61067574818929,2,0,0.00820052991337794,None
2016-12-28,20.04748916625977,20.304837529070294,20.03033217242413,20.287680535234667,30834400,19.64700050354004,2,0,0.005111745242249666,None
2016-12-29,19.901660919189453,20.09896146878548,19.81587757357081,20.06464747606553,39251800,19.679033724466958,0,0,0.0045078256711161835,None
2016-12-30,19.94455337524414,20.01317973001278,19.8759270204755,19.97886737071914,44761200,19.721605491638183,0,0,0.005990846357818325,None
2017-01-03,20.16758918762207,20.30484189546022,19.953131627102287,20.25337253906625,71259900,19.76307226816813,0,0,0.005835348251947092,None
2017-01-04,20.330581665039062,20.356315530554387,20.167593426654705,20.227641294432708,45092200,19.809972127278645,0,0,0.006599910429002098,None
2017-01-05,20.124696731567383,20.29626343477764,19.93597466698117,20.2705279384417,62201100,19.847731908162434,0,0,0.005313686999880218,None
2017-01-06,20.193323135375977,20.27910484406061,20.09038279430072,20.201899997299467,38060800,19.887494595845542,0,0,0.005595542973946155,None
2017-01-09,20.05606842041016,20.18474425335209,20.013177566883638,20.141851763644382,34022400,19.91898161570231,0,0,0.004430962366884783,None
2017-01-10,20.098960876464844,20.27052592646485,19.996020537519893,20.090382378537665,46212100,19.95104440053304,0,0,0.0045119860059394945,None
2017-01-11,20.227638244628903,20.227638244628903,19.987445173550096,20.12469788954329,48001200,19.99479751586914,0,0,0.006157089758577428,None
2017-01-12,20.05606842041016,20.159008759527463,19.88450337012289,20.13327326570284,57418100,20.031123797098797,0,0,0.005111959969208435,None
2017-01-13,20.16758918762207,20.40778224442951,20.08180583617789,20.19332468390973,72479700,20.0626277923584,0,0,0.0044333512042996626,None
2017-01-17,19.68720245361328,20.030334183878416,19.67862395583401,20.021755686099144,96657800,20.06701749165853,0,0,0.0006177336721384652,None
2017-01-18,19.85019302368164,19.87592852223238,19.60142308241713,19.79014516324474,68289100,20.08395652770996,0,0,0.0023837197555254264,None
2017-01-19,19.76441192626953,19.94455551328041,19.69578392796268,19.893086150731808,56729700,20.090350723266603,0,0,0.000899813320119236,None
2017-01-20,19.8587703704834,19.92739672645375,19.755831654618568,19.82445801058892,74805200,20.094197018941244,0,0,0.0005412640339979014,None
2017-01-23,19.73009490966797,19.89308310835685,19.661468558038116,19.772985765868647,46651200,20.08350683848063,0,0,0.001504359178215564,None
2017-01-24,19.978864669799805,20.056067876818823,19.738671642490303,19.82445498339949,45229500,20.074846522013345,0,0,0.001218709694547404,None
2017-01-25,20.313419342041016,20.321997840359224,20.09896179262957,20.19332363794861,92850100,20.075914827982583,0,0,0.00015033571190736783,None
2017-01-26,20.36488914489746,20.41635849976057,20.253371936663854,20.347732147882663,70704400,20.085245768229168,0,0,0.001313082192863635,None
2017-01-27,20.28768539428711,20.37346874783004,20.227637537661472,20.36489024885761,43944500,20.09029547373454,0,0,0.0007106120287004858,None
2017-01-30,20.124696731567383,20.167589225460617,19.94455316575982,20.15901072668197,46168800,20.093043200174968,0,0,0.0003866695707442913,None
2017-01-31,19.996017456054688,20.17616261240197,19.88450027254898,20.02175294587028,56477300,20.085808563232423,0,0,0.0010180831395385503,None
2017-02-01,20.021753311157227,20.253367815180457,19.961705470006237,20.150427490220924,72132200,20.08523661295573,0,0,8.048682165817667e-05,None
2017-02-02,19.94455337524414,20.03891522661903,19.81587916457561,19.91023937976914,39396500,20.081805419921874,0,0,0.0004828493542953227,None
2017-02-03,20.347732543945312,20.364889541294065,20.10754112578805,20.287684689406,86346600,20.0835210164388,0,0,0.00024142467714760585,None
2017-02-06,20.25337028503418,20.39920147540509,20.210477795995,20.227634791610672,34952100,20.083806864420573,0,0,4.0225516915959325e-05,None
2017-02-07,20.20189666748047,20.382041825624075,20.1761628135892,20.373463328933337,50838500,20.084092648824058,0,0,4.021656995933931e-05,None
2017-02-08,20.06465530395508,20.201908056019285,19.9702950595246,20.201908056019285,54341100,20.07865988413493,0,0,0.0007645174422721279,None
2017-02-09,20.33915328979492,20.36488878486213,20.01317853318319,20.06464788713636,76813700,20.081519317626952,0,0,0.0004023893735068951,None
2017-02-10,20.39919853210449,20.467824868484268,20.321993699154632,20.45924637191418,55078700,20.09324296315511,0,0,0.0016497919579008258,None
2017-02-13,20.63081359863281,20.725175434802928,20.493560911211425,20.52787490115732,76687000,20.11754805246989,0,0,0.0034202962543757875,None
2017-02-14,20.87101173400879,20.89674723277452,20.579349292723187,20.613663291077494,75954300,20.148429997762044,0,0,0.004345814180833463,None
2017-02-15,21.03399658203125,21.076887436917133,20.81953903523937,20.97394873071852,76869400,20.17731024424235,0,0,0.0040641281989435285,None
2017-02-16,20.98252296447754,21.0425724444497,20.8538487797564,21.00825845589418,64048200,20.1990416208903,0,0,0.0030581145038710567,None
2017-02-17,20.991107940673828,20.991107940673828,20.80238585391112,20.828121353271207,54156600,20.227921994527183,0,0,0.004064146092857213,None
2017-02-21,21.094043731689453,21.145513083076725,21.02541738444603,21.102622229617527,55216100,20.257946014404297,0,0,0.004225083948346309,None
2017-02-22,21.111204147338867,21.171252006381337,20.97395143061852,21.008263791707886,50438900,20.29311720530192,0,0,0.0049494116615291794,None
2017-02-23,21.111204147338867,21.162673507063637,20.99110679307248,21.119782646656567,53509400,20.326858647664388,0,0,0.004748212501297089,None
2017-02-24,20.94821548461914,20.999684843243067,20.8538536303241,20.88816762686099,61686800,20.350877888997395,0,0,0.0033800707374598282,None
2017-02-27,21.05973243713379,21.10262493226748,20.965372220202443,20.97395071922918,39655000,20.384333356221518,0,0,0.0047079690904683336,None
2017-02-28,21.05115509033203,21.059731952980204,20.913900745241012,20.982527099695847,48913000,20.413785552978517,0,0,0.004144615020601705,None
2017-03-01,21.651636123657227,21.69452861947067,21.428600053971568,21.45433555145964,92150000,20.479266675313315,0,0,0.009214730073748068,None
2017-03-02,21.317087173461918,21.703109897217715,21.30850867255422,21.69453303249177,69446200,20.528163146972656,0,0,0.006880880654362931,None
2017-03-03,21.420019149780277,21.47149013897727,21.325658941948245,21.334237440147746,57652800,20.583350054423015,0,0,0.007766092541296066,None
2017-03-06,21.257030487060547,21.325656829677985,21.162668652393663,21.29134284027873,49017200,20.629958724975587,0,0,0.006558933367731279,None
2017-03-07,21.196983337402344,21.29134518244957,21.145513983822603,21.29134518244957,53726500,20.678855005900065,0,0,0.006880853813493237,None
2017-03-08,21.20556259155273,21.49722499920276,21.19698409295346,21.42859864658989,104601000,20.719744936625162,0,0,0.005754172514630063,None
2017-03-09,21.28276252746582,21.394281347319545,21.188402337029128,21.29134102408387,60804100,20.752056376139322,0,0,0.004546977553238907,None
2017-03-10,21.26561164855957,21.402864350989425,21.12835730994844,21.385707354140376,62148600,20.782080459594727,0,0,0.004225092895303317,None
2017-03-13,21.317087173461918,21.34282104000325,21.18841293220998,21.29135167073883,49418400,20.816393852233887,0,0,0.0048286993229551545,None
2017-03-14,21.257030487060547,21.274185845579105,21.10262080712604,21.231294995011105,49511100,20.854138310750326,0,0,0.005311530783337459,None
2017-03-15,21.22272300720215,21.377132734497987,21.12836114359212,21.29134937086901,86455100,20.895028495788573,0,0,0.005754208302456321,None
2017-03-16,21.257030487060547,21.4200170281638,21.24845198971073,21.30849983497836,89233700,20.936204401652017,0,0,0.0057944159254590955,None
2017-03-17,21.0487003326416,21.31557500169236,21.0487003326416,21.3069659295278,83056800,20.973009300231933,0,0,0.005179312658564028,None
2017-03-20,20.87651824951172,21.06591287549626,20.87651824951172,21.005651023683555,78676400,20.990635490417482,0,0,0.002480418462559919,None
2017-03-21,20.29112243652344,20.98844100036562,20.239469635279224,20.97122449462618,192257000,20.991893895467122,0,0,0.00017708711216934958,None
2017-03-22,20.24807357788086,20.342770082495065,19.99841542477856,20.144766359559643,133199500,20.9934331258138,0,0,0.0002166058195132159,None
2017-03-23,20.29112243652344,20.52356250514181,20.17920776015882,20.22225148752684,85238900,21.00098203023275,0,0,0.0010623079460589935,None
2017-03-24,20.265291213989254,20.428858646052348,20.12754771233812,20.325553072329605,97583400,20.998519961039225,0,0,0.0003464708946986361,None
2017-03-27,20.18781280517578,20.19642023532125,19.783194623808637,19.83484905675717,103963000,20.991473770141603,0,0,0.0009915643601481339,None
2017-03-28,20.46329689025879,20.54077689897175,20.11894220820821,20.11894220820821,82301100,20.985889879862466,0,0,0.0007857843581329793,None
2017-03-29,20.334157943725582,20.46329070521249,20.316939804324093,20.4288544264095,76524100,20.967994753519694,0,0,0.0025182640890171193,None
2017-03-30,20.60103225708008,20.652685032572077,20.325548598439937,20.351374165179877,92566000,20.953562609354655,0,0,0.002030941256417229,None
2017-03-31,20.428857803344727,20.5838177995491,20.428857803344727,20.523555943694603,70540000,20.93510710398356,0,0,0.002597122564572507,None
2017-04-03,20.38581085205078,20.514943614374676,20.14476182490393,20.46329083784755,93489100,20.914930534362792,0,0,0.0028393166799887126,None
2017-04-04,20.35998916625977,20.403034526720315,20.265292657271768,20.2997273036276,105795900,20.89046204884847,0,0,0.003443289932861693,None
2017-04-05,20.20503044128418,20.62686514862613,20.20503044128418,20.549386778880866,104651200,20.860256258646647,0,0,0.004250663297292623,None
2017-04-06,20.334157943725582,20.420245356708755,20.084499848440377,20.18780704283719,80802100,20.834354718526203,0,0,0.0036449543348374136,None
2017-04-07,20.24807357788086,20.38581544096746,20.144766359559643,20.17920264633756,61525700,20.811016654968263,0,0,0.0032842130443465067,None
2017-04-10,20.19641876220703,20.377205980315185,20.12754783197833,20.24807319138793,60429000,20.782239532470705,0,0,0.0040496162353231835,None
2017-04-11,20.13616180419922,20.170598098700843,19.92954896322818,20.09311807808509,83801200,20.751739756266275,0,0,0.004292034024654834,None
2017-04-12,19.97258949279785,20.127547854476266,19.920935063559213,20.11033135340921,74023000,20.69577153523763,0,0,0.007876041691068703,None
2017-04-13,19.71432304382324,20.11894121195784,19.71432304382324,19.89511026920547,120159300,20.642346064249676,0,0,0.0075182171084325344,None
2017-04-17,20.05867576599121,20.0672848370339,19.705712063303,19.765973918589417,86681200,20.596967951456705,0,0,0.0063857650225567775,None
2017-04-18,19.869281768798828,20.015632697211625,19.748758054345625,19.920934554705564,74890400,20.550709660847982,0,0,0.006509626689856662,None
2017-04-19,19.809024810791016,20.075899519661156,19.783197590443766,19.998419500632263,55583800,20.504444376627603,0,0,0.006510610855084031,None
2017-04-20,20.144763946533203,20.18780929984944,19.87788932402187,19.95536931797876,85720400,20.46908442179362,0,0,0.00497597517570203,None
2017-04-21,19.938156127929688,20.17059616752261,19.92954705512853,20.09311615432497,94675300,20.424264208475748,0,0,0.006307255478309459,None
2017-04-24,20.38581085205078,20.49772547486158,20.30833086625401,20.394419921807327,98770600,20.39493751525879,0,0,0.0041269537282545565,None
2017-04-25,20.566598892211918,20.669906099842542,20.540773321813525,20.566598892211918,71026100,20.369921239217124,0,0,0.0035203769110080385,None
2017-04-26,20.549379348754883,20.738773952342683,20.50633400111303,20.54077027922651,71691200,20.346332867940266,0,0,0.0033194372125183724,None
2017-04-27,20.45468521118164,20.59242706644785,20.33416149832681,20.59242706644785,68871800,20.320731608072915,0,0,0.003602697858771209,None
2017-04-28,20.25667762756348,20.480508510090445,20.25667762756348,20.46329037097019,64091900,20.28738651275635,0,0,0.004692437173793973,None
2017-05-01,20.38581085205078,20.48911640510503,20.273894587227822,20.35998364278114,69086600,20.265290196736654,0,0,0.003109470034809103,None
2017-05-02,20.35998916625977,20.41164195679982,20.24807451308755,20.385816382536092,76511500,20.248072560628255,0,0,0.002422925319387703,None
2017-05-03,20.523557662963867,20.523557662963867,20.273899505495624,20.291117649185686,78115400,20.255820401509602,0,0,0.001090302973289492,None
2017-05-04,20.55799102783203,20.72156009867426,20.47190359876897,20.65268917021634,64482800,20.266150983174644,0,0,0.0014537551916329328,None
2017-05-05,20.523557662963867,20.62686324107913,20.45468673021617,20.61825581124666,46881500,20.27389882405599,0,0,0.001090302973289492,None
2017-05-08,20.50633811950684,20.58381811881076,20.471903476489786,20.549383475793707,45893000,20.281933720906576,0,0,0.0011306984823807875,None
2017-05-09,20.428857803344727,20.6268615131559,20.359986876366385,20.557990586177564,65737900,20.289968554178873,0,0,0.0011306895354242785,None
2017-05-10,20.497730255126957,20.497730255126957,20.359988390923803,20.39442467798086,51192700,20.291116333007814,0,0,0.00016151940766950812,None
2017-05-11,20.36859703063965,20.454686104443677,20.20502795461325,20.42024981811706,77266700,20.292264302571613,0,0,0.00016154624853870203,None
2017-05-12,20.28250312805176,20.2911121975838,20.1705885081595,20.27389405851972,55787200,20.281646664937337,0,0,0.0014941507007238952,None
2017-05-15,20.43746566772461,20.480511020802197,20.31694196313202,20.325551033747537,52192100,20.28193359375,0,0,4.037761517827754e-05,None
2017-05-16,20.497730255126957,20.51494839865548,20.37720653445233,20.480513753610964,51529600,20.285664240519207,0,0,0.0005249895199256338,None
2017-05-17,19.85205841064453,20.22224017008265,19.774578431133666,20.06728021106092,141192800,20.26873321533203,0,0,0.00238259243899297,None
2017-05-18,19.92953872680664,20.05006405364392,19.80040597277789,19.826233180388463,101656900,20.25955015818278,0,0,0.0012922715717896827,None
2017-05-19,20.101720809936523,20.213635447733708,19.95536988850182,19.9639789594112,69775600,20.251802253723145,0,0,0.001090311920246112,None
2017-05-22,20.15337562561035,20.21363748604033,20.015633761195385,20.21363748604033,79181900,20.248645655314128,0,0,0.00044420744869944073,None
2017-05-23,20.308330535888672,20.368592381192038,20.075890582279584,20.170588706048942,65577800,20.25237604777018,0,0,0.0005249537320988207,None
2017-05-24,20.299728393554688,20.351381186868068,20.213639310023925,20.334164683772077,59441200,20.257828267415366,0,0,0.000767255210994966,None
2017-05-25,20.334157943725582,20.4288544264095,20.282503525521104,20.34276537141418,49362400,20.269880549112955,0,0,0.0016960387766143947,None
2017-05-26,20.32555389404297,20.38581575481956,20.282508534907866,20.282508534907866,42601700,20.290254910786945,0,0,0.002867150662000384,None
2017-05-30,20.18781280517578,20.291118387047625,20.14476744438533,20.265292812585976,46584200,20.294559478759766,0,0,0.0006057536972385869,None
2017-05-31,20.0156364440918,20.19642204961424,19.88650363414537,20.187814618695544,115877900,20.299437967936196,0,0,0.0006865178745510958,None
2017-06-01,20.265291213989254,20.28250771493472,19.98980585269947,20.12754771233812,81187600,20.314646848042806,0,0,0.0021402462253143906,None
2017-06-02,20.18781280517578,20.291118387047625,20.075896509133223,20.11894186992368,83704500,20.31608180999756,0,0,0.00020193281067404367,None
2017-06-05,20.222244262695312,20.35137704067685,20.19641705029406,20.19641705029406,44055800,20.325551414489745,0,0,0.001332595505228018,None
2017-06-06,20.13616180419922,20.18781624595165,20.024247131094743,20.067290857208874,60397300,20.317229779561362,0,0,0.001171049256688872,None
2017-06-07,20.29112243652344,20.34277523776765,20.13616239077785,20.170598686282627,83049100,20.30804723103841,0,0,0.0012921999961371666,None
2017-06-08,20.523557662963867,20.66990860030429,20.273899505495624,20.291117649185686,77987000,20.30718650817871,0,0,0.00012112389857810157,None
2017-06-09,20.91095733642578,20.945391981217814,20.63547196802685,20.65269011142913,133216200,20.32239557902018,0,0,0.0021402730661841396,None
2017-06-12,20.954004287719727,21.100355245207183,20.833480549322807,20.954004287719727,86644400,20.345639801025392,0,0,0.0032710073363917402,None
2017-06-13,21.06591796875,21.13478890776054,21.005656102367364,21.06591796875,94978600,20.368310038248698,0,0,0.003190234212121612,None
2017-06-14,21.10034942626953,21.12617663823758,20.77321130939025,20.88512758590613,117605800,20.39298871358236,0,0,0.0034728685714126017,None
2017-06-15,21.01426696777344,21.126183279471363,20.928177876162614,20.94539602288735,59547700,20.409345690409342,0,0,0.0023018103677662216,None
2017-06-16,20.990930557250977,21.06006488330305,20.93043657969961,21.00821290254473,53818800,20.42377700805664,0,0,0.00203082494598128,None
2017-06-19,21.20697593688965,21.2501842733871,21.103273621686437,21.12919961256033,58041300,20.4465576171875,0,0,0.0032057661287961947,None
2017-06-20,21.025495529174805,21.15512217605832,21.016853532943607,21.13783818359592,45689600,20.46386286417643,0,0,0.002435254225594985,None
2017-06-21,20.8526668548584,21.060071546931997,20.8440265036238,21.060071546931997,51938200,20.477989832560223,0,0,0.001987995864692671,None
2017-06-22,20.723033905029297,20.835378216691897,20.697109562562837,20.77488588654698,58380200,20.485499954223634,0,0,0.0010568503025271125,None
2017-06-23,20.64525413513184,20.81809074809108,20.57611981960656,20.809448752613907,85352600,20.494721857706704,0,0,0.0012977381622777395,None
2017-06-26,20.757604598999023,20.84402293116965,20.619335926843053,20.68847026292104,60302300,20.510558573404946,0,0,0.0022285974218319016,None
2017-06-27,20.861303329467773,21.01685598317989,20.783527002611716,20.835378986044045,75943400,20.524686495463055,0,0,0.0019881300690418047,None
2017-06-28,21.18968963623047,21.224255972007008,20.98228667669463,20.9995690204368,90097600,20.547751808166502,0,0,0.0032458306004922166,None
2017-06-29,21.336605072021484,21.62178441157641,21.18105240530197,21.62178441157641,119176700,20.59723669687907,0,0,0.0069636847377833044,None
2017-06-30,21.319316864013672,21.500793840470088,21.27610853103612,21.492153492508372,72754900,20.64356263478597,0,0,0.00651914625168909,None
2017-07-03,21.63042259216309,21.76869123855797,21.41437762613454,21.440301967150905,61454400,20.694519360860188,0,0,0.007170806783290462,None
2017-07-05,21.66499137878418,21.71684171497073,21.535364714171568,21.69091737102369,78100200,20.74490655263265,0,0,0.007090659945983624,None
2017-07-06,21.500791549682617,21.751404469469325,21.500791549682617,21.65634416909615,97648100,20.78465525309245,0,0,0.0055935746434919165,None
2017-07-07,21.647706985473636,21.690916971744088,21.500796328738968,21.61314064474971,59432400,20.829587872823083,0,0,0.006323073697594883,None
2017-07-10,21.62178039550781,21.673630725352687,21.54400407659437,21.613138399151623,55022500,20.87250862121582,0,0,0.006039956202646801,None
2017-07-11,21.431659698486328,21.61313832475712,21.371167372493485,21.60449632843068,49857200,20.909378814697266,0,0,0.005188501183001626,None
2017-07-12,21.500791549682617,21.518075540349027,21.3711649162687,21.431657235309057,47818600,20.953144772847494,0,0,0.006158897043812284,None
2017-07-13,21.63042259216309,21.63042259216309,21.483511949331984,21.500794293912133,48875900,21.006970977783208,0,0,0.007574609775942431,None
2017-07-14,21.53536796569824,21.569934312277468,21.25018860117558,21.36253128792396,61742300,21.049306869506836,0,0,0.005957653148796704,None
2017-07-17,21.466228485107425,21.518078816709348,21.379810166909326,21.474870481756465,43257000,21.09192072550456,0,0,0.005996769243094169,None
2017-07-18,21.431659698486328,21.466227683792106,21.293391053847756,21.319317042827084,63210700,21.13223457336426,0,0,0.005673104140792418,None
2017-07-19,21.440303802490234,21.535364123133707,21.362527476198743,21.4748717911942,48259400,21.175705973307295,0,0,0.006117445793840992,None
2017-07-20,21.431659698486328,21.55264599876428,21.38845136514637,21.45758568746566,40163500,21.213723882039393,0,0,0.005350011643714514,None
2017-07-21,21.431659698486328,21.50079402080561,21.371167372493485,21.371167372493485,39108400,21.24399394989014,0,0,0.004259708670424522,None
2017-07-24,21.526721954345703,21.55264794566699,21.42302128564537,21.42302128564537,26364800,21.26451943715414,0,0,0.0028884175778611243,None
2017-07-25,21.79461669921875,21.88103501972815,21.73412436934988,21.768692356870584,75786800,21.29253985087077,0,0,0.003943129557757996,None
2017-07-26,21.647706985473636,21.85511162298694,21.59585665024153,21.820543633970573,56086500,21.311932818094892,0,0,0.0027290454397778663,None
2017-07-27,21.526721954345703,21.699558599902804,21.431661634460056,21.690916602795703,67826200,21.32614523569743,0,0,0.002000020574375372,None
2017-07-28,21.526721954345703,21.587214285802965,21.405737291431176,21.49215561420973,43735800,21.343227068583175,0,0,0.002403814620070277,None
2017-07-31,21.68227195739746,21.76004827356925,21.578569653071003,21.60449564122567,43039300,21.36627178192139,0,0,0.0032429317865511065,None
2017-08-01,21.83782958984375,21.85511358590429,21.7254852637428,21.82918759181348,60987500,21.38730023701986,0,0,0.0029591969515977423,None
2017-08-02,21.87239646911621,21.889680465599877,21.76005378855766,21.86375447087438,43341500,21.41553026835124,0,0,0.003972627673699269,None
2017-08-03,21.79461669921875,21.872393022847973,21.76005035999041,21.83782668361963,40816800,21.446928596496587,0,0,0.004418481362415183,None
2017-08-04,21.941526412963867,22.02794472978427,21.898318078699813,21.993378392031484,50792900,21.487545013427738,0,0,0.005715682707296332,None
2017-08-07,21.90696144104004,21.950169777998,21.87239345283976,21.94152778094792,39486800,21.52960192362468,0,0,0.005918393903195485,None
2017-08-08,21.84646797180176,22.114363273227266,21.837825975201927,21.872392313308936,52736500,21.565897369384768,0,0,0.005107620695252613,None
2017-08-09,21.84646797180176,21.863750316709105,21.664989339789933,21.664989339789933,46567000,21.5987361907959,0,0,0.00462119255831378,None
2017-08-10,21.45758628845215,21.76004957518005,21.45758628845215,21.708199244061426,71130300,21.60766607920329,0,0,0.001256644790571415,None
2017-08-11,21.37116813659668,21.569929114334585,21.319317805076423,21.45758645465865,50477800,21.608818181355797,0,0,0.00016212780071866995,None
2017-08-14,21.66499137878418,21.7254837123839,21.535364714171568,21.544006711584736,49472900,21.62034066518148,0,0,0.0016214837871886822,None
2017-08-15,21.68227195739746,21.87239092565505,21.68227195739746,21.846466585792594,48535000,21.62206897735596,0,0,0.00024321406846938842,None
2017-08-16,21.63906478881836,21.81189977426501,21.60449680275365,21.7773334364926,35084100,21.62120475769043,0,0,0.00012161598119175832,None
2017-08-17,21.26746940612793,21.621783058915344,21.258827408707205,21.58721506923244,76613100,21.613427352905273,0,0,0.0010944633081128585,None
2017-08-18,21.27611351013184,21.431664534228855,21.155127182555088,21.16376918083147,71725900,21.601040903727213,0,0,0.0017430639805536274,None
2017-08-21,21.215614318847656,21.28474863981019,21.129197653863663,21.258824299631883,45047200,21.58750203450521,0,0,0.001905236516055231,None
2017-08-22,21.44894790649414,21.466231902543846,21.27611289087484,21.302037236656812,42644000,21.58807830810547,0,0,8.109521470733849e-05,None
2017-08-23,21.379810333251957,21.5007949906952,21.276109669241272,21.29339201438149,36612700,21.584045600891113,0,0,0.0005674965107769214,None
2017-08-24,21.379810333251957,21.47487064883869,21.33660199796289,21.47487064883869,31067200,21.57569185892741,0,0,0.001175567469776706,None
2017-08-25,21.440303802490234,21.535364123133707,21.41437945925469,21.42302145643068,37177300,21.572523053487142,0,0,0.00044592526436854074,None
2017-08-28,21.30203437805176,21.46622902190485,21.25018404515323,21.457587025039707,36486900,21.567049916585287,0,0,0.0007701987597189541,None
2017-08-29,21.23290634155273,21.267474339253905,21.042787299074853,21.06007129792544,42814200,21.5604248046875,0,0,0.0009323086665244951,None
2017-08-30,21.319316864013672,21.414377174514986,21.25018254227424,21.26746653478216,35176100,21.55639190673828,0,0,0.0005675233516466149,None
2017-08-31,21.34524726867676,21.414381604718688,21.276112932634828,21.388455610593244,44225200,21.553511492411296,0,0,0.00040534186918805837,None
2017-09-01,21.40573501586914,21.52671966592225,21.31931670227739,21.371167031115547,42132600,21.552647336324057,0,0,0.00012160703423469421,None
2017-09-05,20.947717666625977,21.276106906026,20.887225345760744,21.241538923650367,96579200,21.533347193400065,0,0,0.002715982883128354,None
2017-09-06,20.999570846557617,21.10327315948958,20.93043652070042,21.02549683686369,77593900,21.506845664978027,0,0,0.003729386764360132,None
2017-09-07,20.636613845825195,21.051421421563955,20.55883917668468,21.034137429180625,87667800,21.47314256032308,0,0,0.004742817486461659,None
2017-09-08,20.826738357543945,20.904514689511487,20.61069335725468,20.653901697995515,68639500,21.449809773763022,0,0,0.0032834704469481557,None
2017-09-11,21.18968963623047,21.25018196005856,21.02549500848836,21.06870334028208,73305700,21.43857536315918,0,0,0.0015809451267915775,None
2017-09-12,21.440303802490234,21.457587796842216,21.250184809495718,21.26746880384769,66350600,21.430509757995605,0,0,0.0011350198624235919,None
2017-09-13,21.474876403808597,21.483518402840808,21.32796571684648,21.405742059843643,51049400,21.4184113184611,0,0,0.0017025342671131427,None
2017-09-14,21.431659698486328,21.53536200611139,21.38845136514637,21.48351167644499,47163200,21.403720092773437,0,0,0.0020674001046006585,None
2017-09-15,21.495012283325195,21.51236836234648,21.373521385342983,21.399555503874915,59250200,21.393733278910318,0,0,0.0014053789972457431,None
2017-09-18,21.746665954589844,21.755343992961645,21.555754075909988,21.573110152653587,44010400,21.38723793029785,0,0,0.0009140479280846936,None
2017-09-19,21.91154289245605,21.9636094616252,21.711952998002328,21.746663492392965,58443300,21.387390645345054,0,0,2.149058977612972e-05,None
2017-09-20,22.04171371459961,22.11981440859196,21.824767710213457,21.928902520592143,70595500,21.393898836771648,0,0,0.0009158552133196052,None
2017-09-21,22.093786239624023,22.14585448641293,21.97229697411746,21.989653056380423,51050100,21.40214277903239,0,0,0.0011601160757124251,None
2017-09-22,22.067747116088867,22.09377957646521,21.946257887221662,22.007002501655265,42306600,21.422481473286947,0,0,0.0028621314193426617,None
2017-09-25,22.04171371459961,22.11981440859196,21.89419036541036,22.04171371459961,39774600,21.44483299255371,0,0,0.003145383118638878,None
2017-09-26,22.033035278320312,22.111135970903693,21.97229066301471,22.076425471514764,46811000,21.457101122538248,0,0,0.0017264136943035968,None
2017-09-27,22.302051544189453,22.414862746448208,22.21527280505445,22.31072792845285,65919100,21.47776044209798,0,0,0.0029072509215237186,None
2017-09-28,22.336759567260746,22.388826142895404,22.223948377524547,22.380149759595124,37718900,21.501016934712727,0,0,0.003272734099016905,None
2017-09-29,22.440898895263672,22.440898895263672,22.30205356215121,22.33676406784586,42740800,21.540131251017254,0,0,0.005504301910443543,None
2017-10-02,22.631807327270508,22.631807327270508,22.39750524305816,22.39750524305816,52774000,21.585321044921876,0,0,0.00635926413707949,None
2017-10-03,22.709911346435547,22.709911346435547,22.571066014392017,22.614454559968024,48062900,21.63513094584147,0,0,0.007009421579970088,None
2017-10-04,22.605775833129883,22.718588696467688,22.59709944841177,22.64916603255476,39283800,21.67369187672933,0,0,0.00542642760011508,None
2017-10-05,22.840072631835938,22.918173317467325,22.571060078642528,22.63180468854106,61260400,21.72236728668213,0,0,0.006849772086232553,None
2017-10-06,22.866111755371094,22.96156688248296,22.74462085378905,22.90082225927536,66077800,21.771910667419434,0,0,0.006971915937863782,None
2017-10-09,22.77933120727539,22.926854561300605,22.727264627962583,22.926854561300605,31340200,21.816544914245604,0,0,0.006281085630226502,None
2017-10-10,22.88347053527832,22.88347053527832,22.753301578567868,22.814047864110695,35822500,21.869259452819826,0,0,0.007418172239627097,None
2017-10-11,22.840072631835938,22.86610674543523,22.744615870471687,22.831394593969502,33748600,21.92283166249593,0,0,0.007538866684287049,None
2017-10-12,22.66652107238769,22.909499557351698,22.64048695392721,22.900821517864877,53834800,21.96773846944173,0,0,0.006319441233211043,None
2017-10-13,22.675199508666992,22.753300215949256,22.466931507636595,22.553710255191,69561400,22.01207021077474,0,0,0.006238516010679596,None
2017-10-16,22.82272148132324,22.831399521062423,22.683876155830035,22.692554195569212,42000700,22.059303092956544,0,0,0.006646774587722004,None
2017-10-17,22.709911346435547,22.90950130435225,22.65784476071095,22.90082326420367,37844200,22.11804288228353,0,0,0.008266066370541503,None
2017-10-18,22.83139419555664,22.866106346416625,22.7099049778796,22.805361737578103,52201500,22.179103660583497,0,0,0.008592683968523918,None
2017-10-19,22.8487548828125,22.857432922279084,22.63180886164825,22.666521019514587,34671600,22.25284169514974,0,0,0.010376671328608922,None
2017-10-20,23.11776351928711,23.13511959524249,23.013630373887825,23.09173106052054,56083800,22.32920920054118,0,0,0.010746699560059803,None
2017-10-23,23.10041236877441,23.169835027257456,23.04834413353708,23.126444831226344,43555200,22.39289995829264,0,0,0.00896278377562737,None
2017-10-24,23.265287399291992,23.308677590196357,23.161154251454608,23.17850867264981,61259200,22.4537327448527,0,0,0.00856060018212268,None
2017-10-25,23.126440048217773,23.360742092827238,22.996272797379092,23.33470798059294,68653500,22.50878486633301,0,0,0.007747124993284338,None
2017-10-26,23.256610870361328,23.360745680123134,23.213222331807785,23.213222331807785,41832600,22.569616572062174,0,0,0.008560448083859862,None
2017-10-27,23.2392578125,23.28264635360104,23.091734455523024,23.213223694739327,56694400,22.627758089701334,0,0,0.008181875508847386,None
2017-10-30,23.143800735473636,23.247935549997912,23.08305611665394,23.213223393434244,48157500,22.674329249064126,0,0,0.00655365466333141,None
2017-10-31,23.083057403564453,23.23058076685121,23.057023284690263,23.14380202577074,39890800,22.71337973276774,0,0,0.005495319166007678,None
2017-11-01,23.11776351928711,23.282642930530223,23.09173106052054,23.17850812996444,40921900,22.74924805959066,0,0,0.00504751504075121,None
2017-11-02,23.334714889526367,23.36942704944965,23.030991766032024,23.14380297544894,51098300,22.790612347920735,0,0,0.005820925757892448,None
2017-11-03,23.2392578125,23.27396831434748,23.16983515363829,23.256612235840365,42387000,22.829662704467772,0,0,0.005495301272094022,None
2017-11-06,23.21322250366211,23.25661104253687,23.135121809554214,23.17851034842897,33642100,22.868712997436525,0,0,0.005495292325137957,None
2017-11-07,22.89214324951172,23.30000282548104,22.83139862887802,23.23058016544727,70325500,22.89734992980957,0,0,0.004029888195999504,None
2017-11-08,22.77933120727539,22.85743190382796,22.701230510722823,22.84875386474804,55844900,22.913259251912436,0,0,0.0022388148462797186,None
2017-11-09,22.70122718811035,22.77932787323189,22.46692513274573,22.63180454079859,94577000,22.925408172607423,0,0,0.0017096381506610525,None
2017-11-10,22.631807327270508,22.7619746001107,22.61445124951404,22.7185860608862,53209600,22.93177178700765,0,0,0.0008955098339901435,None
2017-11-13,22.66652107238769,22.718587654141867,22.475607514011077,22.49296359298473,50579200,22.93292891184489,0,0,0.00016283461029065194,None
2017-11-14,22.6578426361084,22.66652067544325,22.501641238414543,22.57974193726147,54101800,22.931193288167318,0,0,0.0002442429684796632,None
2017-11-15,22.718584060668945,22.79668474853016,22.440893461680865,22.45824788274272,64952300,22.93495356241862,0,0,0.0005291588017055371,None
2017-11-16,22.727264404296875,22.87478775687027,22.70990832630784,22.822719522903167,53648100,22.931193288167318,0,0,0.0005291588017055371,None
2017-11-17,22.70122718811035,22.75329375980256,22.58841600691617,22.61444846517903,41938700,22.925697135925294,0,0,0.0007734375580114861,None
2017-11-20,22.80536460876465,22.84007510882822,22.675195681817936,22.744618337111746,35232400,22.926564915974936,0,0,0.00012211701076153547,None
2017-11-21,22.874786376953125,22.90949687567059,22.82271814612703,22.88346441542414,35972400,22.92627544403076,0,0,4.073549344277283e-05,None
2017-11-22,22.76197624206543,22.93553372181652,22.76197624206543,22.874789100453675,30959400,22.923672231038413,0,0,0.00036633313837095005,None
2017-11-24,22.753297805786133,22.89214312509909,22.73594338224709,22.848754583501325,12172500,22.92656478881836,0,0,0.0004070507379005661,None
2017-11-27,22.73594665527344,22.85743591336996,22.71859057406908,22.73594665527344,42346400,22.92858969370524,0,0,0.0002849516210521874,None
2017-11-28,23.326032638549805,23.352066753792396,22.744617306131406,22.761973382959795,86507000,22.94536673227946,0,0,0.0023609229100846896,None
2017-11-29,23.725210189819336,23.881411545001946,23.490908157045418,23.551652760690587,135340600,22.97921002705892,0,0,0.004762545525785367,None
2017-11-30,23.881420135498047,24.193821303072227,23.759929229339345,23.933486720899257,135241700,23.014210891723632,0,0,0.004925442764772525,None
2017-12-01,23.93348693847656,24.04629815039923,23.38678364887653,23.916130858129407,148119600,23.050368626912434,0,0,0.005088241587236864,None
2017-12-04,24.297956466674805,24.4715139606464,24.297956466674805,24.33266862753589,99820400,23.089708391825358,0,0,0.00553602781858023,None
2017-12-05,24.16778564453125,24.428120192304767,24.107041027061875,24.40208773062743,77706200,23.12528750101725,0,0,0.005006815335134723,None
2017-12-06,24.08100700378418,24.219852317158427,24.011584347097056,24.08100700378418,60299100,23.152478154500326,0,0,0.0038263628270494565,None
2017-12-07,24.15911102294922,24.245889769537687,23.933486943885963,24.15911102294922,59625500,23.186900520324706,0,0,0.004844034406583542,None
2017-12-08,24.30663299560547,24.30663299560547,24.107043048564652,24.280598876578345,55001600,23.221901257832844,0,0,0.004925424870859368,None
2017-12-11,24.245887756347656,24.34134288001889,24.176465095874583,24.306632377365748,43278400,23.255455589294435,0,0,0.004721881607996192,None
2017-12-12,24.488866806030277,24.584323587073023,24.26324274048993,24.34134344222185,69517100,23.300291124979655,0,0,0.00630941169485176,None
2017-12-13,24.185142517089844,24.514899732115733,24.167786438623548,24.46283315188359,97335300,23.337027295430502,0,0,0.0051696409984692965,None
2017-12-14,24.028940200805664,24.30663082496256,24.002906084103447,24.271918669359607,76970000,23.36739985148112,0,0,0.004274131164479153,None
2017-12-15,24.24514961242676,24.410794756732116,24.08822280864836,24.17540455106452,111826100,23.3977476755778,0,0,0.004270650798358061,None
2017-12-18,24.463104248046875,24.585159358114076,24.402077524440028,24.445669229054563,61275500,23.438542556762695,0,0,0.005740796814498836,None
2017-12-19,24.358482360839844,24.62002588211849,24.358482360839844,24.602589203939075,57366300,23.476717885335287,0,0,0.0053721643082793175,None
2017-12-20,24.31489562988281,24.602594227171423,24.29746061099676,24.55900418567604,69680300,23.52414296468099,0,0,0.006673821237552377,None
2017-12-21,24.524126052856445,24.59387110339745,24.41950930847152,24.445664325994336,46123500,23.582302792867026,0,0,0.008184452232350772,None
2017-12-22,24.45438575744629,24.6287492491302,24.34105065184919,24.59387588565202,43020300,23.64074141184489,0,0,0.00822368463708277,None
2017-12-26,24.384639739990234,24.532848203271087,24.28874131988152,24.45438480136632,33710100,23.699169158935547,0,0,0.008222154707502767,None
2017-12-27,24.410797119140625,24.41951546051132,24.33233370965796,24.40207877776993,29421000,23.75731169382731,0,0,0.008182018660153091,None
2017-12-28,24.506696701049805,24.515415042238956,24.41079661082272,24.47182333629321,28129700,23.81894016265869,0,0,0.008672571344088963,None
2017-12-29,24.33232879638672,24.585155656524407,24.33232879638672,24.585155656524407,55169800,23.872731653849282,0,0,0.007569724737632875,None
2018-01-02,24.34104347229004,24.489251897650217,24.227708400121905,24.489251897650217,55436100,23.926524289449056,0,0,0.007569885782852243,None
2018-01-03,24.471824645996094,24.489261329307585,24.306179480244243,24.384642892292295,56906200,23.985544204711914,0,0,0.008305486661362617,None
2018-01-04,24.69849395751953,24.8815757874362,24.56772217206675,24.611312212933186,62247000,24.048648516337078,0,0,0.008880257047862869,None
2018-01-05,24.768234252929688,24.82926096353693,24.61130747545212,24.82926096353693,37989500,24.111763445536294,0,0,0.00888175118961607,None
2018-01-08,24.733367919921875,24.785676302800013,24.646186173222635,24.74208459802364,44252100,24.177476501464845,0,0,0.00924736857145945,None
2018-01-09,24.925168991088867,25.055940793135445,24.79439718904229,24.83798723543992,51418700,24.2498722076416,0,0,0.010187774233714732,None
2018-01-10,25.1343994140625,25.23901783346232,24.960035936013927,25.003627636952757,64670900,24.32982063293457,0,0,0.011250618997170298,None
2018-01-11,25.256452560424805,25.2826075806872,25.11696244473204,25.239017543103216,42361700,24.394167963663737,0,0,0.00905517899653277,None
2018-01-12,25.483131408691406,25.500568093652323,25.247741150280472,25.404667989221096,44537500,24.45276533762614,0,0,0.00824602518773667,None
2018-01-16,25.41337776184082,25.744668012965786,25.27388765489976,25.701076315263425,67563800,24.503830591837566,0,0,0.007186079238222745,None
2018-01-17,25.60517692565918,25.67492197645933,25.273886687218585,25.483121839619034,54312000,24.559553591410317,0,0,0.007841533279425841,None
2018-01-18,25.57030868530273,25.701080473863044,25.535436984351623,25.69236213291189,49247400,24.60196533203125,0,0,0.00596832686803242,None
2018-01-19,25.75338554382324,25.762102220236763,25.605177101995604,25.657485474742657,60727800,24.65481866200765,0,0,0.00743770344590515,None
2018-01-22,25.962623596191406,25.971341936431447,25.727233398270386,25.76210509637718,46868900,24.71753921508789,0,0,0.008826253217768323,None
2018-01-23,25.988779067993164,26.03237077273914,25.77954387377302,25.901597321354725,60862000,24.77852814992269,0,0,0.008582573907555457,None
2018-01-24,26.16314125061035,26.224167971344038,25.95390606687198,26.11083287038912,66371000,24.840411758422853,0,0,0.008708475480962652,None
2018-01-25,26.11083030700684,26.267755432264718,26.02364857329473,26.267755432264718,45423700,24.90257651011149,0,0,0.00874803892308898,None
2018-01-26,26.30262756347656,26.31134590272626,26.06723739229436,26.1892924789369,33871900,24.96303520202637,0,0,0.008507956289433169,None
2018-01-29,26.19801521301269,26.442123779889005,26.18058019333505,26.320070327877637,41037700,25.03013095855713,0,0,0.009441946983799951,None
2018-01-30,25.85801124572754,26.17186491662537,25.85801124572754,26.00621973888999,67316900,25.091099993387857,0,0,0.00857977351013614,None
2018-01-31,25.92774772644043,26.05851949168073,25.84056599532916,25.92774772644043,49504500,25.147186597188313,0,0,0.007892700924275298,None
2018-02-01,26.171855926513672,26.19800928153556,25.86672070271718,25.875439042008875,60824200,25.204144986470542,0,0,0.008015381593303617,None
2018-02-02,25.59646415710449,26.18929804935296,25.57902747489635,26.119551320520397,73086000,25.245411046346028,0,0,0.005807102709930956,None
2018-02-05,24.30617904663086,25.465691860501256,24.062072136039376,25.047221445612752,147871500,25.245120493570962,0,0,4.0887591705063286e-05,None
2018-02-06,24.75079917907715,24.811825893639973,23.687186686909957,23.748213401472785,159006400,25.252676264444986,0,0,0.0010632742173727061,None
2018-02-07,24.768234252929688,25.116959501294755,24.60258913638635,24.707207542322443,102699400,25.2631378809611,0,0,0.0014721948692046904,None
2018-02-08,23.6784725189209,24.855421970789525,23.66103583658719,24.811830264955248,135270500,25.239598973592123,0,0,0.0033124764802757445,None
2018-02-09,24.13181495666504,24.31489512254985,23.329745904769407,24.03591487195197,149504900,25.23029956817627,0,0,0.001308644502384937,None
2018-02-12,24.471824645996094,24.715933223796004,24.15797099780388,24.37592455063655,83571800,25.229137166341147,0,0,0.0001635772076894748,None
2018-02-13,24.57643699645996,24.628745370586195,24.26258342599609,24.33232847911548,43365500,25.237274106343587,0,0,0.0011450583477388976,None
2018-02-14,25.160551071166992,25.16926941018929,24.47181725408367,24.55899898145352,57379700,25.264591026306153,0,0,0.003844131482875518,None
2018-02-15,25.30004501342773,25.404661771882527,25.021064773743763,25.369790073348728,66976000,25.292198371887206,0,0,0.003885001180666897,None
2018-02-16,25.26516914367676,25.483122642147784,25.14311571664601,25.1779874117177,47508200,25.311087544759115,0,0,0.002658149755605216,None
2018-02-20,25.18670463562012,25.46568483524982,25.108241246617617,25.212859652905333,58236100,25.325036557515464,0,0,0.0019629533331428084,None
2018-02-21,25.22158432006836,25.63133638322419,25.169275935226963,25.19542929622088,44578800,25.341310437520345,0,0,0.002290116695477823,None
2018-02-22,25.01234436035156,25.42209634557011,24.95131764583532,25.28260623728919,47602700,25.344216283162435,0,0,0.0004089206518319566,None
2018-02-23,25.387226104736328,25.387226104736328,25.08209085181613,25.090809191939947,41187300,25.35264383951823,0,0,0.0011859548864005531,None
2018-02-26,25.770828247070312,25.770828247070312,25.4046662029066,25.57031137268044,55124200,25.369789695739748,0,0,0.002412824205375863,None
2018-02-27,25.52671432495117,25.95390298216762,25.509277645998687,25.78825785782549,72752100,25.371242459615072,0,0,0.00020443795852428948,None
2018-02-28,25.169267654418945,25.753383025340813,25.169267654418945,25.657482965638515,65254700,25.363105456034344,0,0,0.001145067294695462,None
2018-03-01,24.733367919921875,25.37851018493064,24.593876127490983,25.17799166866633,82467900,25.3340451558431,0,0,0.004089465980061435,None
2018-03-02,24.794389724731445,24.864134775683237,24.314891044441374,24.55899955419922,78991200,25.30818119049072,0,0,0.0036396666834814795,None
2018-03-05,25.143115997314453,25.28260610486476,24.593872243838536,24.602590583417086,58952100,25.287838872273763,0,0,0.0028626413958689756,None
2018-03-06,25.24773406982422,25.30004411003717,24.9861905201728,25.282607429966188,49746100,25.264009221394858,0,0,0.003353390912850529,None
2018-03-07,25.204151153564453,25.25645954570304,24.90773416002278,24.93388918751897,41530200,25.237854957580566,0,0,0.0036805184873597296,None
2018-03-08,25.282604217529297,25.317477573240215,25.01234236218217,25.26516753967384,50803000,25.20850372314453,0,0,0.004130407253505941,None
2018-03-09,25.892879486083984,25.91031450434968,25.4482540946668,25.552870855674705,54595700,25.201238695780436,0,0,0.0010223597847979216,None
2018-03-12,25.80569648742676,25.98877664170714,25.76210478675046,25.892878225925998,51784500,25.184674326578776,0,0,0.002330995340226294,None
2018-03-13,25.51799774169922,25.953904768392324,25.45697102401872,25.92774974816353,47049400,25.162007077534994,0,0,0.0031898137051610542,None
2018-03-14,25.23029899597168,25.631332659584093,25.151835598681718,25.631332659584093,57278900,25.141083335876466,0,0,0.00294446131406198,None
2018-03-15,25.239017486572266,25.3785076019526,25.160554088814163,25.32619756154497,47451600,25.118125661214194,0,0,0.0032306834029529607,None
2018-03-16,25.26089096069336,25.505886403275184,25.26089096069336,25.29588959438807,61278200,25.087760162353515,0,0,0.004273138052295705,None
2018-03-19,25.0771427154541,25.31338975134475,24.84089567956345,25.225890663729,52145000,25.070449447631837,0,0,0.0024360236638635846,None
2018-03-20,25.138391494750977,25.2433907333313,25.077142634290077,25.173391797246516,37146500,25.098189862569175,0,0,0.0039037271608505786,None
2018-03-21,25.129642486572266,25.46213869877834,25.042145064429317,25.182142942545656,53291400,25.11081797281901,0,0,0.001777071362625754,None
2018-03-22,24.202157974243164,24.893399010500016,24.11465887651481,24.79714983610818,85160300,25.09194876352946,0,0,0.0026553404112298618,None
2018-03-23,23.4671688079834,24.263407446217997,23.423420092482974,24.22840880759896,89289500,25.08490530649821,0,0,0.0009911796410138618,None
2018-03-26,24.22840690612793,24.298405846778923,23.71216409298696,23.939661067329283,84145000,25.088125038146973,0,0,0.00045309177661242983,None
2018-03-27,23.755916595458984,24.41215739460927,23.563419895181298,24.30715980133295,78827400,25.064261436462402,0,0,0.0033581685876801215,None
2018-03-28,23.799665451049805,24.035910855163973,23.49341943071627,23.8171639361981,84244500,25.038369051615398,0,0,0.0036436659730854914,None
2018-03-29,24.123411178588867,24.28965931271865,23.79966665670661,23.904664248541582,58290000,25.003797721862792,0,0,0.004864997125919701,None
2018-04-02,23.58966636657715,24.14965960036894,23.2309215617092,24.123409369925003,74363900,24.946785100301106,0,0,0.008023013347290997,None
2018-04-03,23.91341209411621,23.965910885133862,23.52841706587165,23.738413898848737,75160400,24.901726531982423,0,0,0.006340797618637553,None
2018-04-04,24.167156219482425,24.23715515485554,23.467165196845,23.48466534791485,70327000,24.867741584777832,0,0,0.004782479345111293,None
2018-04-05,24.359657287597656,24.53465549218676,24.280908262423218,24.385907518957996,45378300,24.839010683695474,0,0,0.004043111797868398,None
2018-04-06,23.77341079711914,24.237154779857384,23.55466391884933,24.079656760478123,88521000,24.797712898254396,0,0,0.005811567241278903,None
2018-04-09,23.904659271240234,24.385903418486123,23.860910561902557,23.904659271240234,54633200,24.748294003804524,0,0,0.006954397796822873,None
2018-04-10,24.26340675354004,24.403404641832516,24.10590871198439,24.289656983434806,67801500,24.69804662068685,0,0,0.007070985588399414,None
2018-04-11,23.97466087341309,24.158409144657256,23.91341200596719,24.044659817480756,52480800,24.64631150563558,0,0,0.007280344373059036,None
2018-04-12,24.394655227661133,24.5521532734938,24.14090967408025,24.15840982781866,63289100,24.62049109141032,0,0,0.0036335380182038746,None
2018-04-13,24.02716445922852,24.70965555176974,23.895916621522417,24.69215539503378,70103900,24.596950976053872,0,0,0.0033126464724516913,None
2018-04-16,24.132160186767575,24.307158390613917,24.06216123901036,24.16716049509947,44633600,24.574876658121745,0,0,0.0031063743878217975,None
2018-04-17,24.132160186767575,24.36840726128816,24.04466108484441,24.34215703003925,50750100,24.541178131103514,0,0,0.00474217330558617,None
2018-04-18,24.018409729003903,24.289655411402176,23.96590927261222,24.193406243590445,66795500,24.50020065307617,0,0,0.005766492473881252,None
2018-04-19,24.38590812683105,24.438406921953806,24.04466178626664,24.062161940943096,76142000,24.472925885518393,0,0,0.0038381996506430746,None
2018-04-20,24.394655227661133,24.534654788661904,24.289657643043704,24.429655535137957,49800400,24.44332758585612,0,0,0.004165175126889985,None
2018-04-23,24.368408203125,24.490905949208027,24.28965917524116,24.46465571694454,45689200,24.392511876424155,0,0,0.007150962433530743,None
2018-04-24,24.21090507507324,24.64839884103488,24.044656976714062,24.49965089385167,69592900,24.339352162679038,0,0,0.007480818829805641,None
2018-04-25,24.193408966064453,24.31590837585684,23.948413484292796,24.18465888901453,51819000,24.29519920349121,0,0,0.0062133571686937665,None
2018-04-26,24.202157974243164,24.33340578638245,24.07966023876736,24.175907744252715,33456200,24.26092783610026,0,0,0.004822785384636402,None
2018-04-27,24.23715591430664,24.298404776064014,24.123406597694675,24.15840690093107,47185200,24.227532450358073,0,0,0.004699514216472557,None
2018-04-30,24.018409729003903,24.42965329063395,24.009659652938623,24.298405487467456,41731400,24.186116409301757,0,0,0.005828208580572864,None
2018-05-01,24.02716445922852,24.044664615964475,23.773418862184304,23.965915579559457,46372400,24.15111713409424,0,0,0.004925219090857127,None
2018-05-02,23.755916595458984,24.03591240273804,23.72091795400243,23.93966488705253,45430300,24.105034637451173,0,0,0.006484888354831877,None
2018-05-03,23.55466651916504,23.677164250469264,23.15217135088392,23.642165613913665,68947900,24.052535438537596,0,0,0.007387868897591035,None
2018-05-04,23.86091423034668,23.99216204744441,23.335921293049218,23.414670317089165,40575600,24.04116064707438,0,0,0.0016007000069850237,None
2018-05-07,24.018409729003903,24.114657227909277,23.85216162157629,23.948410789388017,36873600,24.05953534444173,0,0,0.00258575098272181,None
2018-05-08,24.18465614318848,24.350904250448803,24.027158111984622,24.035908188041105,47718500,24.058076985677083,0,0,0.0002052252907059882,None
2018-05-09,24.54340362548828,24.60465416464299,24.21090904318116,24.298408144495628,43817000,24.084326553344727,0,0,0.003693929975317229,None
2018-05-10,24.74464607238769,24.79714485291204,24.46464868214352,24.499648981763844,41445500,24.115825907389322,0,0,0.004432698076467023,None
2018-05-11,24.72714614868164,24.893394235586065,24.674647367677245,24.762144779715847,25894000,24.135950406392414,0,0,0.002831989122525423,None
2018-05-14,24.70965003967285,24.840897848100887,24.665901326498982,24.797149134927015,31292900,24.173283195495607,0,0,0.005253599239291976,None
2018-05-15,24.665904998779297,24.797152826747617,24.569655812779413,24.67465507649808,54655800,24.198366292317708,0,0,0.003529780162404397,None
2018-05-16,24.70965003967285,24.7796489820949,24.58715230766088,24.639651097250805,31984900,24.21644941965739,0,0,0.0025447202397115357,None
2018-05-17,24.657154083251957,24.744653188559987,24.499656027478814,24.683402646609725,45070400,24.226365979512533,0,0,0.0013954926101921866,None
2018-05-18,24.45590591430664,24.66590275372367,24.44715583738428,24.657152676801317,33266100,24.249115816752116,0,0,0.0032014358017968536,None
2018-05-21,24.63090133666992,24.72715050957433,24.58715262293508,24.59590269946333,29647900,24.273323885599773,0,0,0.0034066431985896872,None
2018-05-22,24.79715347290039,24.937151382235488,24.648405485618504,24.648405485618504,52841400,24.291115442911785,0,0,0.0025036894967007603,None
2018-05-23,24.639652252197266,24.709651197900406,24.37715662303711,24.63090217537106,44968500,24.31328182220459,0,0,0.003119329580992418,None
2018-05-24,24.44715118408203,24.57839897512249,24.202154083608622,24.56089882460877,43245200,24.31503168741862,0,0,0.00024624708676018736,None
2018-05-25,24.368408203125,24.41215692132419,24.254658865556515,24.333407893440352,39312500,24.326406478881836,0,0,0.0016007000069850272,None
2018-05-29,23.55466651916504,24.06215926601937,23.379668329667783,24.02715896055735,126469700,24.30715668996175,0,0,0.002708896893493594,None
2018-05-30,23.98341178894043,24.079660966240056,23.720916156731576,23.782165026319877,65843700,24.30219841003418,0,0,0.0006977463050960933,None
2018-05-31,23.78215789794922,23.96590445163864,23.71215897241429,23.930905823324192,66686900,24.294323348999022,0,0,0.0011082058334651486,None
2018-06-01,24.044658660888672,24.17590646608898,23.97465972018808,24.07090888949129,62934300,24.282948366800944,0,0,0.001600726847854752,None
2018-06-04,24.123411178588867,24.210910284389104,24.079662460142064,24.15841148847161,44196900,24.273906898498534,0,0,0.0012723466994209037,None
2018-06-05,24.018409729003903,24.079658592554512,23.89591033299633,24.044658288293387,44996800,24.262240282694496,0,0,0.0016417665378226053,None
2018-06-06,24.45590591430664,24.47340439924483,24.132159743805467,24.158409974572542,61960000,24.270406977335607,0,0,0.0011492455234319993,None
2018-06-07,24.534656524658203,24.657154271681605,24.36840839019313,24.56090508821657,65166100,24.2817818959554,0,0,0.0016007179008986766,None
2018-06-08,24.56964683532715,24.59589705889197,24.377150202570004,24.508397982581968,47713400,24.294031524658198,0,0,0.0017238101299300035,None
2018-06-11,24.517147064208984,24.735893911672147,24.517147064208984,24.64839483890568,47319600,24.30336456298828,0,0,0.0013133774424316826,None
2018-06-12,24.45590591430664,24.64840259987896,24.333406506300143,24.587153730328968,55517200,24.317947769165038,0,0,0.002052199225321426,None
2018-06-13,24.368408203125,24.657154082396865,24.342157970861518,24.46465571694454,61095800,24.329322560628253,0,0,0.0016007000069850272,None
2018-06-14,24.140907287597656,24.45590334812361,24.07090834847037,24.41215296810259,70635500,24.34215558369954,0,0,0.0018059074037778608,None
2018-06-15,24.14002799987793,24.21911814395408,23.82366909970913,23.99063569174918,63387600,24.361667633056637,0,0,0.0027458030895073093,None
2018-06-18,24.096088409423828,24.13123865138888,23.85003001112562,23.929120150716628,49824600,24.36950677235921,0,0,0.0011031508029806791,None
2018-06-19,24.034578323364254,24.09609251438431,23.84124609314581,23.8500340741681,50214700,24.370045725504557,0,0,7.584335117818974e-05,None
2018-06-20,23.97306060791016,24.25426925473725,23.94669666871921,24.25426925473725,42833600,24.362992540995275,0,0,0.0009925485253760163,None
2018-06-21,23.902761459350582,24.043365800488512,23.73579317569832,23.89397347851247,75190900,24.34163780212402,0,0,0.003005112732917037,None
2018-06-22,23.788516998291016,24.09608959222765,23.770941038377885,24.06972565235795,61389400,24.309766832987467,0,0,0.00448499303784855,None
2018-06-25,23.533676147460938,23.7270067098358,23.37549583454693,23.68306847897572,80746100,24.269984499613443,0,0,0.005598307583538117,None
2018-06-26,23.4545841217041,23.577612499215988,23.305191802095692,23.551248557119468,56387800,24.228148969014487,0,0,0.0058872406002811566,None
2018-06-27,23.16459083557129,23.621554165485797,23.155802853593062,23.44579955432981,78099200,24.17810516357422,0,0,0.007042337433336394,None
2018-06-28,23.36670684814453,23.46337296324238,23.120648407957272,23.164588313063565,78544800,24.133340390523276,0,0,0.006299453732145617,None
2018-06-29,23.36670684814453,23.78851988034898,23.331554924059496,23.656703517302088,77149900,24.090325482686357,0,0,0.006053206645386426,None
2018-07-02,23.480945587158203,23.489733567557444,23.15579869306563,23.17337465386412,66202800,24.057826805114743,0,0,0.004573326340453414,None
2018-07-03,23.270038604736328,23.61276312867537,23.217312399567184,23.542460963071232,30717800,24.012464714050292,0,0,0.0063835103894906275,None
2018-07-05,23.322769165039062,23.44579754994415,23.24367901013264,23.393071338718546,40668500,23.963318570454916,0,0,0.006916015352968112,None
2018-07-06,23.4370059967041,23.53367209933161,23.17337330462007,23.261249751224227,41285000,23.923230361938476,0,0,0.005641351391786009,None
2018-07-09,23.97306060791016,23.999422870965358,23.533671678208886,23.560033941264084,73447400,23.90742734273275,0,0,0.002223855534828567,None
2018-07-10,23.88517951965332,24.069722042658263,23.81487736667969,23.99063191104599,51260600,23.891319719950356,0,0,0.0022667204039449364,None
2018-07-11,23.770944595336918,23.89397465700261,23.71821838384364,23.75337030892985,46023700,23.898528989156087,0,0,0.0010145133038517266,None
2018-07-12,23.814882278442383,23.937910652486654,23.67427794349582,23.92033469158436,64876800,23.89291133880615,0,0,0.0007905351920923336,None
2018-07-13,23.70943069458008,23.788520850862096,23.4633739204903,23.718218675959864,64146900,23.89048709869385,0,0,0.0003411474555153754,None
2018-07-16,24.13124656677246,24.148822531588003,23.76216136246365,23.779735651142936,55812000,23.893373362223308,0,0,0.0004061649891960485,None
2018-07-17,24.15760612487793,24.254272237664196,24.02578976498318,24.15760612487793,55502200,23.894513193766276,0,0,0.00016040103809296727,None
2018-07-18,24.544267654418945,24.58820588010895,24.219119085450927,24.25427100691163,59109200,23.912041791280114,0,0,0.0024666848841647035,None
2018-07-19,24.175182342529297,24.430027084206635,24.140030418912573,24.421240779438428,61765100,23.902684338887536,0,0,0.001316813073769383,None
2018-07-20,24.219118118286133,24.289420282264224,24.04336354640881,24.131239994279568,51562300,23.892166392008466,0,0,0.0014801218727605661,None
2018-07-23,24.55305290222168,24.58820314363457,24.210328410665863,24.219116390053006,81516200,23.89161326090495,0,0,7.783852250165674e-05,None
2018-07-24,24.62335205078125,24.772744329826903,24.561837878727538,24.649714309584,63133700,23.895153427124026,0,0,0.0004981844379237481,None
2018-07-25,24.67607879638672,24.7200170127976,24.473960319079847,24.605776644448003,44197200,23.902492523193363,0,0,0.0010327829892480267,None
2018-07-26,24.66729736328125,24.834265646991124,24.64093509689377,24.737599533874462,40056800,23.91245549519857,0,0,0.001402023888517203,None
2018-07-27,24.720020294189453,24.84305033351513,24.57941597164788,24.65850611259448,63149400,23.931759262084963,0,0,0.0027164928596546643,None
2018-07-30,24.737598419189453,24.922142656265997,24.70244817354471,24.737598419189453,56474100,23.951678276062015,0,0,0.002803072558764122,None
2018-07-31,24.561845779418945,24.816690527921228,24.50911789258177,24.8079025467817,84500100,23.967203521728518,0,0,0.0021847662814022967,None
2018-08-01,24.561845779418945,24.84305447133982,24.50032991144224,24.720024411522424,64046900,23.98477910359701,0,0,0.0024732966850989097,None
2018-08-02,24.57063102722168,24.614570931028723,24.32457427044601,24.40366442116275,38330700,24.00469811757406,0,0,0.0028030725587636206,None
2018-08-03,24.71123504638672,24.71123504638672,24.53547879763305,24.53547879763305,34894300,24.031647237141932,0,0,0.0037923733388905336,None
2018-08-06,24.84305191040039,24.904566095899906,24.69365959870049,24.746385803966383,38230100,24.06679840087891,0,0,0.004946593370196818,None
2018-08-07,24.95729255676269,25.097896889668952,24.89577837063319,24.91335433128044,44608600,24.114252281188964,0,0,0.006677874208895825,None
2018-08-08,25.018808364868164,25.06274826933492,24.904567965526542,24.922143927313243,47522000,24.166393089294434,0,0,0.007337434903183828,None
2018-08-09,24.86941337585449,25.018805682754078,24.86941337585449,24.95729149923115,29357800,24.223220507303875,0,0,0.007996950862687948,None
2018-08-10,24.57942008972168,24.66729822506733,24.456391705919373,24.544269841265027,83301400,24.26364428202311,0,0,0.005688573428769914,None
2018-08-13,24.34214782714844,24.640932438974897,24.333359847255217,24.579416579722334,74413500,24.29615898132324,0,0,0.0045755809735190806,None
2018-08-14,24.57063102722168,24.614570931028723,24.3597245173557,24.430026687311027,43659000,24.332481829325356,0,0,0.005111476833551384,None
2018-08-15,24.37730026245117,24.500328639746733,24.263059865839,24.368512281767785,55681100,24.369390551249186,0,0,0.005193923038707207,None
2018-08-16,24.70244789123535,24.772750057857287,24.491541391369548,24.491541391369548,49534200,24.415379842122395,0,0,0.006471772116442384,None
2018-08-17,24.755172729492188,24.79032297279324,24.63214436373485,24.63214436373485,43193100,24.459318733215333,0,0,0.006183232765790199,None
2018-08-20,24.834259033203125,24.8781972495714,24.720016988828785,24.755168902831816,30053700,24.488025347391766,0,0,0.004039694060443348,None
2018-08-21,24.93093490600586,25.05396330103428,24.799116852891217,24.851844744591546,47940000,24.52288386027018,0,0,0.004905410528923751,None
2018-08-22,24.84305191040039,24.939716340698556,24.8078999894659,24.825475949933143,27323300,24.558620770772297,0,0,0.005029021681439483,None
2018-08-23,24.72881126403809,24.860629298978832,24.693661017220244,24.83426535676349,31767800,24.589085070292153,0,0,0.004287041622866389,None
2018-08-24,24.816688537597656,24.86941474407012,24.77275031155992,24.82547651803238,22064500,24.625993665059408,0,0,0.005193905144794064,None
2018-08-27,25.150623321533203,25.238499767431136,24.904564915066,24.913352894882944,52254500,24.6599728902181,0,0,0.004781674119016435,None
2018-08-28,25.1242618560791,25.238502252677176,25.08032362880352,25.2209279674485,28896800,24.692194747924805,0,0,0.00453437129137628,None
2018-08-29,25.11547088623047,25.18577304718581,24.99244252359255,25.124258865866853,34015300,24.711234855651856,0,0,0.002679389830595777,None
2018-08-30,24.92214012145996,25.09789468407964,24.878200223703256,25.00123026128632,43264100,24.736133448282878,0,0,0.003503816094324194,None
2018-08-31,24.89577865600586,24.913354616854573,24.755174321487896,24.834264469171234,34107800,24.758688799540202,0,0,0.0031740670615287153,None
2018-09-04,25.018808364868164,25.045172307548217,24.78153958529157,24.843053775409057,43145600,24.774213981628417,0,0,0.0021847573344457166,None
2018-09-05,25.036386489868164,25.168202862385787,24.983660276088337,25.00123623939365,32727700,24.78798179626465,0,0,0.0019374545068060606,None
2018-09-06,24.92214012145996,25.07153242156133,24.84304998163361,25.00123026128632,38328900,24.796183840433756,0,0,0.001154220031306774,None
2018-09-07,24.89577865600586,24.99244476453791,24.79032456704945,24.9748688036892,43644300,24.803799883524576,0,0,0.0010717559322383219,None
2018-09-10,24.86941337585449,24.99244341903613,24.84305111213655,24.95729149923115,29927200,24.808779652913408,0,0,0.0007007703764297935,None
2018-09-11,24.89577865600586,24.96608082326484,24.71123609550199,24.799112547473804,32065200,24.814052327473956,0,0,0.0007419890055296724,None
2018-09-12,24.66729736328125,24.94850604565412,24.64972140159896,24.895779836743195,47963400,24.817567380269363,0,0,0.0004946503900627036,None
2018-09-13,24.63214492797852,24.851839401083847,24.57941704761545,24.72880935637251,44977100,24.819910685221355,0,0,0.0003297579797530703,None
2018-09-14,24.80790328979492,24.83426723400313,24.65851095822056,24.667298939623294,34151000,24.82781976064046,0,0,0.0011129924552503306,None
2018-09-17,24.70244789123535,24.878202469722257,24.67608395020118,24.80790030310032,26907900,24.827526855468747,0,0,4.1218629099379345e-05,None
2018-09-18,24.825485229492188,24.851849180047683,24.658516894913674,24.763971020999172,36405600,24.826941299438474,0,0,8.240147037243128e-05,None
2018-09-19,25.24728775024414,25.32637789247028,24.807898816159263,24.807898816159263,75551800,24.83660780588786,0,0,0.0013603042298480639,None
2018-09-20,25.46698570251465,25.54607585556449,25.370321263559497,25.431835454568045,78555500,24.851547050476075,0,0,0.002102302182333829,None
2018-09-21,25.368125915527344,25.597622039287533,25.332819726103036,25.553488881614133,64710000,24.868170801798502,0,0,0.0023393517976993267,None
2018-09-24,25.08566665649414,25.37694983948272,25.068012722113775,25.341641970722,47985100,24.885045687357586,0,0,0.002374692276306739,None
2018-09-25,24.98857307434082,25.20041524783242,24.979746106665512,25.182762996053743,32964400,24.90659319559733,0,0,0.003032239905356629,None
2018-09-26,24.68846321105957,25.059187440118613,24.626676120145056,25.023881252555444,60288100,24.910520935058592,0,0,0.00055272508541436,None
2018-09-27,24.60019874572754,24.80321396926765,24.573717840389754,24.714945968380448,57492200,24.91795088450114,0,0,0.0010455681902426933,None
2018-09-28,24.344223022460938,24.51193206482064,24.30891683034805,24.50310509589937,66454900,24.90601005554199,0,0,0.001680354761678618,None
2018-10-01,24.441314697265625,24.617849001140986,24.36187367127153,24.48544785234148,49855000,24.89554812113444,0,0,0.0014722396039875546,None
2018-10-02,24.441314697265625,24.48544785234148,24.247124774359197,24.406006826347383,47629500,24.88244997660319,0,0,0.001843216212839005,None
2018-10-03,24.670812606811523,24.77673286014733,24.5295844799824,24.60019854339696,79591400,24.873779233296712,0,0,0.001220176995431435,None
2018-10-04,24.838518142700195,25.02388109786987,24.64432990337325,24.661983838831684,94700800,24.873628107706704,0,0,2.1266915860782e-05,None
2018-10-05,24.714942932128903,24.988572186048778,24.653155844170083,24.90030419600537,58148700,24.8731658299764,0,0,6.50533215064697e-05,None
2018-10-08,24.88265419006348,24.962095219913472,24.62667716419749,24.644331100513494,56594900,24.875364685058592,0,0,0.0003094304943352666,None
2018-10-09,24.785554885864254,24.891476801649528,24.609018920746053,24.76790095263809,47963500,24.86319573720296,0,0,0.0017124564419929988,None
2018-10-10,24.01762962341309,24.83851913575854,24.01762962341309,24.77673204275568,101604400,24.826307996114096,0,0,0.005190970543025614,None
2018-10-11,23.30265998840332,24.026454471554416,23.232045933548868,23.876399394542226,178628200,24.765880966186522,0,0,0.0085035007050418,None
2018-10-12,23.329139709472656,23.76165098401043,22.9760694530716,23.72634311658443,137933000,24.712780952453613,0,0,0.007472417637549231,None
2018-10-15,23.223220825195312,23.5056770672229,23.223220825195312,23.337969725751524,82196400,24.65702902475993,0,0,0.007845604144683452,None
2018-10-16,23.611597061157227,23.62925099572749,23.223218918470774,23.38210096245941,75137300,24.610121981302896,0,0,0.0066009214350991885,None
2018-10-17,23.849916458129883,23.999971511749298,23.443884443336103,23.55863331681827,79472100,24.570572980244954,0,0,0.00556547225278152,None
2018-10-18,23.452716827392575,23.89405512428313,23.38210276723297,23.71752081567011,81706000,24.52159220377604,0,0,0.00689274431882729,None
2018-10-19,23.54098129272461,23.726342541502945,23.320312177376078,23.43505937658575,73614300,24.476432291666665,0,0,0.006355059067473287,None
2018-10-22,23.03785896301269,23.620425368302296,23.03785896301269,23.567465245159237,58645800,24.415380477905273,0,0,0.008591422447641668,None
2018-10-23,22.852495193481445,22.98489802198569,22.43763782374093,22.570038968673277,93698200,24.34727102915446,0,0,0.009584597259980017,None
2018-10-24,22.278757095336918,22.81719035798617,22.19048909896576,22.81719035798617,98050700,24.267653020222983,0,0,0.01120412166367105,None
2018-10-25,22.62299919128418,22.808362141877417,22.358196900233164,22.38467780276703,72439400,24.200681495666505,0,0,0.009424464630585327,None
2018-10-26,22.296409606933597,22.52590570940859,22.084567439319414,22.349369727944165,115308900,24.116965039571127,0,0,0.011780869327582114,None
2018-10-29,22.490602493286133,22.887807691982083,22.25227937406856,22.570043533025324,97946100,24.043236859639485,0,0,0.01037528455033464,None
2018-10-30,22.87897491455078,22.89662884858271,22.455290599215274,22.614172638359044,82719100,23.978353182474773,0,0,0.009130655522489345,None
2018-10-31,23.19674301147461,23.48802623917656,23.064340166869275,23.099648041049925,93781100,23.910001691182455,0,0,0.009618658323792044,None
2018-11-01,23.30265998840332,23.399754945167643,23.14377794408784,23.25852683545874,62346600,23.837857500712076,0,0,0.01015238007336837,None
2018-11-02,23.285009384155277,23.66456061462304,23.108475063556103,23.53215945328064,73034200,23.768420282999674,0,0,0.009771445501810291,None
2018-11-05,23.655733108520508,23.72634717187001,23.38210382348769,23.38210382348769,58705800,23.720755831400552,0,0,0.00670750652918671,None
2018-11-06,23.779306411743164,23.779306411743164,23.523329407537364,23.63807830030958,51010900,23.680446942647297,0,0,0.005672406278176986,None
2018-11-07,24.08824348449707,24.11472270310089,23.67338443493705,23.911707503802777,59990800,23.660439618428548,0,0,0.0028154998814942586,None
2018-11-08,24.158859252929688,24.291260406051737,23.86757604263237,23.947015387648,46730100,23.645728302001952,0,0,0.0020702273428891763,None
2018-11-09,23.93819236755371,24.16768682343511,23.814616487188157,24.09707275618572,47051200,23.632193946838377,0,0,0.0019046012821362923,None
2018-11-12,23.461538314819336,23.991144484088107,23.41740516886844,23.885222576805717,47135500,23.59953473409017,0,0,0.00459591740589195,None
2018-11-13,23.593942642211918,23.82343873619826,23.479195437004652,23.49684937121249,69820600,23.571288998921716,0,0,0.00397483757198154,None
2018-11-14,23.276180267333984,23.8146117926304,23.020203271782908,23.779305607751667,104274200,23.524801254272464,0,0,0.006541916256260133,None
2018-11-15,23.62042808532715,23.63808202292953,22.976074514989552,23.117302648664307,93998000,23.48419825236003,0,0,0.005713794899451813,None
2018-11-16,23.64690399169922,23.75282422777285,23.364446100502004,23.49684892095174,80518300,23.448596954345707,0,0,0.005009937822991764,None
2018-11-19,23.638080596923828,23.744000849004006,23.42623840919142,23.62925362865514,65491300,23.40711116790772,0,0,0.005838023391973299,None
2018-11-20,23.117298126220703,23.461541424261988,23.04668407319757,23.36444647001575,103778300,23.351502609252933,0,0,0.007825428757529451,None
2018-11-21,23.134952545166016,23.470370591142466,23.064338485524445,23.249701444316056,48618000,23.32208003997803,0,0,0.00414044573882176,None
2018-11-23,22.94959259033203,23.143780844625816,22.887805495037288,23.01137968562678,24252300,23.31031112670899,0,0,0.0016561621910064772,None
2018-11-26,23.41740608215332,23.505672377497525,23.179083044151973,23.187910010400728,50168800,23.313253339131677,0,0,0.00041403831101247124,None
2018-11-27,23.435060501098636,23.505674554055656,23.320313296382903,23.37327341520772,47174300,23.320314661661786,0,0,0.000993693735821255,None
2018-11-28,23.885231018066406,23.885231018066406,23.302664531057875,23.50567976789402,61375300,23.329435793558762,0,0,0.001283557236052696,None
2018-11-29,23.682209014892575,23.841091044785944,23.58511406694181,23.70868991439871,43664100,23.32384554545085,0,0,0.0007866790537935514,None
2018-11-30,23.80578994750977,23.90288492306768,23.576293803918816,23.611601679966128,45435200,23.335614649454758,0,0,0.001656189031876698,None
2018-12-03,23.95583915710449,24.24712232850995,23.788131837875618,24.15002906042265,65332700,23.349443244934086,0,0,0.0019460077973242618,None
2018-12-04,22.91428565979004,23.84109717807277,22.799538432887378,23.832270209299928,110918600,23.345324134826665,0,0,0.0005796554248087699,None
2018-12-06,22.59652328491211,22.605350253717408,22.005129843534363,22.402333338339854,134687100,23.336791737874353,0,0,0.0012007084178494581,None
2018-12-07,22.16400909423828,22.861322705393427,22.058087165626745,22.5435602867027,86740000,23.332966804504398,0,0,0.0005382578565773788,None
2018-12-10,21.855070114135746,22.13752632181895,21.44903805291228,22.07573923683472,101121800,23.30736916859945,0,0,0.0036021878822443953,None
2018-12-11,21.64322853088379,22.26110108064193,21.563787509925024,22.128699940234604,92308200,23.285596466064458,0,0,0.0030639300256670027,None
2018-12-12,21.766801834106445,22.08456590524054,21.66088159944293,21.943337803308005,86748900,23.261469777425134,0,0,0.0033951910941298485,None
2018-12-13,21.6079216003418,21.87272557622513,21.528480575933987,21.757976681604116,67232900,23.219101333618166,0,0,0.005962233990581628,None
2018-12-14,21.396076202392575,21.69618631964857,21.351943054855028,21.396076202392575,66817000,23.15907910664877,0,0,0.008446535432309082,None
2018-12-17,21.184236526489254,21.599093885713803,21.087141570333188,21.272504515397333,101180400,23.08846499125163,0,0,0.00993706261560709,None
2018-12-18,21.10479736328125,21.537308695087987,20.97239621004605,21.30781257714669,90844000,23.015791257222492,0,0,0.01022689927496831,None
2018-12-19,20.839990615844727,21.52847713938129,20.672281626246896,21.060659718736527,129331700,22.9219331741333,0,0,0.013208034164171517,None
2018-12-20,20.654630661010746,20.963567786152637,20.53988345179501,20.6369767261862,107016900,22.817777315775555,0,0,0.01465717272619374,None
2018-12-21,20.24163055419922,21.023228499994243,20.197220521212856,20.63242868006196,118502300,22.689556884765626,0,0,0.018043622643716256,None
2018-12-24,19.8153018951416,20.206101699045,19.78865757051216,19.97517461919615,71752700,22.54477163950602,0,0,0.020374680612639084,None
2018-12-26,20.71236038208008,20.72124238667761,19.5843712092309,19.868590274144445,108133500,22.4372439066569,0,0,0.015131674569972664,None
2018-12-27,20.961057662963867,20.961057662963867,20.17057595936542,20.365976730490043,98005000,22.35389455159505,0,0,0.0117292096001195,None
2018-12-28,20.952167510986328,21.227502852093927,20.86334916718965,21.05874816828714,76348400,22.2658353805542,0,0,0.012391991198785868,None
2018-12-31,21.156450271606445,21.245268622774,20.88999691217293,21.06763192043889,56435400,22.19517771402995,0,0,0.009943191280884167,None
2019-01-02,21.334089279174805,21.378497612522505,20.783416797688925,20.84558914200344,62945000,22.118966420491535,0,0,0.01072471688767096,None
2019-01-03,20.854469299316406,21.227505026213542,20.80117896520801,21.17421469210515,65729700,22.025885264078777,0,0,0.013098702354404634,None
2019-01-04,21.547252655029297,21.591660989049828,21.156452878185096,21.2097432178236,64638400,21.95619099934896,0,0,0.009807618047382283,None
2019-01-07,21.57390022277832,21.769299278212507,21.369617467018177,21.502844172726466,48167000,21.904744402567545,0,0,0.0072397430839659105,None
2019-01-08,21.59165954589844,21.804822584274344,21.3429701814945,21.769296258246317,90114700,21.85330130259196,0,0,0.007239251001352254,None
2019-01-09,21.6982421875,21.77817853966412,21.49396115155582,21.64495185074701,61037100,21.811589622497557,0,0,0.005869811928806479,None
2019-01-10,21.707120895385746,21.778175231619866,21.502838196402276,21.573894226705395,48630500,21.754580116271974,0,0,0.008022574946416783,None
2019-01-11,21.760417938232425,21.804826276805088,21.476200505600517,21.60054520885959,44961600,21.698758697509767,0,0,0.007855383168257568,None
2019-01-14,21.911407470703125,21.98246182500096,21.52060767503033,21.547253693168056,50610600,21.63296457926432,0,0,0.009258775941136443,None
2019-01-15,22.1068058013916,22.142333824417936,21.760416047231747,21.82258839345845,59156500,21.58045113881429,0,0,0.007389873015871018,None
2019-01-16,22.577539443969727,22.710766127438777,22.302204072257798,22.36437641160541,72982400,21.539509455362957,0,0,0.005761455337309984,None
2019-01-17,22.70188331604004,22.781819662095074,22.355493612514305,22.488720291249656,55771300,21.497710927327475,0,0,0.0058820334715348754,None
2019-01-18,23.09268569946289,23.11933171590415,22.675241606299096,22.861758639179943,58400200,21.503657595316568,0,0,0.0008368356925453901,None
2019-01-22,22.826231002807617,23.012748024996323,22.710766632250508,22.897285348508444,79651700,21.51131451924642,0,0,0.001077508825338247,None
2019-01-23,22.85287475585937,22.94169310929597,22.59530339436935,22.91504709504424,44072000,21.534276707967123,0,0,0.003231318636872371,None
2019-01-24,22.90616798400879,22.968340326449752,22.70188525218513,22.77293959984184,25496900,21.569313303629556,0,0,0.004930470954386756,None
2019-01-25,23.09268569946289,23.24367640449138,23.00386733872801,23.06603968302163,63140000,21.617628542582192,0,0,0.006799087577040175,None
2019-01-28,23.02162742614746,23.048273438047485,22.83510873098539,22.870636746852085,66894900,21.659456062316895,0,0,0.00588611328374905,None
2019-01-29,22.941694259643555,23.101566965031964,22.93281225444761,23.01274860714182,29442100,21.703915150960288,0,0,0.006256436764768003,None
2019-01-30,23.074922561645508,23.2170312665709,22.852877498440904,23.01275021499932,62076800,21.759876696268716,0,0,0.007875102260624156,None
2019-01-31,23.039396286010746,23.07492261528999,22.843995545732017,22.879523569080657,64021500,21.821715354919434,0,0,0.008702149982639906,None
2019-02-01,23.137096405029297,23.243678787652847,23.048279729257423,23.074924054361187,42920300,21.889458656311035,0,0,0.009533071736866516,None
2019-02-04,23.23479461669922,23.243676622262857,23.021631565379973,23.1459762551322,30362500,21.969285456339517,0,0,0.011233503469176342,None
2019-02-05,23.172616958618164,23.29696161985964,23.08379861741613,23.27919761280544,39094900,22.05321833292643,0,0,0.011811324767880493,None
2019-02-06,23.14597511291504,23.27032149060031,23.066038760856387,23.101566781357683,51542800,22.15002981821696,0,0,0.01362364713954789,None
2019-02-07,22.915048599243164,23.137093650375636,22.728531569445156,23.07492130710963,80395700,22.25335470835368,0,0,0.01454023600330917,None
2019-02-08,22.799583435058597,22.89728378901901,22.50648406724646,22.790701430692277,54911100,22.322928810119627,0,0,0.00979070829939005,None
2019-02-11,22.870643615722656,22.9150519548244,22.755180917616403,22.870643615722656,53115700,22.386581675211588,0,0,0.008957451389488558,None
2019-02-12,23.208147048950195,23.296965404581265,23.030512031757286,23.03939403672732,37671300,22.461780993143716,0,0,0.010582308179318906,None
2019-02-13,23.270326614379883,23.4746076950342,23.261444607298877,23.3147349557153,42969600,22.532243537902833,0,0,0.009915733071050287,None
2019-02-14,22.98610496520996,23.16374169933388,22.852878261651743,23.0926873444982,47630100,22.587310727437337,0,0,0.007749245422000367,None
2019-02-15,23.47460556030273,23.47460556030273,22.9861053796882,23.172624123288507,46880800,22.674648602803547,0,0,0.012290487976052561,None
2019-02-19,23.510128021240234,23.58118236566063,23.28808298316784,23.35913732758824,23868300,22.740077781677247,0,0,0.00920742041019837,None
2019-02-20,23.66112327575684,23.670005282280112,23.447960201406808,23.501250546476932,27509100,22.8096518834432,0,0,0.009790708299390521,None
2019-02-21,23.536775588989254,23.696648298003293,23.45683923448224,23.61671194349628,46619900,22.874489084879556,0,0,0.009124115297207774,None
2019-02-22,23.501251220703125,23.60783360797064,23.41243454106137,23.53677924781549,26343700,22.934589385986328,0,0,0.008457522295025971,None
2019-02-25,23.59894752502441,23.82099257391485,23.5723032033619,23.607829530268347,33835900,22.99765027364095,0,0,0.008874146276498407,None
2019-02-26,23.52789306640625,23.70552978231025,23.412430386917144,23.430192703252125,35659700,23.056566111246745,0,0,0.008290840493393126,None
2019-02-27,23.616714477539062,23.66112281522156,23.45684175137089,23.483487770422084,42542400,23.113409678141277,0,0,0.00799922338966677,None
2019-02-28,23.55454444885254,23.67000715464952,23.54566244162667,23.625598812589832,39835900,23.16166763305664,0,0,0.006791026369135145,None
2019-03-01,23.705530166625977,23.927575218071148,23.63447581792629,23.75882050463341,82657300,23.19926732381185,0,0,0.005291158563137763,None
2019-03-04,23.55454444885254,23.927580281990736,23.359143678022743,23.76770754006441,76611900,23.227689361572267,0,0,0.003999647482659935,None
2019-03-05,23.46571922302246,23.607827909027645,23.2880825184814,23.598945904393677,39868100,23.240123812357584,0,0,0.0017498189327935926,None
2019-03-06,23.31472969055176,23.545656740298867,23.296965680401385,23.46572038869144,43158900,23.256407101949055,0,0,0.0022914408450560586,None
2019-03-07,23.074922561645508,23.22591327238741,22.941695862536623,23.22591327238741,62622100,23.26380869547526,0,0,0.0010415778475947879,None
2019-03-08,23.066036224365234,23.08380023266244,22.808464880332107,22.817346884480703,55826400,23.269137636820474,0,0,0.0007499070621289766,None
2019-03-11,23.30584716796875,23.37690151292323,23.07492012334939,23.18150248781572,63343500,23.276243019104005,0,0,0.0009998939767519588,None
2019-03-12,23.359140396118164,23.43907675585045,23.30585005431978,23.34137807823165,32521100,23.28749345143636,0,0,0.0015831997598572678,None
2019-03-13,23.519012451171875,23.607830814373017,23.3769037476778,23.44795809942484,42817500,23.30673739115397,0,0,0.0027080737734851007,None
2019-03-14,23.60782623291016,23.69664457887473,23.47459956099782,23.48348156500118,37665700,23.324500846862794,0,0,0.002499734941879647,None
2019-03-15,23.77298164367676,23.84439872132209,23.59443980092215,23.612294496012844,70020400,23.348953692118325,0,0,0.0034410889815354867,None
2019-03-18,24.01401138305664,24.085428450185425,23.81761487413178,23.81761487413178,43980700,23.378184191385905,0,0,0.004113416982905016,None
2019-03-19,23.826547622680664,24.192560387543327,23.764057887614,24.147923646268872,45029300,23.397909291585286,0,0,0.0027757843411051614,None
2019-03-20,23.335554122924805,23.78191132774107,23.3087737803751,23.77298397931863,65860300,23.403340530395507,0,0,0.0007643027153133447,None
2019-03-21,23.264135360717773,23.362334483565984,23.014176433784133,23.174863585648264,104914100,23.407279205322265,0,0,0.0005542639619514483,None
2019-03-22,22.621381759643555,23.11237397093558,22.523182636298152,22.98739450683597,121855900,23.397490310668946,0,0,0.001377527121320471,None
2019-03-25,22.52318382263184,22.790999163302622,22.389277003655238,22.5946009062672,72835600,23.38827699025472,0,0,0.0012965303231359804,None
2019-03-26,22.790998458862305,22.844560844253884,22.56781986656027,22.701726681397982,51171500,23.385622151692708,0,0,0.0003735980671382144,None
2019-03-27,22.69279670715332,22.85348554744915,22.585670246050324,22.737431739361124,73148100,23.368443806966145,0,0,0.002417396100203237,None
2019-03-28,22.889196395874023,22.89812374409278,22.630310108400437,22.737434881590342,52089300,23.355739466349284,0,0,0.0017877987636004261,None
2019-03-29,22.951683044433597,23.10344453831029,22.862412979685107,23.085591546991,50234400,23.354592068990073,0,0,0.00016146572592952435,None
2019-04-01,23.51409721374512,23.53195191023145,23.13022975287686,23.139157101120027,62485300,23.35590845743815,0,0,0.00018524673659717217,None
2019-04-02,23.49624252319336,23.621221993194094,23.41589809170215,23.45160748468383,41002400,23.355445607503256,0,0,6.513384411616086e-05,None
2019-04-03,23.567663192749023,23.76406147859921,23.469465752541765,23.656934986070212,52030900,23.352330271402995,0,0,0.0004384008738600731,None
2019-04-04,23.710493087768555,23.808692212912945,23.56765892540445,23.56765892540445,54378900,23.35812085469564,0,0,0.0008148709140697041,None
2019-04-05,23.74620246887207,23.83547424598824,23.67478538772264,23.75512981685544,37088800,23.36628589630127,0,0,0.0011490129025605172,None
2019-04-08,23.77298164367676,23.781908991222107,23.630147488386097,23.683711573658176,34998000,23.372087033589683,0,0,0.0008163561088668225,None
2019-04-09,23.57658195495605,23.66585371576142,23.46945720416339,23.66585371576142,65954800,23.37370999654134,0,0,0.0002283889613673845,None
2019-04-10,23.64800262451172,23.683712015359085,23.46053343071547,23.57658554553446,48232700,23.374752934773763,0,0,0.00014676587622056148,None
2019-04-11,23.79083251953125,23.880104277936127,23.66585307939472,23.73727014557519,62205000,23.382629203796387,0,0,0.0011083758256405923,None
2019-04-12,24.22826766967773,24.39788387822804,24.01401642332251,24.138997594067884,84627600,23.400053787231446,0,0,0.0024520476631512828,None
2019-04-15,24.076505661010746,24.246121866064488,24.02294327620549,24.237194518144022,40030400,23.417452494303387,0,0,0.002448406251811336,None
2019-04-16,24.41573715209961,24.442517492135455,24.1122141450987,24.130068840267565,56093400,23.449119758605956,0,0,0.0044563269888723694,None
2019-04-17,24.47822380065918,24.513931483783857,24.28182728668038,24.505005840040614,58834000,23.487902895609537,0,0,0.005457697213464896,None
2019-04-18,24.406810760498047,24.505009885055685,24.371101368761625,24.43359280430036,52495700,23.532299168904622,0,0,0.006247597171637809,None
2019-04-22,24.335390090942383,24.406807161165656,24.255045674101545,24.335390090942383,39324100,23.574610964457193,0,0,0.005954262252242368,None
2019-04-23,24.48715591430664,24.513936256184465,24.228267924703893,24.326467052169427,54250300,23.613987922668457,0,0,0.005541261788196708,None
2019-04-24,24.460369110107425,24.567495564926293,24.353244358005785,24.406806734056605,39505200,23.6506955464681,0,0,0.005165623814951656,None
2019-04-25,24.50500869750977,24.60320611459111,24.281830118125225,24.344319847918108,44532300,23.683562088012696,0,0,0.004625093431395451,None
2019-04-26,24.728185653686523,24.746038644800134,24.469297701290014,24.50500708895187,41527900,23.720907402038574,0,0,0.005255361789743465,None
2019-04-29,24.978145599365234,25.112052403253585,24.754967025312183,24.81745675361225,61643200,23.761079533894858,0,0,0.005653161374510399,None
2019-04-30,25.01385307312012,25.049560756821297,24.79960186276124,25.01385307312012,38800300,23.794407590230307,0,0,0.004690039389423015,None
2019-05-01,24.808534622192383,25.12098330793878,24.790679925087552,25.040638873684667,67969500,23.82714049021403,0,0,0.004606286928602592,None
2019-05-02,24.83531188964844,24.95136570374068,24.656770048862764,24.790676855131377,50972900,23.877132415771484,0,0,0.007035036716742833,None
2019-05-03,25.05849266052246,25.10312940166308,24.89780379785137,24.942440538991992,34598900,23.936944325764973,0,0,0.008416938899845499,None
2019-05-06,24.888877868652344,24.97814965330581,24.576429176441728,24.621064217409625,42517000,24.0125275293986,0,0,0.010636329903326617,None
2019-05-07,24.47822380065918,24.897798867998212,24.308607623344574,24.656767324434263,60090800,24.07769552866618,0,0,0.009170666312446953,None
2019-05-08,24.42466163635254,24.629985498571784,24.31753518061536,24.380024903663195,44254200,24.13215096791585,0,0,0.007663157805504589,None
2019-05-09,24.371103286743164,24.424667378563235,24.014017854864274,24.130071684423445,56468300,24.188094520568846,0,0,0.00787257027190417,None
2019-05-10,24.531787872314453,24.576424607702084,24.022941007916952,24.237192229625517,63453600,24.242847569783528,0,0,0.007705038509393591,None
2019-05-13,23.81761741638184,24.094358368205064,23.73727299444648,24.04079598782062,54962500,24.27171204884847,0,0,0.004061909353704686,None
2019-05-14,24.00508689880371,24.210412481156204,23.84439805292671,23.871180094812008,52398400,24.288078371683756,0,0,0.002303125570387893,None
2019-05-15,23.915815353393555,24.031867455623537,23.674782099472868,23.764053864189854,49061700,24.30206413269043,0,0,0.001968124674062769,None
2019-05-16,24.156850814819336,24.290757632211413,23.978308959202423,23.99616195286182,44872600,24.321703720092774,0,0,0.0027637506844658682,None
2019-05-17,23.99616241455078,24.22826836376432,23.88011029130281,23.91581968474378,62711500,24.331226030985516,0,0,0.0013400125322575868,None
2019-05-20,24.0229434967041,24.13006997001541,23.906891378107925,23.906891378107925,44357300,24.340450731913247,0,0,0.00129813182836859,None
2019-05-21,24.272899627685547,24.272899627685547,24.12113814524596,24.12113814524596,36851400,24.357114664713542,0,0,0.0023450062742768896,None
2019-05-22,24.130069732666016,24.20148681326523,24.0586526520668,24.147922725777686,25867600,24.375564257303875,0,0,0.0025962904976079004,None
2019-05-23,23.79083251953125,23.906886316272743,23.58550866710205,23.897958970160538,51832900,24.380325253804525,0,0,0.0006699838987371046,None
2019-05-24,23.97831344604492,23.987240795903897,23.80869720416019,23.88011430031409,30582000,24.386574618021648,0,0,0.0008794321529629889,None
2019-05-28,23.701562881469727,23.978305527553974,23.701562881469727,23.90688845498453,35177700,24.369017791748046,0,0,0.0024706573328989734,None
2019-05-29,23.65692901611328,23.701564050151063,23.40696839843646,23.5140948639315,39700600,24.3550319035848,0,0,0.0019681425679759154,None
2019-05-30,23.57658195495605,23.84439553465493,23.46052985781113,23.71048874480549,40641200,24.327060063680012,0,0,0.003936294082908916,None
2019-05-31,23.21949958801269,23.38911578499274,23.20164489302165,23.273061970268397,49259200,24.28510258992513,0,0,0.0059044008630580215,None
2019-06-03,23.371261596679688,23.469460718541903,23.13915566491648,23.18379070064432,63329300,24.25058428446452,0,0,0.0048575353641072926,None
2019-06-04,24.00508689880371,24.03186894068901,23.594439139533502,23.65692886788181,45454400,24.239574178059897,0,0,0.001549380263873787,None
2019-06-05,24.156850814819336,24.174705511196297,23.844400439092784,24.049726041992702,46599700,24.228564008076987,0,0,0.0015493892108303653,None
2019-06-06,24.246124267578125,24.34432340171205,24.03187300441857,24.165779831053584,37297600,24.221422513326008,0,0,0.0010049758481061564,None
2019-06-07,24.210418701171875,24.326470840388893,24.17470930281721,24.24612639680872,33054800,24.211602846781414,0,0,0.0013818574483192812,None
2019-06-10,24.41573715209961,24.594278995635914,24.35324742172603,24.35324742172603,37081400,24.201187896728516,0,0,0.001465627803053364,None
2019-06-11,24.42466163635254,24.647840191647525,24.35324456676684,24.54964108244821,34273400,24.18273843129476,0,0,0.002596272603694747,None
2019-06-12,24.18363380432129,24.442520101032525,24.130071415815102,24.397885061063647,36866000,24.155064455668132,0,0,0.0038943775911936054,None
2019-06-13,24.26397132873535,24.344315739973588,24.165772225507038,24.228261944755182,31020000,24.13691234588623,0,0,0.0025544276876325513,None
2019-06-14,24.31753921508789,24.39788364454124,24.1032879707848,24.29075717103093,29724100,24.119653256734214,0,0,0.0024287587350968207,None
2019-06-17,24.094358444213867,24.38002674412191,24.06757640257847,24.3086096691449,40981600,24.087515449523927,0,0,0.00452254341473874,None
2019-06-18,24.41573715209961,24.51393457009347,24.04079706714069,24.04079706714069,46237400,24.0717440923055,0,0,0.0022193999504376955,None
2019-06-19,24.371103286743164,24.62999128905389,24.34432294355078,24.4603750703923,58118500,24.0681734085083,0,0,0.0005024789770962516,None
2019-06-20,24.47822380065918,24.5764229090072,24.210410217713797,24.505005840040614,50583800,24.06995881398519,0,0,0.0002512484355047019,None
2019-06-21,24.423490524291992,24.65677903592299,24.38760090556028,24.49527147314824,65322300,24.071705055236816,0,0,0.0002457371102333536,None
2019-06-24,24.32479858398437,24.549114316521617,24.297880079978345,24.37863388060321,48377800,24.06480541229248,0,0,0.0009709416251638519,None
2019-06-25,24.244043350219727,24.360686771230924,24.127398217815408,24.32479714607099,47748500,24.079019610087077,0,0,0.0020002710891605215,None
2019-06-26,24.19917678833008,24.414519652190343,24.19020395507845,24.29787624270506,31448000,24.08548927307129,0,0,0.0009104333576145098,None
2019-06-27,24.414522171020508,24.48630484443932,24.288905915323845,24.288905915323845,59459800,24.102112833658854,0,0,0.002339324956829601,None
2019-06-28,24.76445579528809,24.854182425439934,24.441440611298685,24.70164766759973,76728100,24.12236633300781,0,0,0.002850142497485733,None
2019-07-01,25.060550689697266,25.168221269086786,24.925961609763867,25.05157785618264,48971100,24.15784594217936,0,0,0.004992813348041204,None
2019-07-02,24.99774169921875,25.10541227487276,24.863150912561828,25.02465848743578,56626800,24.190339215596516,0,0,0.00457256584914195,None
2019-07-03,25.19513893127441,25.204111764490477,25.00671456791599,25.07849552225152,23706800,24.221080525716147,0,0,0.0043260235128137516,None
2019-07-05,25.266923904418945,25.365623374101222,25.15028047684343,25.275896739062173,40683100,24.258975664774578,0,0,0.005332735070501658,None
2019-07-08,25.14130210876465,25.23999984533098,25.069521158810566,25.13232927609628,26286700,24.303991317749023,0,0,0.006334758422926218,None
2019-07-09,25.186168670654297,25.23103284131717,24.952880117386727,24.97082578565188,25895800,24.344253158569337,0,0,0.00566578553028621,None
2019-07-10,25.09644317626953,25.32973174009279,25.06055354950844,25.19514264480061,36566700,24.390749168395995,0,0,0.006543079360619021,None
2019-07-11,25.240005493164062,25.275896831868756,25.08747072645557,25.13233489983644,40907500,24.44351838429769,0,0,0.007425866622311025,None
2019-07-12,25.41048240661621,25.41048240661621,25.21308520528489,25.275893327917903,31109900,24.504648399353027,0,0,0.00860242720427122,None
2019-07-15,25.266923904418945,25.437404339853817,25.195142938666347,25.41945867056736,28346100,24.57289587656657,0,0,0.009604021102779123,None
2019-07-16,25.20411872863769,25.35665351267169,25.15028342585905,25.311789334194977,47287700,24.633991114298503,0,0,0.00859753321900611,None
2019-07-17,24.988771438598636,25.19514148934197,24.952880102090337,25.11438769359143,35062600,24.666780598958333,0,0,0.004614249719984781,None
2019-07-18,25.177196502685547,25.22206067453548,24.925963985898584,24.952880777615377,46369800,24.700792121887208,0,0,0.004786219172974074,None
2019-07-19,25.06951904296875,25.28486187465628,25.05157337914661,25.239997715100937,29338500,24.72823861440023,0,0,0.003862365380445501,None
2019-07-22,25.12335968017578,25.168222137904586,24.97082492794756,25.015687385676365,26683300,24.758669980367024,0,0,0.0042824070993424945,None
2019-07-23,25.38356590270996,25.41945552544907,25.177194154236307,25.186166987769337,45307600,24.790930938720702,0,0,0.0045398736696910524,None
2019-07-24,25.64377212524414,25.64377212524414,25.3117841184989,25.329729786191734,36374200,24.83156795501709,0,0,0.005718581521237998,None
2019-07-25,25.46432113647461,25.67069291051549,25.410485839999836,25.634801571936823,34180400,24.874257532755532,0,0,0.006007425068415256,None
2019-07-26,25.74247169494629,25.76041565132189,25.46431897871105,25.51815598201708,33642800,24.9235408782959,0,0,0.006935322885331732,None
2019-07-29,25.54507064819336,25.769386342470625,25.51815386017156,25.697605388757616,35955100,24.964458592732747,0,0,0.005758082334668263,None
2019-07-30,25.473291397094727,25.500209898308665,25.29383985651428,25.347675147549108,30726100,25.01042302449544,0,0,0.006468273856408163,None
2019-07-31,25.347679138183597,25.598913388221167,25.30281667382378,25.473295407505724,64485400,25.04148775736491,0,0,0.004371536681085614,None
2019-08-01,24.77342796325684,25.500210396295856,24.73753662760401,25.329729974731077,107976300,25.054898579915363,0,0,0.001887217345444031,None
2019-08-02,24.76445579528809,24.8900720506648,24.432467777144183,24.728564458670096,66036400,25.064439646402995,0,0,0.0013426518844575075,None
2019-08-05,23.938974380493164,24.333770534605847,23.759521116425628,24.217125399544,85527900,25.048289108276368,0,0,0.002272759599655755,None
2019-08-06,24.32479858398437,24.342742541928505,23.858221449572536,24.091510016778454,53445000,25.048289108276368,0,0,0.0,None
2019-08-07,24.00177764892578,24.109449927840345,23.54417345847632,23.86718858382719,82354600,25.040213584899902,0,0,0.0011364155876544546,None
2019-08-08,24.459386825561523,24.468359659916302,24.1184259656526,24.235071100871554,66653200,25.048887252807617,0,0,0.0012205885554354423,None
2019-08-09,24.378631591796875,24.504247842578323,24.13637021266717,24.324796300232407,53782700,25.04769090016683,0,0,0.00016835488251856767,None
2019-08-12,23.912052154541016,24.18123200873307,23.84027120236838,24.09150539066905,56837600,25.01927744547526,0,0,0.003998439643517676,None
2019-08-13,24.208148956298828,24.378629360608794,23.7774632404143,23.867189859071804,72255900,24.990864054361978,0,0,0.003998430696561084,None
2019-08-14,23.310888290405277,23.79541104792534,23.292942622780146,23.66979308594252,92067300,24.93463560740153,0,0,0.007912661584470973,None
2019-08-15,23.42753791809082,23.580072699414256,23.2570574656956,23.42753791809082,59504500,24.875715573628742,0,0,0.00829143099252913,None
2019-08-16,23.840274810791016,23.903082939524488,23.5441781243381,23.5441781243381,48451800,24.828160603841145,0,0,0.006692099869905252,None
2019-08-19,24.08253288269043,24.253013288173214,24.0376704287495,24.20814912283937,38297700,24.79286829630534,0,0,0.004966455613869644,None
2019-08-20,23.75951766967773,23.992806194565546,23.732600881947583,23.947943740753352,40579300,24.745313262939455,0,0,0.00669210881686183,None
2019-08-21,23.8671932220459,23.947947019076864,23.804385093553623,23.91205568199948,44913500,24.70433826446533,0,0,0.005766143542573793,None
2019-08-22,24.028697967529297,24.091506088575727,23.840271892997052,23.992806634706795,43896700,24.663961346944173,0,0,0.005681979521748856,None
2019-08-23,23.41856384277344,24.037675770827214,23.257056234464336,23.85822249239637,86245300,24.597564061482746,0,0,0.009343655718489427,None
2019-08-26,23.642879486083984,23.66082515613056,23.427536579704945,23.57109851729097,34175500,24.54342924753825,0,0,0.007618038303323554,None
2019-08-27,23.499311447143555,23.804380913154034,23.3557495468319,23.732599962998208,54240800,24.486602338155112,0,0,0.007996879287034846,None
2019-08-28,23.71465492248535,23.750544542812523,23.355750162249173,23.373694116716315,51870400,24.444131787618,0,0,0.005976602802896261,None
2019-08-29,24.073562622070312,24.15431641690749,23.885138241712298,23.93000070044713,49818300,24.407343991597493,0,0,0.005176905927236061,None
2019-08-30,24.154315948486328,24.27993219962228,24.06458932136362,24.208151240202728,40561000,24.37683722178141,0,0,0.004293018189881689,None
2019-09-03,23.9030818939209,23.983835687729528,23.696711848140207,23.956918897388704,59997200,24.336161295572918,0,0,0.005724057058682543,None
2019-09-04,24.136369705200195,24.1812338733882,24.02869912433503,24.08253441476761,43945700,24.294588088989258,0,0,0.005850325457311362,None
2019-09-05,24.629863739013672,24.836233765529823,24.468356166473058,24.47732899954675,68639200,24.260791142781574,0,0,0.004756023194417404,None
2019-09-06,24.62089729309082,24.72856789512118,24.531170650469942,24.65678692330315,35660800,24.232677014668784,0,0,0.003956317371800116,None
2019-09-09,24.99774169921875,25.096439441669432,24.737534670501173,24.791369958328172,67797700,24.207852681477863,0,0,0.003493366049004864,None
2019-09-10,25.08746910095215,25.19514139869654,24.85418226006001,25.078497978250468,77540100,24.192599296569824,0,0,0.002146509094940595,None
2019-09-11,25.231033325195312,25.257950116716124,24.881099632886407,25.105415356323302,53285900,24.18452402750651,0,0,0.0011363797998281376,None
2019-09-12,25.365623474121094,25.46432123279933,25.078499609978543,25.159253410692788,72872200,24.18512217203776,0,0,8.417296778150118e-05,None
2019-09-13,25.563018798828125,25.66171826154803,25.446375379480774,25.563018798828125,56248700,24.211441866556804,0,0,0.0037037984684571146,None
2019-09-16,25.473291397094727,25.509182732046643,25.31178381259719,25.347675147549108,36693600,24.235069719950356,0,0,0.0033249932725721368,None
2019-09-17,25.500207901000977,25.500207901000977,25.293837875370556,25.38356449432945,40868800,24.28711083730062,0,0,0.007323406075220577,None
2019-09-18,25.58993530273437,25.652743424508976,25.329728270933355,25.401509226017605,57268900,24.32928206125895,0,0,0.005934480531178711,None
2019-09-19,25.473291397094727,25.72452560757901,25.46431856335675,25.57199085681945,42335000,24.37833251953125,0,0,0.0069025501832711555,None
2019-09-20,25.323585510253903,25.612173104881887,25.30554835556022,25.51297219430211,82921100,24.40713914235433,0,0,0.004053767623189972,None
2019-09-23,25.36867904663086,25.440825952027303,25.152238330441527,25.197331221388,35827300,24.44014072418213,0,0,0.004644096767233992,None
2019-09-24,25.12518310546875,25.49493619282568,25.05303620354832,25.44082472629699,61659700,24.480578422546387,0,0,0.005690532812267571,None
2019-09-25,25.33261108398437,25.377702263054164,25.080096008886173,25.179298666981577,53544400,24.51806049346924,0,0,0.005274606693410545,None
2019-09-26,25.215368270874023,25.323589495951403,25.179295675926905,25.296533759652554,53107500,24.581543159484863,0,0,0.008933500386644963,None
2019-09-27,25.31456756591797,25.512972832274297,25.17929234256816,25.422788776668494,73386900,24.64444414774577,0,0,0.008851644680626145,None
2019-09-30,25.25144386291504,25.40475626945889,25.23340670447033,25.37770053179182,30608000,24.691483116149904,0,0,0.006619486370063515,None
2019-10-01,24.719358444213867,25.38671779090256,24.719358444213867,25.368680633395783,54786200,24.71271063486735,0,0,0.002987209872741356,None
2019-10-02,24.21432876586914,24.575063295914017,24.16021901639189,24.56604471764816,78141700,24.727871004740397,0,0,0.0021334196974213265,None
2019-10-03,24.31352806091309,24.31352806091309,23.853592640931648,24.178252836205733,81128700,24.742748832702638,0,0,0.002093659422249358,None
2019-10-04,24.76445198059082,24.78248913981849,24.322551900222,24.34058905944967,40697200,24.767273966471354,0,0,0.0034512616712004535,None
2019-10-07,24.6381893157959,24.8636485909699,24.611135303650386,24.665245048059173,36922900,24.807928148905436,0,0,0.005720997199522529,None
2019-10-08,24.151201248168945,24.403714567610816,24.13316409103225,24.394695989042468,60008900,24.8248722076416,0,0,0.0023844265650974916,None
2019-10-09,24.376659393310547,24.49389746889037,24.286475332031813,24.30451248831114,45131000,24.854117139180502,0,0,0.004115447942055275,None
2019-10-10,24.629173278808597,24.809541405599397,24.439788293784403,24.439788293784403,54305400,24.884601084391274,0,0,0.004289806232458393,None
2019-10-11,24.935800552368164,25.242425366461276,24.926781973116235,25.016966045517403,78702500,24.91334234873454,0,0,0.0040445701517957955,None
2019-10-14,24.971872329711918,25.02598207960236,24.827578516592112,24.85463253147837,35821000,24.940594228108726,0,0,0.003834978746264192,None
2019-10-15,25.33261108398437,25.48592350098717,25.016967670141177,25.11617032823658,65130200,24.98824520111084,0,0,0.006705609774385099,None
2019-10-16,25.269474029541016,25.39573066348381,25.206345712569615,25.332602346512413,44595200,25.026015345255534,0,0,0.005315145353807643,None
2019-10-17,25.28751945495605,25.47690446782118,25.22438939721616,25.404757550522344,32013600,25.047937202453614,0,0,0.003084919585872925,None
2019-10-18,25.350645065307617,25.449845990847425,25.21536810482223,25.21536810482223,40523700,25.072262128194172,0,0,0.0034230877048374575,None
2019-10-21,25.702362060546875,25.73843637681485,25.558068235711147,25.56708681477814,44145400,25.09574947357178,0,0,0.0033052204984660716,None
2019-10-22,25.63021278381348,25.801562330043662,25.54904729981591,25.65726851851864,50423000,25.113840929667155,0,0,0.002545892291027002,None
2019-10-23,25.738431930541992,25.738431930541992,25.56708239810564,25.57610097561469,30615400,25.130754216512045,0,0,0.00238009623809865,None
2019-10-24,25.702362060546875,25.81058328923271,25.603159410928036,25.76549039389775,33469600,25.14197883605957,0,0,0.0015795672954738993,None
2019-10-25,25.828617095947266,25.90978258230582,25.45886397814407,25.67530470172755,28330200,25.15083211263021,0,0,0.001245863707856787,None
2019-10-28,25.96389389038086,26.081131969875404,25.91880099817684,25.927819576617644,50104600,25.16718552907308,0,0,0.0023013093381964445,None
2019-10-29,26.02702522277832,26.153281895283257,25.882731391310347,25.909785409636743,48458100,25.184746106465656,0,0,0.002471185203338472,None
2019-10-30,26.00898551940918,26.08113242808518,25.828617387660184,26.027022676607675,51106700,25.198714447021484,0,0,0.0019656732079519346,None
2019-10-31,25.88272476196289,25.927815927703115,25.675300927251804,25.918797350531527,56795500,25.212362225850423,0,0,0.00192056265272747,None
2019-11-01,26.26150131225586,26.288555328710743,26.027023422311306,26.08113317533911,42302300,25.243626085917153,0,0,0.004399558549185806,None
2019-11-04,26.48695945739746,26.532050629582734,26.41481254983025,26.48695945739746,37319100,25.280902099609374,0,0,0.00524560960703957,None
2019-11-05,26.586158752441406,26.71241712304209,26.52303042719999,26.568121596624472,39516100,25.329601287841797,0,0,0.0068531182480044694,None
2019-11-06,26.7214298248291,26.7214298248291,26.53204487856003,26.568117464465647,40179900,25.375895245869955,0,0,0.006514645932514829,None
2019-11-07,26.91983985900879,27.08217082477028,26.82063721990613,26.883765546564952,61738600,25.432710965474445,0,0,0.00799530462267145,None
2019-11-08,26.91082572937012,26.91984430897189,26.7304575775711,26.89278857016658,53808800,25.485919570922853,0,0,0.007487699039438633,None
2019-11-11,26.83867073059082,26.89278047178888,26.7124140944228,26.748486681848952,19702400,25.53882713317871,0,0,0.007445335199892517,None
2019-11-12,26.874744415283203,26.95590989045301,26.77554350572278,26.84769040363842,44640600,25.610673332214354,0,0,0.010110445687739916,None
2019-11-13,26.70340156555176,26.79358391460124,26.559107742930934,26.667327249837527,43495400,25.69364242553711,0,0,0.01167569785263911,None
2019-11-14,26.75750732421875,26.75750732421875,26.577139212811915,26.63125067830464,46158400,25.77510840098063,0,0,0.011464173904479596,None
2019-11-15,26.82965660095215,26.874747772738505,26.748491115642352,26.847693757713863,30097000,25.843948554992675,0,0,0.00968742463229158,None
2019-11-18,26.883766174316406,26.892784752637954,26.748490939729045,26.82965642450505,25440500,25.91880111694336,0,0,0.010533511477971602,None
2019-11-19,26.93787384033203,27.02805617057695,26.86572694406548,26.94689069726237,30770900,26.011690203348795,0,0,0.013071673598487932,None
2019-11-20,26.811620712280277,26.883767622621487,26.62223571767884,26.829657869895083,46719500,26.092855580647786,0,0,0.011421872693630486,None
2019-11-21,26.784568786621094,26.910825459543563,26.694384711625837,26.865734282105013,37192700,26.16470209757487,0,0,0.010110490422523322,None
2019-11-22,26.982967376708984,27.010023110230723,26.820636415814235,26.820636415814235,35195000,26.232940991719563,0,0,0.009602813263636378,None
2019-11-25,27.154319763183597,27.19039235821109,27.01002594283756,27.01904280150592,50094100,26.30568923950195,0,0,0.010237385108113894,None
2019-11-26,27.12726402282715,27.1543197591823,26.99198878128743,27.1543197591823,33516200,26.365511004130045,0,0,0.008418325678120286,None
2019-11-27,27.235485076904297,27.24450193551464,27.109226694825374,27.199410761990887,31012300,26.43104470570882,0,0,0.009222129206863938,None
2019-11-29,27.19038772583008,27.27155320096145,27.136277982448405,27.181369148580178,19444200,26.49447364807129,0,0,0.008925940208310168,None
2019-12-02,27.019046783447266,27.289599026557323,26.99199276321905,27.235489265982626,52427800,26.550087038675944,0,0,0.00782610872623174,None
2019-12-03,26.640270233154297,26.712417136340097,26.468920693043824,26.70339855842714,66912000,26.581350644429524,0,0,0.00439952276135952,None
2019-12-04,26.89278793334961,26.964934848337155,26.649291450222343,26.66732860899877,41793900,26.623436482747397,0,0,0.005922464768453095,None
2019-12-05,27.019046783447266,27.064139684024745,26.901808682182367,27.001011343334547,44933500,26.666123644510904,0,0,0.00600708508406389,None
2019-12-06,27.37978172302246,27.469964079380432,27.30763480586517,27.31665338552461,40811300,26.72203763326009,0,0,0.007868409937080767,None
2019-12-09,27.31664657592773,27.433884642038457,27.307627998516484,27.325663433221223,21627500,26.771638615926108,0,0,0.00698002188055219,None
2019-12-10,27.325668334960938,27.379779809135076,27.17235593170369,27.24450284381781,37362100,26.81703109741211,0,0,0.006387787034750014,None
2019-12-11,27.26253890991211,27.36174155513986,27.23548489402672,27.316650381918883,24490200,26.858214886983237,0,0,0.005795525348079034,None
2019-12-12,27.794618606567383,27.87578408159928,27.280571744777195,27.298608899254887,68427500,26.91773598988851,0,0,0.00837601552031414,None
2019-12-13,27.69541931152344,27.929897187610884,27.5330900620333,27.767567938120745,48135700,26.978159141540527,0,0,0.008502954940688146,None
2019-12-16,27.794618606567383,27.97498671110887,27.76756459496857,27.920875247675788,45914900,27.029263051350913,0,0,0.007191518987841483,None
2019-12-17,27.9028434753418,27.99302753944848,27.80364083281265,27.812659411235117,30911900,27.07645918528239,0,0,0.00664160324680152,None
2019-12-18,27.78560256958008,27.99302642480148,27.78560256958008,27.99302642480148,39079700,27.11644064585368,0,0,0.005626329451638823,None
2019-12-19,27.776582717895508,27.857748196626197,27.749528705063817,27.79461987319517,36946900,27.15161240895589,0,0,0.004949492184138482,None
2019-12-20,27.809215545654297,27.990500135898287,27.772957590280814,27.9179859540258,97416000,27.18125826517741,0,0,0.004171867450433853,None
2019-12-23,27.74576759338379,27.890795966227792,27.709509635735497,27.88173147681572,38293100,27.20908966064453,0,0,0.003916530255758388,None
2019-12-24,27.809215545654297,27.81828003449767,27.73670136378181,27.80015105681093,12315900,27.24144115447998,0,0,0.004552614135902855,None
2019-12-26,27.963306427001957,27.963306427001957,27.836405321014983,27.836405321014983,15891300,27.277726554870604,0,0,0.005106207076108593,None
2019-12-27,27.890792846679688,28.01769222650602,27.872663869883247,28.0086277381078,19417400,27.317306264241537,0,0,0.005569793632824227,None
2019-12-30,27.809215545654297,28.06301431777078,27.782022079124182,28.0176936024284,18819300,27.352363204956056,0,0,0.004933333980502108,None
2019-12-31,27.89985656738281,27.90892105553161,27.754828214750653,27.79108443847152,15788100,27.38803653717041,0,0,0.005020074724829959,None
2020-01-02,28.17179107666016,28.17179107666016,27.917990534032675,27.999569218131693,28843300,27.43097070058187,0,0,0.006041844010491848,Pandemic
2020-01-03,27.872669219970703,27.990504134016923,27.7276408355101,27.80921951787853,51363600,27.462130546569824,0,0,0.004384921328172919,Pandemic
2020-01-06,27.854537963867188,27.87266694266223,27.60980193675782,27.61886642615534,27956100,27.496894454956056,0,0,0.004892097457489586,Pandemic
2020-01-07,27.673254013061523,27.836409639428528,27.673254013061523,27.79108892025013,39627500,27.5265172958374,0,0,0.004168628652140793,Pandemic
2020-01-08,27.854537963867188,28.008630825875915,27.700445101858463,27.700445101858463,47966600,27.555569648742676,0,0,0.004088347610485432,Pandemic
2020-01-09,28.026758193969727,28.08114339835476,27.945179522954938,28.05395166059948,27705300,27.58465092976888,0,0,0.004092418475742543,Pandemic
2020-01-10,27.818283081054688,28.053954630168786,27.78202512171037,28.044890140332708,33458200,27.607684898376466,0,0,0.0032414197508842113,Pandemic
2020-01-13,28.008628845214844,28.03582231148439,27.80921527919483,27.88172946037251,27542700,27.63345635732015,0,0,0.00362664886161429,Pandemic
2020-01-14,27.954248428344727,28.17179100912905,27.917990467109963,28.00863364132212,37575400,27.658918380737305,0,0,0.0035831040237966905,Pandemic
2020-01-15,27.80015182495117,27.9089239652026,27.7095086628874,27.81828080313883,41457300,27.684955215454103,0,0,0.0036639934585023237,Pandemic
2020-01-16,28.04488945007324,28.04488945007324,27.87266760517588,27.93611730359212,34444000,27.731775856018068,0,0,0.006588762521066771,Pandemic
2020-01-17,28.126468658447266,28.18991835806076,28.017696509913662,28.126468658447266,38819400,27.772898546854655,0,0,0.005786927322776969,Pandemic
2020-01-21,27.890792846679688,28.117399870012072,27.890792846679688,27.99049876131136,41276500,27.801956748962404,0,0,0.004089170730493419,Pandemic
2020-01-22,27.97237777709961,28.044891971648727,27.936119815387663,27.981442267527594,27391000,27.821709950764973,0,0,0.002779738895926309,Pandemic
2020-01-23,27.89985656738281,27.96330625555009,27.63699159769056,27.827342391066733,43072300,27.841150283813477,0,0,0.0027357109224519505,Pandemic
2020-01-24,27.546348571777344,27.90892118389975,27.374128482780986,27.90892118389975,58924900,27.848506291707356,0,0,0.001035162879705842,Pandemic
2020-01-27,27.120330810546875,27.24723020061568,26.96623795308853,27.00249590960792,50289300,27.843766021728516,0,0,0.0006670671908823866,Pandemic
2020-01-28,27.437580108642575,27.55541500569079,27.220037563332784,27.265358278611068,34257900,27.831864738464354,0,0,0.001674789754667727,Pandemic
2020-01-29,27.392253875732425,27.62792536610643,27.34693316672267,27.528219460510133,41167500,27.82175922393799,0,0,0.0014220829652352718,Pandemic
2020-01-30,27.736703872680664,27.754832852007244,27.129396896237218,27.1475258755638,51210000,27.819828732808432,0,0,0.00027166539048728566,Pandemic
2020-01-31,27.156591415405277,27.53729137584903,27.056885476654987,27.50103514236024,58958800,27.79495366414388,0,0,0.003500505720378966,Pandemic
2020-02-03,27.34693717956543,27.618864931274608,27.328808201751624,27.34693717956543,40168200,27.780331484476726,0,0,0.002057683709722591,Pandemic
2020-02-04,27.60980224609375,27.872667254943263,27.600739485469266,27.718574391208104,79273300,27.774772135416665,0,0,0.0007823308328815948,Pandemic
2020-02-05,28.16272354125977,28.189917009310754,27.91798751542457,27.98143894087688,51086900,27.78655573527018,0,0,0.001658228937983508,Pandemic
2020-02-06,28.126468658447266,28.344011226639815,28.07208171974314,28.316817757287755,37044400,27.7992457707723,0,0,0.001785785698363851,Pandemic
2020-02-07,28.026758193969727,28.108336864984512,27.908923296323074,27.97237298958469,27982500,27.806497192382814,0,0,0.0010204451360836808,Pandemic
2020-02-10,28.108339309692383,28.108339309692383,27.92705297414236,27.93611746380732,17723700,27.811331621805827,0,0,0.0006803176336208638,Pandemic
2020-02-11,28.208044052124023,28.334943436570533,28.180850585939293,28.180850585939293,27997400,27.821906661987306,0,0,0.0014881562397959236,Pandemic
2020-02-12,28.226171493530277,28.443714037870887,28.189915267244068,28.353072607718143,26964200,27.83580519358317,0,0,0.0019558494495943712,Pandemic
2020-02-13,28.21710968017578,28.28056110772316,28.053954053106388,28.1355327310784,22758700,27.846380297342936,0,0,0.0014881651867524326,Pandemic
2020-02-14,28.25336456298828,28.27149354031393,28.117400690794767,28.189914871222932,22080200,27.849099413553873,0,0,0.0003826434402701695,Pandemic
2020-02-18,28.008628845214844,28.24430036626092,27.845471505346445,28.17178618508324,37768900,27.85363140106201,0,0,0.0006377569610301892,Pandemic
2020-02-19,28.21710968017578,28.289623868498165,28.07208130353101,28.10833926212952,25643300,27.865717124938964,0,0,0.0017007448757914156,Pandemic
2020-02-20,28.16272354125977,28.35307435986755,27.97237445152655,28.117402823382687,50344300,27.882032775878905,0,0,0.002295994845970206,Pandemic
2020-02-21,27.890792846679688,28.09020640481741,27.736700001658694,28.02675671490424,51128200,27.883241271972658,0,0,0.00017006375123163053,Pandemic
2020-02-24,26.9843692779541,27.247232570080588,26.85746814797524,27.01156101883376,70455400,27.848494974772134,0,0,0.004889619150509006,Pandemic
2020-02-25,26.068878173828125,27.047820670864795,25.94197876478395,26.99343545682797,111826900,27.790181477864582,0,0,0.008206077026475578,Pandemic
2020-02-26,25.878528594970703,26.48583565613861,25.878528594970703,26.24110131658577,95015700,27.71917813618978,0,0,0.009991835883969236,Pandemic
2020-02-27,24.77268409729004,25.733497561848804,24.754555117291364,25.325605885126773,143536200,27.61312599182129,0,0,0.014924024654025536,Pandemic
2020-02-28,24.101924896240234,24.33759642514413,23.53993867671948,23.929703061873056,192063500,27.48985176086426,0,0,0.017347576260375586,Pandemic
2020-03-02,25.33467102050781,25.33467102050781,23.893449922518297,24.14724873346631,127115500,27.39951114654541,0,0,0.012713043789757461,Pandemic
2020-03-03,24.38291931152344,25.606597781363533,24.138183271780488,25.2530913209846,256525000,27.274726168314615,0,0,0.017560173843328253,Pandemic
2020-03-04,25.189640045166016,25.198702805589907,24.29227462223956,24.70923248559549,124408000,27.184687741597493,0,0,0.012670518904992989,Pandemic
2020-03-05,23.975025177001957,24.41917476151704,23.70309569560786,24.35572506785409,130265700,27.051442654927573,0,0,0.018750709571512203,Pandemic
2020-03-06,23.15924072265625,23.42210574077909,22.68789935419836,22.88731294358921,160606600,26.89342212677002,0,0,0.022237195410884647,Pandemic
2020-03-09,20.67562484741211,21.64550265517193,20.412761592716414,20.84784667358307,134165700,26.664398002624512,0,0,0.03222906708268014,Pandemic
2020-03-10,21.89023971557617,21.908368693703864,20.702819310204724,21.63644093728657,149282300,26.490061632792155,0,0,0.024533217097724658,Pandemic
2020-03-11,20.70281982421875,21.437026167874077,20.412763082472186,21.219483611564147,146915400,26.26556962331136,0,0,0.03159129222773682,Pandemic
2020-03-12,18.463945388793945,20.131771884418814,18.40049395499929,18.980609247569696,161437500,25.96795934041341,0,0,0.041880748623317365,Pandemic
2020-03-13,20.893165588378903,20.92942353976555,18.944345652077992,19.85077369025277,160945700,25.739841397603353,0,0,0.03210154611012664,Pandemic
2020-03-16,18.02885627746582,19.343177854109832,17.15868603857361,17.539385950307597,110661600,25.435583559672036,0,0,0.0428162155655252,Pandemic
2020-03-17,19.00780296325684,19.20721831813183,17.711611800944233,18.44581832231361,122295100,25.15761241912842,0,0,0.03911706056754752,Pandemic
2020-03-18,17.39435577392578,18.173882766569623,16.56950633882483,17.81131187128477,145056400,24.81709753672282,0,0,0.047918432298985875,Pandemic
2020-03-19,17.775056838989258,18.02885561828263,16.4154145937764,17.031786021559483,105652800,24.47084197998047,0,0,0.04872627985211685,Pandemic
2020-03-20,17.14055633544922,18.05604898281351,16.923013784918275,17.965405821206993,157840900,24.1046449025472,0,0,0.051532519633520894,Pandemic
2020-03-23,16.14325714111328,17.002525004374313,15.987857652476016,16.856266867249182,144547900,23.70852820078532,0,0,0.05574291267911424,Pandemic
2020-03-24,18.14516830444336,18.245719686856525,16.984242782529808,17.10307686848521,158551100,23.376422500610353,0,0,0.04673506308304529,Pandemic
2020-03-25,18.638792037963867,19.4066482726184,17.72467763894989,18.41026343821037,162949600,23.05744743347168,0,0,0.044887274975378935,Pandemic
2020-03-26,19.80885505676269,19.945971839945653,18.85817543876313,18.88559949281352,129753900,22.77687021891276,0,0,0.039483796318966924,Pandemic
2020-03-27,19.205543518066406,19.808858875196464,18.78504999257692,19.00443898020133,109305600,22.47648468017578,0,0,0.042271292226273655,Pandemic
2020-03-30,19.571189880371094,19.680884379538718,18.83075767747812,19.232968516379515,67297200,22.187078857421874,0,0,0.0407261886076592,Pandemic
2020-03-31,19.0318546295166,19.607747469120724,18.867313818201136,19.38835855834396,83819900,21.887853050231932,0,0,0.04210809079076189,Pandemic
2020-04-01,17.870929718017578,18.227435397841752,17.7063906467921,18.02632918267574,79185000,21.54298038482666,0,0,0.048531674598906116,Pandemic
2020-04-02,18.318851470947266,18.465109619959904,17.69725346587621,17.761241188127403,68398300,21.214851315816244,0,0,0.046175457787997976,Pandemic
2020-04-03,17.95320701599121,18.410264235286583,17.697256089048153,18.14517195473343,68418100,20.883598454793294,0,0,0.046615048607087095,Pandemic
2020-04-06,19.24210548400879,19.397504986094205,18.71191925516466,18.849037796178308,69015100,20.625522994995116,0,0,0.03631727154185982,Pandemic
2020-04-07,19.434070587158203,20.311619494514453,19.42492923476474,20.29333853326221,70950900,20.40436274210612,0,0,0.031122435913578383,Pandemic
2020-04-08,20.284198760986328,20.412174217394597,19.507201182361516,19.726588426290608,80003400,20.217885080973307,0,0,0.026241781613592585,Pandemic
2020-04-09,21.37199592590332,21.627948609780223,20.77782185842178,20.814387274776344,147845500,20.10452880859375,0,0,0.015951886817138217,Pandemic
2020-04-13,20.59499740600586,21.32628820538141,20.412173834394576,21.30800549951332,66236300,19.987631225585936,0,0,0.016450232300280865,Pandemic
2020-04-14,20.68640518188477,21.15260366923576,20.302477118391867,21.08861594924271,96169000,19.83268903096517,0,0,0.0218040016657709,Pandemic
2020-04-15,19.790573120117188,19.982538018831512,19.6900217384426,19.86370219021441,63482000,19.679610824584962,0,0,0.021541694791897048,Pandemic
2020-04-16,19.443214416503903,19.78143578047605,19.25124947885533,19.74487210977889,68907600,19.488063303629556,2,0,0.026955229827538618,Pandemic
2020-04-17,20.46702003479004,20.585855878389424,20.037386911744427,20.20192777609141,88698600,19.37112979888916,2,0,0.016455287330764845,Pandemic
2020-04-20,20.110515594482425,20.43959731668689,19.881987008181486,20.06481057463613,59063100,19.269505627950032,2,0,0.014300904914008372,Pandemic
2020-04-21,19.46149635314941,19.84542272617729,19.38836552758047,19.49806002239904,71957900,19.229034678141275,2,0,0.005695212070574329,Pandemic
2020-04-22,19.67173957824707,19.918550850466087,19.626032818465063,19.863702738727675,47507800,19.15508467356364,2,0,0.01040650048194447,Pandemic
2020-04-23,19.5894718170166,19.982541286899675,19.56204775741958,19.726588627932014,71740200,19.11797307332357,2,0,0.005222472777247411,Pandemic
2020-04-24,19.87284278869629,19.95511320737927,19.498056100711366,19.799713721370804,33825300,19.164936319986978,2,0,0.006608830544741484,Pandemic
2020-04-27,20.549293518066406,20.65898802509646,20.037389886841257,20.073953560161247,109435100,19.15347391764323,2,0,0.0016130289131928155,Pandemic
2020-04-28,20.768678665161133,21.326289010443897,20.722973642300357,21.170889491768445,46452300,19.244801330566407,2,0,0.012851909503291736,Pandemic
2020-04-29,21.37199592590332,21.627948609780223,21.189174074735547,21.408561342257887,70064400,19.32360776265462,2,0,0.011089913762552306,Pandemic
2020-04-30,20.832666397094727,21.170887722482437,20.73211326296257,20.942359140207333,56745700,19.438218116760254,2,0,0.016128365536258404,Pandemic
2020-05-01,20.165363311767575,20.393891913308344,20.02824649955009,20.339045537128325,37534300,19.517894999186197,2,0,0.011212406545491493,Pandemic
2020-05-04,19.982540130615234,20.009962445090625,19.598612036147067,19.900269700119573,50177200,19.6126277923584,2,0,0.013331126393203774,Pandemic
2020-05-05,19.918546676635746,20.366462367433307,19.918546676635746,20.256767910477013,65123000,19.738470776875815,0,0,0.0177090601482649,Pandemic
2020-05-06,19.488916397094727,20.15621941080045,19.47063369283397,20.101373041552822,63738400,19.783262379964192,0,0,0.006303229347834671,Pandemic
2020-05-07,19.945972442626957,20.27505412703708,19.74486793745107,19.74486793745107,61339000,19.826835060119627,0,0,0.00613169829571969,Pandemic
2020-05-08,20.375608444213867,20.40303075716369,20.11965581429605,20.32990168340641,42218300,19.845726839701335,0,0,0.0026585165808262756,Pandemic
2020-05-11,19.982540130615234,20.15622060074185,19.87284564210944,20.092232875586284,54994900,19.871626726786296,0,0,0.0036447217139654597,Pandemic
2020-05-12,19.46149635314941,20.13794079784853,19.443213646757176,20.06481171581443,62202700,19.867970275878907,0,0,0.0005145484215622886,Pandemic
2020-05-13,18.885602951049805,19.324377434995235,18.73934478973466,19.296955119457905,86848300,19.863095219930013,0,0,0.0006860347388946142,Pandemic
2020-05-14,19.37008285522461,19.38836381646862,18.36455675834691,18.556519927919226,103763100,19.913066991170247,0,0,0.007032200531497779,Pandemic
2020-05-15,19.24210548400879,19.406646338397422,19.01357690703227,19.18725911372413,70285000,19.943842124938964,0,0,0.004330783293729712,Pandemic
2020-05-18,20.22934913635254,20.384748640508583,19.817998738434564,19.95511553774056,79548500,20.01971352895101,0,0,0.01067688645763687,Pandemic
2020-05-19,19.73573112487793,20.21107105756464,19.72658977114915,20.110517910083043,56673200,20.036167716979982,0,0,0.0023154902644224595,Pandemic
2020-05-20,20.174501419067383,20.29333724912796,20.046525980726376,20.0648086843564,50402600,20.060848744710288,0,0,0.003473199608806987,Pandemic
2020-05-21,20.110515594482425,20.30247877007853,20.000821105902684,20.110515594482425,49939900,20.055059305826823,0,0,0.0008147098688507937,Pandemic
2020-05-22,20.037384033203125,20.128795805101007,19.83627952985541,20.101371750471284,37584500,20.010572242736817,0,0,0.00626037342567598,Pandemic
2020-05-26,21.07947540283203,21.298862626992317,20.77781775166981,20.796100456233503,108349200,20.02672150929769,0,0,0.0022725806605237153,Pandemic
2020-05-27,21.99358940124512,22.030154809861507,21.518251293974583,22.021013457707408,121521200,20.0702943166097,0,0,0.006131716189632819,Pandemic
2020-05-28,21.646224975585938,22.249540220383984,21.58223725924895,22.24039886897377,101590100,20.13214937845866,0,0,0.008704458297445039,Pandemic
2020-05-29,21.399417877197266,21.59138280705208,21.18003063131665,21.390276524010385,86969000,20.19735616048177,0,0,0.009176123955978333,Pandemic
2020-06-01,21.646224975585938,21.74677809756378,21.335426001776703,21.481684137271102,52619200,20.236662991841634,0,0,0.005531393295056364,Pandemic
2020-06-02,21.81991195678711,21.97531147781621,21.664512435758013,21.838192920087383,52572800,20.293642870585124,0,0,0.008018405664637296,Pandemic
2020-06-03,22.633468627929688,22.7340217515335,22.24954058016503,22.304386945978685,77622900,20.399375279744465,0,0,0.014879030409236549,Pandemic
2020-06-04,23.127092361450195,23.127092361450195,22.414084284193308,22.596906108103003,97575100,20.514553705851238,0,0,0.016208306593563426,Pandemic
2020-06-05,23.986358642578125,24.525686210512244,23.904088217399387,24.47998119365056,135859300,20.66111660003662,0,0,0.020624837519437056,Pandemic
2020-06-08,24.44341468811035,24.49826105458934,24.10519339403294,24.37942696996244,80298400,20.813468996683756,0,0,0.021439556335244414,Pandemic
2020-06-09,23.92237091064453,24.13261677776778,23.69384233937109,23.867524541728603,92833100,20.925904909769695,0,0,0.01582237067326081,Pandemic
2020-06-10,23.026538848876957,23.91322905923017,23.008256145108533,23.78525361992042,110848900,21.001166915893556,0,0,0.010591129878535888,Pandemic
2020-06-11,21.143461227416992,22.267823047675027,21.106897565106262,21.938741369205893,233116600,20.993549092610678,0,0,0.0010720064470234325,Pandemic
2020-06-12,21.78334617614746,21.99359207060528,21.22573583181294,21.99359207060528,127502900,21.0252384185791,0,0,0.004459431582815754,Pandemic
2020-06-15,22.084999084472656,22.15812815123444,20.98806133951141,21.033768095946577,92469500,21.089226277669272,0,0,0.009004592903863795,Pandemic
2020-06-16,22.4323673248291,22.962553586098338,21.89303971069758,22.962553586098338,108121300,21.170887184143066,0,0,0.011491605273443783,Pandemic
2020-06-17,22.094144821166992,22.496355639957788,22.05757940876109,22.496355639957788,56320900,21.24340712229411,0,0,0.010205256586929834,Pandemic
2020-06-18,22.06671905517578,22.276966673179075,21.810768162269557,21.87475588549611,61206500,21.329333877563478,0,0,0.012091910274107553,Pandemic
2020-06-19,21.92045783996582,22.496350755577843,21.67364659041781,22.48720940446113,99903900,21.395150057474773,0,0,0.009261880535079314,Pandemic
2020-06-22,21.811908721923828,21.968299539723223,21.646319992480585,21.784311477678425,47929500,21.443026733398437,0,0,0.006737371470348585,Pandemic
2020-06-23,21.91309928894043,22.281077100388377,21.89469995970388,22.143085640427472,47218900,21.50737870534261,0,0,0.009055832124365282,Pandemic
2020-06-24,21.14034652709961,21.637117924253783,21.07595062479964,21.62791825897426,90217500,21.563340377807616,0,0,0.00787512015453784,Pandemic
2020-06-25,21.70151138305664,21.747507949618534,21.029951685176357,21.06674858749456,110208900,21.657203992207844,0,0,0.013208812549396654,Pandemic
2020-06-26,20.772369384765625,21.39793260746675,20.717173145896936,21.33353670301048,123959100,21.70394687652588,0,0,0.006577820393133871,Pandemic
2020-06-29,21.002355575561523,21.140347048846643,20.81836577474351,20.993155910054945,69107100,21.762621879577637,0,0,0.008256949421756532,Pandemic
2020-06-30,21.287538528442383,21.434729669590546,20.873564101959477,20.891961678610382,60653100,21.797894859313963,0,0,0.004963735739060504,Pandemic
2020-07-01,21.10354804992676,21.480725525030923,21.039152152419696,21.379530969144625,60500300,21.843488756815592,0,0,0.0064161309932889155,Pandemic
2020-07-02,21.13114547729492,21.64631617125387,21.08514890856773,21.572720608496397,50841900,21.875376892089843,0,0,0.004487408716133567,Pandemic
2020-07-06,21.535924911499023,21.76591129607689,21.416332763567556,21.600320818435726,60271700,21.922890535990398,0,0,0.0066862843481093615,Pandemic
2020-07-07,21.094348907470703,21.370331833519845,21.0391526731922,21.36113216869732,43810900,21.95812269846598,0,0,0.004957991792917171,Pandemic
2020-07-08,21.31513786315918,21.370334103300166,21.01155591039849,21.085151482138755,53046100,21.96597811381022,0,0,0.001105441223872683,Pandemic
2020-07-09,20.86436653137207,21.351936577387733,20.68957637571101,21.30593999915655,71163700,21.92833735148112,0,0,0.005296938297107423,Pandemic
2020-07-10,21.58192253112793,21.609521530289552,20.85516643310807,20.85516643310807,94440600,21.926193936665854,0,0,0.00030162874817191154,Pandemic
2020-07-13,21.67391395568848,21.995895208845926,21.54512215628816,21.85790374453749,102487100,21.935343805948893,0,0,0.0012876012604395304,Pandemic
2020-07-14,21.7843074798584,21.848703377489095,21.38873067480512,21.581918367697217,102468300,21.939946556091307,0,0,0.0006477149237363311,Pandemic
2020-07-15,22.216684341430664,22.317878911871578,21.97749829153378,22.308679245953595,90561800,21.953172302246095,0,0,0.0018611727547546142,Pandemic
2020-07-16,22.216684341430664,22.446670725409568,21.940701382518725,22.02349662112368,74678500,21.939279492696127,0,0,0.0019550442235000687,Pandemic
2020-07-17,22.032695770263672,22.281079725595816,22.02349610456147,22.26268214884823,47033200,21.902799606323242,0,0,0.005133575816376745,Pandemic
2020-07-20,21.93150329589844,22.060295118710787,21.84870805133136,21.913103962737534,40127600,21.834304428100587,0,0,0.009638878445728916,Pandemic
2020-07-21,22.363874435424805,22.4742686665938,22.051092827545567,22.07869182400201,46491300,21.764986419677733,0,0,0.00975466995816815,Pandemic
2020-07-22,22.363874435424805,22.38227376639577,22.17988638968552,22.25348195891259,44437400,21.71303653717041,0,0,0.007310567192485462,Pandemic
2020-07-23,22.382274627685547,22.511066440124747,22.24428314940685,22.31787872146595,49916100,21.691561063130695,0,0,0.0030221030035184615,Pandemic
2020-07-24,22.32707977294922,22.520267503597463,22.253484196322702,22.40067534957573,41245600,21.731015014648438,0,0,0.00555209655265082,Pandemic
2020-07-27,22.143085479736328,22.244280035146375,21.949897788124336,22.225880706043352,43060200,21.743006324768068,0,0,0.001687458645226514,Pandemic
2020-07-28,22.0878963470459,22.18909093498407,21.986701759107728,22.0602973445199,35370500,21.743102900187175,0,0,1.359042708948266e-05,Pandemic
2020-07-29,22.501863479614254,22.52946247309175,22.01429354410796,22.05109044742136,36491600,21.745419438680013,0,0,0.0003259913110195689,Pandemic
2020-07-30,22.097091674804688,22.143088248657374,21.811907302016184,22.07869234340088,53994600,21.745517667134603,0,0,1.382304796149203e-05,Pandemic
2020-07-31,22.106290817260746,22.133888059056417,21.811906785738277,22.08789148629244,50115900,21.746836725870768,0,0,0.00018562250877485198,Pandemic
2020-08-03,22.170684814453125,22.345474934307568,22.04189126340724,22.19828205387561,42982100,21.755177625020345,0,0,0.0011737601845419054,Pandemic
2020-08-04,22.07868766784668,22.11548632286152,21.959095548361347,22.07868766784668,30754400,21.764070256551108,0,0,0.001251401873998359,Pandemic
2020-08-05,22.382274627685547,22.437470868065656,22.198284820209395,22.225883817727876,34860700,21.77970943450928,0,0,0.0022007992276465993,Pandemic
2020-08-06,22.373071670532227,22.465066560736886,22.21668088358128,22.30867577378594,33115400,21.820800272623696,0,0,0.0057824448975153375,Pandemic
2020-08-07,22.85144424438477,22.86984357379866,22.216681416858343,22.26267974039309,63302800,21.859131368001304,0,0,0.005394084351972639,Pandemic
2020-08-10,23.01703643798828,23.09983167194669,22.879044966276524,22.98023777638154,45436100,21.933953603108723,0,0,0.010529243779668351,Pandemic
2020-08-11,23.283823013305664,23.661000574904257,23.2286267677358,23.44941350467227,73758600,22.010002517700194,0,0,0.010701866360490198,Pandemic
2020-08-12,23.219423294067383,23.706995021522403,23.05383282985033,23.697795356326264,58793600,22.074398676554363,0,0,0.009062050259209198,Pandemic
2020-08-13,23.07223129272461,23.237821750715447,22.934239829284465,23.04463229817392,35222500,22.14002145131429,0,0,0.009234663893073425,Pandemic
2020-08-14,23.16422462463379,23.27461708607961,22.934238282855706,22.96183552088889,28276900,22.207790756225585,0,0,0.009536731042119662,Pandemic
2020-08-17,22.77784919738769,23.09983045079844,22.768649532472335,23.081431120967725,53397000,22.249188232421876,0,0,0.005825596069243155,Pandemic
2020-08-18,22.63066291809082,22.8514496594067,22.612263584316903,22.796253412741997,35502500,22.300398699442546,0,0,0.007206514087118421,Pandemic
2020-08-19,22.6214599609375,22.943441236521064,22.557064056752147,22.71345486176949,59847200,22.34394276936849,0,0,0.006127672165245429,Pandemic
2020-08-20,22.409875869750977,22.538667695089813,22.34547995708156,22.363877535946376,45586100,22.395459747314455,0,0,0.00724964736493261,Pandemic
2020-08-21,22.363874435424805,22.56626356679183,22.29027886619773,22.373074100910287,35349200,22.421524810791016,0,0,0.0036679659072365034,Pandemic
2020-08-24,22.89743995666504,22.89743995666504,22.437467266465056,22.492665252641785,51010900,22.462309010823567,0,0,0.0057392937257885746,Pandemic
2020-08-25,22.961837768554688,23.15502722698042,22.81464663578113,23.09063132572408,55236900,22.501560020446778,0,0,0.0055235378671535384,Pandemic
2020-08-26,22.85144424438477,22.961836711554888,22.768649016678857,22.906640477969827,30646600,22.52271868387858,0,0,0.0029775203187334953,Pandemic
2020-08-27,23.23782157897949,23.348214047053105,22.833045101844075,22.833045101844075,66463900,22.556756591796876,0,0,0.004789932159967147,Pandemic
2020-08-28,23.329818725585938,23.41261396196671,23.13662925581187,23.403414296295868,49170600,22.59999402364095,0,0,0.006084520993518111,Pandemic
2020-08-31,23.0538330078125,23.311418371322628,23.0538330078125,23.311418371322628,52259000,22.637405014038087,0,0,0.0052646039959215185,Pandemic
2020-09-01,23.11822891235352,23.201024145109507,22.86064530347419,22.9342408709621,42036100,22.662550163269042,0,0,0.003538512392055132,Pandemic
2020-09-02,23.44940948486328,23.532204716353437,23.04463299253996,23.10903064843196,48432500,22.69873466491699,0,0,0.0050920082559693935,Pandemic
2020-09-03,23.09063148498535,23.92778171640521,22.94344035119659,23.58740112285825,98405500,22.722346560160318,0,0,0.0033227475864635314,Pandemic
2020-09-04,23.265419006347656,23.63339679956997,22.897439458468817,23.504603255949768,111105500,22.753624534606935,0,0,0.004401544773553728,Pandemic
2020-09-08,22.667455673217773,23.0906314991119,22.58466044107885,23.035435262571525,84687600,22.771103541056316,0,0,0.00245970625800887,Pandemic
2020-09-09,22.89743995666504,23.063030405882085,22.731849507448,22.87904238259603,52321200,22.79808832804362,0,0,0.0037973925815477094,Pandemic
2020-09-10,22.575464248657227,23.127430165382155,22.529465919158916,22.9710393544016,55515300,22.80054168701172,0,0,0.00034524516164319285,Pandemic
2020-09-11,22.73185539245605,22.85144930547717,22.5386676547932,22.612263234091955,69285700,22.821700477600096,0,0,0.002977538212646652,Pandemic
2020-09-14,23.044633865356445,23.24702299651196,22.869845485285307,22.9342413889596,51021000,22.85297857920329,0,0,0.004401562667466857,Pandemic
2020-09-15,22.73185539245605,23.109034710351334,22.713457813624128,23.090635376862394,48459900,22.871684265136718,0,0,0.0026323288388302446,Pandemic
2020-09-16,22.98944091796875,23.24702632419461,22.731855511742893,22.77785384570663,62119900,22.902042706807453,0,0,0.004272144940111772,Pandemic
2020-09-17,22.75025177001953,22.888243243943435,22.61226029609563,22.676656200283,47334200,22.91430861155192,0,0,0.0017261005508224514,Pandemic
2020-09-18,22.704252243041992,22.934238587878877,22.65825392128068,22.750248810146743,61707200,22.925347963968914,0,0,0.0015534958639142893,Pandemic
2020-09-21,22.135374069213867,22.357375098987248,21.79312137895448,22.22787493936295,72307300,22.901478958129882,0,0,0.003358929078992101,Pandemic
2020-09-22,21.95037651062012,22.29262926608111,21.76537649938548,22.07987845922282,84561500,22.86592362721761,0,0,0.005003469173362779,Pandemic
2020-09-23,21.46012306213379,22.153877017621205,21.46012306213379,21.996626050471757,54282500,22.805133628845216,0,0,0.008554578880324487,Pandemic
2020-09-24,21.50637435913086,21.811626053655893,21.219623195015267,21.46937329831197,56512300,22.748031997680663,0,0,0.008035539086544474,Pandemic
2020-09-25,21.72837257385254,21.802372921451614,21.30287101623472,21.34912057186885,46026600,22.703236707051595,0,0,0.0063037482713181325,Pandemic
2020-09-28,22.246376037597656,22.40362700406869,22.03362524893318,22.03362524893318,62803500,22.67264175415039,0,0,0.004305427618698676,Pandemic
2020-09-29,21.96887588500977,22.218627739557384,21.84862597225032,22.18162668067288,53250800,22.645675977071125,0,0,0.003794717441521961,Pandemic
2020-09-30,22.264877319335938,22.449879085313444,22.052126523477124,22.06137678820676,66732200,22.633483123779296,0,0,0.0017158204976780722,Pandemic
2020-10-01,22.3018798828125,22.50538042767049,22.126128369707853,22.357379710626912,65766100,22.622830454508463,0,0,0.0014990804738157226,Pandemic
2020-10-02,22.47762680053711,22.607128734870173,21.950374091938727,22.005875677070392,63368100,22.625088818868,0,0,0.0003178048457219418,Pandemic
2020-10-05,22.847625732421875,22.921626066794364,22.634873227332225,22.690374801341942,58911700,22.641213862101235,0,0,0.002269171870055292,Pandemic
2020-10-06,22.61637687683105,23.19912935157052,22.53312627125294,23.04187840373489,88404900,22.63184509277344,0,0,0.0013184056320454385,Pandemic
2020-10-07,22.99563407897949,23.106633735445367,22.829132829972952,22.829132829972952,53815200,22.632971636454265,0,0,0.0001585311241615872,Pandemic
2020-10-08,23.310136795043945,23.36563662505996,23.069635179230843,23.12513500924685,57646300,22.648261388142902,0,0,0.0021516267541210887,Pandemic
2020-10-09,23.33788108825684,23.46738301773764,23.152881104338796,23.43963222621159,52031600,22.651596705118816,0,0,0.00046935734372871574,Pandemic
2020-10-12,23.59688186645508,23.670882208755348,23.319379259598573,23.319379259598573,45931400,22.660498809814452,0,0,0.0012527349705326873,Pandemic
2020-10-13,23.143634796142575,23.59688721602546,23.069634437065936,23.52288685694882,60377800,22.66349220275879,0,0,0.0004212406110832012,Pandemic
2020-10-14,22.921630859375,23.245381287254197,22.89388006656785,23.162132437447767,48982200,22.65693893432617,0,0,0.0009221986055560349,Pandemic
2020-10-15,23.097381591796875,23.10663185646811,22.6718800027656,22.708879297142957,41637200,22.645204671223958,0,0,0.0016512860996545087,Pandemic
2020-10-16,23.11588478088379,23.26388550403753,23.004885120672377,23.14363557809053,40103600,22.646046447753907,0,0,0.00011845770550841794,Pandemic
2020-10-19,22.76437759399414,23.208379648175967,22.727376540658657,23.1991293848421,42989000,22.629345067342122,0,0,0.002350276031719667,Pandemic
2020-10-20,22.949382781982425,23.217635186691197,22.903133219112227,22.912383484547814,67293900,22.638742637634277,0,0,0.0013224586033898644,Pandemic
2020-10-21,22.82912826538086,23.060379561806016,22.82912826538086,22.912378873238502,44307200,22.63646558125814,0,0,0.0003204352509648123,Pandemic
2020-10-22,23.282381057739254,23.31013184901289,22.81062819193198,22.819878455689857,39511800,22.660029474894205,0,0,0.0033159926342231083,Pandemic
2020-10-23,23.35638427734375,23.504384987065475,23.171382508037777,23.43038463220461,45092700,22.680847104390462,0,0,0.0029295288434810496,Pandemic
2020-10-26,22.82912826538086,23.060379561806016,22.61637749610348,23.02337850751045,54015100,22.673663584391274,0,0,0.0010108897864249122,Pandemic
2020-10-27,22.412879943847656,22.819882805233267,22.39437941280564,22.819882805233267,46083300,22.66303106943766,0,0,0.0014962442885706195,Pandemic
2020-10-28,21.83937644958496,22.135377873488117,21.709874503396588,21.941125836359387,89288300,22.624695587158204,0,0,0.005394701691977893,Pandemic
2020-10-29,22.005878448486328,22.163127666574173,21.506374705238883,21.78387560861565,60908400,22.599883143107096,0,0,0.0034916929681186593,Pandemic
2020-10-30,22.070629119873047,22.10762841794901,21.70987581886276,21.876377070974005,66221600,22.578762372334797,0,0,0.0029721879325946554,Pandemic
2020-11-02,22.486873626708984,22.58862475291949,22.16312148683601,22.440624077144516,65136000,22.5904790242513,0,0,0.0016488077926739564,Pandemic
2020-11-03,22.98638343811035,23.217634776996157,22.87538201914978,22.903132814966845,79834200,22.625012588500976,0,0,0.004859682633693546,Pandemic
2020-11-04,22.718130111694336,23.125132945542013,22.375879132112587,22.57937966688261,87397400,22.666946156819662,0,0,0.005901036807373444,Pandemic
2020-11-05,23.273134231567383,23.439635475187615,22.912382713261987,22.912382713261987,65942300,22.725838152567544,0,0,0.00828748538466409,Pandemic
2020-11-06,23.08813095092773,23.411883151915383,23.014130599071205,23.384134122661408,60783500,22.771163431803384,0,0,0.006378330101614094,Pandemic
2020-11-09,24.98439216613769,25.38214470834548,24.66063997380758,24.95664137331825,162966800,22.862430636088053,0,0,0.012843436735382824,Pandemic
2020-11-10,25.1138916015625,25.20639247727638,24.78089091902297,25.01214222615394,85851200,22.967264493306477,0,0,0.014752583071476227,Pandemic
2020-11-11,25.01214599609375,25.271146369961336,24.864143514059485,25.252645839168583,65062400,23.05884011586507,0,0,0.012886838421894753,Pandemic
2020-11-12,24.595888137817383,24.762389354269825,24.37388710398325,24.706887772580757,62733800,23.13530705769857,0,0,0.010760692600197241,Pandemic
2020-11-13,25.00289535522461,25.10464474444129,24.762393751453704,24.827143843948235,45031800,23.21948267618815,0,0,0.011845484248214869,Pandemic
2020-11-16,25.55789566040039,25.650396543253567,25.30814557029668,25.63189601382141,67556100,23.309825007120768,0,0,0.012713285357585993,Pandemic
2020-11-17,25.52089500427246,25.567144561077782,25.095391671572003,25.271143163185727,63679700,23.40664227803548,0,0,0.013624461312598798,Pandemic
2020-11-18,25.2803955078125,25.844649321670666,25.271145242828705,25.6411470206424,71578400,23.482800992329917,0,0,0.010717317754555047,Pandemic
2020-11-19,25.363645553588867,25.3913963479114,24.993643784159847,25.150894756705632,47194800,23.551251284281413,0,0,0.009632561894362734,Pandemic
2020-11-20,25.14164352416992,25.33589378402765,25.08614370196879,25.2341444040435,39974700,23.61137669881185,0,0,0.008461056342886505,Pandemic
2020-11-23,25.6133975982666,25.68739795269758,25.33589494591973,25.46539688940465,51870500,23.678593889872232,0,0,0.009459035670923696,Pandemic
2020-11-24,26.510648727416992,26.538399518396574,25.99264631261656,26.057396393928187,60983200,23.79082768758138,0,0,0.015793928298199554,Pandemic
2020-11-25,26.41815185546875,26.43665238558989,26.103649900639912,26.36265202941297,45204600,23.90737838745117,0,0,0.016401417705019933,Pandemic
2020-11-27,26.33489990234375,26.44590131314907,26.23315052043874,26.418150519370847,26981200,24.015295664469402,0,0,0.015186492573118632,Pandemic
2020-11-30,25.78914451599121,26.251647121663492,25.74289496114696,26.177646775328228,72524200,24.104404322306316,0,0,0.012539678611537264,Pandemic
2020-12-01,26.18689727783203,26.427398846690497,26.16839851431018,26.2701478887564,53972100,24.21848831176758,0,0,0.016054293682489253,Pandemic
2020-12-02,26.47365379333496,26.519903354937256,26.103650243285887,26.149901569195865,57471800,24.335964012145997,0,0,0.016531586976729917,Pandemic
2020-12-03,26.48290061950684,26.640151589041288,26.325649649972384,26.49215088410387,49566000,24.457756423950194,0,0,0.01713904954268057,Pandemic
2020-12-04,26.806650161743164,26.8529014801364,26.64014894414232,26.65864947149961,52713100,24.575232060750327,0,0,0.01653157802977384,Pandemic
2020-12-07,26.62165260314941,26.695652955003798,26.464401634920414,26.649401632402583,34631600,24.68407433827718,0,0,0.01531666184482812,Pandemic
2020-12-08,26.612401962280277,26.677152048698723,26.37190038107779,26.37190038107779,31628500,24.81018346150716,0,0,0.017746512108631707,Pandemic
2020-12-09,26.547651290893555,26.77890260261107,26.44590014915945,26.760402074239867,47589600,24.94800917307536,0,0,0.0193953109543491,Pandemic
2020-12-10,26.593900680541992,26.621651472924555,26.26089822918116,26.34414884202137,41298300,25.106493314107258,0,0,0.02230243661847972,Pandemic
2020-12-11,26.32564926147461,26.39040111269829,26.112898471805163,26.29790023240058,48216300,25.2504856745402,0,0,0.02026310311676313,Pandemic
2020-12-14,26.02039909362793,26.677153793778377,26.001900327946515,26.677153793778377,38302900,25.382144673665366,0,0,0.018527509844978474,Pandemic
2020-12-15,26.464405059814453,26.5384054212456,26.075902721224,26.22390344408629,38604200,25.514729054768882,0,0,0.018657732798427917,Pandemic
2020-12-16,26.510648727416992,26.52914925473672,26.381148564793733,26.510648727416992,55602800,25.632204564412437,0,0,0.016531560135860185,Pandemic
2020-12-17,26.58465385437012,26.630905180988997,26.43665313780513,26.55690305839879,38510900,25.761088689168293,0,0,0.018137019923761183,Pandemic
2020-12-18,26.353395462036133,26.62164779171822,26.19614452222769,26.62164779171822,56080100,25.86376406351725,0,0,0.014448833894587787,Pandemic
2020-12-21,26.708650588989254,26.838847170218333,26.252966989115556,26.66215295026037,77688100,25.984448051452638,0,0,0.016983068301153148,Pandemic
2020-12-22,26.44825935363769,26.76444824418122,26.429659589777227,26.727248716460284,42317900,26.0332436243693,0,0,0.006866681834223787,Pandemic
2020-12-23,26.88534164428711,27.034136199230478,26.59705241580572,26.606352297211057,52681400,26.09229195912679,0,0,0.008309485950967088,Pandemic
2020-12-24,26.922542572021484,26.95044044391939,26.69934895421161,26.941140562029723,16071000,26.155971844991047,0,0,0.008961253846047346,Pandemic
2020-12-28,27.052736282348636,27.266628235890845,26.95973924096518,27.10853379767029,32824800,26.23786678314209,0,0,0.011524539020723257,Pandemic
2020-12-29,26.959739685058597,27.173631642124136,26.931840040052677,27.164331760455497,23607000,26.30309492746989,0,0,0.009179130133399382,Pandemic
2020-12-30,27.08063697814941,27.16433236749539,26.987639933155872,27.05273733252002,16616700,26.353852971394858,0,0,0.007142847543886277,Pandemic
2020-12-31,27.41542053222656,27.4526200552213,26.96903689891505,27.04343417113364,26239300,26.41700382232666,0,0,0.008886806220100518,Pandemic
2021-01-04,27.04343605041504,27.527019240326076,26.810944336854465,27.517719358931128,47086300,26.47577184041341,0,0,0.008270038819276293,None
2021-01-05,27.164331436157227,27.28522812263517,26.89464196607056,27.0341366418927,35265400,26.53579470316569,0,0,0.008446624901875366,None
2021-01-06,28.36398696899414,28.58717878475011,27.685111641015027,27.685111641015027,102254900,26.6432061513265,0,0,0.01511531058633453,None
2021-01-07,28.773174285888672,29.070763388399293,28.717374998839706,28.782474167063494,64342700,26.7485320409139,0,0,0.01482182356867634,None
2021-01-08,28.75457572937012,28.92197004999481,28.373289454067663,28.91267016842999,54266400,26.82332960764567,0,0,0.010525772360504337,None
2021-01-11,28.84756851196289,28.894066139150677,28.354685504426797,28.47558217314828,56590400,26.904310162862142,0,0,0.01139586389076691,None
2021-01-12,29.145160675048828,29.284655345182067,28.9312687292598,29.014965886093936,60546600,26.997985521952312,0,0,0.013182320610876486,None
2021-01-13,29.126558303833008,29.20095557282505,28.912666377202232,29.098660436567744,55394700,27.109232648213705,0,0,0.015655080478578276,None
2021-01-14,29.256755828857425,29.40555215458695,29.098663169451065,29.21025819653449,49828800,27.211561266581217,0,0,0.014400037193239956,None
2021-01-15,28.773174285888672,29.005665993946465,28.55928056640957,28.82897179916667,68732700,27.28821194966634,0,0,0.010786549304798054,None
2021-01-19,28.84756851196289,28.99636304748873,28.670874335861907,28.921965779725813,97457200,27.36703421274821,0,0,0.011092141554748192,None
2021-01-20,28.72667694091797,28.9405706757422,28.62438178819796,28.9405706757422,56113100,27.43103510538737,0,0,0.009006427029968345,None
2021-01-21,28.419790267944336,28.76387882925781,28.419790267944336,28.70808130739687,43713800,27.490973027547202,0,0,0.008434671767845736,None
2021-01-22,28.21519470214844,28.326789732146803,28.08499990922667,28.13149754276415,37928000,27.544399452209472,0,0,0.007518351312781668,None
2021-01-25,28.01059913635254,28.047796883787065,27.65721077998513,27.936201867712683,68321500,27.59316438039144,0,0,0.006862369401138602,None
2021-01-26,27.78740692138672,28.159395056626263,27.76880893364145,28.12219553359396,55504600,27.63294792175293,0,0,0.005598477575713634,None
2021-01-27,26.969043731689453,27.434027244304787,26.913246206831584,27.40612759499019,84059200,27.654394404093424,0,0,0.0030180231913041755,None
2021-01-28,27.47122001647949,27.787407095379518,27.229428436568146,27.313125590144036,62985900,27.70275510152181,0,0,0.006805484651016158,None
2021-01-29,26.922542572021484,27.471223187114283,26.80164588122688,27.39682413199693,78260700,27.71802635192871,0,0,0.0021490231897479672,None
2021-02-01,27.275922775268555,27.313122294044614,26.98763359983679,27.22012527087514,41947400,27.743535486857095,0,0,0.003589733718644017,None
2021-02-02,27.936203002929688,28.075697665576577,27.582814632201973,27.592114512881214,54263000,27.788587125142417,0,0,0.006339822400367678,None
2021-02-03,28.094297409057617,28.103597290318103,27.843207710108462,27.89900522390039,46195200,27.84661719004313,0,0,0.008166191493910624,None
2021-02-04,28.71737670898437,28.72667659071302,28.177995985120532,28.18729586684918,63061800,27.913574727376304,0,0,0.009422496300131589,None
2021-02-05,28.72667694091797,28.94986878381312,28.661579541794936,28.92197091205816,38461900,27.989521980285645,0,0,0.010687560176871558,None
2021-02-08,29.098663330078125,29.098663330078125,28.81967221328756,28.81967221328756,48756300,28.06329936981201,0,0,0.010382209494749994,None
2021-02-09,29.10796356201172,29.200960607729264,28.90337148045001,29.005668408116417,33572000,28.13614673614502,0,0,0.010251333413468067,None
2021-02-10,29.10796356201172,29.29395765344681,28.968468880320955,29.256758125651345,38899600,28.20465431213379,0,0,0.009640623102268209,None
2021-02-11,29.01496696472168,29.23815879998618,28.819673000258344,29.12656199546841,31909500,28.27316188812256,0,0,0.009640623102267765,None
2021-02-12,29.312557220458984,29.340455092347085,28.95916880386016,28.987068449519363,38271800,28.347559229532877,0,0,0.010469451268648067,None
2021-02-16,29.81473731994629,29.95423021345563,29.47994869945689,29.610143485749024,71330600,28.4275364557902,0,0,0.011254671968514263,None
2021-02-17,29.963531494140625,30.000727470086968,29.6194429969588,29.72173813900941,60460900,28.524872970581054,0,0,0.013697531107227934,None
2021-02-18,29.78683853149414,29.944934748471468,29.545048699551504,29.749640778030308,45188200,28.61228987375895,1,0,0.012301609043118056,None
2021-02-19,30.14022254943848,30.24251946064426,29.94493038125016,29.982129903059835,54361800,28.67149772644043,1,0,0.008331933865100005,None
2021-02-22,30.41921615600586,30.530814737166505,30.028631764570065,30.037929872562373,65930200,28.72636578877767,1,1,0.007721223553900147,None
2021-02-23,30.60521125793457,30.642410786220847,30.28902236258577,30.63310913037814,94331400,28.788053639729817,1,1,0.008680927801561933,None
2021-02-24,31.200387954711918,31.28408511538498,30.633107593210266,30.651707356420065,66000600,28.866480954488118,1,1,0.011036563060290772,None
2021-02-25,30.63310432434082,31.47007584175794,30.549407172599107,31.451476080532924,92189400,28.916079076131187,1,1,0.0069796192675047886,None
2021-02-26,30.047231674194336,30.67960944701083,29.93563309249107,30.58661062892477,103105700,28.94676818847656,1,1,0.00431867806143682,None
2021-03-01,30.98649406433105,31.172488137273607,30.55871017984249,30.55871017984249,67590700,29.004426129659016,1,1,0.008113824956876403,None
2021-03-02,30.874897003173828,31.125988452953816,30.846995588170515,30.94929249891884,49987000,29.074483553568523,1,1,0.00985872306353519,None
2021-03-03,31.11668586730957,31.58166923130717,30.95859322637032,30.9957927469001,72541700,29.150120798746745,1,1,0.010643934816444212,None
2021-03-04,30.763301849365234,31.330578587972973,30.31691468670812,31.032989511229317,101311800,29.218008295694986,1,1,0.009553363434456563,None
2021-03-05,31.34917449951172,31.43287163879049,30.484305242811445,31.28407711868836,109299800,29.315654436747234,1,1,0.013741102785915782,None
2021-03-08,31.749061584472656,32.15824919019244,31.45147253351716,31.58166729986753,90538200,29.433449999491373,1,1,0.016576599115431523,None
2021-03-09,31.460777282714844,31.92576066403165,31.172486309183427,31.49797325708852,117224600,29.54845593770345,1,1,0.01618403350028208,None
2021-03-10,32.10245513916016,32.22335181939973,31.55377457197057,31.60957385843697,73269300,29.6922908782959,1,1,0.020240950452198425,None
2021-03-11,32.009456634521484,32.26054810470886,31.7490670569384,31.93506113273,50904800,29.860304641723634,1,1,0.023643478050747513,None
2021-03-12,32.33494186401367,32.50233615008605,32.23264496168707,32.381439488469034,68126000,30.022428703308105,1,1,0.02281465883132372,None
2021-03-15,32.14895248413086,32.465141342870766,31.851363387380577,32.45584323564688,57836400,30.196642367045083,1,1,0.0245159494714684,None
2021-03-16,31.81416702270508,32.01876087736627,31.563075532223305,31.981561349692925,67373600,30.34791717529297,1,1,0.02128791436767241,None
2021-03-17,32.02805709838867,32.21405117825424,31.693272011681064,32.04665686112943,64051100,30.484312311808267,1,1,0.019193995483680837,None
2021-03-18,32.19545364379883,32.81853332234125,32.083858607172665,32.353549864266284,96690500,30.621017519632975,1,1,0.019237629791065247,None
2021-03-19,31.823461532592773,31.972256062332868,31.488672953792204,31.944354649071872,98510500,30.724553680419923,1,1,0.014569966740122453,None
2021-03-22,31.41340446472168,31.6562659626422,31.30131125343621,31.590880037691843,68170600,30.814111264546714,1,1,0.01260285307215625,None
2021-03-23,30.97438240051269,31.44142676937644,30.862292749699808,31.226586787291005,70441900,30.8766352335612,1,1,0.008798589227932196,None
2021-03-24,31.08647346496582,31.572200058264148,31.08647346496582,31.19856668414184,63357100,30.94258556365967,1,1,0.009280758613525286,None
2021-03-25,31.609561920166016,31.65626564276353,30.82492726542458,31.06778876089105,60532600,31.025972175598145,1,1,0.011734452516692584,None
2021-03-26,32.10462951660156,32.16067612468593,31.712313949808472,31.936493255614288,53779900,31.128960927327473,1,1,0.01449293344371505,None
2021-03-29,31.82439994812012,32.029900590898066,31.497470346669207,31.65626370644096,71777800,31.212689018249513,1,1,0.011782506620641953,None
2021-03-30,32.04857635498047,32.19803036609467,31.95516537099365,31.99252976458838,55011400,31.287150319417318,1,1,0.010478451906997144,None
2021-03-31,31.805723190307617,32.113974207223826,31.78704098656124,31.9832023442652,51138300,31.34855670928955,1,1,0.008641319624652422,None
2021-04-01,32.198036193847656,32.198036193847656,31.759013397809497,31.759013397809497,51690100,31.428929964701336,1,1,0.0113104025612345,None
2021-04-05,32.45023727416992,32.60903061475485,32.347486965196154,32.54364470236518,51790700,31.505930455525718,1,1,0.01083577546006298,None
2021-04-06,32.384849548339844,32.53430714275174,32.272759915796094,32.37551023032169,41336800,31.571451568603514,1,1,0.00922035770945473,None
2021-04-07,32.543643951416016,32.61836917959493,32.31946114034948,32.47825804053513,38660800,31.636065991719565,1,1,0.00909276516124935,None
2021-04-08,32.55299377441406,32.59035818219444,32.198042590298655,32.422221910448805,39927400,31.681152852376304,1,1,0.0063447790143289495,None
2021-04-09,32.83323287963867,32.85191152572997,32.59036772124676,32.77718625156351,40133700,31.754490470886232,1,1,0.010320323395882847,None
2021-04-12,32.97333526611328,32.982678149921576,32.82388119457586,32.89861001197764,44435500,31.852027257283527,1,1,0.013725714020546897,None
2021-04-13,32.66508483886719,32.8238782165398,32.48760569527332,32.78651381122889,39950900,31.9079802831014,1,1,0.007873903368439183,None
2021-04-14,32.86124038696289,33.094762559375496,32.53431077089147,32.581014492720875,44065300,31.9741917292277,1,1,0.009317503764320056,None
2021-04-15,32.83323287963867,32.97334410492592,32.524981770125954,32.93597968620915,55483500,32.031409962972006,1,1,0.008051947804965875,None
2021-04-16,33.066741943359375,33.188170910783995,32.91728789145812,33.1227849857813,39115700,32.108191299438474,1,1,0.01080493530062987,None
2021-04-19,32.97333526611328,33.15081442580944,32.86124560327675,33.05740340405721,31172300,32.16232999165853,1,1,0.007618584067677681,None
2021-04-20,32.35682678222656,32.795849540704744,32.244737154008845,32.77716734212429,50227700,32.18258883158366,1,1,0.0028508940418405793,None
2021-04-21,32.80519104003906,32.833216121406046,32.15132829929867,32.244739298413165,39680000,32.22740262349446,1,1,0.006306351835691393,None
2021-04-22,32.44090270996094,32.814539645057714,32.384856100716654,32.76783591898709,43611200,32.238684209187824,1,1,0.0015875837685959127,None
2021-04-23,33.04806900024414,33.18818020881832,32.38486311856634,32.44090973995601,50437700,32.27330462137858,1,1,0.004871904176422026,None
2021-04-26,33.1788215637207,33.48706889367567,33.141457171221745,33.16947868396367,43749700,32.30143394470215,1,1,0.003958455694430318,None
2021-04-27,33.44038009643555,33.487083826253105,33.15081483360698,33.22554008866183,50852400,32.344481531778975,1,1,0.006057805381083359,None
2021-04-28,33.571144104003906,33.6645551050315,33.468397347771564,33.571144104003906,35771700,32.40304743448893,1,1,0.008241596444214627,None
2021-04-29,34.168968200683594,34.196989722951095,33.80467059487703,33.83269568041033,48573000,32.47441113789876,1,1,0.010042547234031307,None
2021-04-30,33.870052337646484,34.103574496399126,33.81400930003568,33.982145539398815,43940900,32.53023109436035,1,1,0.007855177388255807,None
2021-05-03,34.03818893432617,34.22500737594249,33.90741709417437,34.159621455866585,33317300,32.604055341084795,1,1,0.010388803401770508,None
2021-05-04,34.309078216552734,34.309078216552734,33.66455828330715,33.88873758040749,66939700,32.70057779947917,1,1,0.013582974274802151,None
2021-05-05,34.589290618896484,34.72006241837398,34.411815114357644,34.411815114357644,38954200,32.82107474009196,1,1,0.016956746354807484,None
2021-05-06,35.10305404663086,35.11239336552535,34.52391650373847,34.72941715207225,43332900,32.95496075948079,1,1,0.018840903841091272,None
2021-05-07,35.28987121582031,35.2992140985853,34.617329750636486,34.70139787919268,64616700,33.07763773600261,1,1,0.01726352854998825,None
2021-05-10,35.2618522644043,35.73823598543736,35.23383074059824,35.476692261204775,56341100,33.182878494262695,1,1,0.014809843593776018,None
2021-05-11,34.636009216308594,35.224482506440935,34.50523381079151,34.90689221957321,82723700,33.27659880320231,1,1,0.013188646109199231,None
2021-05-12,34.28105545043945,35.03766500476168,34.14094072239023,34.906893158990705,97911900,33.35101477305094,1,1,0.01047207272693429,None
2021-05-13,34.83216857910156,35.04700855313214,34.13160205207184,34.15028425371784,66882600,33.451896286010744,1,1,0.014196395513854432,None
2021-05-14,35.38328170776367,35.476689154448025,34.990962592504886,35.0283269964849,44850200,33.55807113647461,1,1,0.014941292280281404,None
2021-05-17,35.448665618896484,35.48603002075345,35.13107532964327,35.271186491708654,40376700,33.65801874796549,1,1,0.01406497366821835,None
2021-05-18,34.95359420776367,35.54207103199913,34.934915571166606,35.42063851452652,40299200,33.743643569946286,1,1,0.01204942117716934,None
2021-05-19,34.73875427246094,34.75743647233308,34.17830252935775,34.551939400270065,63573900,33.81681391398112,1,1,0.010296783953044342,None
2021-05-20,34.7574348449707,35.000299868672215,34.5145733845343,34.79479924296557,59216100,33.89029528299967,1,1,0.010340552464776387,None
2021-05-21,35.10305404663086,35.28986893064466,34.8788711972426,34.89755339829708,44950300,33.96595598856608,1,1,0.010647236243433333,None
2021-05-24,35.271183013916016,35.35525112817219,35.075025268406634,35.25250437809476,29159600,34.04255091349284,1,1,0.01077870282385196,None
2021-05-25,34.916236877441406,35.588778323693205,34.869533154728394,35.31789530665147,38755900,34.11758931477865,1,1,0.010559663432140987,None
2021-05-26,35.018985748291016,35.17777911156128,34.766781380215754,35.04700726809977,38601900,34.18951416015625,1,1,0.010121513073065413,None
2021-05-27,35.420631408691406,35.51404238926369,35.13106627707872,35.336566871073195,39789500,34.27576077779134,1,1,0.01213692241280917,None
2021-05-28,35.48603057861328,35.57943802145862,35.22448332476836,35.57943802145862,39265000,34.3564037322998,1,1,0.011348355551171085,None
2021-06-01,35.70086669921875,35.94372816239551,35.60745570317757,35.84097784838279,35710700,34.44732144673665,1,1,0.012794255314900749,None
2021-06-02,35.75690841674805,35.850319409349154,35.56075067718326,35.81295501230871,37537500,34.5606575012207,1,1,0.015949041684936605,None
2021-06-03,35.84098434448242,36.05582432941868,35.532736909840246,35.64482656214051,54877500,34.66185061136881,1,1,0.014240244548196168,None
2021-06-04,35.93439102172852,35.962412540606145,35.61680074247566,35.887683739245304,27250900,34.778300221761064,1,1,0.016387192044011067,None
2021-06-07,35.70086669921875,35.990431878783525,35.635480783622505,35.990431878783525,37401800,34.866726811726885,1,1,0.012443695661031873,None
2021-06-08,35.60745620727539,35.71954940411172,35.24316222572033,35.50470589180802,47747700,34.94768129984538,1,1,0.011392195638557645,None
2021-06-09,35.271183013916016,35.51404803877393,35.1777755817492,35.46734432269052,40776200,35.0087080637614,1,1,0.00858789734673815,None
2021-06-10,34.86017990112305,35.663496520551874,34.83215838848493,35.57008910291509,53775500,35.051675923665364,1,1,0.006046585897494294,None
2021-06-11,35.08436965942383,35.1030518593142,34.91623342367579,34.92557274198833,40416700,35.08218930562337,1,1,0.004293948673369075,None
2021-06-14,34.72007369995117,35.0750283876284,34.514576618256314,35.01898534865046,50613400,35.11052335103353,1,1,0.003987264894712128,None
2021-06-15,34.78546142578125,34.96293697901567,34.56127859140568,34.72941482637104,51315100,35.135432434082034,1,1,0.0035052923421652338,None
2021-06-16,34.74809646606445,34.98161861494491,34.31841656730807,34.673367668055405,84961100,35.15006637573242,1,1,0.0020593388966951842,None
2021-06-17,33.72059631347656,34.94425363608042,33.61784956281691,34.92557143688816,97659900,35.12110989888509,1,1,0.004074855599918825,None
2021-06-18,32.90793991088867,33.38432707726874,32.86123619501703,33.27223388325866,180960000,35.047939427693684,1,1,0.010296801846956471,None
2021-06-21,33.67599105834961,33.69474726106959,33.178964207099874,33.23522923787991,89831400,34.99414342244466,1,1,0.007570359971552643,None
2021-06-22,33.732261657714844,33.86355150712478,33.41341334741352,33.75101786154199,42576400,34.94315706888835,1,1,0.0071749760650698935,None
2021-06-23,33.79790496826172,33.95732732710846,33.71350384376052,33.760392562398984,48094900,34.91522026062012,1,1,0.003931364309817109,None
2021-06-24,34.219913482666016,34.304314614299884,33.835420233529554,33.99484260584896,42942800,34.913182195027666,1,1,0.0002868036410708097,None
2021-06-25,34.632537841796875,34.72631528318605,34.20115588759856,34.398090660943865,56845000,34.906527837117515,1,1,0.0009364242665639289,None
2021-06-28,34.37934112548828,34.59503214442338,34.18240631394503,34.56689962202599,70250700,34.87306315104167,1,1,0.00470926639917657,None
2021-06-29,34.257415771484375,34.74506626363463,34.163638344192975,34.5575078316723,61051200,34.8333548227946,1,1,0.005587893326045146,None
2021-06-30,34.40746307373047,34.48248788024112,34.14488340570253,34.15425971782653,42414100,34.81515045166016,1,1,0.0025617820859649143,None
2021-07-01,34.67942428588867,34.69818048841123,34.398088402809954,34.576266960704515,36615600,34.81317278544108,1,1,0.00027830403229178735,None
2021-07-02,34.64191436767578,34.716939183151815,34.50124820472837,34.6794267754138,27018400,34.809322102864584,1,1,0.0005418813740041273,None
2021-07-06,34.09799575805664,34.57626639370961,33.87292490885656,34.55751019149462,49225300,34.77582015991211,1,1,0.004714509315750126,None
2021-07-07,34.1448860168457,34.219910829093685,33.81666140671064,33.89168264157868,43747100,34.738276926676434,1,1,0.005283213665668196,None
2021-07-08,33.46030044555664,33.7979049433122,33.30087450944767,33.6009701787481,75084200,34.68974571228027,1,1,0.006829480388643061,None
2021-07-09,34.42621994018555,34.473108656470366,33.844791988018336,33.94794931027279,70546500,34.66998685201009,1,1,0.0027805351750644913,None
2021-07-12,34.76383590698242,34.82948084694577,34.06987409097536,34.21992017908885,62953400,34.648093668619794,1,1,0.0030808845084415726,None
2021-07-13,34.388710021972656,34.70755832408883,34.257420175933056,34.651293291431855,44476200,34.61151631673177,1,1,0.005147291500858797,None
2021-07-14,34.22929000854492,34.63253946469902,33.854173070649864,34.40746858648594,69632700,34.56246376037598,1,1,0.006902845432839699,None
2021-07-15,34.34181594848633,34.55750688726565,33.89167787050607,33.89167787050607,53977600,34.515294011433916,1,1,0.006637890259809431,None
2021-07-16,33.8729248046875,34.52000125828542,33.79790357343804,34.52000125828542,56160700,34.44969202677409,1,1,0.009231738238262066,None
2021-07-19,32.925758361816406,33.39465266243497,32.72882361412771,33.216470538676965,89972200,34.34940427144368,1,1,0.014112839886079254,None
2021-07-20,33.74163818359375,33.96670905355793,32.82260565455191,32.888250579670604,70635800,34.28409665425618,1,1,0.009190313829160912,None
2021-07-21,34.32306671142578,34.491868972086905,33.9854657674837,34.01359828513383,59975000,34.2412836710612,1,1,0.006024791111193917,None
2021-07-22,33.94795608520508,34.285560633638504,33.80728633089767,34.201159496530146,35292300,34.19717610677083,1,1,0.006206969041674393,None
2021-07-23,34.00421905517578,34.369959678636214,33.91044160959941,34.2761786556796,36766900,34.16864407857259,1,1,0.0040151257175939925,None
2021-07-26,34.2011604309082,34.266805364076966,33.919820914607165,33.9385771208526,25396000,34.139203770955405,1,1,0.00414294193971565,None
2021-07-27,34.191776275634766,34.341822329508105,33.77915052182812,33.93857288896474,38988400,34.12159385681152,1,1,0.0024781280416679152,None
2021-07-28,34.1448860168457,34.360576985988736,33.91043884464067,34.31368826702372,42908200,34.100241343180336,1,1,0.0030047995894357804,None
2021-07-29,34.52000427246094,34.67005032544117,34.21991216650048,34.36995821948071,41434200,34.09263827006022,1,1,0.0010699307530899205,None
2021-07-30,34.248046875,34.679428857749336,34.163645741211624,34.42622545638421,52385300,34.110219955444336,1,1,0.0024741555929332915,None
2021-08-02,34.257415771484375,34.8763560927944,34.210527057838675,34.48248660531508,47589900,34.15520248413086,1,1,0.006330097058532935,None
2021-08-03,34.64191436767578,34.68880666603835,33.87292789594695,34.37933466826987,42169600,34.18739992777507,1,1,0.004530935660038704,None
2021-08-04,34.351200103759766,34.716937113956554,34.16364165362862,34.31368769825756,52346400,34.208031209309894,1,1,0.002903305313658011,None
2021-08-05,34.80133819580078,34.80133819580078,34.55751113770951,34.56689102776373,37168200,34.2414789835612,1,1,0.004706886508719421,None
2021-08-06,35.50468826293945,35.57033319963169,35.120194957721715,35.12957127265743,58081000,34.284304809570315,1,1,0.006026598396429161,None
2021-08-09,35.59846496582031,35.76726725012432,35.2608603972123,35.45779878048742,48015600,34.31650238037109,1,1,0.004530953553950612,None
2021-08-10,35.973575592041016,36.07673292282022,35.53281375230442,35.57032615938414,40907400,34.36964352925619,1,1,0.007478206318476621,None
2021-08-11,36.38620376586914,36.39558365695502,35.90793306451734,36.07673533026039,48372100,34.44060312906901,1,1,0.00998568037782177,None
2021-08-12,36.451847076416016,36.49873579762392,36.19864368903721,36.4237145591673,44566400,34.50874926249186,1,1,0.009589759653943375,None
2021-08-13,36.17989349365234,36.52687434676315,36.09549235885454,36.479985622404456,43077200,34.55876490275065,1,1,0.007038373931558706,None
2021-08-16,36.08610916137695,36.1236215683792,35.62659469642951,35.945443001188565,48011800,34.60690472920736,1,1,0.006774402923754863,None
2021-08-17,35.832908630371094,36.104868236699325,35.47655146764477,35.842288521557755,52414800,34.66473515828451,1,1,0.00813809805015775,None
2021-08-18,35.392147064208984,35.94544253955632,35.36401097062862,35.69223916161296,39550400,34.70631052652995,1,1,0.005850629653835426,None
2021-08-19,35.12956237792969,35.3921456355939,34.90449510265161,35.00765242772899,48961300,34.761952590942386,1,1,0.007830143803662981,None
2021-08-20,35.34525680541992,35.40152541844518,34.99827596854797,35.12956582156005,33898600,34.79258715311686,1,1,0.004311001572666173,None
2021-08-23,35.63596725463867,35.78601328945776,35.52343362286928,35.52343362286928,28807400,34.82165819803874,1,1,0.0040909780157287745,None
2021-08-24,35.851661682128906,35.936062808484046,35.673483116436955,35.701615632762,37677300,34.870423253377275,1,1,0.0068623872950508424,None
2021-08-25,36.27366638183594,36.49873366141309,35.87041696376531,35.94544177521096,47904800,34.93856913248698,1,1,0.009589723866118005,None
2021-08-26,36.095489501953125,36.479982735071005,36.05797709448307,36.4330904370434,38484300,34.99702491760254,1,1,0.008226100315366747,None
2021-08-27,36.573760986328125,36.58313729971325,36.13299913224406,36.14237902300934,38511100,35.087052790323895,1,1,0.012669033710196453,None
2021-08-30,36.05797958374024,36.61127511128996,36.039223378710375,36.592518906260096,30096500,35.19146016438802,1,1,0.014692566886540082,None
2021-08-31,36.01108932495117,36.28304534284172,35.87979589533829,36.029841951801416,49876200,35.2671085357666,1,1,0.010645500533851493,None
2021-09-01,35.80477523803711,36.057978633194885,35.68286169724702,36.03922242865947,43976200,35.31649881998698,1,1,0.006950371666348598,None
2021-09-02,35.92668533325195,36.05797517502819,35.78601560141748,35.88917292777877,29611500,35.38245646158854,1,1,0.009281787513534479,None
2021-09-03,35.70161819458008,35.9360653871252,35.61721706216863,35.861044145748494,34847500,35.43903643290202,1,1,0.007962129307565124,None
2021-09-07,35.485923767089844,35.823528264011806,35.485923767089844,35.823528264011806,39214900,35.4818618774414,1,1,0.006026544714688775,None
2021-09-08,35.40153121948242,35.57033350883863,35.213972722711,35.40153121948242,32523900,35.522187042236325,1,1,0.0056746966990688374,None
2021-09-09,35.50468826293945,35.84229283871712,35.32650608273416,35.35464218230279,33421000,35.56751378377279,1,1,0.006378535881616854,None
2021-09-10,35.242095947265625,35.739122741353725,35.23271605829445,35.70161034022797,39350500,35.591583506266275,1,1,0.0033871746210072384,None
2021-09-13,35.64534378051758,35.70161238542961,35.39214400186261,35.49529774479849,40357300,35.63816006978353,1,1,0.006554415154643944,None
2021-09-14,35.167076110839844,35.89855014918372,35.054542468951546,35.76726030408405,45670600,35.66848208109538,1,1,0.0042670183339741374,None
2021-09-15,35.50468826293945,35.58908940688387,35.110815065405255,35.148327479909604,36371300,35.6972412109375,1,1,0.004047084246602717,None
2021-09-16,35.40153121948242,35.81415705047494,35.242108822524216,35.63597844610151,42630200,35.732252248128255,1,1,0.004926874277830118,None
2021-09-17,35.242095947265625,35.579696825259006,35.14831494445124,35.354629573263416,82987200,35.746944173177084,1,1,0.002067498521123534,None
2021-09-20,34.42457962036133,34.55643790316172,33.934817717910754,34.46225444198108,95008800,35.710940551757815,1,1,0.005066554164415482,None
2021-09-21,34.37748336791992,34.77305816428908,34.29271682685963,34.641199898832696,45837600,35.67024116516113,1,1,0.00572735848567274,None
2021-09-22,34.95201110839844,35.196890226504905,34.73538630583973,34.81073234492319,58347800,35.63618901570638,1,1,0.004791936278247144,None
2021-09-23,35.809085845947266,35.97861888915427,35.23455759873104,35.29106981075585,71805000,35.61695175170898,1,1,0.002707134343041595,None
2021-09-24,35.997467041015625,36.11990481432478,35.733746899027686,35.78084221954345,48066100,35.601805750528975,1,1,0.0021313976852266325,None
2021-09-27,36.48722839355469,36.590828755756746,36.25176616580112,36.317695302142646,58794500,35.612050247192386,1,1,0.0014416410123834211,None
2021-09-28,35.88443756103516,36.65675328354035,35.827928932914496,36.47780330637823,96152700,35.60532786051432,1,1,0.000945997510137353,None
2021-09-29,35.912689208984375,36.07280175124534,35.74315616843312,35.997455729260004,49882500,35.60798721313476,1,1,0.0003742333010572363,None
2021-09-30,35.34758377075195,36.12931998730807,35.338166863758694,36.11989948744682,73319300,35.606501770019534,1,1,0.00020903669422089877,None
2021-10-01,35.93153762817383,36.17641676578265,35.30991748653923,35.4417757600877,70444000,35.633234278361,1,1,0.0037618910577212894,None
2021-10-04,35.62071990966797,36.34594388792383,35.56420769048656,35.875019506682456,69772700,35.642416381835936,1,1,0.0012921373674408265,None
2021-10-05,36.31769943237305,36.49664945238421,35.7525878657761,35.884446153454725,56058400,35.665140787760414,1,1,0.003197857019152872,None
2021-10-06,36.35536575317383,36.38362366305256,35.72432872082021,35.9880452605658,63405900,35.68193092346191,1,1,0.00236276598314622,None
2021-10-07,36.57199478149414,36.958152689629415,36.52489946185182,36.732107371099,53295600,35.69187520345052,1,1,0.001399393483274558,None
2021-10-08,36.75094223022461,36.88280049318915,36.44013038792116,36.60966346683792,38607500,35.71372362772624,1,1,0.0030745858509890756,None
2021-10-11,36.38362503051758,37.1088491349436,36.36478762084656,36.83571208401656,50748300,35.70738576253255,1,1,0.0008918863165634505,None
2021-10-12,36.27058792114258,36.51547056858115,36.1764044985076,36.33652062842779,58527700,35.71447270711263,1,1,0.000997299359334347,None
2021-10-13,36.06339263916016,36.29885484715749,35.54537650013965,36.26118003158956,72105100,35.7162161509196,1,1,0.00024534344414361975,None
2021-10-14,36.66617584228516,36.67559274987803,36.11990178732525,36.468388447021006,51893500,35.744929504394534,1,1,0.0040406424378438555,None
2021-10-15,37.21244430541992,37.40081478297243,36.90163607139611,37.02407742073544,58411100,35.78778813680013,1,1,0.006031215026039538,None
2021-10-18,37.221866607666016,37.43849140983661,37.03349612099257,37.13710006830637,56312700,35.838463083902994,1,1,0.00713115387159724,None
2021-10-19,37.58919143676758,37.58919143676758,37.25012524003504,37.3914040196298,33082600,35.90857200622558,1,1,0.0098659700983883,None
2021-10-20,37.89057922363281,37.89057922363281,37.41965479342181,37.52325874292716,44670200,35.9915402730306,1,1,0.011675581542203606,None
2021-10-21,37.73046875,37.96593097826116,37.532677747680594,37.8811644323724,35067600,36.06573295593262,1,1,0.010440651015322322,None
2021-10-22,38.25790023803711,38.3238293717569,37.87174234359191,37.90941716082274,41458200,36.166259765625,1,1,0.014146480442930098,None
2021-10-25,38.2108039855957,38.3991744565628,38.1166205465461,38.352082737038,33121000,36.25177510579427,1,1,0.012034014517888547,None
2021-10-26,38.23905944824219,38.48394214572121,38.18255082026088,38.30498857613238,41586900,36.354174550374346,1,1,0.014410004102902274,None
2021-10-27,37.608028411865234,38.31441511593052,37.598607910471294,38.14488201952536,62449500,36.424285888671875,1,1,0.009866310082740082,None
2021-10-28,38.069522857666016,38.08836026287359,37.73046034253267,37.7587146539102,44566600,36.513218943278,1,1,0.012514967117382758,None
2021-10-29,37.9188346862793,38.1919717263489,37.8434886434588,38.11662568352841,42092000,36.602443567911784,1,1,0.01255599786039241,None
2021-11-01,37.93767166137695,38.26732092444362,37.78697598459082,38.182554381697145,37503800,36.71954663594564,1,1,0.01647914886404278,None
2021-11-02,38.031856536865234,38.14487738979488,37.824648645770765,37.928252591318,31436800,36.84135907491048,1,1,0.01714186783401206,None
2021-11-03,38.17313003540039,38.31440879003507,37.83406389857155,37.909413525808176,42946800,36.94872970581055,1,1,0.015109566640191696,None
2021-11-04,37.6739501953125,38.126037166512106,37.3819757878664,38.03185372817097,48279700,37.010891850789385,1,1,0.008747672097867198,None
2021-11-05,37.69279098510742,38.13546108935704,37.57034962997851,37.9753449183626,57866300,37.06740264892578,1,1,0.007952395018773206,None
2021-11-08,37.900001525878906,38.17313497780522,37.805814479638414,37.92825584331683,32864600,37.11449508666992,1,1,0.0066270107605721496,None
2021-11-09,37.69279098510742,37.82464924776862,37.4479082748496,37.70220789263971,48420400,37.174773534139,1,1,0.008482591667446027,None
2021-11-10,37.62686538696289,37.86232761893028,37.532678338454815,37.65511970508105,60695100,37.231912740071614,1,1,0.008040826737899964,None
2021-11-11,37.73046875,37.8529065218305,37.52326083941227,37.68337343005299,31438900,37.31134223937988,1,1,0.011177593937324426,None
2021-11-12,37.81523513793945,37.82465204616844,37.476168955800674,37.78697722751559,39218800,37.37413215637207,1,1,0.00883601434742931,None
2021-11-15,37.81523513793945,38.01302254656426,37.73988550063375,37.91883549993212,30081100,37.44728266398112,1,1,0.010293992502581562,None
2021-11-16,37.777565002441406,38.00360675664324,37.673961034736855,37.86233155848432,32599500,37.495944849650066,1,1,0.006847911119257866,None
2021-11-17,37.34430694580078,37.72104431601842,37.2407030013088,37.72104431601842,53557200,37.528909556070964,1,1,0.0046389075324002604,None
2021-11-18,37.15594100952149,37.45733237971186,36.98640791468083,37.38198274073,42990100,37.54837443033854,1,1,0.0027391644477028354,None
2021-11-19,36.75094223022461,36.96756703264753,36.46838829631942,36.83570876968299,71858100,37.54837443033854,1,1,0.0,None
2021-11-22,37.26895523071289,37.63627567309121,36.939309601108725,37.240700917566215,81965800,37.577885437011716,1,1,0.004152890955465116,None
2021-11-23,37.8529052734375,37.881163183047455,37.353726515704736,37.51384269393328,61571200,37.63062934875488,1,1,0.00742230573358027,None
2021-11-24,37.76813507080078,37.91883073360157,37.6268599079133,37.777555570714085,40410300,37.68745409647624,1,1,0.00799657509051066,None
2021-11-26,36.51548385620117,36.741525589926354,36.10107161579261,36.58141299461006,76492200,37.682431030273435,1,1,0.0007068632538815844,None
2021-11-29,36.62849807739258,37.07116814885262,36.35536107190158,36.93930989595846,79316500,37.66296615600586,1,1,0.0027391644477028354,None
2021-11-30,35.75258255004883,36.3365314413305,35.6960739167991,36.18583217168232,121263700,37.613990020751956,1,1,0.0068920911909942095,None
2021-12-01,35.35700607299805,36.61908365364274,35.35700607299805,36.38362144526029,101946500,37.53958384195963,1,1,0.010470694895617694,None
2021-12-02,36.4118766784668,36.60966407620578,35.55479436206292,35.686652627222244,98076400,37.49029375712077,1,1,0.006936271262731664,None
2021-12-03,35.818504333496094,36.5531487507956,35.53595044662749,36.458961726594325,97178200,37.42656160990397,1,1,0.008968608244380505,None
2021-12-06,36.364776611328125,36.71325960256673,36.10106014151161,36.38361401529608,69716600,37.36345748901367,1,1,0.008880230206993023,None
2021-12-07,37.01465606689453,37.11826000680178,36.60966080700323,36.78861437334047,115475500,37.32358589172363,1,1,0.005610869110617589,None
2021-12-08,36.81686782836914,37.18418826648074,36.72268439039565,37.03349261000245,53033200,37.276179504394534,1,1,0.006671190832308493,None
2021-12-09,36.74151992797852,36.92989040563359,36.50605772912668,36.63791957849285,45521100,37.24729588826497,1,1,0.0040646023876445,None
2021-12-10,36.77919769287109,37.00524300276636,36.543735475128166,36.99582250205039,38900900,37.204285049438475,1,1,0.006052634040162541,None
2021-12-13,36.38362503051758,36.70385380918792,36.26118366409019,36.69443330791815,44343000,37.153111394246416,1,1,0.007201333799242038,None
2021-12-14,36.600242614746094,36.87337961166039,36.2988513053468,36.32710561783179,51734400,37.10853042602539,1,1,0.006273588080587755,None
2021-12-15,36.70384979248047,36.81687064526957,36.24234228821706,36.69442929224163,70424900,37.0642635345459,1,1,0.006229390114936839,None
2021-12-16,37.16535186767578,37.4290719683118,36.93931017326543,37.12767705431807,71156600,37.030670928955075,1,1,0.004727267675875613,None
2021-12-17,36.345947265625,36.967567362917286,36.11990196076043,36.9204756389904,97654400,36.98640416463216,1,1,0.006229372221023821,None
2021-12-20,35.63996887207031,35.82924186714289,35.21410553567755,35.781924520895274,85242300,36.917976760864256,1,1,0.009629340989983914,None
2021-12-21,36.37812423706055,36.53900752276388,35.999581912613245,35.999581912613245,57667900,36.86724751790364,1,1,0.007138794572542295,None
2021-12-22,36.54846954345703,36.576862835097295,36.21724455833384,36.27402753153278,49702700,36.82910346984863,1,1,0.005367762405626975,None
2021-12-23,36.737735748291016,37.068960672444746,36.7188080940421,36.756663402539935,39057300,36.799465815226235,1,1,0.004170713293031536,None
2021-12-27,37.11628341674805,37.11628341674805,36.66203052294272,36.851299854467456,36120300,36.77899297078451,1,1,0.002881009497787579,None
2021-12-28,37.135215759277344,37.37180606362776,37.04057747148825,37.05004310530793,34055200,36.75632565816243,1,1,0.0031898226521185347,None
2021-12-29,37.087886810302734,37.31501504192234,37.04056948165554,37.21091475285005,27150500,36.73208071390788,1,1,0.003411832433422912,None
2021-12-30,37.02164840698242,37.40965634696823,36.90808607603281,37.2014593419075,30089100,36.70688349405925,1,1,0.0035458399495178483,None
2021-12-31,36.95540618896485,37.13521713739629,36.879699166005565,36.94594416487556,28497800,36.69392013549805,1,1,0.0018242486648278877,None
2022-01-03,37.40965270996094,37.55160831740793,37.21091774759999,37.22984540259833,49884400,36.70237719217936,1,1,0.0011901062742674107,None
2022-01-04,38.39387130737305,38.51689926686485,37.82605606524071,37.84498372132262,74210200,36.757141494750975,1,1,0.007706622120713158,None
2022-01-05,37.94908142089844,38.706173243924745,37.92069174106343,38.50743465483559,76288400,36.77981236775716,1,1,0.003190323681687701,None
2022-01-06,38.50743103027344,38.53582431751725,37.99639879093802,38.34655137957624,57725200,36.80162989298503,1,1,0.0030702376300772993,None
2022-01-07,38.96168518066406,39.056323457748704,38.46011494739946,38.59260492523682,62185500,36.84141489664714,1,1,0.005598683355715783,None
2022-01-10,38.829200744628906,39.23613636896889,38.42226512028892,39.20774668683222,73620000,36.91853879292806,1,1,0.010853141502841446,None
2022-01-11,39.169883728027344,39.18881138245264,38.61153055776453,38.9711487716832,60706300,37.00325164794922,1,1,0.01192108603156461,None
2022-01-12,39.198280334472656,39.42540861764913,39.00901097692078,39.27399096555868,51560600,37.11810824076335,1,1,0.016163017099206423,None
2022-01-13,39.04685592651367,39.46325710527809,38.91436595511807,39.25505651589588,51659600,37.24110323588054,1,1,0.01730828122694761,None
2022-01-14,38.63993453979492,38.67778624904173,38.17621590322249,38.42226825869552,81135500,37.31537183125814,1,1,0.010451333681514186,None
2022-01-18,37.77873229980469,38.422258118225336,37.54214203156418,38.38440641896842,82526700,37.38071276346842,1,1,0.009195002034423805,None
2022-01-19,37.14468002319336,38.08157927336084,37.11629034018524,38.06265161466151,85975100,37.40670954386393,1,1,0.0036583568758381535,None
2022-01-20,36.9080810546875,37.73141415970018,36.83237043763391,37.24877161126679,80314000,37.40315704345703,1,1,0.0004999201475064385,None
2022-01-21,36.15099334716797,36.86076414478221,35.99957572141351,36.75666385018583,117914300,37.38096122741699,1,1,0.0031234720219026624,None
2022-01-24,36.25508880615234,36.33079580389148,34.845009421195925,35.52639045125062,169153300,37.36474685668945,1,1,0.0022817423440915086,None
2022-01-25,36.406517028808594,36.67149701329145,35.26141721711869,35.848163768590055,97364900,37.35232416788737,1,1,0.0017481637458209853,None
2022-01-26,36.50114822387695,37.106818764960295,36.065822973733454,36.803983494418624,106682000,37.356241607666014,1,1,0.0005512756784440409,None
2022-01-27,36.169921875,37.22984528087398,35.93333160341592,36.85129940230704,91498900,37.341897583007814,1,1,0.002018540774556321,None
2022-01-28,36.643104553222656,36.65256657620167,35.573715452530685,36.02796836722998,79753600,37.33987274169922,1,1,0.00028494267409628904,None
2022-01-31,36.964874267578125,36.99326395180502,36.16993061848778,36.38759328775179,58740900,37.3331901550293,1,1,0.0009403967152985526,None
2022-02-01,37.47590255737305,37.570540844637634,36.82291462061427,37.01218758506192,64601500,37.3708553314209,1,1,0.005300373928444957,None
2022-02-02,37.731422424316406,37.797667423708006,37.22039008759288,37.45698040258623,46649400,37.4405704498291,1,1,0.009810552649150317,None
2022-02-03,37.31502532958984,37.85445096706396,37.25824235350981,37.72196096629232,50677000,37.47180048624674,1,1,0.004394798768269315,None
2022-02-04,37.94908142089844,38.270844362660206,37.36233850712628,37.38126616371007,77792400,37.518487548828126,1,1,0.006569964965231101,None
2022-02-07,38.06264114379883,38.3086934190388,37.77872995149324,37.99639616161573,52710400,37.56265106201172,1,1,0.006214842363490458,None
2022-02-08,38.59261322021485,38.68725151764075,38.23299852024216,38.32763320758614,56921200,37.61186205546061,1,1,0.006925141248710132,None
2022-02-09,38.83866500854492,39.09418296900553,38.70617501647235,38.80080969364375,67505300,37.668643697102866,1,1,0.007990509053929173,None
2022-02-10,38.49797058105469,39.16988610862479,38.3370873137023,38.658850238325904,67260800,37.715646489461264,1,1,0.006614395551752805,None
2022-02-11,37.95854187011719,38.838657925615976,37.73141363221262,38.374939427847885,77962800,37.74687627156575,1,1,0.004394762980443057,None
2022-02-14,37.53268051147461,38.07210604147424,37.22038323046058,37.93961606709974,71521600,37.76611874898275,1,1,0.00270786799348377,None
2022-02-15,38.04371643066406,38.242451392573365,37.85444349119189,37.986933465798096,55439600,37.78725420633952,1,1,0.002974254679571242,None
2022-02-16,38.072113037109375,38.24245835262875,37.80713303967111,37.85445038063055,41168800,37.776528930664064,1,1,0.0015092978982635952,None
2022-02-17,37.12575149536133,37.79766711808997,37.0216511799929,37.67464275454699,59107800,37.749084599812825,1,1,0.0038620611839208507,None
2022-02-18,37.11628341674805,37.428580701828736,36.92701047514223,37.08789012895446,47816500,37.70271301269531,1,1,0.0065255701665347665,None
2022-02-22,36.92700958251953,37.28662780186958,36.61470869490689,36.94593723723069,60719700,37.63489049275716,1,1,0.009544219644802343,None
2022-02-23,36.28348922729492,37.31502309888524,36.18885454956726,37.20146076359574,64169800,37.55003344217936,1,1,0.011941377729153935,None
2022-02-24,35.8481559753418,35.96171828542052,34.826084354391085,35.08160225962877,143075700,37.439309183756514,1,1,0.015581500707422258,None
2022-02-25,37.00271987915039,37.09735816111525,36.07528637638268,36.08475200961983,99127100,37.366123835245766,1,1,0.010298895434804445,None
2022-02-28,36.45383834838867,36.69042867753703,36.075292377718526,36.122609721531816,107370200,37.279689915974934,1,1,0.012163280146980204,None
2022-03-01,35.10999298095703,36.207771637982034,34.87340272202853,36.10367495652142,129873100,37.162025197347006,1,1,0.016558186278729403,None
2022-03-02,36.01850509643555,36.22670208549255,35.38444127636991,35.403368931753484,88182500,37.1033509572347,1,1,0.008256842058277147,None
2022-03-03,35.90494155883789,36.368660121460536,35.60210627266523,36.17938716508229,71952600,37.06202634175619,1,1,0.005815342856968497,None
2022-03-04,35.2330207824707,35.280338112046906,34.82608524996984,35.270876090164,105904100,37.00619099934896,1,1,0.007857342551755186,None
2022-03-07,33.94597244262695,34.949116531792185,33.927044786973134,34.911261220484555,116046200,36.93269030253092,1,1,0.010343272339586651,None
2022-03-08,33.74724197387695,34.70306524633454,33.58636229448655,34.08793260091741,114915000,36.84909540812175,1,1,0.011763762746544115,None
2022-03-09,34.98697280883789,35.280342454366924,34.73145486558012,34.87340687178025,88716400,36.80177726745605,1,1,0.006658772456536122,None
2022-03-10,34.693607330322266,34.920735645270504,34.30559931693402,34.40969964419854,71547300,36.741525904337564,1,1,0.008478780263929675,None
2022-03-11,34.44754409790039,35.214094247603335,34.428616443452285,34.99643163657158,76788200,36.684113311767575,1,1,0.008079298651320732,None
2022-03-14,34.88287734985352,35.45069267368147,34.721994055050466,34.968050009435885,70969700,36.62543907165527,1,1,0.008256842058277147,None
2022-03-15,35.37498092651367,35.431760285268204,34.93019002916955,35.233025309464736,51828700,36.572442626953126,1,1,0.007457843045232337,None
2022-03-16,36.36865615844727,36.42543912219764,35.7156683206824,35.82923063810216,87007600,36.5355344136556,1,1,0.005193851463054733,None
2022-03-17,36.82291030883789,36.832372331415634,35.923866540546186,36.16045681588184,58266400,36.50525067647298,1,1,0.004261632266095328,None
2022-03-18,36.9080810546875,37.00271571592356,36.46329020469999,36.81344639345144,82342500,36.49168586730957,1,1,0.0019088868743522003,None
2022-03-21,36.87199020385742,37.185509482287465,36.68197665294468,37.07150280142263,46828600,36.45578282674153,1,1,0.00505240007906016,None
2022-03-22,37.47052383422852,37.70803984043378,37.26151221322839,37.30901468962812,61053100,36.43604558308919,1,1,0.002777493209817683,None
2022-03-23,36.7769775390625,37.31851374339249,36.75797582365712,37.233007836171616,42142600,36.37552439371745,1,1,0.0085167511477795,None
2022-03-24,37.07149887084961,37.10950230184418,36.76747867130633,37.03349543985503,30421500,36.31661885579427,1,1,0.008289391086422793,None
2022-03-25,37.54652404785156,37.62252727179268,37.13799629957583,37.195001435686166,48613100,36.28490397135417,1,1,0.004463028259372281,None
2022-03-28,37.442020416259766,37.4705211752358,37.01449091058741,37.43252137133655,44761000,36.26768658955892,1,1,0.002422889531561445,None
2022-03-29,37.527530670166016,38.012061749990586,37.30901636952303,37.89805507665659,67968600,36.26751492818197,1,1,2.4156782845397018e-05,None
2022-03-30,37.261505126953125,37.54652355535421,37.04299087770542,37.52752184356668,47405300,36.24144121805827,1,1,0.003669182693335493,None
2022-03-31,36.40645980834961,37.36602667870082,36.39696076101275,37.21401292765268,66619600,36.185919443766274,1,1,0.007813216161758119,None
2022-04-01,36.31144332885742,36.7294701391199,36.054925641580624,36.65346691189316,68422500,36.158775838216144,1,1,0.0038197420791581393,None
2022-04-04,36.149932861328125,36.44445399289426,35.89341515787498,36.22593971755411,134312400,36.12656415303548,1,1,0.004532939778318479,None
2022-04-05,35.92192459106445,36.39695663663903,35.83641867789275,36.007430504236154,56165700,36.09306131998698,1,1,0.00471463457314214,None
2022-04-06,35.67490005493164,35.826910139650835,35.541891683828126,35.63689662770027,55835100,36.072775014241536,1,1,0.002854759127096429,None
2022-04-07,35.636898040771484,35.80790984588732,35.133365294711794,35.646400710059275,53346900,36.06573308308919,1,1,0.000990964914055592,None
2022-04-08,35.9979248046875,36.15943757117979,35.684405565577244,35.77941051701512,44672300,36.03223991394043,1,1,0.004713274635737674,None
2022-04-11,35.83641815185547,36.25444504111047,35.779413002508804,35.902922347323155,54435500,36.01165924072266,1,1,0.002896183536197583,None
2022-04-12,35.4468879699707,36.140434232081134,35.294877879976724,35.80790966857739,67215400,36.022889073689775,1,1,0.001580300945915214,None
2022-04-13,35.4468879699707,35.46588968424575,35.04785921860749,35.11436340646696,57445600,36.003835169474286,1,1,0.0026813313201792255,None
2022-04-14,35.04785919189453,35.617899747092295,35.03836014686746,35.370881085911336,68544200,35.97526575724284,1,1,0.004020386528080788,None
2022-04-18,35.256874084472656,35.41838321781996,34.819845533314364,34.82934457824982,52748400,35.97606086730957,1,1,0.00011189063935712618,None
2022-04-19,35.74140167236328,35.79840680911436,35.34237658772383,35.35187563174599,41519100,36.03590850830078,1,1,0.008421967089459637,None
2022-04-20,35.98842239379883,36.24494008774095,35.90291649581812,36.01692315172365,54635800,36.11061452229818,1,1,0.010512888742987503,None
2022-04-21,35.41838455200195,36.40645197600191,35.3518803623295,36.2354401670709,54998100,36.12499491373698,1,1,0.0020236584337367525,None
2022-04-22,34.363807678222656,35.370876662862486,34.32580787865973,35.36137761902325,73170900,36.11400159200033,1,1,0.0015470182673282817,None
2022-04-25,34.42082214355469,34.49682901169395,33.56576662222974,34.07879848534193,91392800,36.113110860188804,1,1,0.00012534686209741963,None
2022-04-26,33.5562629699707,34.39232037401018,33.53726125349176,34.03129500932386,81457500,36.06889038085937,1,1,0.006222858836613554,None
2022-04-27,33.52775955200195,33.86978317312151,33.40425021677399,33.508757837027915,81603000,36.00731633504232,1,1,0.008664912749230869,None
2022-04-28,33.95529556274414,34.07880129735107,33.36625315868096,33.86978964113544,62680000,35.92687098185221,1,1,0.011320548410029607,None
2022-04-29,32.78670883178711,33.907784702807305,32.71070559223335,33.7842789855066,74631700,35.79233093261719,1,1,0.01893294118373179,None
2022-05-02,32.79620742797852,33.05272512499596,32.15016366309155,32.938714843517346,104408800,35.65526847839355,1,1,0.01928790274025416,None
2022-05-03,33.22373962402344,33.55626057818687,32.910216760777985,33.024223427318795,73896300,35.533660125732425,1,1,0.017113148103296005,None
2022-05-04,34.24031066894531,34.297312194845475,33.16673723260736,33.28074390861457,87794900,35.42598635355632,1,1,0.015152225729304192,None
2022-05-05,33.242733001708984,33.907774743240154,32.83420528950802,33.84127056908704,101093900,35.3081782023112,1,1,0.016578370612841287,None
2022-05-06,33.005218505859375,33.15722857119032,32.53018659867445,33.10972248110716,99281900,35.17263552347819,1,1,0.019074034689462005,None
2022-05-09,32.2166633605957,32.75819943745875,32.06465329733951,32.558686908973584,85922800,34.994973500569664,1,1,0.025001214504048352,None
2022-05-10,31.931642532348636,32.72019354334507,31.53261388132202,32.51118198728876,107581200,34.81129423777262,1,1,0.025847981318431135,None
2022-05-11,31.63712882995605,32.61569716352873,31.5896263572676,31.96965338718795,110212200,34.61494750976563,1,1,0.027630590847196768,None
2022-05-12,31.39961051940918,31.69413162701952,30.79157021588366,31.371109762745824,114304100,34.41955102284749,1,1,0.027496869633714338,None
2022-05-13,31.85564422607422,32.12166460607384,31.57062575569493,31.779640991936105,64036200,34.26785717010498,1,1,0.0213468837586841,None
2022-05-16,31.58962631225586,31.874644772186823,31.34261128010405,31.73213735432452,55662200,34.110463269551595,1,1,0.022149014206542583,None
2022-05-17,32.435176849365234,32.53018540183019,32.026649134280206,32.207163571860754,62859300,33.98663806915283,1,1,0.017425110586352766,None
2022-05-18,31.54212760925293,32.178668791698605,31.418618266313175,32.13116631340079,74279300,33.84064483642578,1,1,0.020544672788217033,None
2022-05-19,31.33310890197754,31.56112584656321,31.06709215346624,31.114594626528064,71525400,33.69591846466064,1,1,0.020366395730818665,None
2022-05-20,31.27610206604004,31.713134217478142,30.620559275192157,31.55162146876693,77984600,33.55055859883626,1,1,0.02045554320647458,None
2022-05-23,32.292667388916016,32.53018331855904,31.71312794071416,31.874637033252792,78189300,33.427050018310545,1,1,0.017380554742437937,None
2022-05-24,32.22616958618164,32.33067720750039,31.561127676347017,32.10266387390183,77871200,33.306708399454756,1,1,0.016934888939810655,None
2022-05-25,32.48268127441406,32.68219743453203,32.0551554472328,32.15016038122732,72192600,33.20790150960286,1,1,0.013904447372733664,None
2022-05-26,33.233238220214844,33.347244885214444,32.80570869620819,32.83421308061299,50803200,33.134113184611,1,1,0.010383748371286528,None
2022-05-27,33.79377365112305,33.86027783619004,33.3187416868124,33.37574682724394,43862500,33.09231033325195,1,1,0.005882641864584537,None
2022-05-31,33.69876480102539,33.95528246691812,33.33773953522756,33.51825035602355,64778900,33.04037335713704,1,1,0.0073087509602940415,None
2022-06-01,33.15723419189453,33.69877036794829,32.84371134038633,33.613264465192096,48642400,32.95423444112142,1,1,0.012121766268312406,None
2022-06-02,33.61326599121094,33.64176675202143,32.929218738106094,33.18573645802041,45334700,32.87506256103516,1,1,0.011141340869143423,None
2022-06-03,33.12872695922852,33.44224978377496,33.090727157876394,33.29973875003456,36699400,32.79874064127604,1,1,0.010740284592171356,None
2022-06-06,33.22373962402344,33.74627410522594,33.214236954357865,33.404250481396936,32829600,32.760738372802734,1,1,0.0053478106923881,None
2022-06-07,33.480255126953125,33.50875588565116,32.96721972515032,32.99572048384836,32031400,32.72938613891601,1,1,0.004411994818873666,None
2022-06-08,32.891212463378906,33.31874195960002,32.76770676107549,33.22373701564258,38251800,32.70721778869629,1,1,0.0031196069366468127,None
2022-06-09,32.06466293334961,32.872215957543816,32.045661216706506,32.85321786510758,49715100,32.658447901407875,1,1,0.006863067263754408,None
2022-06-10,30.905580520629883,31.485120136009517,30.877079760596956,31.371113471671286,74190900,32.5567907333374,1,1,0.014305548384488276,None
2022-06-13,29.984020233154297,30.497053866269106,29.80350937244717,30.12652947501378,104065100,32.463367780049644,1,1,0.013146801193136604,None
2022-06-14,29.727502822875977,30.316541476072,29.499485872880424,30.107528052696512,75592200,32.361077626546226,1,1,0.014394624284491453,None
2022-06-15,30.060022354125977,30.487551850152432,29.546988770997384,30.04102245260503,87858800,32.25562038421631,1,1,0.014840307981031975,None
2022-06-16,29.29997444152832,29.461485396970144,29.052957579552395,29.45198453934377,100838500,32.090942509969075,1,1,0.023174040184409606,None
2022-06-17,29.385480880737305,29.71800365527502,29.100460583089266,29.366479165140102,116937700,31.962367439270018,1,1,0.018093528767683553,None
2022-06-21,29.971927642822266,30.162954046762557,29.790454563018077,30.057889342419116,58065800,31.86125774383545,1,1,0.01422850614112492,None
2022-06-22,29.905067443847656,30.182055533453227,29.58987516843325,29.6280811760048,48035800,31.784204546610514,1,1,0.01084319248709198,None
2022-06-23,29.79045295715332,29.98147752903356,29.303337292950243,29.92417033964576,69348900,31.71283156077067,1,1,0.010043853489696275,None
2022-06-24,30.88885307312012,30.91750575962915,29.866865961006148,29.914621653029783,65489300,31.687889035542806,1,1,0.0035099984413413665,None
2022-06-27,30.78378677368164,31.12763356812341,30.64051970501461,31.12763356812341,47244800,31.667361577351887,1,1,0.002888694933515845,None
2022-06-28,30.478147506713867,31.395069908555893,30.45904450123477,31.098982432444306,42459900,31.621445020039875,1,1,0.006461536798081369,None
2022-06-29,30.30622291564941,30.621417028438582,30.20116003314916,30.506800821809534,64507500,31.57866490681966,1,1,0.006020165534627031,None
2022-06-30,30.038789749145508,30.30622454269971,29.46571232875909,29.828660329338177,75294300,31.498785336812336,1,1,0.011240929443162573,None
2022-07-01,30.44948959350586,30.54500278845777,29.742694865681987,29.94327275725727,77308400,31.46236406962077,1,1,0.005125326722382528,None
2022-07-05,30.34442710876465,30.36353011235316,29.6280808700597,29.971925825839445,51536800,31.429408009847005,1,1,0.004637690746301493,None
2022-07-06,30.26801872253418,30.51635231871702,29.981479116894228,30.277570224898454,48001700,31.395805231730144,1,1,0.004728699188932151,None
2022-07-07,30.70737648010254,30.79333817334098,30.49724708695849,30.5258997701962,33120100,31.34296220143636,1,1,0.007436254038934331,None
2022-07-08,30.640520095825195,30.88885187079745,30.516352386576266,30.79334049046788,29062200,31.290107218424478,1,1,0.007437936066777118,None
2022-07-11,30.39218521118164,30.621417628935053,30.306223509964823,30.468595409845168,30564300,31.22042401631673,1,1,0.009806061276932176,None
2022-07-12,30.20115852355957,30.75513288075708,30.14384951222821,30.16295251600533,38211000,31.119354693094888,1,1,0.014222824823678093,None
2022-07-13,29.93372344970703,30.13429953422173,29.56122396602956,29.876416257240376,51441600,30.99068635304769,1,1,0.018106653953029017,None
2022-07-14,29.360645294189453,29.45615849365196,29.007248824469755,29.322441107462105,57782300,30.846082369486492,1,1,0.02034917283934523,None
2022-07-15,30.353979110717773,30.525900680559143,29.704491552107967,29.78090174595837,59650200,30.752640533447266,1,1,0.013149458439250084,None
2022-07-18,30.239362716674805,30.9939149701894,30.105645333728003,30.783785572115608,38671600,30.640177090962727,1,1,0.01582624470547278,None
2022-07-19,31.14673614501953,31.242247522819557,30.554555765140503,30.64051928433348,40568000,30.574110730489096,1,1,0.009297086809337052,None
2022-07-20,31.261350631713867,31.318659644701,30.984362534231025,31.079877555876244,38507700,30.508697764078775,1,1,0.009205138936263069,None
2022-07-21,31.461923599243164,31.461923599243164,30.93660378450552,31.17538584970674,40561800,30.441420046488442,1,1,0.009467553173616028,None
2022-07-22,31.28045654296875,31.67205905929236,31.041674431953723,31.50968897269456,25741200,30.38772818247477,1,1,0.007555704856626266,None
2022-07-25,31.48103141784668,31.62430213629592,31.25180264055876,31.47148173692873,24699300,30.368273798624674,1,1,0.0027376881998623093,None
2022-07-26,31.041671752929688,31.509686253278947,30.965259735107136,31.32820953271316,26357800,30.37281017303467,1,1,0.0006383743010364151,None
2022-07-27,31.519237518310547,31.67205791811284,31.060776318903663,31.165841026928817,44817200,30.423984082539878,1,1,0.007201369587068296,None
2022-07-28,31.748470306396484,31.758019987451892,31.04167367194546,31.54789056897509,40974600,30.49134966532389,1,1,0.009479917867649679,None
2022-07-29,32.1973762512207,32.302440954143954,31.79622408754162,31.8248767725114,38724000,30.56259479522705,1,1,0.010025861159954852,None
2022-08-01,31.929933547973636,32.11140658026926,31.710254516186925,31.89172754848256,35131300,30.650260098775227,1,1,0.012336564802591266,None
2022-08-02,31.5765438079834,31.98724928014949,31.53833780045041,31.77711988224347,36806900,30.72329552968343,1,1,0.01027779851111843,None
2022-08-03,32.05411148071289,32.13051986061831,31.633852638892744,31.81532937277901,27314900,30.79270165761312,1,1,0.009767070440028669,None
2022-08-04,31.94904518127441,32.111415257701594,31.891736166551247,32.02545355737966,24505800,30.860834248860677,1,1,0.009587853952185643,None
2022-08-05,32.17827224731445,32.331092634949435,31.74846741201481,31.86308179185969,34366100,30.94042822519938,1,1,0.011200739714072872,None
2022-08-08,32.15917205810547,32.522121876827256,32.13051937151783,32.41705716797155,24369100,30.98277219136556,1,1,0.00595878941228678,None
2022-08-09,32.32154083251953,32.40750252264027,32.15916713183582,32.21647613975805,26425400,31.03403065999349,1,1,0.007213269039358927,None
2022-08-10,33.04744338989258,33.17161111037318,32.81821459895633,32.8850732999399,45366000,31.119673856099446,1,1,0.012052006847629304,None
2022-08-11,33.439048767089844,33.64917821297977,33.31488467954239,33.35308705227362,46985200,31.224101384480793,1,1,0.014695403071785629,None
2022-08-12,33.9643669128418,33.973916593605345,33.429493701941496,33.601417103890675,36370300,31.354953956604003,1,1,0.018414026647344928,None
2022-08-15,33.95480728149414,34.050322289016165,33.55365518047661,33.62051386397953,25366000,31.471797879536947,1,1,0.016442681068902676,None
2022-08-16,34.20314407348633,34.355964448323114,33.80198831233655,33.80198831233655,41300800,31.600421778361003,1,1,0.01810040003035951,None
2022-08-17,34.03122329711914,34.184043683634904,33.79244121546792,33.811544219223066,33158000,31.725861930847167,1,1,0.01765237223118743,None
2022-08-18,34.06943130493164,34.11719064399387,33.84020250894743,34.002572602475745,15966200,31.83793042500814,1,1,0.015770666211015305,None
2022-08-19,33.39128875732422,33.868852968304914,33.276674366876065,33.868852968304914,33587400,31.929622713724772,1,1,0.01290325608727283,None
2022-08-22,32.65583801269531,32.91372311261445,32.569876312722265,32.904173431962164,36810100,32.00507780710856,1,1,0.010618301785758844,None
2022-08-23,32.52211380004883,32.856410849161215,32.52211380004883,32.61762880416302,23244000,32.08244298299154,1,1,0.010887095203174102,None
2022-08-24,32.69404220581055,32.79910690477618,32.39795111268243,32.464813447635905,20682200,32.17445360819499,1,1,0.012948053499016288,None
2022-08-25,33.20026016235352,33.22891649072664,32.67494029350317,32.76090199157145,26402600,32.30244077046712,1,1,0.018010796259916084,None
2022-08-26,32.206932067871094,33.35308327767472,32.17827573715792,33.34353359645422,38230600,32.3642058690389,1,1,0.008691798353842373,None
2022-08-29,31.977691650390625,32.20692402119474,31.786665281974685,31.968141971556044,34872100,32.422150166829425,1,1,0.00815412204944499,None
2022-08-30,31.80577278137207,32.187825572236626,31.614746385939792,32.0827608725726,41870700,32.44411805470784,1,1,0.003091397182457989,None
2022-08-31,31.56698989868164,32.08276006023177,31.519234211914117,31.96814568328464,39768200,32.454306030273436,1,1,0.0014336871679578866,None
2022-09-01,31.662508010864254,31.710263702300075,31.051222772498427,31.43327559103636,40604600,32.460992177327476,1,1,0.0009408977448699396,None
2022-09-02,31.41417121887207,32.29289120586441,31.261350826811515,32.02545278711428,43208800,32.46544933319092,1,1,0.0006272263931006439,None
2022-09-06,31.3377628326416,31.652953297103743,31.022568724653915,31.57654492286541,45877100,32.46067371368408,1,1,0.0006720416987575639,None
2022-09-07,31.958595275878903,32.01590429134431,31.194493287301917,31.24224897842691,35023000,32.491237831115725,1,1,0.004301088344743853,None
2022-09-08,32.52211380004883,32.541216800871666,31.66250062417025,31.79621798640526,50760900,32.524667040507,1,1,0.004704273997387931,None
2022-09-09,32.81821060180664,32.90417229881937,32.6558368881046,32.665390211953515,41327100,32.560325050354,1,1,0.005017918508287034,None
2022-09-12,33.08564758300781,33.257570988516285,32.87551816660285,32.951930188395835,41969600,32.58993409474691,1,1,0.004166687162557414,None
2022-09-13,31.853530883789062,32.55077782649576,31.74846981968704,32.43615979443329,60771600,32.58738733927409,1,1,0.0003583882409023964,None
2022-09-14,31.75801658630371,32.073210680262974,31.471478819493267,31.92038665153699,39233200,32.59343643188477,1,1,0.0008512492396439697,None
2022-09-15,31.86307907104492,32.27378451090448,31.7102586964594,31.79622038488408,47653000,32.58706868489583,1,1,0.0008960913861701947,None
2022-09-16,31.5765438079834,31.633849175757465,31.242246707357864,31.54788748057095,53893300,32.5746519724528,1,1,0.0017473227318998141,None
2022-09-19,31.934682846069336,31.953886342993314,31.20496827642082,31.20496827642082,36491400,32.56653232574463,1,1,0.0011426247755408347,None
2022-09-20,31.464204788208008,31.742649953525618,31.176159707362032,31.67543955675129,42193600,32.54336675008138,1,1,0.003259939951065549,None
2022-09-21,30.811302185058597,31.7810548601346,30.792098690354145,31.665837554600007,49644600,32.49302546183268,1,1,0.007084200243312244,None
2022-09-22,30.29281997680664,30.92652067556576,30.23521132183203,30.87851376831127,52299500,32.401204681396486,1,1,0.012921337886580009,None
2022-09-23,29.812744140625,30.062384092013676,29.380676473154963,29.99517368805252,56801000,32.280327860514326,1,1,0.017010204420548902,None
2022-09-26,29.342269897460938,29.870355051426724,29.13103693468233,29.591909852388117,49969700,32.12625796000163,1,1,0.021681249421090287,None
2022-09-27,29.21744728088379,29.72632704551545,28.919800453330748,29.572702758304462,60630400,31.96834595998128,1,1,0.022221922955952822,None
2022-09-28,29.793540954589844,29.96636691394381,29.227050676782444,29.303862824721783,46088700,31.8213591893514,1,1,0.020684486879151587,None
2022-09-29,29.419078826904297,29.591906609943425,29.054221598201902,29.476689308814663,41860000,31.667621040344237,1,1,0.021634564201503004,None
2022-09-30,29.15023803710937,29.80314219925298,29.07342589046577,29.438283129186363,37984300,31.50364793141683,1,1,0.023074863170394755,None
2022-10-03,29.93756484985352,30.091189152643263,29.09262935316377,29.43828495011377,47086100,31.388523801167807,1,1,0.01620066589261837,None
2022-10-04,31.051342010498047,31.080145422725927,30.360032646836675,30.39843780692257,53441800,31.335040601094565,1,1,0.007526340945034127,None
2022-10-05,30.811302185058597,30.98412997470653,30.46564660576272,30.571263995291137,41766800,31.278013547261555,1,1,0.008025044306441798,None
2022-10-06,30.37923240661621,30.849708865431975,30.31202200716997,30.638474088491176,34717900,31.200853220621745,1,1,0.010858268108978608,None
2022-10-07,29.659114837646484,30.206401556333837,29.49588881353396,30.110387756199515,36380700,31.08281504313151,1,1,0.0166107407018532,None
2022-10-10,29.52469825744629,29.94716599732162,29.351870462436104,29.82234510921599,31011700,30.993407249450684,1,1,0.012581774042384586,None
2022-10-11,29.15023803710937,29.63991615871708,29.025417154222254,29.332665740796653,50431900,30.89915879567464,1,1,0.013262968477753545,None
2022-10-12,29.083030700683597,29.46709147435013,28.97741330117046,29.1598428554169,48265700,30.80840072631836,1,1,0.012771789506854314,None
2022-10-13,30.28322029113769,30.36003244213773,28.41092159241096,28.49733549120426,83086100,30.765608406066896,1,1,0.006021883350296187,None
2022-10-14,29.774333953857425,30.907312544718565,29.707123561242742,30.552057089085025,60886900,30.702669270833333,1,1,0.008857012854591728,None
2022-10-17,30.523256301879883,30.72488749703308,30.32162327538068,30.408037167973767,47222200,30.672972106933592,1,1,0.004179087644417767,None
2022-10-18,31.01292991638184,31.35858545701348,30.657674460817848,31.320178471900693,48150700,30.66214434305827,1,1,0.001523720392317629,None
2022-10-19,30.504053115844727,31.00333298223864,30.331225328912527,30.74409130184033,35205700,30.613659604390463,1,1,0.0068229401633609355,None
2022-10-20,30.014373779296875,30.7728934639782,29.927959889335643,30.465644891380908,43124400,30.530068270365398,1,1,0.011763261716974949,None
2022-10-21,30.90731811523437,30.936125190612437,29.87995671694388,30.100791427149744,54487300,30.46637185414632,1,1,0.008963580054766163,None
2022-10-24,31.3201847076416,31.46420909914344,30.99373259457086,31.089750076469564,40117200,30.407523091634115,1,1,0.00828140145416989,None
2022-10-25,31.694639205932617,31.752249686847996,31.099345553908023,31.1569560348234,33950300,30.402226702372232,1,1,0.0007453262203450661,None
2022-10-26,31.77145767211914,32.126713197924474,31.704247266228737,31.790661168472457,38012100,30.40267473856608,1,1,6.304920322641738e-05,None
2022-10-27,32.03069305419922,32.38594850985724,31.9730825765148,32.069100039322166,41232200,30.408261871337892,1,1,0.0007862406529198784,None
2022-10-28,32.82762145996094,32.866028449306576,32.0594999865086,32.11711047052706,36421300,30.449964459737142,1,1,0.005868532514011093,None
2022-10-31,32.6259880065918,32.84682268603895,32.577981104571435,32.61638809126446,40083800,30.47300796508789,1,1,0.0032427617943756593,None
2022-11-01,32.71240234375,32.981243928902984,32.56837797302268,32.894830039004965,38946100,30.514614550272622,1,1,0.005855022609530858,None
2022-11-02,32.299537658691406,33.22128341207496,32.27073424848943,32.64519323188325,58039800,30.564222399393717,1,1,0.0069809881518658745,None
2022-11-03,31.973085403442383,32.222727166122134,31.761854291973386,31.89627508909693,40828100,30.620231246948244,1,1,0.00788175879634223,None
2022-11-04,32.55878448486328,32.73161229877656,32.09791153532541,32.43396358310533,41825600,30.71176592508952,1,1,0.012881076581838347,None
2022-11-07,32.88522720336914,32.90443069527366,32.58757857288647,32.7988133211446,30060300,30.829864501953125,1,1,0.016619240310632,None
2022-11-08,33.077266693115234,33.24049092089506,32.73161107817855,32.89483530595838,34839600,30.958525149027505,1,1,0.018105571371279328,None
2022-11-09,32.52037811279297,32.98125107115607,32.45316770194997,32.85643382970062,42126200,31.04941972096761,1,1,0.01279099862269506,None
2022-11-10,34.16223907470703,34.21024598314189,33.42292096419482,33.50933486445449,67677700,31.207525062561036,1,1,0.022249130651001536,None
2022-11-11,34.440670013427734,34.59429427077392,34.21023545875406,34.33505264974763,46076100,31.38387279510498,1,1,0.024816263017019224,None
2022-11-14,33.95100021362305,34.37346608499006,33.92219680455244,34.344662675919466,38002700,31.5176539738973,1,1,0.018826150309642964,None
2022-11-15,34.02781295776367,34.45028252202171,33.68216103613277,34.315861719827666,57802100,31.616869672139487,1,1,0.013961976303731305,None
2022-11-16,33.864585876464844,34.095020471370056,33.74936857901224,34.00860658260764,32852400,31.71864579518636,1,1,0.014322288140304673,None
2022-11-17,33.682159423828125,33.70135925520065,33.374907181488,33.470924651810535,35706900,31.828743362426756,1,1,0.015493310556123685,None
2022-11-18,33.96060562133789,34.18144033954126,33.6821640756769,34.133433429095746,39455400,31.972126388549803,1,1,0.020177355484618742,None
2022-11-21,34.06622314453125,34.13343355193535,33.87419183936561,33.91259883293724,24630900,32.12351055145264,1,1,0.02130330313304074,None
2022-11-22,34.4118766784668,34.45028366971379,34.24864879701321,34.24864879701321,29582300,32.29889850616455,1,1,0.024681199760042905,None
2022-11-23,34.55590057373047,34.64231447146331,34.35426570389236,34.35426570389236,27916900,32.48132750193278,1,1,0.025672039416707593,None
2022-11-25,34.671119689941406,34.71912659947425,34.527095298650465,34.594305704534925,11266500,32.627590815226235,1,1,0.020582679459893116,None
2022-11-28,34.07582473754883,34.62311154461233,34.01821425055025,34.47908715846202,34196600,32.77097384134928,1,1,0.020177355484618742,None
2022-11-29,34.27745056152344,34.35426086942567,33.99900541215794,34.037412397454915,31489600,32.89611365000407,1,1,0.017610106808165327,None
2022-11-30,34.86315155029297,34.87275146727664,33.73977080319448,34.22945081128875,58607000,33.02445437113444,1,1,0.018060550285621035,None
2022-12-01,34.66151428222656,35.035976947293804,34.39267267286855,35.035976947293804,58157600,33.16303641001384,1,1,0.01950174395017501,None
2022-12-02,34.498291015625,34.52709442807997,34.19104240713092,34.29665980305557,40483300,33.31250031789144,1,1,0.021033078202566502,None
2022-12-05,33.643760681152344,34.296664988592205,33.461329274175014,34.23905449227944,53402000,33.4037150700887,1,1,0.012836055496179277,None
2022-12-06,33.34611129760742,33.797384353241,33.07726964541353,33.60535303194845,45102200,33.4712459564209,1,1,0.009503179954835295,None
2022-12-07,33.21167755126953,33.58613646763432,33.1348635875581,33.21167755126953,37775900,33.52181390126546,1,1,0.007116096143623407,None
2022-12-08,33.24048614501953,33.470924409432925,33.12526884415881,33.307696542412614,46600900,33.570781517028806,1,1,0.006890892298809126,None
2022-12-09,33.15407180786133,33.39410998466355,33.10606490503927,33.11566848321882,40885600,33.60822747548421,1,1,0.00526952482205667,None
2022-12-12,33.59574508666992,33.63414841159803,33.01965126044512,33.17327554823335,72570900,33.63383159637451,1,1,0.0036031004718186654,None
2022-12-13,33.682159423828125,34.46948436701298,33.46132107343229,34.46948436701298,55659000,33.66903731028239,1,1,0.0049542698589681855,None
2022-12-14,33.25969314575195,33.922200936610906,33.11567242016391,33.59574883084207,54685100,33.687280337015785,1,1,0.002567221835583222,None
2022-12-15,32.606788635253906,32.87563391339952,32.395557507123016,32.741209442980555,70330100,33.69752203623454,1,1,0.0014412473462932507,None
2022-12-16,32.357147216796875,32.453161023186745,32.059498556681184,32.26112974771507,59619300,33.710324096679685,1,1,0.0018015502359087776,None
2022-12-19,32.27019119262695,32.598690277306105,32.06729198910541,32.27019119262695,37456800,33.70070432027181,1,1,0.0013537282167392917,None
2022-12-20,32.40545654296875,32.62767598147185,32.27985296967256,32.39579274505265,45446400,33.68471196492513,1,1,0.0022504995716119414,None
2022-12-21,32.90787124633789,33.004487123569994,32.6953118936359,32.71463580621422,31318100,33.67906545003255,1,1,0.0007945971103924254,None
2022-12-22,32.61801528930664,32.72429496254915,32.086620608753435,32.695310937359146,25605100,33.682320022583006,1,1,0.00045799470883411963,None
2022-12-23,32.80158615112305,32.84989408175857,32.434439244107146,32.598690631058545,17116200,33.63696492513021,1,1,0.006382526224263829,None
2022-12-27,32.79193115234375,32.94651878325174,32.656667436006735,32.869226810627666,25601100,33.582006963094074,1,1,0.0077338745505455275,None
2022-12-28,32.67598342895508,32.93685068393162,32.63733560918249,32.84989493227277,24395100,33.539506403605145,1,1,0.005980825766415343,None
2022-12-29,33.13008117675781,33.188049212148506,32.77259442544265,32.84989005350811,26624200,33.50958201090495,1,1,0.004211064067339398,None
2022-12-30,33.04313278198242,33.110764628741954,32.772601709285084,32.88854517715218,24735700,33.48220024108887,1,1,0.003853257378617192,None
2023-01-03,33.1590690612793,33.516552168623754,32.91752572389488,33.28467262870367,37396500,33.46476389567057,1,1,0.002453702850124362,None
2023-01-04,33.690467834472656,33.93201120174006,33.40061653088363,33.49723240352688,44669300,33.455759302775064,1,1,0.0012671574645872763,None
2023-01-05,33.43926239013672,33.57452607815622,33.207379149489675,33.57452607815622,45585700,33.43486061096191,1,1,0.002940936213158052,None
2023-01-06,34.1832160949707,34.28949575920776,33.42959833295293,33.6614815718028,41229700,33.427238591512044,1,1,0.0010725969461593543,None
2023-01-09,34.057613372802734,34.49239215299162,33.97065761676495,34.29915673005665,48726600,33.41062901814779,1,1,0.002337356626375353,None
2023-01-10,34.250850677490234,34.279834702542175,33.883703722308546,33.99964350817564,34663700,33.39662005106608,1,1,0.001971390313225463,None
2023-01-11,34.56968688964844,34.56968688964844,34.27017546139925,34.33780731201419,32014700,33.413082122802734,1,1,0.002316599687041787,None
2023-01-12,34.63731384277344,34.840213051589075,34.41509440993623,34.68562545980411,56642400,33.42507756551107,1,1,0.0016880401974059822,None
2023-01-13,34.89818572998047,34.94649366776825,34.06727593165675,34.192879518432505,65920900,33.42624537150065,1,1,0.00016433769900103812,None
2023-01-17,34.66630554199219,34.83055326470127,34.56002586934074,34.811229352795614,65345200,33.426405080159505,1,1,2.2474755003054625e-05,None
2023-01-18,34.01896286010742,34.68562483221563,33.98997883894058,34.47306551523518,53693000,33.410427474975585,1,1,0.0022484238776785404,None
2023-01-19,33.622833251953125,33.79674475709422,33.390953702204335,33.603509341864225,61169500,33.409729894002275,1,1,9.816600791845431e-05,None
2023-01-20,34.154232025146484,34.17355593758087,33.56486928136518,33.719456895180834,42330100,33.43666725158691,1,1,0.0037907181519174493,None
2023-01-23,34.55035400390625,34.695281466532045,34.07693117255783,34.18321082039561,44997300,33.481289800008135,1,1,0.006279439390210584,None
2023-01-24,34.56968688964844,34.72427450329108,34.10592404872051,34.49239492565683,34333500,33.52559649149577,1,1,0.0062349909097756395,None
2023-01-25,34.840213775634766,34.84987388784631,34.26050753014957,34.2701713280201,38458700,33.58180122375488,1,1,0.00790932436965508,None
2023-01-26,35.02378845214844,35.08176018745831,34.69528932337778,34.92717257895796,29944200,33.62940266927083,1,1,0.006698640095186947,None
2023-01-27,35.02378845214844,35.22668399724403,34.92717257895796,34.9754805155532,30787400,33.67412363688151,1,1,0.006293289279042158,None
2023-01-30,34.84987258911133,35.10107972515765,34.79190086102552,34.84021247725978,31595000,33.72712961832682,1,1,0.007459185088723785,None
2023-01-31,35.32330322265625,35.332963335620384,34.75326073063105,34.9175084506363,30282100,33.81768010457357,1,1,0.012742577693525492,None
2023-02-01,35.32330322265625,35.63247843673847,34.8788606274612,34.95615627381139,51418700,33.916551971435545,1,1,0.013913591162387329,None
2023-02-02,35.41991424560547,35.564841719840466,35.139723094435816,35.51653010465628,42107300,34.02154273986817,1,1,0.014774664160388973,None
2023-02-03,35.35228729248047,35.65180239398211,35.130067837428,35.139727950404506,43155000,34.11977043151855,1,1,0.013822940598021027,None
2023-02-06,35.34262466430664,35.352284776595674,35.07209360664644,35.14938924759479,32273600,34.20092887878418,1,1,0.01142089747536068,None
2023-02-07,35.748409271240234,35.854688915535746,35.12039520167132,35.12039520167132,33000500,34.30527534484863,1,1,0.014683995702108321,None
2023-02-08,35.53586196899414,35.84503720996219,35.43924608831397,35.48755402865406,34555500,34.396417872111,1,1,0.012825891753471597,None
2023-02-09,35.13972473144531,35.78706281135057,35.062432777735715,35.68078315004829,44329600,34.474677658081056,1,1,0.011012987829625454,None
2023-02-10,35.25566864013672,35.2846526624401,34.84987389959438,34.96581367446691,28108900,34.56066716512044,1,1,0.012100740920280462,None
2023-02-13,35.66145706176758,35.66145706176758,35.20735442236435,35.23634212818626,32209000,34.645046361287434,1,1,0.011874132403278503,None
2023-02-14,35.46822738647461,35.825714225937446,35.24600792948003,35.59383097022261,33525300,34.72588284810384,1,1,0.011375590087090659,None
2023-02-15,35.50687789916992,35.526201812414605,35.13973091884007,35.188038859121995,28510000,34.8041431427002,1,1,0.011013059405277748,None
2023-02-16,35.149391174316406,35.4199185611466,35.08175932760886,35.16871508561274,34379100,34.852773920694986,1,1,0.006843491322692241,None
2023-02-17,35.1590461730957,35.20735410148032,34.86919491712933,34.97547457097069,35889800,34.91010004679362,1,1,0.008067130790332389,None
2023-02-21,34.434417724609375,34.90784428945343,34.279830135495594,34.85953635891641,36425200,34.918473434448245,1,1,0.0011783320793694596,None
2023-02-22,34.395774841308594,34.569686364723225,34.21220320466398,34.43442266554726,31065200,34.929745483398435,1,1,0.0015862417251035765,None
2023-02-23,34.42475891113281,34.70494639307866,34.10591992337718,34.54069868592623,42357600,34.93554242451986,1,1,0.0008157656097311783,None
2023-02-24,34.45374298095703,34.56002264368889,34.06727215023372,34.12524388053991,48732600,34.931677627563474,1,1,0.0005438675983719943,None
2023-02-27,34.44408416748047,34.83055132711688,34.37645232240262,34.77258328028394,31664600,34.92523663838704,1,1,0.0009063982801837955,None
2023-02-28,34.51171875,34.6856302756116,34.40543907483075,34.49239483763655,32531400,34.912354405721025,1,1,0.001812832348193627,None
2023-03-01,34.395774841308594,34.55036245260389,34.26051114213263,34.3571307027293,32790300,34.903336715698245,1,1,0.0012690005376478908,None
2023-03-02,34.23152160644531,34.27016942446274,33.82572688857989,34.19287378842788,38401900,34.910422007242836,1,1,0.0009970667384622267,None
2023-03-03,34.7725830078125,34.78224312032258,34.299156410318105,34.366788254866,33091600,34.94874699910482,1,1,0.00539322544413845,None
2023-03-06,34.80155944824219,35.014118733741455,34.695279805492554,34.7918956521786,30111100,34.97032457987468,1,1,0.0030364718158331083,None
2023-03-07,33.90302276611328,34.704944724563866,33.81606701778406,34.675960703673724,53804400,34.948746871948245,1,1,0.0030364897097463484,None
2023-03-08,33.77742004394531,34.047951093099,33.603508542938975,33.86437579444848,50860300,34.92233797709147,1,1,0.0037163510485802576,None
2023-03-09,32.40545654296875,33.642157308780455,32.24120514932619,33.5841855782609,107108500,34.84117940266927,1,1,0.01142091536927392,None
2023-03-10,31.816091537475582,32.57936943635726,31.42962068887092,32.028650872774065,166569400,34.734256172180174,1,1,0.01504660690653048,None
2023-03-13,30.560060501098636,31.22672059044655,30.30885706616164,30.685664061396444,165965900,34.58546524047851,1,1,0.020938374666856774,None
2023-03-14,31.17841339111328,31.7387919985969,30.791944432764566,31.72913188711387,128115500,34.463083267211914,1,1,0.01722201467131912,None
2023-03-15,30.347505569458008,30.47310914022617,29.912726813459685,30.299197637826847,132235000,34.29722334543864,1,1,0.02334038200169175,None
2023-03-16,30.927207946777344,31.24604692793968,29.854756759382827,30.14460987603146,133892600,34.15068683624268,1,1,0.020621124532443913,None
2023-03-17,29.932052612304688,30.63735877847769,29.85475881111901,30.63735877847769,136760600,33.967758115132646,1,1,0.025742362495657423,None
2023-03-20,30.265092849731445,30.527254829317144,30.11944792284241,30.167995614480184,75384500,33.79818496704102,1,1,0.023862920055505166,None
2023-03-21,31.03215980529785,31.109839081803575,30.886514865801384,30.95448238076801,115899200,33.65450280507405,1,1,0.02021945091546673,None
2023-03-22,30.313640594482425,31.119544500121226,30.294222628978726,31.032157173439547,67874100,33.47334384918213,1,1,0.025493315011477335,None
2023-03-23,30.109739303588867,30.68261097893163,29.896126858468573,30.371901294401823,82366300,33.29247309366862,1,1,0.025452758457167546,None
2023-03-24,30.090320587158203,30.11945031564047,29.50773898134395,29.74077125327448,76619100,33.12415962219238,1,1,0.023685654004204526,None
2023-03-27,30.507837295532227,30.67290205222256,30.33306262939236,30.60493453805169,61393300,32.965898577372236,1,1,0.022271041747736753,None
2023-03-28,30.498126983642575,30.6049341342022,30.31364241048756,30.46899725567836,42980100,32.79378757476807,1,1,0.024220055722483202,None
2023-03-29,30.944774627685547,30.954482685368408,30.69232253248539,30.82825756375628,52147200,32.643005816141766,1,1,0.02121853071916613,None
2023-03-30,30.87680435180664,31.187514043843684,30.702031539017693,31.16809422509741,45061700,32.48867003122965,1,1,0.021718665593631448,None
2023-03-31,31.21664428710937,31.226352344090923,30.935062483274432,31.05157768681072,49034400,32.35757846832276,1,1,0.01844765825723882,None
2023-04-03,31.274900436401367,31.40112740248314,31.090417719783066,31.187513106645,51213500,32.22810694376628,1,1,0.018219680855875664,None
2023-04-04,30.983613967895508,31.40113084427757,30.779711410765287,31.352583145525426,45939300,32.11308015187581,1,1,0.016186968102050114,None
2023-04-05,30.944774627685547,31.032160110662613,30.74087022880331,30.750580138462077,57965300,31.998046811421712,1,1,0.01618788963858031,None
2023-04-06,31.061288833618164,31.11954643770798,30.85738629331588,30.886514169372862,36762300,31.885931142171223,1,1,0.015777304852819363,None
2023-04-10,31.12925720214844,31.138965259205985,30.87680327123348,30.944772634466776,27900700,31.77511494954427,1,1,0.0155944380066797,None
2023-04-11,31.4011287689209,31.53706379802352,31.187514463787203,31.20693428279497,53912600,31.67368310292562,1,1,0.014273840370264912,None
2023-04-12,31.333160400390625,31.721545658105367,31.25548112647669,31.55648275696572,63645800,31.56773115793864,1,1,0.014909924250409157,None
2023-04-13,31.614744186401367,31.63416400609241,31.13896786385052,31.352582176500107,58550300,31.475030136108398,1,1,0.013045208500837457,None
2023-04-14,31.925451278686523,32.187613267115296,31.770096437834464,31.944871096786976,65276200,31.398161125183105,1,1,0.010817273153794549,None
2023-04-17,32.2944221496582,32.30413391231984,31.770101788447967,31.906036834093296,69670600,31.315555763244628,1,1,0.011624512313876512,None
2023-04-18,32.39151763916016,32.45948515439248,32.11964757823085,32.362389762332526,49507500,31.235221036275227,1,1,0.011304980705528989,None
2023-04-19,32.46919250488281,32.55657983741431,32.28470978240596,32.3429692387442,39478900,31.18742669423421,1,1,0.006725785161539655,None
2023-04-20,32.37209701538086,32.45948434764361,32.245870045678735,32.25558180701442,39291800,31.140582593282065,1,1,0.006592063948055338,None
2023-04-21,32.255577087402344,32.29441301520758,32.07109068853507,32.27499690328054,41545000,31.13558661142985,1,1,0.0007030518503656769,None
2023-04-24,32.17790603637695,32.352680719935776,32.100230456990865,32.236165498880595,32774200,31.147647094726562,1,1,0.0016971929340172665,None
2023-04-25,31.624446868896484,32.03225560518722,31.61473881267703,31.97399615601676,58534300,31.183126640319824,1,1,0.004992804401084627,None
2023-04-26,31.323448181152344,31.711837137139565,31.18751315774229,31.537062477340477,54294200,31.187961133321128,1,1,0.0006803265805779279,None
2023-04-27,31.828353881835938,31.886613339237403,31.4399686110148,31.4399686110148,46398800,31.237322743733724,1,1,0.006946336588917301,None
2023-04-28,32.20703125,32.23616283081676,31.605031669762635,31.672999185082087,54577500,31.279983520507812,1,1,0.006003372097071358,None
2023-05-01,32.119651794433594,32.45948941520419,32.08081215093059,32.294422782292564,31950600,31.352903493245442,1,1,0.010261550837916023,None
2023-05-02,31.391416549682617,32.003124099547435,31.100123007136038,31.993416043306468,76096700,31.39044761657715,1,1,0.005283338923061098,None
2023-05-03,31.03215980529785,31.58561168656996,31.00303192858409,31.430256837510274,65642400,31.39044761657715,1,1,0.0,None
2023-05-04,30.63405990600586,30.92535160971233,30.35247996292956,30.76028686653804,76076600,31.401128260294595,1,1,0.001503017134723672,None
2023-05-05,31.391416549682617,31.439964238789965,31.090414950895067,31.13896264000241,54989500,31.443850835164387,1,1,0.006012068538895798,None
2023-05-08,31.439966201782227,31.67299660562752,31.40112656649085,31.56618946055197,34323600,31.488839022318523,1,1,0.0063308933376713394,None
2023-05-09,31.323448181152344,31.449675147440928,31.138965464231788,31.20693297593681,29736200,31.516026051839194,1,1,0.0038258528505226153,None
2023-05-10,31.148679733276367,31.59532447585767,30.876805960614448,31.52735695868016,39706100,31.537711143493652,1,1,0.003051601119459235,None
2023-05-11,31.100128173828125,31.148679574952613,30.818548196670257,30.954483230334336,36693200,31.54288959503174,1,1,0.000728729615834478,None
2023-05-12,30.973901748657227,31.30403311306945,30.769999206727864,31.30403311306945,36217700,31.54612617492676,1,1,0.00045546272011409705,None
2023-05-15,31.22635269165039,31.28461214604275,30.97390061187753,31.0321582142941,33208500,31.546449788411458,1,1,4.554000914169798e-05,None
2023-05-16,30.935062408447266,31.255480143384904,30.9156425905796,31.168092814956182,31241400,31.535121854146322,1,1,0.001594106099964021,None
2023-05-17,31.556486129760746,31.64387347027816,31.10984136887262,31.177808888835937,46818800,31.554217592875162,1,1,0.002687218417628756,None
2023-05-18,31.78951644897461,31.828352381459773,31.38170767429183,31.498222879650516,42232500,31.582375653584798,1,1,0.00396249971881768,None
2023-05-19,31.6535758972168,31.964285562901157,31.50793282489991,31.86719018135656,40131500,31.602118555704752,1,1,0.002778289488956087,None
2023-05-22,31.711837768554688,31.828352976090155,31.517643286694465,31.760385463031827,35286200,31.621537907918295,1,1,0.002732758426770898,None
2023-05-23,31.342866897583008,31.7409638966978,31.323447080071134,31.57590100377405,42217200,31.619595845540363,1,1,0.0002732937365905741,None
2023-05-24,30.935062408447266,31.13896494013045,30.867094897886208,31.10983706530472,46610700,31.606325912475587,1,1,0.001867390889597642,None
2023-05-25,30.925352096557617,31.03215738948657,30.74086753317016,30.857384586882173,41658900,31.58334617614746,1,1,0.00323378799689622,None
2023-05-26,31.177806854248047,31.255482427443475,30.94477457873405,30.99332227497517,44183000,31.558424695332846,1,1,0.003507036998703583,None
2023-05-30,31.168092727661133,31.294319691471653,30.96419019654904,31.22635218110096,57900500,31.520880381266277,1,1,0.005283365763931069,None
2023-05-31,30.83796501159668,31.01273966755023,30.575803027666357,30.983609940899385,67667900,31.469095293680827,1,1,0.0072873766809542495,None
2023-06-01,31.168092727661133,31.236060238031836,30.79912544908773,31.012739741082225,48643400,31.42572530110677,1,1,0.006103175398049165,None
2023-06-02,31.847768783569336,31.96428397643017,31.46909162880823,31.46909162880823,65747500,31.40824769337972,1,1,0.002459509424963313,None
2023-06-05,31.682706832885746,31.88660935236874,31.537060059568567,31.88660935236874,53591100,31.389152018229165,1,1,0.0026872094706726912,None
2023-06-06,32.080806732177734,32.12935442638018,31.634162019192548,31.65357813371221,46236100,31.38591537475586,1,1,0.00045547166707016196,None
2023-06-07,32.20703125,32.27500246927124,31.91574136949494,32.10993585781557,48467100,31.405334854125975,1,1,0.002732776320683472,None
2023-06-08,32.17790603637695,32.22645373648727,31.92545577343204,32.100230456990865,36261200,31.433816782633464,1,1,0.00400807551578608,None
2023-06-09,32.187618255615234,32.32355329943432,32.100230912595514,32.11965073370569,34021700,31.44579226175944,1,1,0.0016852308530306281,None
2023-06-12,32.17790603637695,32.30413301982546,31.935163831873265,32.216745678046045,33655200,31.44482142130534,1,1,0.00013662002742531598,None
2023-06-13,32.37209701538086,32.50803204246698,32.109935018592616,32.14877465603199,46054400,31.453236262003582,1,1,0.001184165495078826,None
2023-06-14,32.245872497558594,32.61484167338459,32.13906533845486,32.44977505369192,57195400,31.48171812693278,1,1,0.004008066568828905,None
2023-06-15,32.673099517822266,32.75077509081338,32.1099358718416,32.139063748719295,52241800,31.53641611735026,1,1,0.0076972904449699175,None
2023-06-16,32.605133056640625,32.847875249007686,32.56629341691343,32.81874366723634,49842000,31.602118555704752,1,1,0.009245874429705259,None
2023-06-20,32.36130142211914,32.44908086874799,32.16623557176929,32.39055999747155,50683100,31.634448051452637,1,1,0.004549518488915938,None
2023-06-21,32.32228469848633,32.47833662108787,32.185739731281394,32.28327078769311,35967600,31.66385866800944,1,1,0.004138763710978877,None
2023-06-22,32.068702697753906,32.273520154809425,31.961416300085368,32.263768537099295,38690000,31.688700485229493,1,1,0.00349582646207236,None
2023-06-23,31.93215560913086,32.03943827911462,31.717582828020973,31.82486921857592,35529600,31.714816347757974,1,1,0.0036751145255673467,None
2023-06-26,31.86387825012207,32.127216548127755,31.77610253802456,31.883385204111867,25728300,31.74027468363444,1,1,0.0035825851003132847,None
2023-06-27,32.11746597290039,32.18573845379305,31.902893192625665,31.92240014724802,34348100,31.778393491109213,1,1,0.0053642104638536026,None
2023-06-28,32.03944396972656,32.08821322541989,31.89314736436211,32.07845788605249,36663200,31.80549653371175,1,1,0.003814033920841231,None
2023-06-29,32.59537124633789,32.59537124633789,32.16622943391299,32.20524334065278,47471000,31.860840161641438,1,1,0.007788146789337924,None
2023-06-30,32.87821960449219,33.014764570447895,32.75142997643119,32.809947121514334,44727600,31.904897944132486,1,1,0.00619996357464947,None
2023-07-03,33.063533782958984,33.161064838372745,32.829454041166166,32.87821956887305,19128000,31.94736518859863,1,1,0.005976137561152228,None
2023-07-05,32.995262145996094,33.08303786577613,32.77093401576476,32.86846879425042,39831600,31.992088063557944,1,1,0.006293557687740536,None
2023-07-06,32.7124137878418,32.75142769556108,32.429568537733545,32.722165404486105,45808400,32.02544059753418,1,1,0.0046934839677172935,None
2023-07-07,32.76118087768555,33.03427080362796,32.575870388020505,32.575870388020505,33479500,32.07271773020427,1,1,0.006653001669522984,None
2023-07-10,32.9074821472168,33.09279264233784,32.74167488689055,32.77093345965405,27254400,32.138465054829915,1,1,0.009252190981070996,None
2023-07-11,33.297607421875,33.33662132947773,32.956245031778614,33.024517509797896,33754200,32.2175402323405,1,1,0.0111277325481407,None
2023-07-12,33.51218795776367,33.746264016472566,33.424408505604866,33.57070511215496,46546000,32.295352935791016,1,1,0.010950072830747448,None
2023-07-13,33.62921905517578,33.67798458064051,33.5024257125106,33.56094657541094,40453700,32.377390480041505,1,1,0.011544607044398303,None
2023-07-14,33.4048957824707,33.88280687743185,33.35613025536966,33.8730515396689,47547500,32.46295483907064,1,1,0.01204091262143403,None
2023-07-17,33.72675323486328,33.82428428408134,33.365880167500194,33.365880167500194,38568900,32.54824352264404,1,1,0.012002118617575386,None
2023-07-18,34.10713195800781,34.13639053073705,33.75601420297168,33.804779731044185,47176500,32.62355562845866,1,1,0.0105981800803443,None
2023-07-19,34.25342559814453,34.38997055324003,34.09737368938238,34.1071290265012,45599800,32.70924625396729,1,1,0.012058681277260064,None
2023-07-20,34.507015228271484,34.516766845653834,34.18515604608441,34.19491138403806,45591500,32.790119870503744,1,1,0.011380815109750086,None
2023-07-21,34.38996887207031,34.58503467862986,34.30218944514706,34.56552772591682,30609200,32.862884457906084,1,1,0.010239684475962019,None
2023-07-24,34.72158432006836,34.82887071420563,34.39972885822785,34.40948047561701,32299800,32.94767373402913,1,1,0.011931840273408989,None
2023-07-25,34.497257232666016,34.702078387629065,34.46799866220173,34.624050572296284,36218600,33.024661699930824,1,1,0.010834012909610946,None
2023-07-26,34.70207977294922,34.80936244245804,34.40947917434157,34.45824842115695,35638700,33.10880082448323,1,1,0.011840348695121072,None
2023-07-27,34.263187408447266,34.78986037466451,34.21442187535311,34.702084647438035,44072800,33.171837170918785,1,1,0.008870692751248077,None
2023-07-28,34.331451416015625,34.546020452726886,34.14613722724632,34.53626883674624,32422700,33.241356468200685,1,1,0.009782996022793089,None
2023-07-31,34.458255767822266,34.565538460204266,34.31195543732651,34.399734891509574,28627000,33.30086167653402,1,1,0.008373778781162189,None
2023-08-01,34.458255767822266,34.48751434569263,34.27294151978472,34.389979551838145,26480300,33.3626324335734,1,1,0.00869259463298011,None
2023-08-02,34.1656494140625,34.29244276466073,33.97058729999919,34.1656494140625,48923800,33.422777366638186,1,1,0.008463803058566421,None
2023-08-03,34.18515396118164,34.263181777766846,33.863298519195354,33.96082956935579,31861600,33.48487300872803,1,1,0.008738313581254653,None
2023-08-04,34.04861068725586,34.487507875834034,34.0193521148744,34.15589708008289,36191800,33.550869941711426,1,1,0.009287316732719653,None
2023-08-07,34.526519775390625,34.58503691674577,34.25342614030612,34.26318147757934,33119300,33.63734874725342,1,1,0.01216959669834683,None
2023-08-08,34.21442031860352,34.24367889301441,33.81453329193984,34.07787162335246,37254800,33.71570014953613,1,1,0.011025880394099019,None
2023-08-09,33.96083068847656,34.2924414787492,33.921816778898325,34.1949104253748,38304200,33.77714564005534,1,1,0.008646822002966958,None
2023-08-10,33.990089416503906,34.38997269008967,33.902309979835266,34.13638971780871,38097500,33.842167154947916,1,1,0.009150052524418806,None
2023-08-11,34.05836486816406,34.11688573790322,33.80478187377081,33.88280970008968,27516100,33.89093360900879,1,1,0.006862584128097371,None
2023-08-14,33.990089416503906,34.058361898293825,33.83403749804534,33.96083084447143,23773800,33.927995936075845,1,1,0.005215538885875004,None
2023-08-15,33.36588287353516,33.746259205134244,33.32686896245542,33.70724901462585,57472100,33.93807423909505,1,1,0.0014182536678066793,None
2023-08-16,33.31711959838867,33.57070259641548,33.27810568467021,33.30736798024485,33566500,33.94880282084147,1,1,0.001509763140007614,None
2023-08-17,33.15131378173828,33.47316924650416,33.05377900410367,33.424403717972524,38205400,33.96343282063802,1,1,0.0020587841853854094,None
2023-08-18,33.14155578613281,33.239090555946305,32.88797282575981,32.91723139641834,40858300,33.97611198425293,1,1,0.0017842557687837157,None
2023-08-21,33.10254669189453,33.25859862571775,32.83920835596068,33.190326137205815,32308300,33.98261413574219,1,1,0.000915005252441814,None
2023-08-22,32.790435791015625,33.15130883354244,32.74167026976277,33.11229492831185,43148900,33.96570841471354,1,1,0.0023790315502625337,None
2023-08-23,33.1122932434082,33.12204485893425,32.800189458586274,32.848954977357714,30240500,33.952378590901695,1,1,0.0018758189227232602,None
2023-08-24,32.995262145996094,33.463417921013146,32.995262145996094,33.063534630650366,35784900,33.93124669392903,1,1,0.0029737536500018535,None
2023-08-25,33.15131378173828,33.27810341180627,32.878220124932696,33.13180682621136,40347200,33.92279396057129,1,1,0.0011894978812172496,None
2023-08-28,33.33662414550781,33.4536621576315,33.22933775082305,33.25859632371114,34905300,33.909789657592775,1,1,0.001830010504883628,None
2023-08-29,33.638973236083984,33.64872485261322,33.25859322116612,33.307362465525244,43394300,33.89418436686198,1,1,0.0021960304997741265,None
2023-08-30,33.65848159790039,33.85354744334737,33.59020911007968,33.68774389308894,33799900,33.874352900187176,1,1,0.002790752599512336,None
2023-08-31,33.53169250488281,33.76576854675973,33.49267859104612,33.75601692858636,27999700,33.84184214274089,1,1,0.004575026262209292,None
2023-09-01,33.834041595458984,33.94132799999908,33.70725195424947,33.73651052982525,41069200,33.823311233520506,1,1,0.002607733655111799,None
2023-09-05,33.492671966552734,33.931569108977286,33.48292035030813,33.79502415812762,38612300,33.78234748840332,1,1,0.005764559931253688,None
2023-09-06,33.473167419433594,33.54143989976563,33.229336069513145,33.40489493910156,35672800,33.74821116129557,1,1,0.004803782048798055,None
2023-09-07,33.3853874206543,33.53168771636354,33.28785637056218,33.33662189560824,47632600,33.704321416219074,1,1,0.006176316768330858,None
2023-09-08,33.45365905761719,33.52193153507709,33.287855532520574,33.41464515033411,39720800,33.677337137858075,1,1,0.0037973210058945828,None
2023-09-11,33.60971450805664,33.78527338876035,33.52193506770478,33.60971450805664,28965100,33.6532792409261,1,1,0.0033855104870790242,None
2023-09-12,33.834041595458984,34.07787298011497,33.56095163522721,33.59996554970937,48615200,33.632472101847334,1,1,0.002928052595639441,None
2023-09-13,33.834041595458984,34.02910744729811,33.70725195424947,33.99009353281595,31994900,33.61166496276856,1,1,0.002928052595640551,None
2023-09-14,34.146141052246094,34.19491029932472,33.90230969913772,34.068116953948426,65685500,33.61101468404134,1,1,9.150947220093464e-05,None
2023-09-15,33.97058868408203,34.17540614453631,33.90231247669245,33.92181943300783,51766400,33.60386250813802,1,1,0.0010064789368162685,None
2023-09-18,34.063655853271484,34.112639367270155,33.818734546075575,33.926500519194185,32458700,33.604364013671876,1,1,7.057359373474625e-05,None
2023-09-19,34.02446746826172,34.16162280202085,33.808935522524486,34.09304513514128,36112900,33.58762893676758,1,1,0.0023550179187223907,None
2023-09-20,33.789344787597656,34.2497942984112,33.779545842591666,34.14202832656042,31618000,33.573459752400716,1,1,0.0019939366438812556,None
2023-09-21,33.230918884277344,33.67177795439353,33.230918884277344,33.67177795439353,48103300,33.54912935892741,1,1,0.0034238571431060016,None
2023-09-22,32.97620391845703,33.30929703832842,32.97620391845703,33.27990767802292,41688300,33.51533317565918,1,1,0.00475591583093804,None
2023-09-25,33.05458450317383,33.07417492093128,32.79986422589178,32.907630209572424,40141700,33.48187383015951,1,1,0.004708514854820933,None
2023-09-26,32.61372375488281,32.956612106811086,32.55494129289393,32.809661557643004,46165400,33.435994974772136,1,1,0.00645623125281225,None
2023-09-27,32.56474304199219,32.7018983945712,32.28063339039105,32.7018983945712,49360900,33.4092903137207,1,1,0.003757972290727274,None
2023-09-28,32.799861907958984,32.91742309221042,32.584329955829126,32.594128901218305,63638100,33.39204839070638,1,1,0.002426343056812774,None
2023-09-29,32.49615478515625,33.005591514027124,32.41778191613119,32.95660800373618,52853400,33.37020975748698,1,1,0.0030732080196702594,None
2023-10-02,32.22184371948242,32.46676500496004,32.045500094962364,32.38839213695236,49350600,33.33955268859863,1,1,0.004314168795306994,None
2023-10-03,31.7124080657959,32.1532671419511,31.585051683841787,32.065095326720055,52921800,33.29321473439534,1,1,0.006520837226488441,None
2023-10-04,31.94753646850586,31.96713062188925,31.55566087524329,31.722209310400803,40136000,33.26511809031169,1,1,0.003953856958732294,None
2023-10-05,32.094486236572266,32.15326869530024,31.790786209484097,31.85936387606546,41407800,33.23119119008382,1,1,0.004774310773727253,None
2023-10-06,32.36880111694336,32.554939966520244,31.849565400203478,31.95733137419105,54048800,33.21030915578206,1,1,0.0029385921105260504,None
2023-10-09,32.388397216796875,32.45697488851025,32.04550512102717,32.07489822119206,61396600,33.18487860361735,1,1,0.003578675280275112,None
2023-10-10,32.62351608276367,32.8292490757553,32.47656554657069,32.48636075410259,44743400,33.161108334859215,1,1,0.0033450344553769273,None
2023-10-11,32.67250061035156,32.84884424902617,32.427579305214884,32.72148786114092,35746400,33.12889258066813,1,1,0.004533512383542604,None
2023-10-12,32.46677017211914,32.77047395983932,32.24144300208268,32.77047395983932,41991200,33.089168866475426,1,1,0.005590058489543415,None
2023-10-13,32.53534698486328,32.97620610468583,32.35900333693426,32.672502324985246,53213800,33.05595734914144,1,1,0.004673639617958747,None
2023-10-16,32.87823867797852,33.03498817012371,32.711690240397736,32.78026790963609,45589300,33.02409725189209,1,1,0.004483463108268859,None
2023-10-17,33.03498840332031,33.25051662078971,32.72148941681691,32.73128462511895,41925200,33.00884113311768,1,1,0.002146893814074513,None
2023-10-18,32.46677017211914,32.89783409497396,32.3981925002473,32.86844099474115,46942100,32.975294558207196,1,1,0.004720790079289383,None
2023-10-19,32.03570938110352,32.58433074571122,32.01611522705284,32.40799083366071,66656200,32.930305290222165,1,1,0.006331045435934213,None
2023-10-20,31.54586601257324,32.084692156307334,31.516472913574997,32.025909695513505,59901700,32.866712188720705,1,1,0.00894904125027507,None
2023-10-23,31.34992790222168,31.70261518907409,31.320536672116877,31.477288030741192,55913700,32.79138596852621,1,1,0.010600166304711056,None
2023-10-24,31.56545829772949,31.71240883521168,31.398909870606744,31.496880632797318,35825000,32.715766525268556,1,1,0.010641429668593938,None
2023-10-25,31.447895050048828,31.663427001090263,31.35972322800485,31.447895050048828,59240100,32.63622830708822,1,1,0.011192893233126666,None
2023-10-26,31.37931632995605,31.692815300673125,31.32053574009692,31.36952112214725,56046100,32.54400081634522,1,1,0.012978571568010633,None
2023-10-27,30.81110191345215,31.37931741609363,30.72293009131091,31.340130977698266,73057300,32.43868459065755,1,1,0.014820463631272096,None
2023-10-30,31.359724044799805,31.43810066074814,30.948258022679276,31.02663277002624,48978100,32.34855353037516,1,1,0.012683554620772863,None
2023-10-31,31.70261573791504,31.7124109461849,31.359723653226705,31.41850611445397,41050100,32.27115847269694,1,1,0.010891300272780846,None
2023-11-01,31.908344268798828,32.035704381651136,31.692812345079872,31.76139000495369,51764100,32.208458455403644,1,1,0.00882336335078393,None
2023-11-02,32.6627082824707,32.68230243707361,32.14347626570373,32.202254992309584,47417000,32.18951810201009,1,1,0.0026653520556754184,None
2023-11-03,33.09376525878906,33.25051474318939,32.96640887204052,32.97620407978944,58794800,32.193436813354495,1,1,0.0005514546175766633,None
2023-11-06,32.99580383300781,33.23092623091537,32.81946016597557,33.18194270945156,40599700,32.19147745768229,1,1,0.0002757273087887757,None
2023-11-07,32.946815490722656,33.02518836615651,32.83904951694884,32.897831976426176,27442000,32.20258051554362,1,1,0.0015624607144373304,None
2023-11-08,32.98599624633789,33.01538934127972,32.780263267755835,32.93701273770438,30165800,32.21662228902181,1,1,0.0019760069428349514,None
2023-11-09,32.848846435546875,33.14275501103637,32.7900677102112,33.09376775698627,34336600,32.218255106608076,1,1,0.00022977573964300113,None
2023-11-10,33.221126556396484,33.25051591788405,32.80966054676004,33.00559460628065,35146100,32.24242083231608,1,1,0.00340068452548703,None
2023-11-13,33.17214584350586,33.260317672618896,33.05458465042279,33.10356816944049,28327300,32.27409756978353,1,1,0.004457660085407822,None
2023-11-14,33.79914093017578,33.98527978120989,33.50523610431043,33.53462546573618,54296300,32.343655331929526,1,1,0.00978840893154187,None
2023-11-15,33.98527908325195,34.08324984799678,33.848123749811734,33.857922694887485,35000200,32.411580085754395,1,1,0.009558606351029786,None
2023-11-16,34.1224365234375,34.16162109026055,33.975482251943376,34.083248219412084,33222500,32.4791784286499,1,1,0.00951267267579703,None
2023-11-17,34.29878234863281,34.30858129493494,34.16162699802716,34.24979882873122,31336100,32.543511136372885,1,1,0.009053121196512803,None
2023-11-20,34.43593978881836,34.51431266947047,34.18121951799263,34.24979719001429,37285400,32.611762555440265,1,1,0.009604575814088356,None
2023-11-21,34.41634750366211,34.50451933493651,34.35756503707816,34.38695440176862,27285700,32.671523602803546,1,1,0.008409781334558053,None
2023-11-22,34.553497314453125,34.62207497920302,34.43593613733937,34.49471485729502,32719200,32.73422349294027,1,1,0.00882334545687069,None
2023-11-24,34.6612663269043,34.72004505202017,34.54370140226702,34.553500347921506,13168500,32.80737336476644,1,1,0.010293903033015805,None
2023-11-27,34.543701171875,34.60248363380158,34.46532829317563,34.53390596348861,35017000,32.874318504333495,1,1,0.009420751643591796,None
2023-11-28,34.53390121459961,34.651462385083754,34.44572940243595,34.50451185627913,39329300,32.9295072555542,1,1,0.007766352003037769,None
2023-11-29,34.77882766723633,34.98456068045188,34.63187337939506,34.63187337939506,36651300,32.98763523101807,1,1,0.008179969807089682,None
2023-11-30,35.17069625854492,35.17069625854492,34.74943137047752,34.857197328429926,37334500,33.07776610056559,1,1,0.012683527779902448,None
2023-12-01,35.435211181640625,35.474399485785675,35.053134559232376,35.11191701544994,51261600,33.19108282725016,1,1,0.01594632181012745,None
2023-12-04,35.396026611328125,35.53318193862035,35.19028988318741,35.22947818732872,41366600,33.31942151387533,1,1,0.01806026398300986,None
2023-12-05,35.21968078613281,35.29805365233138,35.062931316533536,35.28825844550737,39510900,33.44841327667236,1,1,0.018152167121300966,None
2023-12-06,35.043338775634766,35.54297656506102,34.994355264860005,35.41562018448711,35616100,33.56434262593587,1,1,0.016313979098076636,None
2023-12-07,35.20988464355469,35.22947879596386,35.04333995388039,35.131511771120444,26050900,33.68974227905274,1,1,0.01764667301982792,None
2023-12-08,35.396026611328125,35.45480533033772,35.131511164177816,35.17069946831913,33210100,33.823632621765135,1,1,0.018841512234140767,None
2023-12-11,35.61155700683594,35.6801346747131,35.40582400320444,35.40582400320444,31165700,33.9836477915446,1,1,0.02251788828059098,None
2023-12-12,35.86627578735352,35.876070994989185,35.55277682217761,35.69972735992744,37245700,34.133866182963054,1,1,0.02113925173665021,None
2023-12-13,36.44428634643555,36.483474647233926,35.80748953866905,35.87606719646519,56989000,34.291921869913736,1,1,0.022242143077889187,None
2023-12-14,36.8067741394043,36.94392947494598,36.61083634411506,36.73819647163346,66865700,34.45520286560058,1,1,0.022977466600744734,None
2023-12-15,36.59123611450195,36.67940792088011,36.43448665174101,36.5030643081238,69241700,34.58615379333496,1,1,0.01842786758921955,None
2023-12-18,36.71332550048828,36.841312396753445,36.673943183620025,36.77239522008622,43434000,34.7068058013916,1,1,0.016978567981978943,None
2023-12-19,36.98899459838867,36.99884205556212,36.59517893694962,36.69363473016163,32509000,34.83991216023763,1,1,0.0187311873121907,None
2023-12-20,36.32936096191406,36.97915423291506,36.32936096191406,36.89054588888289,52985700,34.95266367594401,1,1,0.01586678336586944,None
2023-12-21,36.68378448486328,36.693631941288274,36.34904232479328,36.4868804248138,27522200,35.07592328389486,1,1,0.017345518460356146,None
2023-12-22,36.76255416870117,36.91023598975036,36.62471980543111,36.79208903062912,30327700,35.206380208333336,1,1,0.01835834973636441,None
2023-12-26,36.91023635864258,36.97915354096639,36.73301967389428,36.79208939834054,17837600,35.32935053507487,1,1,0.01730480980778326,None
2023-12-27,37.02838134765625,37.02838134765625,36.77240001037073,36.83147349336853,32640800,35.45789171854655,1,1,0.01808876003980986,None
2023-12-28,37.13667678833008,37.21543766799682,36.95946011444925,36.9693038160184,25308000,35.56914291381836,1,1,0.01565565308380168,None
2023-12-29,37.01852798461914,37.18590094856341,36.91023224995443,37.1268274749882,30211300,35.6702512105306,1,1,0.014228309308079723,None
