Date,Close,High,Low,Open,Volume,Smoothed_Close,KMeans_Cluster,GMM_Cluster,DTW_Distance,Major_Event
2014-01-02,46.159969329833984,46.40278190049796,46.05112033290342,46.3106823428087,8771800,46.159969329833984,0,2,0.0,None
2014-01-03,46.26883316040039,46.46978498733646,46.1767335668265,46.23534385092849,3642500,46.21440124511719,0,2,0.0020003594349584652,None
2014-01-06,46.076263427734375,46.56189522401016,46.00928160405373,46.41118212820191,9123500,46.168355305989586,0,2,0.0016921768836573037,None
2014-01-07,46.5618782043457,46.71259124506413,46.28556989835516,46.28556989835516,5714000,46.26673603057861,0,2,0.003615467315926768,None
2014-01-08,46.97215270996094,47.03913770688765,46.51164203516141,46.63723730738876,7793300,46.40781936645508,0,2,0.005184777727690992,None
2014-01-09,47.32382583618164,47.35731834050528,46.93029689543139,47.03914593747272,6204700,46.56048711140951,0,2,0.005610501898463793,None
2014-01-10,47.50802612304688,47.516397651184604,47.06425847525154,47.441041121862426,7734300,46.6958498273577,0,2,0.0049745463590573635,None
2014-01-13,47.12285614013672,47.78431847667581,47.02238185927629,47.60848768666511,12815600,46.74922561645508,0,2,0.001961547058628721,None
2014-01-14,47.71735382080078,47.79271035700852,47.14799403479142,47.19822959624928,6943500,46.856795416937935,0,2,0.003953163584138997,None
2014-01-15,47.67547225952149,47.81781376023613,47.54988019961797,47.81781376023613,10054100,46.93866310119629,0,2,0.0030086171646239723,None
2014-01-16,47.79271697998047,47.876445056693655,47.60013665430164,47.658746946805145,5489900,47.016304362903945,0,2,0.002853297180356984,None
2014-01-17,47.74246597290039,47.92667152725137,47.60849916810529,47.79270472245626,6907500,47.07681783040365,0,2,0.002223854975987649,None
2014-01-21,48.01877975463867,48.10251101897158,47.65037177363731,47.985290442926654,5697400,47.14927643996019,0,2,0.00266283599458661,None
2014-01-22,48.060646057128906,48.14437412582625,47.90155825497442,48.05227133384652,5391300,47.214374269757954,0,2,0.0023923291575129735,None
2014-01-23,47.7257194519043,48.01877083759724,47.41592181645453,47.86805778380643,7052900,47.24846394856771,0,2,0.001252787271713851,None
2014-01-24,46.603759765625,47.53315613512439,46.603759765625,47.441053331801534,13101900,47.20816993713379,0,2,0.0014807949623820704,None
2014-01-27,46.22696685791016,46.68747757924839,46.07625379361462,46.58700326772496,13825900,47.150452108944165,0,2,0.002121115922225414,None
2014-01-28,46.84657287597656,47.03915000144378,46.494907938238086,46.52002891566166,8806300,47.133569929334854,0,2,0.0006204159285678745,None
2014-01-29,46.41952896118164,46.88841425356439,46.26044441981129,46.52837796002437,12281200,47.09598882574784,0,2,0.0013810962694460471,None
2014-01-30,47.26520919799805,47.37405822540964,46.854934060228544,46.88005503210543,10714100,47.10444984436035,0,2,0.00031094034304768314,None
2014-01-31,46.85493850708008,47.13124686580522,46.62886890285611,46.779581972338754,10821300,47.09256835210891,0,2,0.0004366419039802949,None
2014-02-03,45.93392181396485,47.10613079481952,45.850190547747296,46.972163962892665,15808800,47.039902600375086,0,2,0.0019354533609889923,None
2014-02-04,46.38605117797852,46.44466145482196,46.05113257256979,46.19347090375515,10080000,47.011474277662195,0,2,0.0010447338342387535,None
2014-02-05,46.1264877319336,46.44466007823945,45.75807983211974,46.36092883235873,16384200,46.974599838256836,0,2,0.0013551265354074804,None
2014-02-06,46.38605117797852,46.44466145482196,46.16835312625668,46.23533812494664,7842200,46.9510578918457,0,2,0.0008651607127139194,None
2014-02-07,47.18149185180664,47.19823810665246,46.32745521282058,46.453047333131934,11497100,46.95992073645959,0,2,0.0003257073492952678,None
2014-02-10,47.57501602172852,47.59176227487281,47.0893874566286,47.27358985317351,7902800,46.982702043321396,0,2,0.0008372073972522376,None
2014-02-11,48.219722747802734,48.26158677527752,47.49964997676229,47.60849900341319,10380300,47.02688135419573,0,2,0.0016235787566474258,None
2014-02-12,48.219722747802734,48.48765635646608,48.07738122156377,48.37043580192843,6535800,47.06801381604425,0,2,0.0015116078079131512,None
2014-02-13,48.56301498413086,48.5881327628981,47.87643468298032,47.96016274155158,8256400,47.1178471883138,0,2,0.0018313641156397775,None
2014-02-14,48.73884582519531,48.81420235552028,48.4206766473972,48.521150956490246,8379800,47.20380973815918,0,2,0.003159102462987562,None
2014-02-18,49.19099044799805,49.29146476820423,48.85607178861602,48.95654930284326,10874200,47.3012149810791,0,2,0.003579618605656698,None
2014-02-19,48.88956069946289,49.35007142674502,48.82257888892298,49.17424058080434,10732700,47.39499155680338,0,2,0.0034462659829657127,None
2014-02-20,49.33333587646485,49.40869242593079,48.78909696945214,48.95655632315663,9852300,47.487373479207356,0,2,0.0033950128181035044,None
2014-02-21,49.24121856689453,49.58450868128623,49.18260829326817,49.383556890267016,5196300,47.56300900777181,0,2,0.0027795869830189446,None
2014-02-24,49.60963821411133,49.89431812234133,49.33332983523171,49.408686375469685,6464300,47.6392027537028,0,2,0.0028001013332872304,None
2014-02-25,49.48403930664063,49.76034766536798,49.34170095991748,49.5342780611422,6858600,47.70506985982259,0,2,0.0024205998722373057,None
2014-02-26,49.48403930664063,49.79384016836903,49.36681874015783,49.62638084738465,7449000,47.78377596537272,0,2,0.0028924299284140975,None
2014-02-27,49.76872253417969,49.76872253417969,49.35007580063302,49.48404262760711,5980100,47.852154922485354,0,2,0.0025129097754730267,None
2014-02-28,49.76872253417969,50.2459795549012,49.34170427133137,49.81058976275124,10341200,47.921929931640626,0,2,0.0025642143430351094,None
2014-03-03,49.400299072265625,49.60125084674199,49.07375523350912,49.11561925493583,8919900,47.97551600138346,0,2,0.0019692748203830046,None
2014-03-04,50.33807373046875,50.40505872949987,49.852445263575326,49.852445263575326,9658900,48.06203625996908,0,2,0.003179598121365368,None
2014-03-05,50.21249008178711,50.43855970045599,50.13713354223082,50.41343872458983,10740200,48.13515993754069,0,2,0.0026872770797830015,None
2014-03-06,49.90268325805664,50.65624856388805,49.79383742034154,50.480417723867625,14206800,48.19656117757162,0,2,0.002256480397115679,None
2014-03-07,49.77709579467773,50.23760654924158,49.45892339220666,50.17062154071251,12630300,48.264940388997395,0,2,0.0025129191214183777,None
2014-03-10,49.98640441894531,50.01152219272831,49.52589380014333,49.77708112003349,7775900,48.37769521077474,0,2,0.004143711835342678,None
2014-03-11,49.88594055175781,50.23760223426774,49.777091519257766,49.98641486190054,6031700,48.49966100056966,0,2,0.004482212633692084,None
2014-03-12,49.877559661865234,49.93616993503619,49.49240552559315,49.64311856918142,8822700,48.60069389343262,0,2,0.0037129338445665017,None
2014-03-13,49.199363708496094,50.06177816884576,49.098889384754216,50.036657192394415,12551400,48.693355051676434,0,2,0.003405274666210323,None
2014-03-14,48.93142318725586,49.3165805632925,48.90630540834808,49.12400027826382,8006100,48.74889551798503,0,2,0.0020410984111864927,None
2014-03-17,49.408687591552734,49.61801096469679,49.14912865302768,49.232856724676815,6430200,48.83402048746745,0,2,0.003128321591639338,None
2014-03-18,49.936180114746094,50.03665443294695,49.45892311076576,49.50916186687669,6147200,48.967429097493486,0,2,0.004902733449334118,None
2014-03-19,49.78546905517578,50.27110080183787,49.4672998356604,49.994792423077485,8404800,49.0807430267334,0,2,0.004164258896420581,None
2014-03-20,49.78546905517578,49.84407934266657,49.51753539978329,49.78546905517578,4895400,49.20270907084147,0,2,0.004482221979637657,None
2014-03-21,48.882266998291016,50.17616069948653,48.78984556176686,49.99971831836255,19504500,49.285916264851885,0,2,0.003057843816980599,None
2014-03-24,48.33612823486328,49.10910467847967,47.9832499838063,49.05029163663684,20490000,49.32440414428711,0,2,0.0014144200577772548,None
2014-03-25,48.76463317871094,49.09230679821702,48.26051720594936,48.49577260859975,14646400,49.364058049519855,0,2,0.0014572712176774694,None
2014-03-26,48.78144073486328,49.36957126944108,48.73942866376112,48.99148827008993,13638300,49.382781982421875,0,2,0.000688099906924311,None
2014-03-27,48.67220687866211,48.932666932071456,48.25211187933312,48.80663715024456,12961000,49.397864786783856,0,2,0.0005542893329060217,None
2014-03-28,48.48736572265625,49.27714639983041,48.3277307712407,48.8234430157181,13128800,49.3953431447347,0,2,9.266972213572977e-05,None
2014-03-31,49.142723083496094,49.18473194981071,48.7310285014423,48.89066347546628,9508100,49.408805720011394,0,2,0.0004947463144271413,None
2014-04-01,49.4536018371582,49.680453603988575,49.11752443331951,49.28556313523885,10114900,49.417559432983396,0,2,0.00032169678842564053,None
2014-04-02,49.67203903198242,49.70564740602313,49.4115821458443,49.57121711493125,8999300,49.44364204406738,0,2,0.0009585295115694947,None
2014-04-03,49.56280899047852,49.798061162388926,49.23513220165556,49.76445279352445,9609100,49.45129114786784,0,2,0.0002811026743523293,None
2014-04-04,48.73943710327149,49.98292154759217,48.714232420302686,49.831687039636186,20115400,49.4345650990804,0,2,0.0006146781594484896,None
2014-04-07,48.25210952758789,49.03348644466215,48.02525785439824,48.48736169012368,15263300,49.38931414286296,0,2,0.0016629614581720187,None
2014-04-08,47.85722351074219,48.31932738788076,47.56315828121872,48.294122712513214,15165000,49.33508694966634,0,2,0.0019928359488692315,None
2014-04-09,48.882266998291016,48.890667490215336,47.9328511572765,47.96645953511644,14438600,49.31502787272135,0,2,0.0007371661205508584,None
2014-04-10,47.252288818359375,48.94106937275025,47.14306321676008,48.865452141653904,17622500,49.231146748860674,0,2,0.003082610572430422,None
2014-04-11,46.80699157714844,47.63037752352965,46.68096498014159,47.04224699402236,14710100,49.1324223836263,0,2,0.003628096024719696,None
2014-04-14,47.06745529174805,47.33631589878905,46.53813456941739,47.12626834922131,11085300,49.054660924275716,0,2,0.0028577144140302657,None
2014-04-15,47.57155227661133,47.67237737445762,46.56332373363973,47.25228241530863,17424500,48.96244354248047,0,2,0.0033889659913952652,None
2014-04-16,47.80682373046875,48.067280641596014,47.50435474522433,47.98326290350424,29585700,48.88225466410319,0,2,0.00294692146337594,None
2014-04-17,47.79840469360352,48.0420605429726,47.54634835514974,47.82360936592782,8656900,48.81211204528809,0,2,0.002577723907187135,None
2014-04-21,48.36973190307617,48.38653608555135,47.79840251920057,47.89082392027899,5545000,48.76519991556803,0,2,0.0017240091738690566,None
2014-04-22,48.899051666259766,49.15950847786419,48.64699534322612,48.714208867002405,8980300,48.72895482381185,0,2,0.001331998164830317,None
2014-04-23,48.6554069519043,49.00828844885788,48.48736829645358,48.98308056724427,8668900,48.687937037150064,0,2,0.0015073935231402213,None
2014-04-24,48.57979583740234,48.907469494023424,48.12609237204801,48.907469494023424,8012600,48.6446782430013,0,2,0.0015897499944688143,None
2014-04-25,48.21851348876953,48.56299133130459,48.0924868859325,48.54618714324542,6368600,48.61198323567708,0,2,0.001201533439284086,None
2014-04-28,48.50416564941406,48.84024291297015,47.87402318404914,48.6217917301376,9735200,48.597741317749026,0,2,0.0005233869642666811,None
2014-04-29,48.78984832763672,48.831857199782434,48.46217463780003,48.588204459308685,8955800,48.57711334228516,0,2,0.0007580730005281033,None
2014-04-30,48.831844329833984,48.907461561795465,48.53777909724527,48.70581774661196,11115200,48.54030214945475,0,2,0.0013528022394080352,None
2014-05-01,48.94107437133789,49.209934952680335,48.55458768629199,48.8654571325184,6857500,48.51215565999349,0,2,0.0010343765318905351,None
2014-05-02,48.52099609375,49.01670856299725,48.4201741421442,48.92428710524525,6126300,48.4700065612793,0,2,0.0015489689614862634,None
2014-05-05,48.84024810791016,48.85705229338238,48.067271601540895,48.35293634442748,7218700,48.46860593159993,0,2,5.1472794580620373e-05,None
2014-05-06,48.41175079345703,48.78983696485811,48.38654611705388,48.78983696485811,6117700,48.47112668355306,0,2,9.263701132677937e-05,None
2014-05-07,48.546173095703125,48.55457678983655,47.91603064864542,48.47895956798682,9058100,48.46384468078613,0,2,0.0002676118020912277,None
2014-05-08,48.28573226928711,48.83185398133016,48.15130196423807,48.57139706815023,7710000,48.44732106526693,0,2,0.0006072387868678586,None
2014-05-09,48.57979583740234,48.63020840190988,47.983261580216734,48.33613991655599,7298600,48.444240697224934,0,2,0.00011320276429538367,None
2014-05-12,49.075496673583984,49.10910504204882,48.68901005144971,48.773027767541365,5244500,48.46384506225586,0,2,0.0007204555700812687,None
2014-05-13,49.1511116027832,49.3275507213712,49.08389486899524,49.201524153124176,3230400,48.46412467956543,0,2,1.0275867025288932e-05,None
2014-05-14,49.184715270996094,49.33594970250111,48.98306829396607,49.12590223708525,3746700,48.455161794026694,0,2,0.0003293838285605144,None
2014-05-15,48.68901824951172,49.05870074965923,48.46216653178337,49.00829139354469,6469400,48.422394434611,0,2,0.0012041923607652993,None
2014-05-16,48.85704803466797,48.89905689215144,48.48736239664457,48.74782244115466,8913400,48.398869069417316,0,2,0.00086455135707042,None
2014-05-19,49.15952682495117,49.1931352019175,48.73103123637987,48.857061047467965,4386100,48.412872060139975,0,2,0.0005146064485141988,None
2014-05-20,48.8486557006836,49.19313354027457,48.7058249110081,49.15952516444347,4611800,48.432756932576496,0,2,0.000730764147915508,None
2014-05-21,49.260353088378906,49.30236195801701,48.9158752292324,49.0166971573781,3921500,48.47952791849772,0,2,0.0017188221741428755,None
2014-05-22,49.55442810058594,49.71406311855026,49.11752871949882,49.27716694253508,3526100,48.50193328857422,0,2,0.0008233918132969364,None
2014-05-23,49.57962417602539,49.67204561434924,49.41158869369627,49.57122368393749,2796300,48.579511133829754,0,2,0.0028509666414135992,None
2014-05-27,49.84849166870117,49.8905005423761,49.57962782602407,49.84849166870117,3246500,48.680894470214845,0,2,0.00372581255740001,None
2014-05-28,49.70563888549805,49.94929474791936,49.70563888549805,49.82326496940616,4401700,48.76883392333984,0,2,0.0032317531699634916,None
2014-05-29,50.10052490234375,50.10052490234375,49.83166438931156,49.83166438931156,2682200,48.853133010864255,0,2,0.0030979706337816992,None
2014-05-30,50.23496627807617,50.26017095516743,49.99131038262453,49.99971087329801,7778100,48.9340710957845,0,2,0.0029744546186794008,None
2014-06-02,50.30217742919922,50.36099047633228,49.92409126543615,50.1929550302782,4880300,49.01753018697103,0,2,0.003067100975951753,None
2014-06-03,50.39460754394531,50.42821592098406,50.08373806901506,50.18455999506005,3054500,49.085026041666666,0,2,0.0024804559798885517,None
2014-06-04,50.53742980957031,50.53742980957031,50.22655720175013,50.35258698384702,3599800,49.139638646443686,0,2,0.0020069997292027075,None
2014-06-05,50.59626007080078,50.75589507138524,50.23497799125612,50.59626007080078,3929800,49.2043337504069,0,2,0.002377529082618457,None
2014-06-06,50.545841217041016,50.74748827093687,50.44501929262868,50.63826264986532,3950900,49.26986859639486,0,2,0.002408389394503052,None
2014-06-09,50.285377502441406,50.54583759399771,50.18455558525582,50.50382872892629,5533400,49.33876406351725,0,2,0.002531891390687324,None
2014-06-10,50.45341491699219,50.45341491699219,49.95770262926856,50.29377995165,6921400,49.40373903910319,0,2,0.002387814295589319,None
2014-06-11,50.39460754394531,50.47022478974687,50.21816837209879,50.24337305234222,5901200,49.457231012980145,0,2,0.0019658168205654025,None
2014-06-12,50.142539978027344,50.38619584977896,50.024913889614986,50.28537074107934,4305300,49.50092086791992,0,2,0.001605591372011217,None
2014-06-13,50.10052490234375,50.22655146497564,49.96609464582766,50.18454261076501,2950700,49.53956921895345,0,2,0.0014203173493578802,None
2014-06-16,50.20135498046875,50.57944114016424,50.0333163311518,50.32738476872413,9021700,49.595581181844075,0,2,0.002058425794055685,None
2014-06-17,50.1761474609375,50.30217403697923,50.02491300563105,50.21815631961808,3728200,49.64011116027832,0,2,0.0016364657028140606,None
2014-06-18,50.57944107055664,50.58784156072914,50.05852414295456,50.12573767954645,5374200,49.71236750284831,0,2,0.002655402732816725,None
2014-06-19,50.74748611450195,50.74748611450195,50.520634390410514,50.55423956040583,4313800,49.78574460347493,0,2,0.0026965903144264836,None
2014-06-20,51.17421722412109,51.182649265575336,50.85374495801485,50.9043468580659,4426700,49.88202743530273,0,2,0.0035383702754017143,None
2014-06-23,50.98024368286133,51.25011402553602,50.938077045026205,51.2079473877009,3406700,49.9620423634847,0,2,0.0029405288366863847,None
2014-06-24,51.01398849487305,51.418794089942246,50.954951329552536,51.14892369322945,4868300,50.02665875752767,0,2,0.002374636512500805,None
2014-06-25,51.570587158203125,51.60431853879124,50.95494201012259,50.98867660781901,20099100,50.10730794270833,0,2,0.002963837624645249,None
2014-06-26,51.63805770874024,51.73082625206535,51.20795280990668,51.69709165138193,11236400,50.189086023966475,0,2,0.003005324276509791,None
2014-06-27,51.50312423706055,51.62962738527892,51.326022403241794,51.48625693615752,4840900,50.28288955688477,0,2,0.0034472566531835724,None
2014-06-30,51.30073165893555,51.654935385941,51.24169448732541,51.53686747693918,6434500,50.364345677693684,0,2,0.00299349230956647,None
2014-07-01,51.95010757446289,52.05131140155043,51.444101307462745,51.50313526470912,8145300,50.45736503601074,0,2,0.003418438430380366,None
2014-07-02,52.34646987915039,52.34646987915039,51.8573310223356,51.93323226769929,4036600,50.57395884195964,0,2,0.004284793554923283,None
2014-07-03,52.55732345581055,52.57419076218245,52.228419024332766,52.45612283468886,2468600,50.68385785420735,0,2,0.004038761540881897,None
2014-07-07,52.16093444824219,52.56574324781597,52.11876780327665,52.3464715466211,3900300,50.77074139912923,0,2,0.0031929488044442067,None
2014-07-08,51.67179489135742,52.10189981168244,51.49469305458293,52.076600468460015,7145400,50.840480422973634,0,2,0.00256289189175396,None
2014-07-09,51.89107894897461,51.94168086771768,51.536875169102295,51.81517767941487,5879900,50.90856666564942,0,2,0.0025021525922568344,None
2014-07-10,51.85732269287109,51.96695530525795,51.28384742381609,51.47781652700996,4726600,50.980289459228516,0,2,0.00263579493925703,None
2014-07-11,51.96694946289063,52.01755135168593,51.64648048517712,51.93321808746824,3779600,51.042503611246744,0,2,0.0022863547117550898,None
2014-07-14,52.1356315612793,52.270566746263405,52.00912841787169,52.270566746263405,4078700,51.10585912068685,0,2,0.0023282993149467135,None
2014-07-15,51.68865966796875,52.20310106909015,51.57059178255242,52.169366468368736,5498900,51.1520751953125,0,2,0.0016984293211650403,None
2014-07-16,51.519996643066406,51.89106764837627,51.292292883975456,51.85733626033648,5279000,51.189588165283205,0,2,0.0013785923758846685,None
2014-07-17,50.9549446105957,51.74769161137762,50.89591067016834,51.31758351156861,7321900,51.20350532531738,0,2,0.0005114521919233894,None
2014-07-18,51.78986740112305,51.88263595735665,51.02242282288468,51.14049072459689,8938700,51.243292236328124,0,2,0.0014621591471495332,None
2014-07-21,51.57902145385742,51.6633547346768,51.40191963387166,51.63805539385268,3731900,51.277731577555336,0,2,0.0012656372791435277,None
2014-07-22,52.02598571777344,52.16935613388417,51.815149330693146,51.84045188477619,5640400,51.33575185139974,0,2,0.0021322307252957806,None
2014-07-23,52.44766616821289,52.523567407355074,52.20309836840668,52.413934786345145,7264400,51.4022268931071,0,2,0.002442941354841466,None
2014-07-24,52.33802032470703,52.62475790934729,52.28741843902665,52.56572398460732,6107400,51.467007319132485,0,2,0.0023806646473176762,None
2014-07-25,52.14406204223633,52.24526261742471,51.88262373779904,52.22839531870859,4129300,51.53372472127278,0,2,0.0024518480408579624,None
2014-07-28,52.19466400146485,52.32959918256548,51.916361597929736,52.16092940191256,7004900,51.603529357910155,0,2,0.0025653031456807085,None
2014-07-29,52.2368278503418,52.43079696173722,52.13562727420251,52.35489894246399,5321800,51.67137845357259,0,2,0.002493437498122475,None
2014-07-30,52.44766616821289,52.69223718512753,52.17779581062033,52.49826806667716,7752700,51.7470957438151,0,2,0.002782591704481696,None
2014-07-31,51.36818313598633,52.08502564777984,51.36818313598633,51.97539303018868,8415200,51.7733871459961,0,2,0.0009662025327863422,None
2014-08-01,51.41035461425781,51.67179294711792,51.0224163529366,51.25012008469695,16923800,51.79548276265462,0,2,0.0008120084517353465,None
2014-08-04,51.629615783691406,51.7308163492603,51.16577315585901,51.51997996101211,9208900,51.8106627146403,0,2,0.0005578594840689455,None
2014-08-05,51.13204193115234,51.579014046096255,50.96337217662944,51.41034429157335,10309500,51.81572265625,0,2,0.00018595160369883068,None
2014-08-06,51.10673904418945,51.31757543169371,50.72723612036816,50.91276995373849,9568000,51.81881434122722,0,2,0.0001136186588679422,None
2014-08-07,50.44894409179688,51.27542256669638,50.35617554164642,51.21638861971133,10947000,51.78142623901367,0,2,0.001374003516667388,None
2014-08-08,51.0477180480957,51.08145265075035,50.34774273711017,50.51641253327461,5472600,51.76174825032552,0,2,0.0007231612212901251,None
2014-08-11,51.02241134643555,51.40191752879764,50.99711200664751,51.2501150558528,4700600,51.745724487304685,0,2,0.0005888693310807103,None
2014-08-12,50.98024368286133,51.1067435963667,50.836873253692005,50.97180842502935,2878500,51.73504155476888,0,2,0.0003925951306296138,None
2014-08-13,51.59589767456055,51.64649958206649,51.165789503532494,51.18265680603448,4751900,51.72323455810547,0,2,0.00043390420953004494,None
2014-08-14,52.20310592651367,52.20310592651367,51.52842671774197,51.68866447752425,4797400,51.71845575968425,0,2,0.00017561966100076987,None
2014-08-15,52.253692626953125,52.51513092122743,51.772985892109645,52.45609698657003,7777600,51.70833473205566,0,2,0.00037194526415218476,None
2014-08-18,52.658504486083984,52.73440572796471,52.44766806053849,52.51513726092515,7448800,51.72492039998372,0,2,0.0006095191975585834,None
2014-08-19,53.0042724609375,53.03800705881775,52.548868257987536,52.73440211211221,3874500,51.76933631896973,0,2,0.0016322740462786367,None
2014-08-20,52.99584197998047,53.08861051832766,52.75970622208465,52.90307344163328,4513800,51.80616175333659,0,2,0.001353325612353018,None
2014-08-21,53.07174682617188,53.23198135604824,53.021144924422615,53.07174682617188,3125900,51.84664255777995,0,2,0.0014876595593169561,None
2014-08-22,53.122344970703125,53.27414423099722,52.99584183383156,53.15607635237492,3248900,51.8851557413737,0,2,0.0014153499793498892,None
2014-08-25,53.52714920043945,53.63678181814108,53.307877530819546,53.44281270554398,4863000,51.931539662679036,0,2,0.0017045976451637301,None
2014-08-26,53.72112274169922,53.75485734243842,53.49341901237248,53.6030548562206,3601300,51.999288431803386,0,2,0.00248975052264111,None
2014-08-27,53.67894744873047,53.872916546059024,53.603046217853375,53.84761399102794,4151700,52.07125345865885,0,2,0.0026446969523008512,None
2014-08-28,53.662086486816406,53.78015436720782,53.46811736658644,53.52715130678215,3466000,52.161491521199544,0,2,0.003316226497937391,None
2014-08-29,53.85606384277344,53.9066625323311,53.61149278621488,53.746427986883575,4139100,52.23036473592122,0,2,0.0025310736204600115,None
2014-09-02,53.83076477050781,54.01630187878239,53.68739430944775,53.9656999718596,5076800,52.30542284647624,0,2,0.00275836701386889,None
2014-09-03,54.0753173828125,54.31988835718419,53.948814267211176,54.16808590530575,5421900,52.37373390197754,0,2,0.0025104144080370094,None
2014-09-04,53.805458068847656,54.32833153171877,53.69582222083786,54.19339955785724,6231400,52.418993631998696,0,2,0.0016632838932904015,None
2014-09-05,54.11750411987305,54.12593938033908,53.25729414467444,53.82233434574698,6349400,52.47830975850423,0,2,0.0021798529903493957,None
2014-09-08,54.12592315673828,54.22712694934052,53.91508674781272,54.01629054041496,7204800,52.5443717956543,0,2,0.0024277635394267527,None
2014-09-09,53.98255920410156,54.21869496688909,53.847620805813285,54.20182444999457,6667300,52.60396830240885,0,2,0.0021901568952107375,None
2014-09-10,54.362060546875,54.42952974398058,53.94882297448268,54.058455594116666,7039600,52.67480939229329,0,2,0.0026033925463728735,None
2014-09-11,54.21026992797852,54.28617439987917,53.940399514743866,54.15123597615276,6360300,52.73356285095215,0,2,0.0021591750860354697,None
2014-09-12,53.81389617919922,54.21026651405207,53.66209367917595,54.184967169751154,7340200,52.815086619059244,0,2,0.0029959783310569144,None
2014-09-15,53.67052459716797,53.87292899866155,53.48498749722459,53.81389505179026,6082500,52.89042561848958,0,2,0.0027686896106209335,None
2014-09-16,54.40422821044922,54.44639163127791,53.52714798608431,53.59461396336178,6907900,52.98291269938151,0,2,0.003398877366548092,None
2014-09-17,54.446388244628906,54.65722463830757,54.05001479503844,54.37049023132832,6704300,53.09339090983073,0,2,0.00406004693165074,None
2014-09-18,54.8511962890625,54.876495626523806,54.52229203363353,54.623489383478734,5460700,53.2182061513265,0,2,0.004586929279516427,None
2014-09-19,54.91129684448242,55.27522833955476,54.83512828970388,55.14828074825719,6833500,53.36695124308268,0,2,0.005466345362829195,None
2014-09-22,54.615081787109375,54.84360039399418,54.40349383259111,54.79281489404648,4005700,53.48586336771647,0,2,0.004369991193669431,None
2014-09-23,54.293453216552734,54.53043061737656,54.02262097887553,54.10725484243405,7833900,53.59489809672038,0,2,0.004006999345261386,None
2014-09-24,55.24137878417969,55.24137878417969,54.41195764160002,54.42888183634273,8120900,53.73693593343099,0,2,0.0052198553974611706,None
2014-09-25,54.33576202392578,55.19057882028979,54.33576202392578,55.17365463196296,11661500,53.828264745076496,0,2,0.003356311257983746,None
2014-09-26,54.50505065917969,54.58968453757518,54.03955464227794,54.58968453757518,6513000,53.90499623616537,0,2,0.0028198633349472146,None
2014-09-29,54.38655471801758,54.57275310005989,54.00569585864699,54.04801279222704,10284100,53.976091639200845,0,2,0.002612738491825306,None
2014-09-30,54.09033966064453,54.59815264260096,54.04802271929208,54.49658810906427,7580800,54.02381947835286,0,2,0.0017539862939084383,None
2014-10-01,53.52327728271485,54.25113695593374,53.34554099074582,54.25113695593374,11141700,54.04111963907879,0,2,0.0006357766313080937,None
2014-10-02,53.41325759887695,53.65023504747964,52.956226894935554,53.52328422654632,7225200,54.055033493042,0,2,0.0005113306946324947,None
2014-10-03,54.51350784301758,54.58121106133244,53.82795867894789,53.86181351668036,11383100,54.10309219360352,0,2,0.0017661453689425954,None
2014-10-06,54.25960159301758,54.93668545588324,54.039548369013694,54.75048707073767,8287500,54.14100074768067,0,2,0.0013931299940359576,None
2014-10-07,53.39632415771485,54.17496933168073,53.39632415771485,54.14957658749609,11281800,54.13663991292319,0,2,0.0001602595996492706,None
2014-10-08,54.75893783569336,54.80125799229231,53.37092516219349,53.506341269016005,11412300,54.17123374938966,0,2,0.0012713149410061853,None
2014-10-09,53.624847412109375,54.73356613864216,53.59099256724139,54.674321774411055,15686000,54.16943041483562,0,2,6.627209920484489e-05,None
2014-10-10,53.29476547241211,54.21728568946063,53.29476547241211,53.56559774740487,15606800,54.15718638102214,0,2,0.0004499652167906376,None
2014-10-13,52.0337142944336,53.34555909043739,51.974469919867865,53.3201695666453,17937500,54.09644139607748,0,2,0.0022323631848752967,None
2014-10-14,51.64438629150391,52.52459292247875,51.2889168630589,52.34685659396833,19321000,54.023562113444015,0,2,0.002678295626203031,None
2014-10-15,51.22120666503906,51.449722017685495,50.11248474558613,51.0604009999511,32120100,53.928425089518235,0,2,0.0034962621181646725,None
2014-10-16,50.95882797241211,51.55973682071572,50.31560219072762,50.52719008620706,30185000,53.833537419637054,0,2,0.003487098418648138,None
2014-10-17,51.771331787109375,52.101411661142585,51.33123174554944,51.449720466629074,15704700,53.75533167521159,0,2,0.0028740417807364693,None
2014-10-20,52.39762115478516,52.43993808400473,51.60205190830301,51.60205190830301,9848900,53.697721608479824,0,2,0.00211715571528015,None
2014-10-21,53.78564453125,53.81949937073557,52.78694936645228,52.83773162568063,14961400,53.69115778605144,0,2,0.0002412188521330183,None
2014-10-22,53.51482391357422,53.93799981347144,53.362480331325145,53.80258365464736,13813800,53.66291656494141,0,2,0.0010378578965717367,None
2014-10-23,54.42887878417969,54.725107061355686,53.93799644977095,53.93799644977095,11165000,53.67020352681478,0,2,0.0002677940480275698,None
2014-10-24,55.19058609008789,55.21597560449713,54.462723210322295,54.58121191566552,9703500,53.71609319051107,0,2,0.0016864338001765233,None
2014-10-27,55.24983978271485,55.30908414540168,55.0043970066833,55.1990607453122,9110800,53.7687370300293,0,2,0.0019346480924811171,None
2014-10-28,55.65610122680664,55.6899560767372,55.16521558854223,55.6899560767372,8770600,53.81046613057455,0,2,0.0015335341325710683,None
2014-10-29,55.68146896362305,55.83381250012728,55.30907221724608,55.63914880348027,10162400,53.85163548787435,0,2,0.0015129637066297885,None
2014-10-30,56.70554733276367,56.73940216573068,55.54604351795287,55.59682899597796,11630600,53.91344718933105,0,2,0.0022715647530764382,None
2014-10-31,56.934078216552734,57.54345249722992,56.74788625936917,57.43342909655537,11388000,53.98087323506673,0,2,0.002477890517861958,None
2014-11-03,57.00177383422852,57.09487301841478,56.59552871882453,57.01870448070767,8680700,54.06042963663737,0,2,0.0029236780970351983,None
2014-11-04,57.01025772094727,57.16260130311676,56.66325038377994,56.98486820011098,5716000,54.15098978678385,0,2,0.0033280631378531655,None
2014-11-05,56.951019287109375,57.5434630255231,56.81559988567054,57.526538828919485,6592100,54.207977803548175,0,2,0.0020942955327030166,None
2014-11-06,57.29801940917969,57.424973481981006,57.02718706720798,57.02718706720798,7962400,54.30671971638997,0,2,0.0036287408949560174,None
2014-11-07,56.730953216552734,57.34879279650686,56.55322013504152,57.29800730382436,13895600,54.38091646830241,0,2,0.0027267122966205815,None
2014-11-10,57.30646133422852,57.33185084699022,56.637842850521366,56.85789605637239,5455300,54.47824668884277,0,2,0.0035768615517484115,None
2014-11-11,57.51804733276367,57.72963520838029,57.28953526824351,57.43341347394693,9777500,54.59250361124675,0,2,0.004198913662158965,None
2014-11-12,57.433406829833984,57.5265060009072,57.20488833460018,57.2979875056734,3879900,54.72284126281738,0,2,0.0047898764850207165,None
2014-11-13,57.391090393066406,57.72116694564575,57.12025818435645,57.51804440340058,5216600,54.85543568929037,0,2,0.00487281240496773,None
2014-11-14,56.91714096069336,57.37417156631378,56.68862888645805,57.37417156631378,6331800,54.93555679321289,0,2,0.002944430768912598,None
2014-11-17,57.19644165039063,57.34878519394034,56.798655372391366,56.798655372391366,8587200,55.03345146179199,0,2,0.0035976048776806824,None
2014-11-18,58.11898040771485,58.16130058338004,57.1879946574506,57.238773702527055,8240100,55.190873336791995,0,2,0.00578521500275575,None
2014-11-19,57.79734420776367,58.085100615832125,57.64500068080112,58.051245781268285,6253600,55.29215354919434,0,2,0.0037220227765188962,None
2014-11-20,57.55190658569336,57.78041866775525,57.36570820771329,57.54344126201699,9041600,55.423055521647136,0,2,0.004810615137980312,None
2014-11-21,57.82273864746094,58.24591442985078,57.66192978386481,58.12742572735362,8098700,55.57398796081543,0,2,0.005546729839667419,None
2014-11-24,58.11898040771485,58.12744573427833,57.93278196623155,58.05127070951143,5020100,55.77683016459147,0,2,0.007454400860599675,None
2014-11-25,58.19515228271485,58.372885388014986,57.966633677934745,58.237465998937616,5510200,55.99518903096517,0,2,0.008024634376447626,None
2014-11-26,58.55062484741211,58.576014371331496,58.16130374729212,58.3898159197192,5325900,56.23950297037761,0,2,0.008978476896372545,None
2014-11-28,58.91453170776367,59.23614297107441,58.6098446342483,58.6098446342483,4395500,56.504693094889326,0,2,0.00974567153966266,None
2014-12-01,58.77066802978516,59.19384390797854,58.62678332376429,58.70295833955787,8537400,56.73800430297852,0,2,0.008574129239336203,None
2014-12-02,59.42234802246094,59.50698189524862,58.98224800967462,58.98224800967462,7444800,56.972161865234376,0,2,0.00860523254580281,None
2014-12-03,59.515438079833984,59.60853726274829,59.28692601268498,59.55775823830398,6577000,57.163154983520506,0,2,0.007018949897096505,None
2014-12-04,59.43925857543945,59.76086976615909,59.21074009330706,59.41386261075376,4235400,57.360636138916014,0,2,0.0072573836574849615,None
2014-12-05,59.91324234008789,59.96402137980185,59.42235676568112,59.481601131064586,8325100,57.543448257446286,0,2,0.00671830017783015,None
2014-12-08,60.12480926513672,60.454885822202286,59.83704640732485,59.83704640732485,5942800,57.70792236328125,0,2,0.006044382743130461,None
2014-12-09,59.87091064453125,59.93015499851096,59.0838033947149,59.43081065170343,9776300,57.86195805867513,0,2,0.005660773739053715,None
2014-12-10,58.94839096069336,59.86245224971747,58.9060707973097,59.828597410440615,9011200,57.971701049804686,0,2,0.004033027803346911,None
2014-12-11,59.11768341064453,59.81169176303416,58.98227045408592,59.16846891936292,7383300,58.08624153137207,0,2,0.004209334391338304,None
2014-12-12,58.21206665039063,59.126128000895086,58.16128761663508,58.78758604250631,10438600,58.13645884195964,0,2,0.0018454737539446153,None
2014-12-15,57.678855895996094,58.57598641783504,57.47573334442208,58.55906222901616,17776200,58.16128476460775,0,2,0.0009123465221152482,None
2014-12-16,57.01025772094727,58.41519835015325,56.97640287411495,57.43343362062345,14735600,58.161567560831706,0,2,1.0392691343286131e-05,None
2014-12-17,58.07665252685547,58.22053075758798,56.96792747488856,57.07795732192572,17776200,58.19711405436198,0,2,0.001306324852671903,None
2014-12-18,59.66780471801758,59.67627004441989,58.63525444010755,58.76220850753375,16048100,58.28767356872559,0,2,0.003328039772989566,None
2014-12-19,59.81221008300781,60.253939195916296,59.480905147010496,59.88866058135528,17822000,58.37147992451985,0,2,0.0030798628644670423,None
2014-12-22,59.24304962158203,59.56585789256708,58.94573133071633,59.4639174152477,9896600,58.45521647135417,0,2,0.0030772974024406707,None
2014-12-23,57.88386154174805,59.42142610017184,57.57804666544647,59.37895577243895,22190400,58.47446314493815,0,2,0.0007073104978019273,None
2014-12-24,58.30860137939453,58.63989973533023,57.875362575074455,57.926336039792055,4519100,58.50081494649251,0,2,0.0009684221948311755,None
2014-12-26,58.72486114501953,58.8862652739376,58.50399984140284,58.53797999912519,4242800,58.543863423665364,0,2,0.001582020897579639,None
2014-12-29,58.92873764038086,59.01368478774436,58.59743922892687,58.66539305818653,5225900,58.59511833190918,0,2,0.0018836052113913038,None
2014-12-30,58.67389678955078,58.97121508168652,58.60593647104756,58.83530092573277,4965100,58.65367685953776,0,2,0.0021520114188460227,None
2014-12-31,58.08774566650391,59.175091231084856,58.07925548817008,58.8437863255529,7863600,58.683386993408206,0,2,0.0010918400775064008,None
2015-01-02,58.30011367797852,58.91174350014327,58.062259076259295,58.36807398734167,7516800,58.68942476908366,0,2,0.0002218867639638411,None
2015-01-05,58.0027961730957,58.5124855377822,57.89236552974673,58.036776328215055,10784800,58.69627316792806,0,2,0.0002516769650946493,None
2015-01-06,57.80743408203125,58.69089243085971,57.450645596906064,58.1981962504506,13344500,58.70479075113932,0,2,0.00031301907807290696,None
2015-01-07,59.166595458984375,59.18358229695893,58.07075969963602,58.19818366812811,14146400,58.749585978190105,0,2,0.0016462135239212472,None
2015-01-08,60.177467346191406,60.2454276486308,59.65079120491396,59.752725177521896,22138400,58.81820220947266,0,2,0.0025216295425802837,None
2015-01-09,59.64234161376953,60.29644869909969,59.43846702661428,60.228488343029184,9724300,58.866441853841145,0,2,0.0017727950091317446,None
2015-01-12,59.66780090332031,60.31341106177518,59.50640322449683,60.10103989606471,11972100,58.90368105570475,0,2,0.001368531465604672,None
2015-01-13,59.40444946289063,60.55974886478624,58.90325025361646,60.22845043876273,14219800,58.92001164754232,0,2,0.0006001452142694319,None
2015-01-14,59.31101608276367,59.46392357405337,58.67390261589881,58.83530676810831,12548000,58.938023249308266,0,2,0.000661921913711172,None
2015-01-15,58.67389678955078,59.6423086445373,58.63991663029917,59.53187798775908,16382800,58.91307487487793,0,2,0.0009168465948505844,None
2015-01-16,59.77822113037109,59.888651772091336,58.563458147241214,58.5804449840244,13759300,58.921834309895836,0,2,0.0003219070721987016,None
2015-01-20,59.77822113037109,60.02457239056407,59.08164416332785,59.87166493530815,10387200,58.933133061726885,0,2,0.0004152263375429843,None
2015-01-21,59.89716339111328,60.12652139075644,59.42144758869424,59.71877239560117,8391000,58.932597096761064,0,2,1.9696580041639322e-05,None
2015-01-22,60.61073303222656,60.61922969405952,59.32800929971867,60.160507170890064,11497400,58.948794555664065,0,2,0.0005952526118251367,None
2015-01-23,60.26242065429688,60.58522236764423,60.23693716127618,60.525758723578896,6815600,58.96184488932292,0,2,0.0004795965368482591,None
2015-01-26,60.57672119140625,60.61070133991642,59.9566013039849,60.32187979915594,7871700,59.016122563680014,0,2,0.001994691119041603,None
2015-01-27,60.143497467041016,60.56823966248325,59.88864955735505,60.03306034835303,10040100,59.050316365559894,0,2,0.001256613768809034,None
2015-01-28,59.27701568603516,60.474791705788,59.18357189097425,60.25392396463939,11005400,59.08581466674805,0,2,0.0013045537960085785,None
2015-01-29,59.77822113037109,59.82918812177247,58.801312748516686,59.277021951067645,12120000,59.15579350789388,0,2,0.0025717051183156148,None
2015-01-30,58.843788146972656,59.91414042591275,58.75884099363984,59.52337833573991,13886500,59.216911188761394,0,2,0.0022460596679358957,None
2015-02-02,59.17511367797852,59.20059718475098,58.13874119553421,58.954245817526136,18042300,59.253526560465495,0,2,0.0013456058614094157,None
2015-02-03,59.5743522644043,59.59984224631763,58.67390066839351,59.46392160032567,17432800,59.25041147867839,0,2,0.00011447848584955622,None
2015-02-04,58.82680892944336,59.14961074634635,58.50400711254037,58.86078909138892,15184800,59.21756477355957,0,2,0.0012071082957463286,None
2015-02-05,59.820709228515625,59.871682716107,59.200589045461854,59.200589045461854,10801400,59.23682009379069,0,2,0.0007076282599474126,None
2015-02-06,59.27701568603516,60.06703637451758,59.11561158892066,59.82068514036165,11886100,59.28325856526693,0,2,0.001706602350463493,None
2015-02-09,58.58044052124024,59.17508346017956,58.444526394173536,59.00518270003205,8139000,59.29231986999512,0,2,0.00033300070945085913,None
2015-02-10,59.565860748291016,59.62532440931498,58.92025065642155,59.05616481831077,8629000,59.320353190104164,0,2,0.0010302175861638396,None
2015-02-11,59.62530899047852,59.94811071241169,59.28551395204548,59.61681233222858,8088100,59.34357223510742,0,2,0.0008532941657728443,None
2015-02-12,59.837684631347656,60.00757892296275,59.3364854532951,59.90563845936262,10124100,59.382365163167314,0,2,0.0014256305193474095,None
2015-02-13,60.07555389404297,60.12652089775612,59.608334756494486,59.8801695780536,8592300,59.44862543741862,0,2,0.0024350487039070945,None
2015-02-17,60.508785247802734,60.53426874644971,60.0755463276464,60.1350099848402,8381700,59.522247823079425,0,2,0.0027056044788156264,None
2015-02-18,60.57672119140625,60.61070133991642,60.20295251989566,60.500270718046345,7780900,59.60804532368978,0,2,0.003153036944388732,None
2015-02-19,60.67866134643555,60.78060179147801,60.40682664070624,60.50876708574871,5383600,59.70375289916992,0,2,0.003517229746787698,None
2015-02-20,61.315799713134766,61.34128321459264,60.48330193954261,60.59373908726439,8213700,59.77539304097493,0,2,0.002632757506984995,None
2015-02-23,61.59612655639648,61.79150437357418,61.29880826000471,61.40923891836371,8577500,59.8226816813151,0,2,0.0017378458461116963,None
2015-02-24,61.51964569091797,61.71502991328797,61.29028780305344,61.68104976674318,8052200,59.885258483886716,0,2,0.002299682029970551,None
2015-02-25,61.49417495727539,61.681062561513535,61.24782370451162,61.46869146234321,9629700,59.94613761901856,0,2,0.002237293171101662,None
2015-02-26,61.664058685302734,61.68954865692182,61.20534289296728,61.49416442747853,4424900,60.02145792643229,0,2,0.0027680026836301996,None
2015-02-27,61.36674499511719,61.71503667457125,61.33276484484964,61.638579716206536,6745300,60.089982223510745,0,2,0.002518250983299275,None
2015-03-02,61.918922424316406,61.935915743084905,61.45170337396523,61.56214050280396,6769900,60.1981497446696,0,2,0.003975129671267674,None
2015-03-03,61.35827255249024,61.89344549151834,61.0524575927448,61.88494883123296,10144000,60.2508181254069,0,2,0.0019355499762170325,None
2015-03-04,61.655574798583984,61.74052193616148,60.82307729580175,61.17985916225793,9153500,60.313396581014,0,2,0.0022997427786159985,None
2015-03-05,61.87645721435547,62.15678869714678,61.6555958773563,61.73204638299754,6252100,60.37937304178874,0,2,0.0024246186287818494,None
2015-03-06,60.66170501708984,61.7235608829732,60.58524802459824,61.58764022123427,12314900,60.38107210795085,0,2,6.244026156920768e-05,None
2015-03-09,61.03546524047852,61.09492890131389,60.50029229296009,60.848577597552186,10306300,60.406840260823564,0,2,0.0009469732500170247,None
2015-03-10,60.35585784912109,60.77210331205939,60.31338104469762,60.50026861448024,12323900,60.399478149414065,0,2,0.0002705557749086429,None
2015-03-11,60.3219108581543,60.74665321164999,60.27943403038313,60.67869287963772,7525100,60.405425262451175,0,2,0.00021855493441036433,None
2015-03-12,61.12042236328125,61.12042236328125,60.54277250056615,60.60223617109327,7574200,60.466872151692705,0,2,0.0022581579943242724,None
2015-03-13,61.0014877319336,61.40074653535189,60.59373874877894,61.03546789403868,6480400,60.50764770507813,0,2,0.0014984915100967333,None
2015-03-16,62.3521614074707,62.36065806686712,61.30729265748554,61.52816043442712,13635100,60.62459348042806,0,2,0.004297728343429563,None
2015-03-17,62.17377471923828,62.301192213680174,61.79150279275474,62.13129790038924,10142500,60.72454884847005,0,2,0.0036733350736831705,None
2015-03-18,62.98078155517578,63.24411968143906,61.79999859534345,62.03785322307191,12886900,60.83809649149577,0,2,0.00417284782029137,None
2015-03-19,63.34607696533203,63.43102414333947,62.870367583647,62.98079826695125,9403900,60.988738759358725,0,2,0.00553606611590618,None
2015-03-20,63.80436706542969,64.74993295251785,63.44658713495885,64.2302974109944,9544300,61.121527353922524,0,2,0.00487994803432068,None
2015-03-23,63.62545394897461,63.96619290209758,63.3784136585352,63.608413101811095,4667800,61.26647529602051,0,2,0.00532680105127592,None
2015-03-24,63.07176208496094,63.87251316019794,63.0632416588552,63.702137133987485,8467700,61.416186014811196,0,2,0.005501831917712918,None
2015-03-25,61.9217643737793,63.5658559974486,61.90472351803309,63.25066515796593,15039100,61.49471613566081,0,2,0.0028859625341611794,None
2015-03-26,61.77690887451172,62.288030276839855,61.26579397136219,61.57246421308763,18253800,61.56643613179525,0,2,0.0026356921338571704,None
2015-03-27,62.21990585327149,62.45842580765965,61.845085068272205,61.94731069123055,8841600,61.645843505859375,0,2,0.002918201372999807,None
2015-03-30,62.85027313232422,62.94397831692308,62.64582841100874,62.72249274430936,8008200,61.73833414713542,0,2,0.0033990082097844487,None
2015-03-31,61.759883880615234,63.18248930123458,61.759883880615234,62.60322392349059,8442900,61.78003743489583,0,2,0.001532585519107621,None
2015-04-01,61.13804626464844,62.02398226942503,60.746191079701845,61.785462287212496,21829300,61.79874827067057,0,2,0.0006876185907335186,None
2015-04-02,61.32545471191406,61.606570324439694,61.02730474371196,61.19767429720405,7560100,61.82030804951986,0,2,0.0007923165446669378,None
2015-04-06,61.41913604736328,61.75136109699076,60.9080210863348,60.984685405858365,5746200,61.82375259399414,0,2,0.00012658615818350594,None
2015-04-07,61.56396865844727,62.02397420685278,61.5128590972404,61.57248908504215,5599300,61.8226806640625,0,2,3.939316008294558e-05,None
2015-04-08,62.08359146118164,62.35618656367717,61.6235860071242,61.70025683239039,12577100,61.84147885640462,0,2,0.0006908289229962117,None
2015-04-09,62.55212020874024,62.654345814056605,62.01545040398471,62.10063515882492,8181400,61.876743698120116,0,2,0.0012959742180830292,None
2015-04-10,63.08878707885742,63.17397832891508,62.36470694762662,62.61174727459805,5084300,61.92423464457194,0,2,0.0017452805457193188,None
2015-04-13,62.748046875,63.4124970179877,62.72248560096374,63.13138149620682,6814800,61.97027804056803,0,2,0.001692083424202795,None
2015-04-14,62.85027313232422,62.91842353915621,62.33915807944528,62.81619792890822,5878700,62.0013230641683,0,2,0.0011408969451872641,None
2015-04-15,63.01212310791016,63.31879341214217,62.89286315617325,63.19953346040526,6254600,62.056451416015626,0,2,0.002025953306580619,None
2015-04-16,62.97804260253906,63.23360333426508,62.884337434184815,63.080268195065344,4439500,62.100533676147464,0,2,0.0016200121658446198,None
2015-04-17,62.43285751342773,62.73952781674416,62.03248203414351,62.57767224022162,12115400,62.1190803527832,0,2,0.0006815857829436389,None
2015-04-20,62.816200256347656,62.98657627974035,62.65435115810055,62.74805634617133,6659500,62.190896860758464,0,2,0.0026392389201564947,None
2015-04-21,63.23361587524414,63.42101974994063,63.105835484038735,63.13139026244368,6577200,62.26416854858398,0,2,0.002692716420036323,None
2015-04-22,63.33583068847656,63.47213149628926,63.01212601869175,63.378426315713085,6078200,62.3635009765625,0,2,0.0036504421802971976,None
2015-04-23,63.57437515258789,63.73623079957193,62.94399992098163,63.24214992922901,10532500,62.47191645304362,0,2,0.003984241968084001,None
2015-04-24,63.36990737915039,63.659543352966544,63.09731225630127,63.44657821014128,10397200,62.546899286905926,0,2,0.002755600614014808,None
2015-04-27,62.21990585327149,63.58288166347618,62.13472108373019,63.52325167487914,17847700,62.58751322428385,0,2,0.0014925521617612514,None
2015-04-28,62.52654647827149,62.63728597607681,61.50431023252309,62.39876613515565,15798400,62.593326059977215,0,2,0.00021362027521143467,None
2015-04-29,61.95582962036133,62.53509513809416,61.54693363759297,62.09212394849668,13661300,62.58606122334798,0,2,0.00026698095077326567,None
2015-04-30,61.0869369506836,61.9984277431738,60.76323218764724,61.6917573364311,14554400,62.52293306986491,0,2,0.0023199440397119186,None
2015-05-01,61.91321563720703,61.94729083393696,61.495805850829065,61.50431977562712,11508300,62.47517102559407,0,2,0.00175524332357202,None
2015-05-04,62.30508804321289,62.55212841408142,62.00693811257191,62.15175286471452,8561700,62.42519505818685,0,2,0.0018366044517096336,None
2015-05-05,61.5213508605957,62.1858008434379,61.461720900575976,62.177280420812735,11373800,62.35505828857422,0,2,0.0025775089504417315,None
2015-05-06,61.28287124633789,61.71731559771558,60.8398999675598,61.68324688320878,10152200,62.29542859395345,0,2,0.0021913765410925823,None
2015-05-07,61.57247543334961,61.78544055673512,61.10395606140936,61.19765473645358,9019700,62.28378562927246,0,2,0.00042787607471350686,None
2015-05-08,62.56915283203125,62.73952883618652,62.15174299541589,62.20285254707246,11222400,62.31019376118978,0,2,0.0009704923217490613,None
2015-05-11,62.603248596191406,62.90139857742161,62.54361859994536,62.790659012731005,7980700,62.32297185262044,0,2,0.00046959170224114555,None
2015-05-12,62.20285415649414,62.45841491974934,61.913224690706414,62.15174460351517,7019800,62.301391220092775,0,2,0.000793082912193821,None
2015-05-13,62.2710075378418,62.73101303419141,62.160268001364855,62.4073083512108,6005800,62.31842867533366,0,2,0.0006261222696548607,None
2015-05-14,63.13136672973633,63.15692149861554,62.34765682127548,62.6032110092458,6894400,62.38487269083659,0,2,0.0024418011494965475,None
2015-05-15,63.259159088134766,63.33582340933326,63.06322832421726,63.24211823952656,3872300,62.44932950337728,0,2,0.002368771931729352,None
2015-05-18,63.63400268554688,63.71067354136903,63.18251747640447,63.21659269019404,6792200,62.523158391316734,0,2,0.002713193386523316,None
2015-05-19,63.9321403503418,64.09398944419185,63.55731960824166,63.71917520127228,5869200,62.60209744771321,0,2,0.002900990814448723,None
2015-05-20,64.017333984375,64.28992915300458,63.76177317039287,64.04288876593691,10577000,62.66655553181966,0,2,0.002368818661456662,None
2015-05-21,64.02584838867188,64.09399230003318,63.78732195177429,64.00028711033292,4537900,62.71567980448405,0,2,0.0018053048803888805,None
2015-05-22,63.87250900268555,64.17917283154166,63.821392948559165,63.91509813208036,4612300,62.741803868611655,0,2,0.0009600529006784653,None
2015-05-26,63.22512435913086,63.7447600882376,63.09734390949773,63.67660964854211,9533800,62.75770645141601,0,2,0.000584415988072351,None
2015-05-27,63.95768356323242,64.02583395841474,63.27619260976813,63.446568597723896,13043700,62.79462013244629,0,2,0.0013565686554254386,None
2015-05-28,64.00027465820312,64.17916457668518,63.69360436961114,63.949165109831,5766400,62.827558517456055,0,2,0.0012104775090820974,None
2015-05-29,63.83845520019531,64.41772084743124,63.64252434191999,63.89808520068213,9839200,62.85623893737793,0,2,0.0010539983443684786,None
2015-06-01,64.09397888183594,64.34101919394728,63.66804865388799,64.20472490057728,7466700,62.9116096496582,0,2,0.0020348599925968935,None
2015-06-02,63.67657852172852,63.96620800008025,63.42953817298002,63.88954366728613,5722400,62.9402889251709,0,2,0.0010539562876137332,None
2015-06-03,63.795841217041016,63.94917638838033,63.6169512670086,63.88954640503619,5357600,62.95902976989746,0,2,0.0006887214122970331,None
2015-06-04,63.35288619995117,63.8128917840016,63.13140058559021,63.557330959801895,6479500,62.959598286946616,0,2,2.089286105944055e-05,None
2015-06-05,63.32729721069336,63.36989282915042,62.81618228510299,63.2676672443608,7772200,62.95136235555013,0,2,0.00030266844348425526,None
2015-06-08,63.01212310791016,63.480642489968005,63.01212310791016,63.34434818763151,6736600,62.939436213175455,0,2,0.00043828278497493045,None
2015-06-09,62.99507522583008,63.2165607539793,62.74804142422346,63.2165607539793,8297500,62.96527519226074,0,2,0.0009495760958259103,None
2015-06-10,63.77029037475586,63.84695471556748,63.02065532370175,63.1399152977517,7728800,63.00673332214355,0,2,0.0015235760276913757,None
2015-06-11,64.20474243164062,64.30696155478411,63.86399685640601,64.26437241986808,4912000,63.08169708251953,0,2,0.0027548996681058258,None
2015-06-12,63.41248321533203,63.9832280601618,63.327291985447175,63.889522906631136,6330600,63.15921529134115,0,2,0.0028487750172049298,None
2015-06-15,63.48917770385742,63.61695811024891,62.68842655637345,63.01213778578941,7150200,63.211747360229495,0,2,0.001930540549454518,None
2015-06-16,63.80436706542969,63.83844227297662,63.31880673145317,63.455101062459605,6041400,63.261723327636716,0,2,0.0018366044517096336,None
2015-06-17,63.863990783691406,64.02584637885307,63.46361525830034,63.8810251362018,5132100,63.33981132507324,0,2,0.00286971460799168,None
2015-06-18,64.76696014404297,64.97992529327324,63.95769517664015,63.98324995467889,9511200,63.45594762166341,0,2,0.0042679801990539445,None
2015-06-19,64.71653747558594,64.97297861911589,64.6738016327104,64.82765849294535,10327400,63.56074968973795,0,2,0.0038514501021198466,None
2015-06-22,65.2208480834961,65.52857474376604,65.1439131576451,65.1951987605011,6635000,63.64913953145345,0,2,0.0032483048393604497,None
2015-06-23,65.3490982055664,65.52006117884676,65.11830634360119,65.31491213248094,4631600,63.74066785176595,0,2,0.003363643152191398,None
2015-06-24,64.6908950805664,65.3234416446774,64.6908950805664,65.26360624701243,7294400,63.82360254923503,0,2,0.0030478296364283564,None
2015-06-25,65.04987335205078,65.3575999562503,64.7165039510956,64.887466798743,9232500,63.91623140970866,0,2,0.0034040877311378726,None
2015-06-26,64.95585632324219,65.39180350598751,64.72506459212227,65.14391222644868,6147500,63.977047729492185,0,2,0.002234984722574551,None
2015-06-29,63.36594009399414,64.7250673012403,63.33174751729208,64.39169783035425,13675900,63.98060709635417,0,2,0.00013080585255553778,None
2015-06-30,63.58820724487305,64.06689041606067,63.3830582460168,64.04979738347645,8722200,63.97908058166504,0,2,5.609903757974877e-05,None
2015-07-01,64.27204895019531,64.33188434939945,63.89593700001542,64.24640613933202,7756500,63.990410868326826,0,2,0.00041638523477949274,None
2015-07-02,63.972843170166016,64.46008249328756,63.84462916046785,64.41734014234342,5678800,63.98892784118652,0,2,5.450088090730443e-05,None
2015-07-06,63.94723129272461,64.34898610824409,63.37452003388931,63.37452003388931,9352600,63.986307271321614,0,2,9.630529491677642e-05,None
2015-07-07,64.25493621826172,64.25493621826172,63.16079970201059,64.03269422197624,10653300,63.99905484517415,0,2,0.0004684701887868181,None
2015-07-08,63.15225982666016,63.938676277374135,63.13516679410009,63.74207053430337,13074900,63.99662602742513,0,2,8.925845204543759e-05,None
2015-07-09,63.49415969848633,63.99849204551358,63.459967122283885,63.83607893894373,6654600,63.98117523193359,0,2,0.0005678129159760736,None
2015-07-10,64.3489761352539,64.42591108792162,63.92157857163339,64.2891407372098,8059500,63.99279861450195,0,2,0.0004271564369134895,None
2015-07-13,64.89603424072266,65.03280456982336,64.63104988005036,64.81055604581884,7815100,64.02805124918619,0,2,0.0012955256127011872,None
2015-07-14,65.545654296875,65.63113245791921,64.78488757691989,64.93020110285161,5831800,64.0764404296875,0,2,0.00177829042505806,None
2015-07-15,65.63114166259766,66.04144602334644,65.4430857689864,65.75081240915635,6994900,64.14159253438314,0,2,0.0023943237465970935,None
2015-07-16,65.93888854980469,66.03291652548232,65.68244743039868,65.87050338175395,5109200,64.21302744547526,0,2,0.0026252153290048375,None
2015-07-17,65.7935562133789,65.87903438830413,65.5285719146407,65.86194136194578,3877900,64.29438311258951,0,2,0.0029898006611124295,None
2015-07-20,66.00727081298828,66.16113417354691,65.81066509388683,65.87905025892805,3874800,64.38371556599935,0,2,0.0032829455861809187,None
2015-07-21,65.71662902832031,66.1525762498041,65.41745212007359,65.98161987982525,8140200,64.47386576334635,0,2,0.003312997473783441,None
2015-07-22,65.8619613647461,65.92179675752291,65.43456383874921,65.5371350711845,5765400,64.56942863464356,0,2,0.003511911903825271,None
2015-07-23,65.62261199951172,66.11839468523033,65.50294121627876,65.98163087077918,5677400,64.63117268880208,0,2,0.002269078731585772,None
2015-07-24,63.981422424316406,65.00718062549305,63.86175161241465,64.96443825485521,13229700,64.62372868855795,0,2,0.000273565169344403,None
2015-07-27,63.92157745361328,64.04979802477065,63.588207881545614,63.82754946953582,11037000,64.64069849650065,0,2,0.0006236362481643054,None
2015-07-28,65.07554626464844,65.09264581810946,63.95576681099797,64.28058658950033,11445100,64.69357744852702,0,2,0.0019432884190522248,None
2015-07-29,65.18666076660156,65.48583767667564,64.91312666002419,65.3576171376246,9367000,64.73965390523274,0,2,0.001693298397111298,None
2015-07-30,65.09264373779297,65.24650710618069,64.58831127191212,65.12683632205342,5381100,64.78060900370279,0,2,0.0015050897475860081,None
2015-07-31,65.46874237060547,65.75937604606581,65.29778598850028,65.34052834481055,7910300,64.80400174458822,0,2,0.0008596774465171597,None
2015-08-03,65.41744232177734,65.7337187325902,64.97295191346811,65.53711306715161,8447800,64.82736523946126,0,2,0.0008586026627894761,None
2015-08-04,65.38326263427734,65.77646752108058,65.17811367628605,65.74228146272185,10778700,64.83277905782064,0,2,0.00019895648679646438,None
2015-08-05,65.9303207397461,66.04144823782443,65.67388621205019,65.78500718856174,5391200,64.85215314229329,0,2,0.0007119928164736056,None
2015-08-06,64.49430084228516,66.05002798076842,64.43446543394235,65.99019257242563,13360200,64.84560000101725,0,2,0.00024082632242405921,None
2015-08-07,64.38316345214844,64.59686221646406,63.707874574322815,64.47719143017281,10863600,64.82337633768718,0,2,0.0008167141352705132,None
2015-08-10,64.90457916259766,65.18666305409516,64.59685246670361,64.59685246670361,7951100,64.82166709899903,0,2,6.28140993872428e-05,None
2015-08-11,64.35751342773438,64.69943271661509,64.03269369016009,64.46009117086899,7914900,64.85471954345704,0,2,0.0012146691656176323,None
2015-08-12,64.40025329589844,64.46863846227077,63.16935290903852,63.870284560433895,9665900,64.88178774515788,0,2,0.000994749723171151,None
2015-08-13,64.25493621826172,64.69088347824454,64.1010728630659,64.45154193051061,6329300,64.88121732076009,0,2,2.0962955650571935e-05,None
2015-08-14,64.43445587158203,64.46864846007078,63.93867964241866,64.07544347480425,5504000,64.89660441080729,0,2,0.0005654717566399015,None
2015-08-17,65.08407592773438,65.10117547591094,63.9642968201415,64.22073134868864,5796000,64.93449923197429,0,2,0.0013926253129820099,None
2015-08-18,64.99005126953125,65.34052028766885,64.88748006154337,65.01569407152822,5465900,64.9590030670166,0,2,0.0009005098821991409,None
2015-08-19,64.72505950927734,65.16954990975947,64.26346956171913,64.63958133859613,10070300,65.01142972310384,0,2,0.0019266666550646905,None
2015-08-20,63.22062683105469,64.49426934174285,63.22062683105469,64.2463845722315,12992900,65.00231196085612,0,2,0.0003350755093414204,None
2015-08-21,61.28878402709961,63.12659413569205,61.280240774700765,62.58807576406266,24008300,64.90030555725097,0,2,0.0037487101237591025,None
2015-08-24,58.681678771972656,60.75028113209464,48.407042355022895,57.604635232761616,33675700,64.6931603749593,0,2,0.007612534257658288,None
2015-08-25,58.09188461303711,60.98109022049864,58.00640639204859,60.51950652284658,17883700,64.44470138549805,0,2,0.009130806461305152,None
2015-08-26,60.54513168334961,60.604967072751904,58.27137384292565,59.69887993407213,26115600,64.27516771952311,0,2,0.006230320327911154,None
2015-08-27,61.7247314453125,61.81020962061125,60.42544622469788,61.33152662168483,18689700,64.13469581604004,0,2,0.005162307738336369,None
2015-08-28,61.37429428100586,61.75039971174041,60.88706130714363,61.41703012549622,10045600,63.987387084960936,0,2,0.005413559462912776,None
2015-08-31,60.25450134277344,61.630721897153045,60.10063797266986,61.10075313912748,15143100,63.79562810262044,0,2,0.007047095211827337,None
2015-09-01,58.673118591308594,59.63049118101041,58.399584497331965,58.673118591308594,21723600,63.56084442138672,0,2,0.008628242263507113,None
2015-09-02,59.8784065246582,59.8784065246582,58.90394051584454,59.64760816797769,12491700,63.36139259338379,0,2,0.00732980538879735,None
2015-09-03,59.45099258422852,60.553672353063526,59.314222259108114,60.22030283754261,14080100,63.15567194620769,0,2,0.007560182944205018,None
2015-09-04,58.70732879638672,59.21165478420414,58.27993123861499,58.544915637531325,16587900,62.97986882527669,0,2,0.006460721248182977,None
2015-09-08,60.348514556884766,60.433992736794,59.425334562103934,59.7843533522301,11697400,62.86076672871908,0,2,0.004376972614922425,None
2015-09-09,59.41679382324219,61.092191002307366,59.26293048426847,61.04944864976069,12424000,62.67214164733887,0,2,0.006931925126014371,None
2015-09-10,59.989501953125,60.44254217352293,59.25437787119237,59.44243377888217,17313700,62.49890302022298,0,2,0.006366476734237958,None
2015-09-11,60.37417221069336,60.39982154038623,59.57066929600497,59.741625697878575,7633000,62.34162063598633,0,2,0.0057800887516747945,None
2015-09-14,60.18611145019531,60.50238138629615,59.91257082416814,60.39126039814821,6232200,62.16553293863932,0,2,0.006471179361144164,None
2015-09-15,61.049442291259766,61.194755840275775,60.26303265022013,60.48528112149366,8414600,62.01993293762207,0,2,0.005350764055416235,None
2015-09-16,61.22040557861328,61.33152655422276,60.61350205662292,61.07508550704183,12003400,61.8811710357666,0,2,0.005099465601112962,None
2015-09-17,61.77604293823242,62.62229483660796,61.160595905190405,61.160595905190405,19149000,61.74269510904948,0,2,0.005088956085451124,None
2015-09-18,60.83320236206055,61.485196400147295,60.74740781660267,60.927564580695446,23716000,61.620658493041994,0,2,0.004484815479500748,None
2015-09-21,60.02680969238281,61.39943799363475,59.6235986971258,61.25359766839099,23860100,61.475446701049805,0,2,0.005336497469682899,None
2015-09-22,59.65789031982422,59.76083985389692,58.98873471136493,59.20320799844574,29234000,61.30055707295735,0,2,0.006427150612116739,None
2015-09-23,59.59784698486328,60.15547892380895,59.28900488160741,59.70937075456991,9578700,61.14190152486165,0,2,0.005830552184146409,None
2015-09-24,58.98873901367188,59.340471826631074,58.3281575759689,59.108843539580455,20064500,60.9615177154541,0,2,0.006629060417675636,None
2015-09-25,57.37589645385742,59.64073404116719,56.92121409245744,59.4605772495864,30973700,60.732216389973956,0,2,0.008426767044411698,None
2015-09-28,55.15395736694336,57.13568866341394,54.67353597282167,57.015584133034274,66470200,60.42286643981934,0,2,0.011368534218870185,None
2015-09-29,55.660099029541016,56.60378662582176,54.97378851294225,55.29978551743632,31776000,60.108733876546225,0,2,0.011544294069052996,None
2015-09-30,56.81827926635742,56.98127455158883,56.08906468505387,56.48369483935085,26565600,59.83634147644043,0,2,0.01001035338785461,None
2015-10-01,57.39305114746094,57.435941876420415,56.40647274852182,56.95552382276175,19853100,59.59194119771322,0,2,0.008981649844853723,None
2015-10-02,58.58552551269531,58.59410627707452,56.38074032203486,56.646685110940815,23741800,59.43743782043457,0,2,0.0056779609327410885,None
2015-10-05,58.73995590209961,59.21179329482639,58.16516895604016,59.09168875520819,18389800,59.35247688293457,0,2,0.003122293456822245,None
2015-10-06,57.35874176025391,58.72278885137371,56.54374581155784,58.5512128238185,30431600,59.30837898254394,0,2,0.001620586941490032,None
2015-10-07,58.27668380737305,58.5597901267876,57.07563204987337,57.77910419359089,27466100,59.31453895568848,0,2,0.00022637749075427038,None
2015-10-08,58.44825744628906,58.636994984884936,57.36731679921216,57.94210363387761,23182700,59.244643147786455,0,2,0.0025686536671254423,None
2015-10-09,58.714202880859375,58.96299265266695,58.28525635261278,58.54262034243798,13890000,59.14429219563802,0,2,0.0036878726918347926,None
2015-10-12,58.86862564086914,59.05735662092992,58.379626845955976,58.45683408163473,11074500,59.060769907633464,0,2,0.0030694234433965573,None
2015-10-13,58.1308479309082,59.357635529205496,58.07079566575544,58.60268528704962,17273300,58.989981460571286,0,2,0.002601457935664131,None
2015-10-14,58.01932907104492,58.92011977132045,57.85633377357961,58.43970155528406,21786200,58.9681884765625,0,2,0.0008008867766466921,None
2015-10-15,59.31474304199219,59.31474304199218,57.6418537024101,57.701905972415446,22133300,58.94939969380697,0,2,0.0006904831230147845,None
2015-10-16,59.84663391113281,59.93242192559861,59.33189927913208,59.47773955824453,17657000,58.96258773803711,0,2,0.00048465736631087,None
2015-10-19,60.06109237670898,60.22408760035041,59.32330385326569,59.64930084575288,15694700,59.00771319071452,0,2,0.0016583492340913608,None
2015-10-20,59.11741638183594,60.0610974783116,58.86004583497672,59.87235994997548,14802000,58.96667658487956,0,2,0.0015080851231035197,None
2015-10-21,58.58552551269531,59.68362772583594,57.6161085844208,59.45199944924131,36068300,58.93896764119466,0,2,0.0010182968327394626,None
2015-10-22,58.233795166015625,58.76569137119715,57.50458716607127,58.67132258406484,35524500,58.88044408162435,0,2,0.002150726351346277,None
2015-10-23,59.47771453857422,59.78655649689957,58.59408592538906,58.83429488293028,26524200,58.85056215922038,0,2,0.0010981532636591407,None
2015-10-26,59.70934295654297,60.11255365614365,59.13455629954777,59.33187454123437,17831900,58.83466987609863,0,2,0.0005840374772818624,None
2015-10-27,60.80747222900391,60.80747222900391,59.86379094713366,59.87237171243604,25160900,58.82660420735677,0,2,0.0002964113330035101,None
2015-10-28,61.31364440917969,61.34796093175972,60.172644577921496,60.71311508184027,18158000,58.82971216837565,0,2,0.00011421679937684281,None
2015-10-29,61.588157653808594,62.62620770848338,61.33078705884197,61.66536490517491,22780700,58.823449325561526,0,2,0.0002301579256898112,None
2015-10-30,61.202091217041016,61.94846057768968,61.202091217041016,61.77688457407631,12427200,58.835745620727536,0,2,0.0004518858085811317,None
2015-11-02,62.506103515625,62.549000796754406,61.20210209368242,61.55384147236633,18646600,58.918388748168944,0,2,0.0030371145099667984,None
2015-11-03,62.28306198120117,62.48038035085494,61.84553449733063,62.34311425975537,10428700,59.00589447021484,0,2,0.0032158136599940157,None
2015-11-04,62.00851821899414,62.52325281974462,61.63104312401453,62.50609783597535,11533000,59.086250178019206,0,2,0.002953052403593004,None
2015-11-05,61.81119537353516,62.068559355179154,61.22782785185594,62.05140437448465,9172000,59.180332056681316,0,2,0.0034574857904816625,None
2015-11-06,61.55384063720703,61.61389290284973,60.84178766943936,61.43373610592165,12661100,59.31959686279297,0,2,0.0051179472082454325,None
2015-11-09,61.082008361816406,61.44232856948236,60.7302754661422,61.44232856948236,15625000,59.51719856262207,0,2,0.007261813635629277,None
2015-11-10,61.49376678466797,61.63102625286482,60.97903232482317,61.09913681394684,9737400,59.71165415445964,0,2,0.007146194944434581,None
2015-11-11,60.88468170166016,61.725413375803015,60.87610093696727,61.725413375803015,10580900,59.84720090230306,0,2,0.004981309485727503,None
2015-11-12,59.8294792175293,60.816057859632224,59.8294792175293,60.72168906937502,10870800,59.92841517130534,0,2,0.0029846043154411195,None
2015-11-13,59.68362808227539,60.29273145272681,59.60642083801791,59.70936383036121,18196800,59.96501859029134,0,2,0.0013451666019730357,None
2015-11-16,60.43000030517578,60.43000030517578,59.54637133882224,59.55494555844479,12959800,60.02135340372721,0,2,0.002070290471807845,None
2015-11-17,60.6873664855957,61.09057735908792,60.24126487685911,60.55010696952523,7882300,60.132307561238605,0,2,0.004077537868565129,None
2015-11-18,61.87126159667969,61.93988808016061,60.72168127439638,60.72168127439638,12816300,60.25212682088216,0,2,0.004403328181099231,None
2015-11-19,60.83320236206055,61.55382941843165,60.78172432574485,61.47662218176541,11128000,60.33162498474121,0,2,0.0029215378755265142,None
2015-11-20,61.35650634765625,61.656774142959016,61.15061385404654,61.15061385404654,9224500,60.419701766967776,0,2,0.003236799980508298,None
2015-11-23,61.202091217041016,61.57956627923643,61.02193444968548,61.236407726804686,10362700,60.49748395284017,0,2,0.0028584761085845845,None
2015-11-24,61.390846252441406,61.45089852534922,60.790323523363234,60.82464004291153,7174700,60.60615056355794,0,2,0.003993471089218437,None
2015-11-25,61.72541046142578,61.81120501389241,61.4251491634088,61.55383444690333,4594400,60.72968660990397,0,2,0.004539919173889739,None
2015-11-27,61.845516204833984,61.957046507166126,61.68252095137287,61.88841348191643,2658000,60.81404571533203,0,2,0.003100176276908395,None
2015-11-30,61.004791259765625,61.94847255246483,61.004791259765625,61.93989178706399,8846100,60.85265096028646,0,2,0.0014187332116037954,None
2015-12-01,62.03424835205078,62.08572638911005,61.18493601043005,61.32220204898146,10659200,60.918422826131184,0,2,0.002417099815664958,None
2015-12-02,61.51094055175781,62.291626514719546,61.41657177502165,62.10288896124722,9875100,60.99820696512858,0,2,0.0029320473911880196,None
2015-12-03,60.1640510559082,61.63962848798295,59.89810624380382,61.56242123745176,13191400,61.05082448323568,0,2,0.0019336807871267458,None
2015-12-04,61.57956314086914,61.67393190160855,60.28414278043204,60.4299895757959,14929800,61.16235008239746,0,2,0.0040985382079971044,None
2015-12-07,61.23642349243164,61.768319712900464,60.91900714950595,61.450896824768094,8511000,61.22097371419271,0,2,0.002154403980881958,None
2015-12-08,61.37369537353516,61.54527143755487,60.773166059051576,60.773166059051576,7483600,61.27645212809245,0,2,0.002038818000496212,None
2015-12-09,60.75598907470703,61.68251519347257,60.51578005396151,61.090566860060434,17593600,61.27473602294922,0,2,6.306643991449423e-05,None
2015-12-10,61.21065902709961,61.631024728636135,60.695924579984975,60.75597682306162,9778500,61.27130317687988,0,2,0.00012615624469269893,None
2015-12-11,60.30989837646485,60.80747148944621,60.23268458009488,60.55868166035248,15178300,61.22869453430176,0,2,0.0015658570849191866,None
2015-12-14,60.70452880859375,60.78173606016549,59.76942175325261,60.541526995000766,21091500,61.21210912068685,0,2,0.0006095098516131214,None
2015-12-15,61.49376678466797,61.78544724533863,61.167769820647145,61.36508153340583,14006300,61.17836456298828,0,2,0.0012401041561670434,None
2015-12-16,62.29164123535156,62.38601003438877,61.14206065853809,62.00853483823997,15273700,61.178650538126625,0,2,1.0509515661505375e-05,None
2015-12-17,61.62247085571289,62.46320253634179,61.57099281236415,62.46320253634179,11469100,61.16578229268392,0,2,0.0004729048399040314,None
2015-12-18,60.72906875610352,61.53890667105693,60.72045821402354,61.461365781807,15159800,61.1297114054362,0,2,0.0013255961921952997,None
2015-12-21,61.280460357666016,61.280460357666016,60.7807793081099,61.09092979290167,6707200,61.120598729451494,0,2,0.0003348885904322918,None
2015-12-22,61.69398498535156,61.78013642102259,61.14260790953713,61.49583076766831,7495800,61.140997950236006,0,2,0.0007496663225938782,None
2015-12-23,62.35733795166016,62.49518546216399,62.021342860970925,62.08164950358358,8091000,61.16978365580241,0,2,0.0010578675657857417,None
2015-12-24,62.417667388916016,62.615821614397504,62.12475118152035,62.15059595594544,2568300,61.220883178710935,0,2,0.0018778948387194738,None
2015-12-28,62.124755859375,62.28844820697088,61.95245296827806,62.23675208129462,6534700,61.29739240010579,0,2,0.0028116949786215484,None
2015-12-29,62.88287353515625,63.02933816634038,62.40903748088021,62.53826131290821,7243100,61.40403391520182,0,2,0.0039190493255790715,None
2015-12-30,62.61581039428711,62.97765031726733,62.55550374045707,62.8139645842614,8496500,61.476894251505534,0,2,0.002677599353266946,None
2015-12-31,62.05581665039063,62.67611742086423,62.05581665039063,62.3918118055751,6591700,61.522509256998696,0,2,0.0016763401790875765,None
2016-01-04,60.935848236083984,61.16845778910663,60.31554733077857,60.97030355488205,19666300,61.49132881164551,0,2,0.0011458736611404952,None
2016-01-05,61.228759765625,61.49583118991895,60.961688341331055,61.10814644027075,14540000,61.50451405843099,0,2,0.00048455456091101023,None
2016-01-06,60.72906875610352,61.15122194360593,60.30692214153399,60.35861168574535,14651700,61.483599472045896,0,2,0.0007686058810536522,None
2016-01-07,59.49708938598633,60.31554448692652,59.333403624145056,59.55739605044016,17850400,61.42676607767741,0,2,0.0020886131978679057,None
2016-01-08,58.60108947753906,60.00538331318508,58.49771039864742,59.85030812191534,17022800,61.333774185180665,0,2,0.0034174290682713604,None
2016-01-11,57.90325927734375,58.88540004708045,57.08481082687411,58.85955527518204,28563800,61.206369145711264,0,2,0.004682103715033636,None
2016-01-12,58.64417266845703,58.98016784474135,57.68787668274544,58.36848415014855,13727000,61.099657694498696,0,2,0.003921619460578674,None
2016-01-13,56.90388107299805,59.03184799316234,56.84357442461981,58.75615951872875,16202500,60.962960688273114,0,2,0.005023581197009741,None
2016-01-14,58.42879867553711,58.80787290410324,56.6971264448725,57.05035589838796,23342300,60.84277903238932,0,2,0.00441664615336923,None
2016-01-15,57.610328674316406,57.87740001430876,56.791873855835725,56.94694902133187,17882300,60.71275863647461,0,2,0.004778217418068609,None
2016-01-19,57.60171127319336,58.45462139268716,56.97279350157071,58.23923958462794,13495200,60.62734731038412,0,2,0.00313884512621887,None
2016-01-20,57.7137336730957,58.27372794310552,55.87868220081204,56.58513458935136,24665600,60.498486328125,0,2,0.004735609252750295,None
2016-01-21,57.54141998291016,58.15310369225452,56.998660048038296,57.86018751014577,17102800,60.37531954447429,0,2,0.004526348861092155,None
2016-01-22,58.45463562011719,58.60971082258124,58.07556801526386,58.351256533762985,11343800,60.27801755269368,0,2,0.003575824151803242,None
2016-01-25,57.911869049072266,58.6700107446691,57.834328170276365,58.28232606948559,10131900,60.183213551839195,0,2,0.003484023602594255,None
2016-01-26,58.35125732421875,58.463253526930544,57.49834041264602,57.94633836935888,12449700,60.087900161743164,0,2,0.003502743531336172,None
2016-01-27,57.687870025634766,58.85954773646881,57.28295112326729,58.24786411246356,15924700,60.0004992167155,0,2,0.0032119631304676766,None
2016-01-28,56.343894958496094,57.99802603842814,56.04236167407087,57.96356415264631,26127300,59.85514475504557,0,2,0.005341740545081963,None
2016-01-29,57.26572799682617,57.291572767458085,56.05958830818793,56.22328061943335,17578200,59.71421012878418,0,2,0.005179312686087401,None
2016-02-01,57.35187530517578,57.64479802148037,56.576499377230746,56.87803263450603,16705700,59.549551264444986,0,2,0.006051172572501762,None
2016-02-02,56.52481842041016,57.102040253809534,56.35251555379134,56.94696504467938,12968700,59.37962951660156,0,2,0.006244582240671814,None
2016-02-03,56.89525985717773,56.95556650120764,55.62881375961858,56.68849515949396,19453100,59.25183588663737,0,2,0.004696384319684999,None
2016-02-04,56.58512115478516,57.22264960455865,56.07681655954289,56.72296212392932,18958100,59.09532457987468,0,2,0.005751751845062492,None
2016-02-05,55.48235321044922,56.43003181955014,55.19804765583967,56.27495666002955,16744000,58.88827018737793,0,2,0.0076091977551320245,None
2016-02-08,54.724212646484375,55.09466963591937,54.06945008012524,54.86205687838118,24652800,58.633832677205405,0,2,0.009350515619978905,None
2016-02-09,55.1291389465332,55.680512661976046,54.00053688630523,54.06084354048488,20741700,58.39088172912598,0,2,0.008928387301718965,None
2016-02-10,55.62020111083984,56.481728422087954,55.44789827776293,55.49097727249803,14728500,58.174063237508136,0,2,0.007968025984841143,None
2016-02-11,54.724212646484375,55.16359010863491,54.31067995079395,54.6208302941782,22801100,57.90210787455241,0,2,0.009994292380594239,None
2016-02-12,55.456520080566406,55.48236485042014,54.56053081235386,55.02575310205185,10316000,57.663464864095054,0,2,0.008770071658723566,None
2016-02-16,56.49896240234375,56.52480716989921,55.8614274622943,56.05096452160999,17303000,57.47823638916016,0,2,0.006807100678548839,None
2016-02-17,57.21403884887695,57.28295604672497,56.50758005777492,56.93834376575467,12140000,57.35417607625325,0,2,0.00455918584044035,None
2016-02-18,56.860801696777344,57.51556428400959,56.72295417402039,57.28294823259013,9722100,57.208577473958336,0,2,0.005350712652716361,None
2016-02-19,56.80049514770508,56.96418743803108,56.44726579972407,56.58511332272105,8875100,57.07762502034505,0,2,0.004812470308152683,None
2016-02-22,57.610328674316406,57.61893921417144,57.170947943255456,57.26571646511039,7515700,57.01473299662272,0,2,0.002311266329359185,None
2016-02-23,57.1795654296875,57.75678710444406,57.11925878565221,57.455253884267584,8211900,56.96734886169433,0,2,0.0017413552486291728,None
2016-02-24,57.369102478027344,57.44664335663636,56.24912087856765,56.85218738805118,11118600,56.94954363505045,0,2,0.000654337678976713,None
2016-02-25,58.08416748046875,58.11862936032583,57.34325349587042,57.627559074992654,9496400,56.93087679545085,0,2,0.0006860017421699283,None
2016-02-26,57.980804443359375,58.58387107525485,57.92910832281597,58.35126153807611,10365700,56.966774241129556,0,2,0.0013192222573963353,None
2016-02-29,57.0589599609375,57.95494263140922,57.03310861886724,57.80848455767173,11091700,56.9211129506429,0,2,0.0016780411411603247,None
2016-03-01,58.282325744628906,58.299553399303086,56.99865185111396,57.37771941033351,14549100,56.94351285298665,0,2,0.0008231908754696704,None
2016-03-02,58.37710189819336,58.39432955511643,58.02387248840865,58.144485805668594,10923700,56.96935920715332,0,2,0.0009498471282440857,None
2016-03-03,58.2134017944336,58.28232555877444,57.67925248018997,58.230629449052834,10815000,56.98601481119792,0,2,0.0006120893325580745,None
2016-03-04,58.0755615234375,58.44601197204055,57.808483576700674,58.21340248081249,9855700,57.0038195292155,0,2,0.000654318987085567,None
2016-03-07,58.54078674316406,58.73894094585987,57.68787642054456,57.69649353533986,11082400,57.006691233317056,0,2,0.00010553441605121172,None
2016-03-08,57.825721740722656,58.38570929515088,57.74818085641365,58.19617878747519,8204200,57.00381965637207,0,2,0.0001055297430783142,None
2016-03-09,57.92910385131836,58.178947600370776,57.53280201338677,57.98079996787139,13032500,56.98974787394206,0,2,0.0005171345267591665,None
2016-03-10,57.96356964111328,58.60971527160656,57.51557822939525,58.21341340698934,11287700,56.99893786112467,0,2,0.00033772975784973625,None
2016-03-11,59.0921745300293,59.10079164639263,58.29096017745532,58.33403261340414,10618300,57.09054718017578,0,2,0.0033666198358184296,None
2016-03-14,58.84233474731445,59.074944295515,58.69587006725702,58.87679006539825,6140900,57.14310073852539,0,2,0.0019313302818451117,None
2016-03-15,57.92910385131836,58.575249438302365,57.75680099062908,58.45463612123331,15226500,57.16234169006348,0,2,0.0007071002140295324,None
2016-03-16,57.791263580322266,58.127258763806346,57.334655078302,57.81710835244675,16881300,57.20455652872722,0,2,0.0015513848883859094,None
2016-03-17,57.1192512512207,57.74816237421221,56.56787441479101,57.73954526250633,20920400,57.212022908528645,0,2,0.00027438761254439115,None
2016-03-18,57.79105758666992,57.99857063329616,57.11665667641248,57.22041319972559,19524800,57.25222078959147,0,2,0.0014772621950007725,None
2016-03-21,58.12828063964844,58.24932665191261,57.74784654595364,57.84295506937734,12183600,57.34041837056478,0,2,0.003241239304597965,None
2016-03-22,58.70757293701172,58.889141954557104,57.93806332129002,57.93806332129002,13200200,57.47319704691569,0,2,0.00487958354244844,None
2016-03-23,58.29255676269531,58.76809940560531,58.24068178220087,58.664342848103146,9105100,57.578644307454425,0,2,0.003875160765733243,None
2016-03-24,58.26661682128906,58.4827713596071,57.81701828405327,58.033172822371306,8492800,57.6668581644694,0,2,0.0032418374451073095,None
2016-03-28,58.10232162475586,58.48275562069717,58.01586115199953,58.42223263011662,7156300,57.77946179707845,0,2,0.0041381556707706935,None
2016-03-29,58.77675247192383,58.82862745686416,57.7997296121219,57.9985947152496,10455600,57.8901362101237,0,2,0.004067257328567386,None
2016-03-30,58.7853889465332,59.226346070872914,58.68163898540383,59.07071453266556,7607700,57.96635042826335,0,2,0.0028008536818964203,None
2016-03-31,58.60380935668945,59.04476640156157,58.57787187108147,58.69891786826015,8602700,58.0126761118571,0,2,0.001702457423655268,None
2016-04-01,59.269569396972656,59.48572390739705,58.24931984390905,58.36171781458536,9120200,58.09296836853027,0,2,0.0029507205902024047,None
2016-04-04,59.97856903076172,60.194723588409175,59.399269802916194,59.4079178322459,17381200,58.19890416463216,0,2,0.003893114326947833,None
2016-04-05,59.20039749145508,59.55488745310122,59.06205544051176,59.27820994772665,16555000,58.25190645853679,0,2,0.0019478212025967334,None
2016-04-06,60.79130172729492,60.81723921708316,59.21769691384801,59.21769691384801,24546600,58.37229766845703,0,2,0.0044243472124219085,None
2016-04-07,60.12554931640625,60.76536492564325,59.81428624239619,60.35899332365717,19216700,58.46417922973633,0,2,0.003376624670425432,None
2016-04-08,59.96125793457031,60.52326096281311,59.6067679791172,60.49732347784239,12883800,58.52674891153971,0,2,0.0022994203434978377,None
2016-04-11,59.503028869628906,60.1082590179086,59.373334810279296,59.93533800311837,8695500,58.5774897257487,0,2,0.0018647123826587286,None
2016-04-12,59.98719787597656,60.116891902653,59.48572442081304,59.49436585181585,13510500,58.67509765625,0,2,0.00358706732418268,None
2016-04-13,60.54924392700195,60.58382946511115,59.94401350138322,60.26391818498873,9706200,58.750661595662436,0,2,0.002776956099374006,None
2016-04-14,60.58379364013672,60.78265871754064,60.35899107361772,60.531918661906566,6655200,58.82421798706055,0,2,0.0027031792059708515,None
2016-04-15,60.5405502319336,60.73076724980864,60.134185307805566,60.73076724980864,7945300,58.90178960164388,0,2,0.002850737665749614,None
2016-04-18,61.10256576538086,61.171736803586974,60.27253309644736,60.36764162485244,11505400,59.00268974304199,0,2,0.003708055261040011,None
2016-04-19,61.3187370300293,61.64729625282846,60.98153637248337,61.20633900968568,6655000,59.0952880859375,0,2,0.003402966217683545,None
2016-04-20,61.64728164672852,61.94124867483067,61.28413698143699,61.33601856020064,10763400,59.222673416137695,0,2,0.004681379404261055,None
2016-04-21,62.01039123535156,62.14872665665504,61.60401980366117,61.681832241298665,12463100,59.358716328938804,0,2,0.004999543425305841,None
2016-04-22,62.14010620117188,62.34761270141898,61.76832014845143,62.0449976809518,12052800,59.49793421427409,0,2,0.005116222881309307,None
2016-04-25,61.89799118041992,62.09685619630493,61.69913276104587,61.90663920628735,8937500,59.591461435953775,0,2,0.0034371022834492893,None
2016-04-26,61.6645622253418,62.01905881035224,61.48299321710933,62.01905881035224,7433500,59.68553568522135,0,2,0.003457205412118025,None
2016-04-27,61.59538269042969,61.85477072152784,61.33600125584319,61.70778724894432,9121200,59.8077449798584,0,2,0.004491161376463215,None
2016-04-28,61.30143356323242,61.89801565374299,60.96423298270058,61.240910551252696,19512000,59.924750645955406,0,2,0.004299929313583806,None
2016-04-29,60.34171676635742,60.8691344991884,59.9785786345273,60.74808845524503,13577900,60.032166163126625,0,2,0.003947493710564021,None
2016-05-02,60.68753433227539,60.71347181461165,60.20334380812401,60.45408379822658,9074800,60.128715387980144,0,2,0.0035481601532634244,None
2016-05-03,60.49734878540039,60.869134950702765,60.26389812998173,60.471411289579365,9436800,60.20768432617187,0,2,0.002902088963039451,None
2016-05-04,59.91802978515625,60.22064476457384,59.75375025496735,60.11688823026847,11802000,60.248032887776695,0,2,0.0014827996676816113,None
2016-05-05,60.16876220703125,60.25522928244921,59.796982807385554,59.92667022748908,10145200,60.31057306925456,0,2,0.0022983362138254693,None
2016-05-06,59.81428146362305,60.12554451276521,59.32144940190008,59.95261693184583,14164300,60.36216189066569,0,2,0.0018958764377705606,None
2016-05-09,60.49734878540039,60.68756588344087,59.78836198139524,59.814299477216274,13606600,60.44199612935384,0,2,0.0029338885424421424,None
2016-05-10,61.00745391845703,61.01610194689071,60.575144847954334,60.73942440562949,11073000,60.516352844238284,0,2,0.002732590896310394,None
2016-05-11,60.27252578735352,61.06797284072216,60.26387775949816,60.91234132188807,8452500,60.565924072265624,0,2,0.0018217303795218243,None
2016-05-12,59.91802978515625,60.58378273987496,59.57218126731679,60.4022137522244,11322900,60.609731419881186,0,2,0.001609909198810433,None
2016-05-13,59.77968978881836,60.237936287148,59.727814818143166,59.848860814059975,11947300,60.62673543294271,0,2,0.0006248932778279981,None
2016-05-16,60.59244537353516,60.722139423553536,59.76241268853633,59.78835017923733,8338100,60.64719797770182,0,2,0.0007519934630112468,None
2016-05-17,59.96125793457031,60.63565892985689,59.745103431131696,60.48002742352061,14920000,60.67255999247233,0,2,0.000932047775129452,None
2016-05-18,60.21200180053711,60.51461680540021,59.80563025264422,59.86615325361685,11515200,60.653249994913736,0,2,0.0007096376382199621,None
2016-05-19,59.70188522338867,60.14283572543072,59.32145113079122,59.866158184408825,8765700,60.63912785847982,0,2,0.0005189850239585292,None
2016-05-20,60.2552375793457,60.46274407659583,59.90074099155216,59.92667847914435,7925700,60.64892717997233,0,2,0.00036012264315443687,None
2016-05-23,60.01313400268555,60.28116345150904,59.96125244098548,60.168758898251696,5061400,60.66593068440755,0,2,0.0006248745859368521,None
2016-05-24,60.87775421142578,60.97285611898735,60.23793216647693,60.315751213678425,11936400,60.69561589558919,0,2,0.0010909241748519038,None
2016-05-25,61.25819396972656,61.37923998174391,61.03339140604596,61.042039434479456,8949200,60.719247563680014,0,2,0.000868457962269642,None
2016-05-26,61.26685333251953,61.38789936693038,61.06798822083649,61.28414279607216,5257700,60.74201622009277,0,2,0.0008367424963759973,None
2016-05-27,61.54351043701172,61.68184588892307,61.22359939741682,61.22359939741682,9641300,60.77544822692871,0,2,0.0012286179892057048,None
2016-05-31,61.69047927856445,61.83746272275498,61.42244986898052,61.73371280756655,7669800,60.79504534403483,0,2,0.0007201892106361019,None
2016-06-01,61.915306091308594,62.05364156476902,61.44841149991783,61.50028647790137,9301700,60.81493097941081,0,2,0.000730792185752005,None
2016-06-02,62.71076202392578,62.71076202392578,61.785620739531495,61.863439813964455,12473100,60.85038032531738,0,2,0.001302754701508757,None
2016-06-03,62.50324630737305,62.72804887142676,62.00176620160434,62.520535767755824,13896000,60.866808827718096,0,2,0.0006037434032685196,None
2016-06-06,62.8404426574707,62.95284063373294,62.35625864094108,62.51189016004167,9117600,60.890153376261395,0,2,0.0008579063898537242,None
2016-06-07,62.45135116577149,62.64156155461973,62.295719686524166,62.58103856805192,6439100,60.90859870910644,0,2,0.000677861423680759,None
2016-06-08,62.66751480102539,62.77991276495131,62.26114329039141,62.39947873856856,4621300,60.94203046162923,0,2,0.0012286086432602428,None
2016-06-09,62.56376647949219,62.97013804346561,62.38219746938946,62.52918096378034,9608500,60.97430992126465,0,2,0.00118626216441442,None
2016-06-10,62.062286376953125,62.23521395545807,61.77696081980445,62.20062843975708,10270900,60.999671681722006,0,2,0.00093203842918399,None
2016-06-13,61.5694580078125,62.30438212004317,61.55216854718333,61.837487524899295,8538400,61.040596389770506,0,2,0.0015039729071044672,None
2016-06-14,61.6645622253418,61.69049971273035,61.16308214745448,61.42247021436518,8000500,61.073163986206055,0,2,0.0011968511206121857,None
2016-06-15,61.24090194702149,61.95853655717877,61.18902037510415,61.82884252215439,7861100,61.09794909159343,0,2,0.0009108464978702102,None
2016-06-16,61.45705032348633,61.56080026391392,60.7567052430402,61.05932682665262,9341200,61.14924977620443,0,2,0.0018852874815726839,None
2016-06-17,60.81900024414063,61.5742485898535,60.59329932313352,61.548206685357925,10799100,61.17092437744141,0,2,0.0007965362390387476,None
2016-06-20,61.20096969604492,61.63501912651333,61.12284397763359,61.33986869286779,7983700,61.21714731852214,0,2,0.0016986816616922917,None
2016-06-21,60.992618560791016,61.470068887953566,60.853719585063054,61.40930224183951,7014900,61.233656311035155,0,2,0.0006067013950042943,None
2016-06-22,61.16624069213867,61.85203953934309,60.940533149536,60.992623581255536,11207600,61.23894920349121,0,2,0.000194512489733345,None
2016-06-23,61.96490097045898,61.97358381446098,61.41800101358295,61.70447525802396,7626900,61.29536170959473,0,2,0.002073145658143871,None
2016-06-24,60.16793823242188,61.11416956537301,59.942237266051926,60.202662986417934,22576500,61.30369199117025,0,2,0.00030613578924698626,None
2016-06-27,59.36058044433594,59.96825344391522,59.10883105319024,59.75990500933941,18241500,61.2897216796875,0,2,0.000513405494523167,None
2016-06-28,60.51515579223633,60.56723959159279,59.76859042714747,59.77727326806257,13652400,61.28714536031087,0,2,9.467910040816818e-05,None
2016-06-29,61.669734954833984,61.84335205267914,60.94052857313528,60.94052857313528,8968400,61.344094594319664,0,2,0.0020928702760216744,None
2016-06-30,62.25137710571289,62.28610185970616,61.48745238706964,61.79128570567379,9535200,61.41207377115885,0,2,0.0024982179492212264,None
2016-07-01,62.64201736450195,62.789592582220486,62.19060224515631,62.39026789853395,6793100,61.51007817586263,0,2,0.0036016376531433636,None
2016-07-05,62.58124923706055,62.83299872375117,62.26873971272557,62.26873971272557,8359800,61.58761189778646,0,2,0.0028493451198775555,None
2016-07-06,63.28439712524414,63.414613256031785,62.41629841741656,62.485747903578975,18791500,61.69665400187174,0,2,0.0040072703776792284,None
2016-07-07,63.188907623291016,63.67504079480058,62.90243345162243,63.666357953004265,8022400,61.77369244893392,0,2,0.0028311438911086118,None
2016-07-08,63.97021484375,63.98757390889766,63.16288254145903,63.50144060792916,11013200,61.8640931447347,0,2,0.003322203230054499,None
2016-07-11,63.79659652709961,64.32613747078044,63.73582985928722,64.161203157044,7375100,61.94841791788737,0,2,0.003098914574272249,None
2016-07-12,64.10910034179688,64.20459174751652,63.88339278072601,63.935483216707766,10237200,62.03393758138021,0,2,0.003142826498981788,None
2016-07-13,64.08306884765625,64.39558502204977,64.02230218169473,64.30877644540043,6401900,62.113690567016604,0,2,0.0029309025128702038,None
2016-07-14,64.36083984375,64.81225489599503,64.1264560988646,64.50841503953221,4813200,62.195208358764646,0,2,0.0029957587013385023,None
2016-07-15,64.30878448486328,64.78623502765733,64.23065211996237,64.6039350069828,7131300,62.24847577412923,0,2,0.0019575643507310225,None
2016-07-18,64.33480072021484,64.4563340188224,64.1004103421374,64.32611787800916,3954300,62.30952758789063,0,2,0.0022436390680637963,None
2016-07-19,64.1959228515625,64.5692057123655,64.00494662170046,64.41294761660912,6634700,62.354710261027016,0,2,0.001660452071818086,None
2016-07-20,64.77753448486328,64.8903849439395,64.4042517379888,64.49106029289882,6855000,62.43224970499674,0,2,0.0028495554036501725,None
2016-07-21,64.96849822998047,65.0987143489733,64.71675545581243,64.7775220949335,9230800,62.50894915262858,0,2,0.0028186857458202264,None
2016-07-22,65.09874725341797,65.17687961353279,64.76887199189058,64.9598548465376,5446500,62.59344851175944,0,2,0.003105330565825626,None
2016-07-25,65.02928924560547,65.16818162020063,64.6299579388561,65.11609780761104,5868400,62.692348607381184,0,2,0.003634554073027596,None
2016-07-26,64.91642761230469,65.0119190107503,64.65600194450887,64.77753524742724,6904200,62.80391426086426,0,2,0.00410001019440609,None
2016-07-27,65.21157836914062,65.31574597699849,64.66467193561633,64.78620522682891,7983100,62.92214813232422,0,2,0.0043450655571471986,None
2016-07-28,65.15081024169922,65.31574449141199,64.82961133761857,65.10740265736732,5470100,63.05247840881348,0,2,0.004789605452602874,None
2016-07-29,65.28102111816406,65.4025544091622,64.87302028299467,65.02927831757337,4889200,63.179944101969404,0,2,0.004684332723024154,None
2016-08-01,65.69771575927734,65.97550710321025,65.3417920813584,65.3417920813584,9255100,63.342567952473956,0,2,0.005976386316989379,None
2016-08-02,65.44597625732422,65.74980955103524,65.04665155372273,65.74980955103524,12149300,63.48406817118327,0,2,0.005200098068774195,None
2016-08-03,65.26367950439453,65.44597948962473,65.13346333692456,65.40257189277827,9761200,63.62643686930338,0,2,0.005232014472494995,None
2016-08-04,65.16818237304688,65.41124899869797,65.08137381003846,65.3070813723154,8415500,63.75983492533366,0,2,0.004902345592598056,None
2016-08-05,65.32443237304688,65.45464851302204,64.95983247957084,65.45464851302204,8244400,63.87181930541992,0,2,0.004115398293593864,None
2016-08-08,64.76887512207031,65.27237419536937,64.54316749902753,65.27237419536937,6655500,64.0251838684082,0,2,0.005636109789004196,None
2016-08-09,64.92510223388672,65.1508097491849,64.74280230259231,65.11608500659537,11261100,64.21066792805989,0,2,0.006816493353728359,None
2016-08-10,64.70809173583984,64.89907455038781,64.53446798485585,64.89907455038781,7031600,64.35043245951334,0,2,0.005136311991059794,None
2016-08-11,65.08136749267578,65.15081698556867,64.7601685553473,64.88170185637577,6599800,64.46415354410807,0,2,0.004179221755090112,None
2016-08-12,64.91642761230469,64.98587710627756,64.68204384898162,64.9598352018048,6211900,64.55298856099446,0,2,0.0032646649168751596,None
2016-08-15,65.02928924560547,65.1768644633218,64.91643215423636,64.91643215423636,4122500,64.63256429036458,0,2,0.0029243883888897537,None
2016-08-16,64.4476547241211,64.94247078799403,64.4476547241211,64.9337945683788,6042300,64.69477780659993,0,2,0.0022863313468912683,None
2016-08-17,64.5778579711914,64.62994177075149,64.17853338740754,64.30874950937485,7296300,64.7378931681315,0,2,0.0015844788812336974,None
2016-08-18,64.6039047241211,64.74280369747176,64.404245728764,64.56917998078343,4180100,64.78505973815918,0,2,0.0017333597922944977,None
2016-08-19,64.55183410644531,64.59524170025102,64.27404272606802,64.47370176220883,4323500,64.80444704691568,0,2,0.0007124788056374065,None
2016-08-22,64.68203735351562,64.92510393494327,64.50841363601901,64.57786312301766,4090200,64.83396174112956,0,2,0.0010846577184259187,None
2016-08-23,64.7428207397461,65.10742070616398,64.70809598726782,64.90775503518124,8557900,64.85508575439454,0,2,0.0007763022671339881,None
2016-08-24,63.72711944580078,64.85564361726462,63.57086143768222,64.71675128952951,8670400,64.84322077433268,0,2,0.0004360350850939332,None
2016-08-25,63.188907623291016,63.81393977127058,62.911116293418736,63.55350750192319,8766500,64.80415636698405,0,2,0.001435607316118248,None
2016-08-26,63.43198776245117,63.76186296744972,63.05002211861243,63.258370627834914,9974300,64.77492980957031,0,2,0.001074068762227931,None
2016-08-29,63.570892333984375,63.727150418046456,63.3017771417793,63.45803522584138,7372100,64.74946619669596,0,2,0.0009357814803376829,None
2016-08-30,63.35385894775391,63.64900938681495,63.19760088499546,63.64900938681495,5497900,64.72139739990234,0,2,0.0010315213455547312,None
2016-08-31,63.162864685058594,63.345164621384846,62.91979810329026,63.26703229263495,4756800,64.66757507324219,0,2,0.0019779572037084137,None
2016-09-01,62.997955322265625,63.24102202562254,62.711481011993136,63.16289628085965,9501400,64.6018903096517,0,2,0.002413898829347616,None
2016-09-02,63.0673942565918,63.25837709804533,62.89377048114776,63.12816092222975,8052300,64.53417854309082,0,2,0.0024883906875780015,None
2016-09-06,63.2930908203125,63.431983193387126,63.0760661061401,63.171550887152776,8735800,64.47630526224772,0,2,0.002126828768823752,None
2016-09-07,63.2930908203125,63.518791754442354,63.11078423210725,63.24100038522442,7561600,64.42219403584798,0,2,0.0019885741977427873,None
2016-09-08,63.34517288208008,63.39725669266039,63.03265677246127,63.09342342582779,4822200,64.35998051961263,0,2,0.0022863313468912683,None
2016-09-09,62.07774353027344,62.98924324486239,62.06037784633773,62.98924324486239,14135500,64.2575449625651,0,2,0.003764481406710374,None
2016-09-12,62.997955322265625,63.16289628085965,61.713165660573566,61.73053135256817,13023400,64.18144276936849,0,2,0.0027967367929246922,None
2016-09-13,62.155879974365234,62.60729511171222,61.82600477635706,62.60729511171222,12194200,64.06338157653809,0,2,0.004338719660184731,None
2016-09-14,62.155879974365234,62.56388751744343,61.90413049835807,62.12983806703157,13108500,63.953711700439456,0,2,0.004030340844029312,None
2016-09-15,62.79825973510742,62.97188345712111,61.89544287290739,62.04301806931819,9613600,63.871531041463214,0,2,0.003020118908161229,None
2016-09-16,62.84097671508789,62.92812137922046,62.59696899603204,62.7363991289018,8691000,63.79395751953125,0,2,0.0028508077603408566,None
2016-09-19,62.61437225341797,63.12853688561197,62.53594407914101,62.99781661310779,9919700,63.70362218221029,0,2,0.0033198013220729905,None
2016-09-20,62.80614471435547,63.04143607426423,62.78000196866723,62.88457960013477,5286600,63.638197835286455,0,2,0.002404328581204207,None
2016-09-21,63.43355178833008,63.55555561333215,62.63181046725651,63.01524821067311,8485900,63.58847948710124,0,2,0.0018271370089661954,None
2016-09-22,63.91285705566406,64.02615108220658,63.66013957040107,63.69499211072595,6501900,63.56197166442871,0,2,0.0009741559323663829,None
2016-09-23,63.71241760253906,63.97385816547244,63.703701144118696,63.81699515745435,5420400,63.516340001424155,0,2,0.0016769523385148366,None
2016-09-26,62.97168731689453,63.52942105971901,62.82353409715157,63.47712895034064,5534100,63.45151532491048,0,2,0.0023822908418267286,None
2016-09-27,63.41612243652344,63.42483889557358,62.75381782033674,62.893247921588085,7839000,63.39774309794108,0,2,0.001976116052454291,None
2016-09-28,63.32027053833008,63.48584337470656,62.98911156815621,63.477126915304495,6522600,63.36016362508138,0,2,0.0013810363406204784,None
2016-09-29,62.20480728149414,63.32028157450994,62.0218014944172,63.24184672364176,8857900,63.2810619354248,0,2,0.0029069675465658307,None
2016-09-30,62.84097671508789,63.015266043353016,62.300669159527295,62.33552835492266,7453500,63.22229766845703,0,2,0.0021595722887171043,None
2016-10-03,62.78868865966797,62.78868865966797,62.30066659294944,62.56210722328834,9187900,63.163526153564455,0,2,0.002159838648162493,None
2016-10-04,62.66669464111328,62.98041413856431,62.35296849494979,62.71898011590304,10594600,63.09634806315104,0,2,0.002468778221045631,None
2016-10-05,62.91068649291992,63.05011660670063,62.73639053980557,62.83225165184077,12842100,63.03527692159017,0,2,0.0022443493599182407,None
2016-10-06,62.675392150878906,62.76253680799231,62.30066414145124,62.70153488314181,9308900,63.00021934509277,0,2,0.0012883572725389536,None
2016-10-07,62.6318244934082,62.928117663706985,62.26580628772383,62.61439157238398,9920400,62.98164990743001,0,2,0.0006824222450618755,None
2016-10-10,62.91939163208008,63.111113841914495,62.745102340618025,62.745102340618025,11039500,62.96456336975098,0,2,0.0006279260371273576,None
2016-10-11,61.34206008911133,62.6143907091758,61.0719096553619,62.6143907091758,12499700,62.89026896158854,0,2,0.0027303011396744292,None
2016-10-12,61.05448913574219,61.62093949947221,60.9934871980305,61.376931748625445,11746400,62.81362330118815,0,2,0.0028167090783566273,None
2016-10-13,61.080596923828125,61.30717826941513,60.49672061857388,60.69715924134483,13623100,62.744214375813804,0,2,0.002550760854556189,None
2016-10-14,60.67103576660156,61.38563256135284,60.65360284672105,61.22005306604226,8382400,62.666650390625,0,2,0.00285045728738631,None
2016-10-17,60.4705810546875,60.69716241211092,60.3398607850698,60.57515860012349,8463000,62.58008995056152,0,2,0.0031810747807468065,None
2016-10-18,61.19391250610352,61.32463281500191,60.880186424231816,61.02833300491815,5495800,62.51011734008789,0,2,0.002571476142652074,None
2016-10-19,60.96733856201172,61.3246403402651,60.94991228808537,61.272348221062224,5296700,62.4325922648112,0,2,0.002849027357731959,None
2016-10-20,61.25490188598633,61.44662407994621,60.93245940989837,61.04575342380724,6876000,62.36291656494141,0,2,0.0025605647513359253,None
2016-10-21,60.74946975708008,60.94119200179608,60.59260670674076,60.94119200179608,5511600,62.31864077250163,0,2,0.0016271244303340815,None
2016-10-24,60.63618087768555,61.08062063550872,60.63618087768555,61.01961870902056,7384700,62.239914957682295,0,2,0.0028931542391867904,None
2016-10-25,60.46187973022461,60.74946306562175,60.38345153804944,60.56645730183559,7922100,62.183448282877606,0,2,0.0020751363445252746,None
2016-10-26,60.09586334228516,60.46187484025559,59.85185567697154,60.366013736209496,8073700,62.114781061808266,0,2,0.002523503404643579,None
2016-10-27,60.374732971191406,60.79303659432602,60.21786994360475,60.55773872859076,6974700,62.0339968363444,0,2,0.0029688003216805647,None
2016-10-28,59.06754684448242,59.81700283818392,58.80611288191667,59.65142334112796,18469300,61.908215840657554,0,2,0.004622420507372826,None
2016-10-31,58.701541900634766,59.05883701755028,58.67539916631311,59.05012720525084,12689000,61.777788162231445,0,2,0.00479318494971126,None
2016-11-01,58.3878173828125,58.90197556838393,57.93466112855822,58.73640269692987,14908700,61.630510584513345,0,2,0.005412414584594738,None
2016-11-02,58.08280944824219,58.72768797681572,58.08280944824219,58.27453170912644,17942900,61.452152506510416,0,2,0.006554615289172672,None
2016-11-03,57.53377151489258,58.5185253174403,57.48148605589375,58.27451764383181,22074200,61.23951632181804,0,2,0.007814327238899077,None
2016-11-04,57.93465805053711,58.41395701436085,57.62964176144476,57.69064368952093,21382600,61.0469243367513,0,2,0.007077707856157578,None
2016-11-07,59.41612243652344,59.57298544800869,58.5272364705802,58.56208900761261,17367800,60.9284055074056,0,2,0.004355537689027078,None
2016-11-08,59.58171844482422,59.98258921906588,58.954266224720165,59.03269442787733,15943900,60.800592041015626,0,2,0.004697113303430589,None
2016-11-09,61.681941986083984,62.37039623136385,59.58172669870974,59.58172669870974,49750100,60.74598108927409,0,2,0.002006938980557149,None
2016-11-10,62.36167144775391,62.81483434178678,61.92594147587478,62.69283048155756,28378900,60.75120989481608,0,2,0.0001921573114791464,None
2016-11-11,61.4292221069336,62.18739480622514,61.15907159683902,62.18739480622514,15866100,60.7041514078776,0,2,0.0017293877654770418,None
2016-11-14,61.23748016357422,61.76907119901876,61.1154763176077,61.69935946468857,17406200,60.652444458007814,0,2,0.0019002176294332651,None
2016-11-15,61.41176223754883,61.47276414674112,60.84531213864359,61.47276414674112,10371600,60.610613377888996,0,2,0.0015372818566978808,None
2016-11-16,61.15034103393555,61.55121179957354,61.071912832461656,61.254918617945634,7585000,60.55193519592285,0,2,0.002156408686181388,None
2016-11-17,61.39434814453125,61.41178106605071,61.01962011640072,61.16777335447018,12856200,60.509233729044595,0,2,0.0015692683550094788,None
2016-11-18,60.7407455444336,61.61220534649841,60.70589300321637,61.44663250522934,12185000,60.446197764078775,0,2,0.002316556134485448,None
2016-11-21,60.958614349365234,61.0196162734185,60.801751309126686,60.87146969339072,6791800,60.380838521321614,0,2,0.0024019360191680494,None
2016-11-22,60.07845306396485,60.932480119880346,59.66886581014921,60.932480119880346,14522100,60.338718287150066,0,2,0.0015479081966773833,None
2016-11-23,60.31374740600586,60.32246386787705,59.076275768790175,59.076275768790175,13676000,60.31402689615886,0,2,0.0009074025169706346,None
2016-11-25,60.54903793334961,60.60132340076012,60.31374003257925,60.4880360051335,4009300,60.296308263142905,0,2,0.0006511553845500728,None
2016-11-28,60.09586334228516,60.44444857075186,60.00000223823906,60.43573211164488,6507200,60.27713584899902,0,2,0.0007045814817300267,None
2016-11-29,60.488014221191406,60.66230348226621,60.22657368087008,60.23529013853656,7093900,60.277716954549156,0,2,2.135548535930898e-05,None
2016-11-30,59.9128532409668,60.54902173535771,59.886710514255206,60.53158881841016,8640700,60.2350149790446,0,2,0.0015692870469002917,None
2016-12-01,59.47711944580078,60.130714164985406,59.302830180168606,59.982567624327125,11360700,60.18534100850423,0,2,0.0018255061414850227,None
2016-12-02,59.61655044555664,59.8518415964094,59.38125264599522,59.58169126603981,7964500,60.130729293823244,0,2,0.002006967018393424,None
2016-12-05,59.51198959350586,59.94771948657703,59.32026737676086,59.8605748377049,5832100,60.08947995503743,0,2,0.0015159030064749723,None
2016-12-06,59.67755889892578,59.69498516624292,59.33768352350241,59.686268708229655,5490800,60.057525889078775,0,2,0.00117430402720764,None
2016-12-07,59.16339492797852,59.20697056983074,58.36165364808939,59.20697056983074,12758900,60.014243062337236,0,2,0.0015906331863142498,None
2016-12-08,59.27669906616211,59.33770099279543,58.64053706680206,58.98040589357499,7586600,59.986937586466475,0,2,0.001003469490278408,None
2016-12-09,60.0000114440918,60.11330548373465,59.48585330596612,59.48585330596612,12100200,59.974446868896486,0,2,0.0004590307838797658,None
2016-12-12,60.28759002685547,60.374734678265256,59.88671931140186,60.00000669336352,15018100,60.01511497497559,0,2,0.0014945428481427658,None
2016-12-13,60.77560043334961,60.86274507764684,60.33116075282064,60.50545004141512,11041400,60.08425025939941,0,2,0.002540704617248868,None
2016-12-14,60.46187973022461,61.089331862469,60.2527312357134,60.766895985245625,11682200,60.153385670979816,0,2,0.0025407092902218764,None
2016-12-15,60.85405731201172,60.91505924998907,60.48804568414761,60.70591069816852,8210100,60.24576059977213,0,2,0.0033947558046034665,None
2016-12-16,60.90218734741211,61.15602019627077,60.727126756193,60.9897143040823,8257100,60.35804112752279,0,2,0.004126281647073515,None
2016-12-19,60.64834976196289,61.21728495270381,60.56957083259718,60.94594272697549,9318300,60.44849751790365,0,2,0.0033242499921085633,None
2016-12-20,60.604591369628906,60.81466409187671,60.46454956600952,60.674615610378176,4885000,60.48811314900716,0,2,0.0014558646528870511,None
2016-12-21,60.26322555541992,60.66585488290323,60.15819588261118,60.63959746470105,5432300,60.510830052693684,0,2,0.0008348405964763161,None
2016-12-22,60.34200668334961,60.359509403495046,59.939377341217295,60.18445549052577,4458400,60.46616554260254,0,2,0.0016414097079584522,None
2016-12-23,60.797157287597656,60.83216940946662,60.35951578105473,60.35951578105473,4188700,60.41401507059733,0,2,0.0019165169583028607,None
2016-12-27,60.91968536376953,61.26979984129543,60.85841583104336,60.87592522775268,5141200,60.39703051249186,0,2,0.0006241783130008782,None
2016-12-28,60.45577621459961,61.05096872158101,60.44702151773717,60.98094450243564,4558800,60.37097371419271,0,2,0.0009575808981060474,None
2016-12-29,60.560821533203125,60.75338482549917,60.464539887055096,60.49079730366309,5539200,60.34260902404785,0,2,0.0010423953530888097,None
2016-12-30,60.34200668334961,60.63084497196105,60.149443372356174,60.569575434633926,6649000,60.315664545694986,0,2,0.000990202920708616,None
2017-01-03,61.12974548339844,61.14725487841904,60.58707443955619,60.665846683516165,11792900,60.30684445699056,0,2,0.00032413608018888596,None
2017-01-04,61.61117172241211,61.77747763442608,61.22604505369747,61.22604505369747,9174500,60.33585866292318,0,2,0.00106626489777506,None
2017-01-05,61.92627334594727,61.94377606799012,61.50613456024491,61.55865608213236,5979300,60.36811396280925,0,2,0.001185374299596309,None
2017-01-06,62.10130310058594,62.27636364225704,61.72493128333912,61.94375195202037,5769300,60.435542297363284,0,2,0.002477974631370894,None
2017-01-09,62.36389923095703,62.46893557053991,61.98752736146562,62.10131172093873,5751900,60.50388069152832,0,2,0.0025114190971732286,None
2017-01-10,62.58272933959961,62.94159854539031,62.32889648918445,62.46894496301852,10320500,60.57167040506999,0,2,0.0024912552198590454,None
2017-01-11,61.95253753662109,62.88033549748676,61.31358460511631,62.66151471970673,23742000,60.63355954488119,0,2,0.002274410593466669,None
2017-01-12,62.01378631591797,62.04879842998117,61.49737265871108,61.64616913507124,9358900,60.6844186147054,0,2,0.0018690582472939976,None
2017-01-13,62.0750617980957,62.285134502617645,61.92626530746826,62.06631377714956,5279000,60.75649223327637,0,2,0.002648687671009231,None
2017-01-17,61.75994491577149,61.864981243366216,61.25228602708952,61.68992737525202,6038200,60.83258641560872,0,2,0.0027964423956426954,None
2017-01-18,61.6811637878418,62.02252345597525,61.55862476224908,61.88247503936868,6174200,60.901406860351564,0,2,0.0025291343367788155,None
2017-01-19,61.28730392456055,61.80372429293088,61.19102895202883,61.66367582765134,6470700,60.960584004720054,0,2,0.002174745431159586,None
2017-01-20,61.12974548339844,61.593650961158296,61.07723065409179,61.287296649195966,7006900,61.00899022420247,0,2,0.0017789166034031245,None
2017-01-23,60.87592315673828,61.217282924296384,60.648347752406885,61.05097705060675,10003700,61.066074498494466,0,2,0.002097832973057101,None
2017-01-24,60.45577621459961,60.85840545786981,60.17568601589526,60.81464532931177,8703500,61.10537707010905,0,2,0.0014443597940347885,None
2017-01-25,61.024715423583984,61.05097283806468,60.47328300797919,60.50829511991263,6553800,61.139533869425456,0,2,0.0012552539337458146,None
2017-01-26,60.55205535888672,60.99845139025342,60.543300662383935,60.89341506585043,6612500,61.148349380493165,0,2,0.00032396785317079235,None
2017-01-27,61.05098724365234,61.09475406336575,60.67461529890606,60.69211802006396,7264900,61.15752894083659,0,2,0.00033734657408623914,None
2017-01-30,60.75337600708008,61.02471150981546,60.49954322025013,60.90217246484612,7281900,61.16724548339844,0,2,0.00035708053790950434,None
2017-01-31,61.72493362426758,61.72493362426758,60.38575214960999,60.42951895615684,14342500,61.19627469380696,0,2,0.0010668163085564286,None
2017-02-01,62.25886535644531,62.25886535644531,61.60240323328545,61.72494229537838,19490500,61.24149729410807,0,2,0.0016619193852545067,None
2017-02-02,62.24137115478516,62.27638327415654,61.75996286077736,61.95252617838048,14539400,61.29459800720215,0,2,0.001951438083486523,None
2017-02-03,62.5126953125,62.57396484073722,62.14507814307668,62.44267108654954,15104800,61.35820147196452,0,2,0.0023374116117631516,None
2017-02-06,62.58272933959961,62.58272933959961,62.27638165043607,62.39892072610148,11561600,61.43551826477051,0,2,0.0028413730284063687,None
2017-02-07,62.64400100708008,62.871576445857706,62.43393496706635,62.62649828619519,11278000,61.512251408894855,0,2,0.00281992408359244,None
2017-02-08,62.54772186279297,62.61774610490649,62.13633778772516,62.31139839300895,6812900,61.57060356140137,0,2,0.0021444271841113416,None
2017-02-09,62.775272369384766,62.95908092349403,62.48642749383736,62.53894231561812,7869200,61.63245646158854,0,2,0.0022730787962395027,None
2017-02-10,62.8978271484375,63.03786893419674,62.72277324676888,62.87156973097503,4440300,61.713858159383136,0,2,0.0029914922772396046,None
2017-02-13,63.2829475402832,63.3179529748818,62.95909050828627,62.95909050828627,6465200,61.804595692952475,0,2,0.003334581934806624,None
2017-02-14,63.7818603515625,63.7818603515625,63.169158381843225,63.21292519320812,10403000,61.919257481892906,0,2,0.00421379240731945,None
2017-02-15,64.4732894897461,64.59582846243738,63.58049791399737,63.64176740034301,10091700,62.03070894877116,0,2,0.004095813864897546,None
2017-02-16,64.38581085205078,64.55211674737203,63.94816938257708,64.49084720876087,11332600,62.12319691975912,0,2,0.0033989100773572645,None
2017-02-17,64.4732894897461,64.50829490090946,64.1406779828356,64.1406779828356,12118400,62.20809745788574,0,2,0.0031200737947771895,None
2017-02-21,64.76216888427734,64.97224155261372,64.46457595428362,64.46457595428362,10651800,62.29679298400879,0,2,0.003259538665794426,None
2017-02-22,64.66587829589844,64.89345364948815,64.61336347502255,64.68338768810808,6634300,62.373525619506836,0,2,0.002819905391701627,None
2017-02-23,65.1385498046875,65.25234085201741,64.657148231274,64.73592048446083,8685600,62.458719635009764,0,2,0.0031308590158295457,None
2017-02-24,65.4536361694336,65.48864827713767,65.00724014355261,65.03350423273821,9103000,62.57542292277018,0,2,0.004288816984440502,None
2017-02-27,65.76876831054688,65.80378043414147,65.35738420566017,65.49743270003853,8178200,62.70058898925781,0,2,0.004599822011268406,None
2017-02-28,65.637451171875,65.84752383872794,65.44488789953184,65.58493634410047,10258600,62.819335301717125,0,2,0.004363897637234659,None
2017-03-01,66.29390716552734,66.46021300876839,65.83876311807391,66.03132637280002,15196600,62.97046737670898,0,2,0.005554066406847635,None
2017-03-02,66.0838623046875,66.42522211878604,66.07510760543708,66.18889866205586,7889300,63.11722399393717,0,2,0.0053932694153351335,None
2017-03-03,66.34648132324219,66.3989961878915,65.96135450812838,65.98761194045304,6635300,63.2858632405599,0,2,0.0061974506377541205,None
2017-03-06,66.09259796142578,66.30266393775966,65.8562678949078,66.25014911314544,5886900,63.45129165649414,0,2,0.006079453403441515,None
2017-03-07,65.62871551513672,65.96132061682474,65.41864280871188,65.54993658075774,12330600,63.609718068440756,0,2,0.0058221314872936025,None
2017-03-08,65.89128112792969,66.11885650160166,65.5761788191153,65.61994562562505,8130000,63.790901565551756,0,2,0.006658448743151468,None
2017-03-09,66.25016784667969,66.33769480507901,65.83878379653606,65.8825439367963,8451400,63.965083312988284,0,2,0.00640113617294924,None
2017-03-10,66.50399017333984,66.60026513782411,66.25890537958685,66.53024758891534,10455800,64.16348114013672,0,2,0.007291071117868975,None
2017-03-13,66.45147705078125,66.56526810313981,66.18889618400948,66.56526810313981,6898500,64.34349746704102,0,2,0.006615555526496508,None
2017-03-14,66.20637512207031,66.48646528607658,66.13635091159968,66.26764463676305,7296300,64.52526410420735,0,2,0.006679878996074251,None
2017-03-15,67.03791046142578,67.17795892319444,66.30267607077496,66.30267607077496,11044900,64.70236333211263,0,2,0.006508352859181943,None
2017-03-16,66.39020538330078,66.87161364041633,66.13637254571972,66.87161364041633,12129400,64.84007466634115,0,2,0.005060857500448157,None
2017-03-17,66.0247802734375,66.34980482272269,65.98964121636264,66.22682147400562,10401000,64.96618830362955,0,2,0.004634645004024551,None
2017-03-20,65.92813873291016,66.1389663387037,65.79636896600591,66.04233562311316,4728300,65.08003641764323,0,2,0.004183890054843875,None
2017-03-21,65.40985107421875,66.22681564860069,63.53874168867462,65.99841514874949,16650400,65.1742738087972,0,2,0.003463200836125724,None
2017-03-22,65.42743682861328,65.59433899027253,65.10240554186112,65.50649468906916,9954300,65.26705500284831,0,2,0.0034096859524642698,None
2017-03-23,65.2253646850586,65.68215890295775,65.10238136862081,65.34834800149636,13250500,65.35630976359049,0,2,0.0032800903998445596,None
2017-03-24,65.26048278808594,65.55037481325995,64.98816363224208,65.26048278808594,9229500,65.43915011088053,0,2,0.0030443622906654033,None
2017-03-27,65.43622589111328,65.55042953083179,64.67197298944772,64.79495636907417,6946300,65.52376340230306,0,2,0.0031095175493885963,None
2017-03-28,65.48014068603516,65.56798498538335,65.10240416695655,65.30444538524834,7392300,65.59700317382813,0,2,0.002691543503882232,None
2017-03-29,65.49767303466797,65.65579537265864,65.34833713270093,65.50645947069161,4357800,65.65419692993164,0,2,0.0021018564025743203,None
2017-03-30,65.50647735595703,65.63824712394093,65.24293781998925,65.41863307799737,7137400,65.688636525472,0,2,0.0012656466250891008,None
2017-03-31,65.3219985961914,65.49768714198332,65.25172049703927,65.34835120785135,5895400,65.71984278361002,0,2,0.0011468222746038315,None
2017-04-03,65.37471008300781,65.6997412961611,65.11995697573995,65.3922829605237,12354800,65.74989013671875,0,2,0.0011042328011764413,None
2017-04-04,65.33956146240234,65.42741243293965,65.15508648803255,65.35713433734503,5228600,65.76913655598959,0,2,0.0007073011518571315,None
2017-04-05,65.13752746582031,65.81393577943071,65.09360197572963,65.42741961540568,6470100,65.78485819498698,0,2,0.0005777663478828687,None
2017-04-06,65.25172424316406,65.37470757269661,64.96183209408501,65.15509352680438,5253300,65.78863067626953,0,2,0.00013863775484468377,None
2017-04-07,65.3659439086914,65.53284606718739,65.11997048705702,65.29566578822444,5638200,65.78570760091146,0,2,0.00010742229703264439,None
2017-04-10,65.2429428100586,65.56797403566684,65.1814511405748,65.34835997292623,4530000,65.76818008422852,0,2,0.0006441319065424445,None
2017-04-11,65.15509796142578,65.30443391429537,64.79493438673506,65.13753178547788,5472600,65.75210164388021,0,2,0.0005908787093531487,None
2017-04-12,65.15509796142578,65.26051512338098,64.89156510967167,65.08481985345566,3782200,65.71414133707682,0,2,0.0013950318939356388,None
2017-04-13,64.98819732666016,65.29565567848624,64.98819732666016,65.07604161259769,6671100,65.67761917114258,0,2,0.001342180572400875,None
2017-04-17,65.2253646850586,65.24293085794052,64.85641473574526,64.90911995647913,6149900,65.64024861653645,0,2,0.0013733586464312886,None
2017-04-18,64.51383972167969,64.86521691761635,64.26787300368787,64.86521691761635,7519500,65.58762334187826,0,2,0.0019339658384626146,None
2017-04-19,64.70704650878906,64.89152139136044,64.59284298475578,64.7246126729024,5023100,65.55690104166666,0,2,0.0011290369404078904,None
2017-04-20,65.1111831665039,65.24294624942287,64.5401852328596,64.83885715692881,7307300,65.53089777628581,0,2,0.0009556135765880214,None
2017-04-21,64.72465515136719,65.05846610527698,64.5753192010988,64.99697443739652,6763000,65.48004735310873,0,2,0.0018687404851487344,None
2017-04-24,65.3659439086914,65.52405962660642,65.27809290706247,65.34837102752944,5450000,65.44211247762044,0,2,0.001394097299390662,None
2017-04-25,65.64704132080078,65.83151633694472,65.4449934257348,65.62946844187873,9035700,65.41529795328776,0,2,0.000985427142582096,None
2017-04-26,66.00720977783203,66.27074936436676,65.83152118820227,65.88422642467319,6240400,65.40865910847982,0,2,0.00024397590604141595,None
2017-04-27,66.14774322509766,66.45520150208371,65.89299016642698,66.02475991430323,6962800,65.37898686726888,0,2,0.001090447531634009,None
2017-04-28,66.32344055175781,66.35857960265838,66.09504007194839,66.20045722465012,5781100,65.37676137288412,0,2,8.178636865596722e-05,None
2017-05-01,66.47277069091797,66.60454044477437,66.32343476418849,66.43763164308372,7182000,65.39169438680013,0,2,0.0005487845710340222,None
2017-05-02,66.65725708007812,66.67482995804853,66.14775755445348,66.53427374264226,5243800,65.41599833170572,0,2,0.0008931639690735738,None
2017-05-03,66.33222961425781,66.50791817362267,66.18288696649985,66.455212946231,8094100,65.44674428304036,0,2,0.0011299061133349664,None
2017-05-04,66.77146911621094,66.77146911621094,66.46401073377842,66.56063476646572,4275400,65.49154535929362,0,2,0.0016464284806668728,None
2017-05-05,66.73629760742188,66.93833871673937,66.46397841569532,66.92077254718052,5720100,65.54190979003906,0,2,0.0018508803833884313,None
2017-05-08,66.32344055175781,66.73631602222876,66.22680983730339,66.68361079692224,6558500,65.5773417154948,0,2,0.0013021145042457771,None
2017-05-09,66.4024887084961,66.525478719761,66.2795053993189,66.35856992784007,3830200,65.60955047607422,0,2,0.001183663991578321,None
2017-05-10,66.20926666259766,66.30589741061955,65.93694059904001,66.29711096932002,4314900,65.63385467529297,0,2,0.0008931733150189247,None
2017-05-11,66.24436950683594,66.27072211423535,65.91055194087708,66.10381333125594,6791600,65.65874455769857,0,2,0.0009146970273967714,None
2017-05-12,66.13018035888672,66.31465535299627,66.08626157100662,66.21802463673572,2638000,65.67953465779622,0,2,0.0007640310407543982,None
2017-05-15,66.56061553955078,66.59575458769127,66.10382131790068,66.1653129766245,7320800,65.72082188924153,0,2,0.001517295552347142,None
2017-05-16,66.3058853149414,66.5518520097306,66.12140359175973,66.4903603360333,5471700,65.75186106363932,0,2,0.0011406819884418606,None
2017-05-17,65.43622589111328,65.95451873561748,65.43622589111328,65.77004366617781,11434000,65.75508321126303,0,2,0.00011841312888527522,None
2017-05-18,65.72610473632812,66.10384124006927,65.40107346963778,65.40107346963778,10690500,65.77470245361329,0,2,0.000721002307890295,None
2017-05-19,65.91056060791016,66.121388196916,65.75243824063372,65.84028251087881,9209800,65.79666366577149,0,2,0.0008070691195638524,None
2017-05-22,66.08626556396484,66.16532340817902,65.70852911451121,65.84907862714392,4999100,65.82067438761393,0,2,0.0008823880939665685,None
2017-05-23,66.3058853149414,66.44643483963961,66.12140359175973,66.17411552785012,4216100,65.85610580444336,0,2,0.001302095812354409,None
2017-05-24,66.47277069091797,66.52548261371338,66.1828785728515,66.34100093706157,5186400,65.90002822875977,0,2,0.0016141382391277048,None
2017-05-25,66.78903198242188,66.92080176895601,66.46400743800606,66.62212313933932,4479400,65.95449269612631,0,2,0.0020015557159767106,None
2017-05-26,66.66603088378906,66.92957038668231,66.5957527894058,66.73630897817232,4507400,66.01042048136394,0,2,0.002055332286110878,None
2017-05-30,66.56940460205078,66.73631341177757,66.45520771765732,66.45520771765732,4651200,66.05522181193034,0,2,0.0016464378266118906,None
2017-05-31,66.83295440673828,66.98229036363772,66.63969295564988,66.70118462626078,5884400,66.13252563476563,0,2,0.002840896385188363,None
2017-06-01,67.57085418701172,67.62356612024804,66.87687293452313,66.94715104411198,9149900,66.22798589070638,0,2,0.003508140814834859,None
2017-06-02,68.01008605957031,68.09793035034336,67.70262769081977,67.76411936456988,4833000,66.32461598714193,0,2,0.0035511321639172255,None
2017-06-05,67.81681823730469,68.08035778699323,67.6586958479094,68.01007968013106,5558900,66.42768809000651,0,2,0.003787874308178507,None
2017-06-06,67.64991760253906,67.8958842798901,67.535714000848,67.68505665674482,4316500,66.5038205464681,0,2,0.0027978489604335577,None
2017-06-07,67.8343734741211,67.9046515627068,67.61475947385631,67.7377427778376,4415700,66.57673161824545,0,2,0.0026794638693844464,None
2017-06-08,67.64111328125,67.95735798340726,67.4654247587571,67.79044919557772,6304400,66.63119506835938,0,2,0.0020015183321945296,None
2017-06-09,68.097900390625,68.30873463823137,67.6411062583182,67.72895051044411,13419000,66.69620030721029,0,2,0.0023889264630981843,None
2017-06-12,68.01008605957031,68.29119181129792,67.68506151350108,68.04522511629749,7700600,66.75242182413737,0,2,0.0020661268531088073,None
2017-06-13,68.15062713623047,68.23847140747526,67.91344023157241,68.07156260064835,5592500,66.80835037231445,0,2,0.002055360323947153,None
2017-06-14,68.47566986083984,68.66893133034127,68.23848959505452,68.26484221324287,6782300,66.86896413167318,0,2,0.002227540677021911,None
2017-06-15,68.4053726196289,68.45807783610655,68.02763626333483,68.21211122309414,8186000,66.93806889851888,0,2,0.0025395831037945404,None
2017-06-16,68.5182876586914,68.65939531539502,68.15668709261195,68.4918303936035,14165200,66.99629618326823,0,2,0.00213983832489395,None
2017-06-19,69.23263549804688,69.29437133698623,68.57999852515911,68.61527710865329,8294400,67.07950744628906,0,2,0.0030579933521077685,None
2017-06-20,69.46195983886719,69.84119629288806,69.19737376259089,69.22383102447782,7697200,67.18412475585937,0,2,0.0038446602727487678,None
2017-06-21,70.3438720703125,70.3703293200192,69.55894226174561,69.60303543502333,9481200,67.31550420125326,0,2,0.004828162150568027,None
2017-06-22,71.07588958740234,71.50804714928294,70.43207400125561,70.45853125428889,12341100,67.47772496541342,0,2,0.005961572993447128,None
2017-06-23,70.97008514404297,71.12001411560207,70.70549906471224,70.98772107593672,8779600,67.63524881998698,0,2,0.00578896272688223,None
2017-06-26,70.8995132446289,71.17291386881338,70.79367748912098,71.17291386881338,7434400,67.79422658284506,0,2,0.00584239349703497,None
2017-06-27,70.2557144165039,70.98772336602052,70.2380717553375,70.89953024629965,8428000,67.91739654541016,0,2,0.004526465685410375,None
2017-06-28,70.62610626220703,70.80249244347198,70.44971335224058,70.48499193423388,8674200,68.06140391031902,0,2,0.005292235072019369,None
2017-06-29,69.98231506347656,70.6084950329765,69.55016401694651,70.54675916918649,8445800,68.21294021606445,0,2,0.005568921787144743,None
2017-06-30,69.8852767944336,70.25569857968793,69.8852767944336,70.25569857968793,7817400,68.35157928466796,0,2,0.005094951509458823,None
2017-07-03,70.00875854492188,70.33508046281919,69.9999439437621,70.12341564703068,5904200,68.48818588256836,0,2,0.005020258713401726,None
2017-07-05,70.42326354980469,70.51145664976937,69.85881963558805,70.10576300697005,8955500,68.63275248209635,0,2,0.005312786806069392,None
2017-07-06,69.5148696899414,70.2557066164949,69.41785525040817,70.12341358724932,6367700,68.73971862792969,0,2,0.003930979424949577,None
2017-07-07,69.86763000488281,69.94700176379025,69.58540809204332,69.76179426430507,4371400,68.85288060506186,0,2,0.004158674694012432,None
2017-07-10,69.73533630371094,69.92054380131677,69.55895013323904,69.89408654861609,3580000,68.95109074910482,0,2,0.003609198523014445,None
2017-07-11,69.65599060058594,69.84119816746906,69.3032113989832,69.69126246491297,4117500,69.05075607299804,0,2,0.0036626760228942734,None
2017-07-12,70.13221740722656,70.36152484075559,69.9822884705238,69.99993112701938,8808200,69.16951649983724,0,2,0.004364416337207411,None
2017-07-13,70.19395446777344,70.41444057688749,69.71771039334489,70.19395446777344,9437700,69.28154983520508,0,2,0.004117197388093574,None
2017-07-14,70.67021942138672,70.82015511941985,70.20278985306261,70.3439042209283,5750000,69.38486200968424,0,0,0.0037966968806852908,None
2017-07-17,70.4144287109375,70.81130767768362,70.39679278580921,70.75839317359784,5743700,69.46500676472982,0,0,0.0029452999418401182,None
2017-07-18,70.46739959716797,70.53795680479968,69.9911485387124,70.32628518190454,8042700,69.55335947672526,0,0,0.0032469403313242218,None
2017-07-19,71.04063415527344,71.04063415527344,70.76722677710163,70.76722677710163,8177900,69.6663833618164,0,0,0.0041535998456312395,None
2017-07-20,71.50804901123047,71.62269935359365,71.09353409304623,71.20818443540941,8276800,69.78883921305338,0,0,0.004500222270579446,None
2017-07-21,71.42869567871094,71.53453145957657,71.30522396538623,71.35814522017091,4043600,69.91509195963542,0,0,0.004639757236188036,None
2017-07-24,71.40222930908203,71.47278648732697,71.093550065139,71.36695071995956,4476800,70.02523625691732,0,0,0.0040477757052712615,None
2017-07-25,70.89068603515625,71.6227014771125,70.7848570171299,71.56978696809932,8486000,70.12125625610352,0,0,0.00352871124077625,None
2017-07-26,70.65257263183594,70.80250157812452,70.45854377019077,70.73194440503494,4964100,70.20465443929037,0,0,0.0030648626220155517,None
2017-07-27,70.16751098632812,70.72314039674421,69.87647437897579,70.72314039674421,12536800,70.2610491434733,0,0,0.0020724914419617546,None
2017-07-28,70.52027893066406,70.60847203181969,69.89409916514614,70.19395705481573,6426100,70.33154602050782,0,0,0.002590742809203017,None
2017-07-31,70.45855712890625,70.74960047655489,70.44973579842197,70.60848610362089,5516800,70.39622166951497,0,0,0.002376814117791226,None
2017-08-01,70.2997817993164,70.71429671137689,70.2115887119783,70.71429671137689,8678800,70.43179321289062,0,0,0.0013072454282989643,None
2017-08-02,70.1410903930664,70.2910194401891,69.89414684987447,70.2910194401891,7718500,70.4544308980306,0,0,0.0008319293344676293,None
2017-08-03,70.2557144165039,70.39682206231656,69.94702840442525,70.17633589866251,8003600,70.45149230957031,0,0,0.00010799239970515906,None
2017-08-04,70.0969467163086,70.58201211876556,70.0087468897691,70.58201211876556,3930100,70.41886088053386,0,0,0.0011991969529207003,None
2017-08-07,70.24690246582031,70.25572379758141,69.96468040780685,70.02641627272527,4583300,70.39475479125977,0,0,0.0008858928235113694,None
2017-08-08,69.9205551147461,70.28215557003335,69.779447501277,70.15868388498457,4423300,70.362122853597,0,0,0.0011992156448120683,None
2017-08-09,69.99993896484375,70.07048941261974,69.62951715268203,69.75298884716837,4886500,70.35359700520833,0,0,0.0003133228213002548,None
2017-08-10,69.1268081665039,69.85000239445769,69.11799356608317,69.78826654799954,7054700,70.30362040201823,0,0,0.001836627816573455,None
2017-08-11,69.32083892822266,69.66479675769801,69.16208864317997,69.16208864317997,8318600,70.28157119750976,0,0,0.000810302816690367,None
2017-08-14,69.78826141357422,69.90291849763432,69.62069654477443,69.62069654477443,3955800,70.27833735148111,0,0,0.00011884304237608223,None
2017-08-15,69.78826141357422,70.01756885299228,69.77062548532766,69.8764612409134,4653800,70.27098744710287,0,0,0.0002701071695266899,None
2017-08-16,69.98231506347656,70.11460812265643,69.82356473820161,69.90294326519134,3756900,70.25628916422527,0,0,0.0005401582633814961,None
2017-08-17,69.10919189453125,70.06169384970535,69.08273462833827,69.76182913254112,7133400,70.24276657104492,0,0,0.0004969519575540593,None
2017-08-18,68.79167938232422,69.2591089476885,68.7475794604696,68.85341523569869,8434600,70.20690155029297,0,0,0.0013180306493513205,None
2017-08-21,69.1003646850586,69.18855780776809,68.6329350788647,68.72994953245635,10269000,70.18573582967123,0,0,0.0007778350021876435,None
2017-08-22,69.9382095336914,70.01758131798442,69.07390086429315,69.1180007858137,5455500,70.19514312744141,0,0,0.0003457158682390604,None
2017-08-23,69.40904235839844,69.7177283737307,69.38258509507368,69.70008571237834,5662500,70.17103729248046,0,0,0.0008858834775664626,None
2017-08-24,69.61188507080078,69.7088995116459,69.34729900873175,69.47959203976626,5502800,70.15163497924804,0,0,0.0007130302164192193,None
2017-08-25,69.6295166015625,70.02639566958675,69.57660208397365,69.76180962423724,5476500,70.1169448852539,0,0,0.0012748523813600476,None
2017-08-28,69.99993896484375,70.11458933009459,69.80591009387874,69.82354602364705,7432800,70.10312856038412,0,0,0.0005077465245513224,None
2017-08-29,70.13221740722656,70.20277457580502,69.64715201282901,69.70888785315968,4243500,70.0919558207194,0,0,0.0004105954215714025,None
2017-08-30,70.49382781982422,70.67021403751528,70.03521961660573,70.05285554689368,3667900,70.0737289428711,0,0,0.0006698332565370224,None
2017-08-31,71.69328308105469,71.76384026959214,70.67022403337319,70.67022403337319,6987200,70.07990341186523,0,0,0.00022691020964460407,None
2017-09-01,71.6403579711914,71.94903721456443,71.36695058817287,71.79910825759794,6471600,70.08695882161459,0,0,0.00025928456469315186,None
2017-09-05,71.3316879272461,71.76384569317057,71.00537268083072,71.34050925865591,8076900,70.08460744222005,0,0,8.64126116555397e-05,None
2017-09-06,71.67562866210938,71.74618583907284,71.26112038703022,71.57862095466305,8791000,70.11077219645182,0,0,0.0009615482519508278,None
2017-09-07,72.46936798095703,72.62811823826686,71.64915943963986,71.66680209528629,7251000,70.17133204142253,0,0,0.0022255593365859694,None
2017-09-08,72.79570007324219,72.91917176534594,72.24007745877535,72.3635491508791,4302600,70.25893834431966,0,0,0.0032195099814203987,None
2017-09-11,73.36017608642578,73.3778120235634,72.96330357812708,73.12205392718766,6286200,70.35360158284506,0,0,0.0034788506217867665,None
2017-09-12,73.51888275146484,73.52770407914488,73.23666082401725,73.3777684233903,6984800,70.45561243693034,0,0,0.0037488736778040765,None
2017-09-13,73.2454833984375,73.56298391330803,73.10436906796099,73.43069091066171,5873800,70.55380249023438,0,0,0.003608460193323837,None
2017-09-14,73.34249877929688,73.45714912778482,72.95444109410428,73.04263418745667,6373800,70.66051610310872,0,0,0.003921698901114712,None
2017-09-15,73.1079330444336,73.52397396097983,73.02826908346385,73.52397396097983,7091300,70.75559005737304,0,0,0.0034939443236923218,None
2017-09-18,73.09024810791016,73.3823628686828,72.9751756658515,73.18761969483437,7783100,70.85536677042643,0,0,0.003666769547002957,None
2017-09-19,72.51486206054688,73.21416392453163,72.43519809357956,73.1256461545214,7329200,70.93096542358398,0,0,0.0027782318209284007,None
2017-09-20,72.58564758300781,72.66531151551867,72.06338823840544,72.54138534041064,5101800,71.01980183919271,0,0,0.003264716319575256,None
2017-09-21,72.2138900756836,72.62107716290402,72.17848162199417,72.54140645373481,4527900,71.09360020955404,0,0,0.0027120718730689886,None
2017-09-22,72.2138900756836,72.31126163496153,71.8421114421526,72.11651851640568,6473300,71.19650293986003,0,0,0.0037816499085067123,None
2017-09-25,72.00145721435547,72.44405286505636,71.8952385804104,72.11653640576085,12439300,71.28585688273112,0,0,0.0032837353185716234,None
2017-09-26,71.8863754272461,72.40864173895616,71.8598207722134,72.20504479458411,4579400,71.35579401652018,0,0,0.00257017238326096,None
2017-09-27,71.85980987548828,72.07225383700798,71.54999435796543,72.07225383700798,5384700,71.42484563191732,0,0,0.002537629801195429,None
2017-09-28,71.92176818847656,72.1607667850832,71.69161663930147,71.79784198972182,4229000,71.48949406941732,0,0,0.0023758141016279044,None
2017-09-29,72.34667205810547,72.38207375928663,71.75358888450238,71.93063115776904,6902700,71.59741007486979,0,0,0.003965886531214657,None
2017-10-02,73.08137512207031,73.09022892405065,72.4794449033781,72.55911561425684,8764900,71.74039993286132,0,0,0.005254841944263178,None
2017-10-03,73.06366729736328,73.29381885257817,72.78040644228015,73.18759349937018,5141700,71.87251001993815,2,0,0.0048550130518532075,None
2017-10-04,73.41776275634766,73.44431741268437,73.0990933733608,73.16991029257413,3291100,71.98849512736003,2,0,0.004262424034482293,None
2017-10-05,73.47087097167969,73.4797247748174,73.13450074065,73.41776165979948,7709600,72.1238894144694,2,0,0.0049757065914287635,None
2017-10-06,73.37349700927734,73.65675791920668,73.25842458612482,73.33808855135207,4035900,72.24927647908528,2,0,0.004607943637866652,None
2017-10-09,72.9131851196289,73.38233526919174,72.79810596737822,73.36462766724331,4558800,72.35873209635416,2,0,0.00402246688498531,None
2017-10-10,73.08137512207031,73.08137512207031,72.683041828093,72.93974805774563,4037700,72.46144663492838,2,0,0.0037747339088718412,None
2017-10-11,73.22300720214844,73.30267115766446,73.01941028226527,73.03711788580571,4031600,72.56447296142578,2,0,0.003786192037997016,None
2017-10-12,73.14334106445312,73.3115295412388,73.05482330163471,73.19645712492209,4731600,72.65279006958008,2,0,0.003245631898960988,None
2017-10-13,72.95745086669922,73.05482243068033,72.780415343173,72.90434156033581,5909600,72.69492899576822,2,0,0.0015485951236680062,None
2017-10-16,72.63876342773438,73.18758421951371,72.50599019489881,72.90432340034678,10219700,72.728209177653,2,0,0.0012230384597708976,None
2017-10-17,73.61248779296875,73.80722414267521,72.7892598817439,72.7892598817439,8437800,72.80423583984376,2,0,0.0027939610471251486,None
2017-10-18,73.71871948242188,74.11705956060226,73.63020171620602,73.79839019944701,6938700,72.8723388671875,2,0,0.002502769424656326,None
2017-10-19,74.17017364501953,74.18787449801329,73.52398107844112,73.63020645682299,6410400,72.92903238932291,2,0,0.0020834729278690345,None
2017-10-20,74.24983215332031,74.31179526445132,73.99312590621398,74.19672284477163,6343800,72.97750345865886,2,0,0.0017812998194941532,None
2017-10-23,74.06392669677734,74.63044837621128,74.02851824762884,74.3471875364943,7159600,73.00096181233724,2,0,0.000862088700443242,None
2017-10-24,73.5682373046875,74.08164979453015,73.14334257949676,74.07279599202319,7145500,73.00260696411132,2,0,6.045892113315521e-05,None
2017-10-25,73.46199798583984,73.67444868483072,73.17873714065661,73.49740643567166,6819100,73.00982411702473,2,0,0.0002652285860008652,None
2017-10-26,72.7273178100586,73.1522058366922,72.28472217612243,72.9397618233754,13466900,72.9893180847168,2,0,0.0007535916196834691,None
2017-10-27,72.70960235595703,72.78927307327368,72.43519525364204,72.47060371095246,6122000,72.97604039510091,2,0,0.00048795181208316496,None
2017-10-30,71.93064880371094,72.51487156513132,71.77131409541923,72.47061605106207,5884000,72.93738708496093,2,0,0.0014204995952943333,None
2017-10-31,71.79784393310547,72.10765943837825,71.67391773099637,71.88636168411605,6548600,72.91348648071289,2,0,0.0008783412995855278,None
2017-11-01,71.97489166259766,72.27586017132953,71.7801485252075,71.92178235366312,7427800,72.89312795003255,2,0,0.0007481709713212936,None
2017-11-02,71.64736938476562,72.12537338644462,71.48803471753929,72.10766578260163,10200300,72.87424392700196,2,0,0.000693983179586577,None
2017-11-03,72.24044036865234,72.28470262146138,71.56769329609024,71.56769329609024,6862700,72.87512893676758,2,0,3.252389017527335e-05,None
2017-11-06,72.01913452148438,72.20502380615211,71.96602522685669,72.12535986421058,4853200,72.87571818033854,2,0,2.165455561353724e-05,None
2017-11-07,72.16964721679688,72.27587260641471,71.91294092365915,72.14309255776087,4439800,72.88516057332357,2,0,0.00034700560871192554,None
2017-11-08,72.33780670166016,72.4174706468014,72.00142981291857,72.08995431214811,6186200,72.90109380086263,2,0,0.0005855421744992428,None
2017-11-09,72.34667205810547,72.41748221393995,71.90407650514709,72.16077598280742,7086400,72.91525726318359,2,0,0.0005205037400946022,None
2017-11-10,71.87752532958984,72.16964005695324,71.42608266381711,72.16964005695324,4826300,72.89961903889974,2,0,0.0005747008777742257,None
2017-11-13,71.94833374023438,72.08996756225699,71.43492126561092,71.63851819640034,4704000,72.86185099283854,2,0,0.001387966359173709,None
2017-11-14,71.65621948242188,71.78899950300605,71.32870308558293,71.70933554273898,7430100,72.81493606567383,2,0,0.0017241119792686943,None
2017-11-15,71.45262908935547,71.6739268718406,71.2047766535277,71.39066598039852,4952300,72.74943161010742,2,0,0.0024072725540218443,None
2017-11-16,72.19619750976562,72.28472203916387,71.55885871754937,71.55885871754937,4780500,72.70694249471029,2,0,0.0015614644905563857,None
2017-11-17,71.91293334960938,72.14308495947095,71.79786092141514,71.8686778403684,6129800,72.65825703938802,2,0,0.001789178451510609,None
2017-11-20,71.61198425292969,71.96606215691125,71.49690505088796,71.90409903022504,4898500,72.61488367716471,2,0,0.001593960342895273,None
2017-11-21,72.24044036865234,72.40862882516076,71.97488035874132,72.0014350090381,7974500,72.58685251871745,2,0,0.0010301381456276903,None
2017-11-22,72.2138900756836,72.51485180183573,72.09881091282496,72.24044472758267,4853100,72.55321528116862,2,0,0.0012361601671860845,None
2017-11-24,72.382080078125,72.4086414865379,72.15193523299534,72.31126991610891,1650600,72.52783991495768,2,0,0.0009325384372657064,None
2017-11-27,72.44403076171875,72.56796371929771,72.32010455761142,72.38206765966508,4241400,72.51072591145834,2,0,0.0006289353992360303,None
2017-11-28,72.97518157958984,73.03714470779262,72.42636047731216,72.62110366694212,8290400,72.52193984985351,2,0,0.00041210946473435595,None
2017-11-29,73.33808898925781,73.6036490485466,73.03712722530518,73.03712722530518,8144600,72.51279322306316,2,0,0.00033613627414974534,None
2017-11-30,73.88690948486328,74.1082072816894,73.3469423203297,73.56824011715584,10639600,72.51839955647786,2,0,0.000206031367503412,None
2017-12-01,73.73641204833984,74.04622754364118,72.73614190904674,73.85148444560284,15315400,72.50394083658854,2,0,0.0005313543827649703,None
2017-12-04,72.8335189819336,74.17901316853244,72.8335189819336,74.16130556547435,9770300,72.45673039754232,2,0,0.0017349719678850795,None
2017-12-05,72.70960235595703,73.24071570866815,72.64763924403195,72.87779083981341,13240800,72.41158625284831,2,0,0.0016590361610820947,None
2017-12-06,72.64763641357422,72.99286041705966,72.32896706366883,72.75386178136682,8533000,72.38089955647787,2,0,0.0011277285080441013,None
2017-12-07,72.66534423828125,72.8069780755969,72.38208331712302,72.60338112282392,3979200,72.35434443155924,2,0,0.000975894278220979,None
2017-12-08,73.47970581054688,73.48855285792824,72.82465961687679,72.87777566852138,8444100,72.37942403157552,2,0,0.0009216691027045254,None
2017-12-11,73.78952026367188,73.83378251383877,73.4265887220226,73.54166787106807,6588600,72.41542129516601,2,0,0.0013228905409864433,None
2017-12-12,74.08164978027344,74.19672219895152,73.81608973289626,73.81608973289626,6068600,72.4871213277181,2,0,0.0026349584771392376,None
2017-12-13,74.33836364746094,74.55080765506219,74.04624891608844,74.07280357285445,8459800,72.57180531819661,2,0,0.003112115722224029,None
2017-12-14,73.58594512939453,74.49769777677928,73.5151349630464,74.40032620039327,6772100,72.62550710042318,2,0,0.001973527225564209,None
2017-12-15,74.39556121826172,74.42222202397265,73.86232476263477,73.86232476263477,8012200,72.71711349487305,2,0,0.0033665123574454503,None
2017-12-18,74.42223358154297,74.83104848702712,74.3778011586143,74.63553362129419,5655400,72.78983993530274,2,0,0.002672678712986154,None
2017-12-19,74.33334350585938,74.79548669681374,74.2977935080576,74.53775429810241,4777100,72.8669802347819,2,0,0.0028348869422623046,None
2017-12-20,74.0934066772461,74.60886481372567,74.08451748061721,74.49333237943152,4686700,72.93110555013021,2,0,0.0023565894918317065,None
2017-12-21,73.92455291748047,74.36891786486122,73.87123129354549,74.32447865793475,4304200,72.98399709065755,2,0,0.0019437510433517602,None
2017-12-22,73.68458557128906,73.9067680050023,73.50683555603659,73.81788960714118,7023600,73.02859420776367,2,0,0.001638933032413581,None
2017-12-26,73.70234680175781,73.80010760125982,73.54237520079714,73.62235761104307,2504100,73.08942159016927,2,0,0.0022353912712015367,None
2017-12-27,73.82678985595703,74.02231151177227,73.74680742247124,73.75568983921134,4053300,73.1520367940267,2,0,0.002301093267734422,None
2017-12-28,73.93344116210938,74.06674522022878,73.70236949391754,73.96010197373326,5380600,73.2279441833496,2,0,0.0027895777987074766,None
2017-12-29,73.48016357421875,74.1733715771079,73.40017438440222,74.05783917011595,4877200,73.29552866617838,2,0,0.0024837130418788878,None
2018-01-02,74.30670166015625,74.34225166702774,73.64904348420991,73.75568672435388,6708900,73.36587880452474,2,0,0.002585350198676506,None
2018-01-03,75.01770782470703,75.07102945870196,74.0845385469621,74.29783186341409,7606500,73.469371287028,2,0,0.0038033231560116176,None
2018-01-04,75.12434387207031,75.39984799519357,74.93771139055409,75.25765472471666,7762500,73.58644994099934,2,0,0.0043026115999283965,None
2018-01-05,75.76421356201172,75.83531357155283,75.22208785508347,75.36428787416568,7579300,73.70390904744467,2,0,0.0043165931343261965,None
2018-01-08,75.48871612548828,75.77310940814084,75.10656201625477,75.6753485815599,5167300,73.81306991577148,2,0,0.00401163493420531,None
2018-01-09,76.37745666503906,76.53742833268744,75.64869835252351,75.71979159777817,6962900,73.9462491353353,2,0,0.004894303406536515,None
2018-01-10,76.24413299560547,76.2619046088139,75.6753464463489,76.119711361735,10835800,74.07291920979817,2,0,0.004655093932675047,None
2018-01-11,76.57295989990234,76.5907315118171,76.16413824069286,76.37743826648999,4247800,74.19284515380859,2,0,0.00440724880521659,None
2018-01-12,77.15953826904297,77.2484099128798,76.65296244065404,76.715173269387,5391700,74.3202267964681,2,0,0.0046812438880523555,None
2018-01-16,77.54167938232422,78.16378756489387,77.41725774581029,77.63944020822383,8920000,74.44205245971679,2,0,0.0044770630177473625,None
2018-01-17,78.28819274902344,78.45705355472198,77.70163469736252,77.89715630807257,7214600,74.59377848307291,2,0,0.005575893862452608,None
2018-01-18,78.30596160888672,78.38594401418675,77.85270763744796,78.29707241480835,7954800,74.77619323730468,2,0,0.0067036971380605714,None
2018-01-19,78.59927368164062,78.62593449347894,78.20823036008947,78.60815609860609,4802400,74.97251561482747,2,0,0.007214798857029914,None
2018-01-22,79.1147232055664,79.15916240741355,78.43040424822392,78.5726042697586,11152500,75.18808517456054,2,0,0.007922128046722765,None
2018-01-23,78.73257446289062,79.25692860227342,78.661481227772,79.10584615449915,7637600,75.39032618204753,2,0,0.0074323070455497575,None
2018-01-24,78.96365356445312,79.25693607104346,78.6881494536708,79.12362522436864,8291100,75.57312444051107,2,0,0.006717790823802916,None
2018-01-25,79.63906860351562,79.7190510215328,79.04362133448947,79.34578617651367,6339300,75.76810938517252,2,0,0.0071656485298942085,None
2018-01-26,81.35431671142578,81.37208832183565,79.98567217390486,80.00344378431473,9784400,76.01053161621094,2,0,0.00890895708112327,None
2018-01-29,81.13213348388672,81.57649832488919,81.12324428853525,81.14102267923819,12643800,76.23699061075847,2,0,0.008322312085060124,None
2018-01-30,79.42578887939453,80.08344706774241,79.29247804623022,79.53243212154949,14270600,76.4316520690918,2,0,0.007153760487278338,None
2018-01-31,78.29706573486328,80.06563549934029,78.02156176615446,79.83457071676351,15858400,76.56170221964518,2,0,0.004779310893686717,None
2018-02-01,78.32373809814453,78.67923129828284,77.79939088280388,77.99491248190338,12848700,76.69175237019857,2,0,0.004779310893686717,None
2018-02-02,77.22173309326172,78.36819536842182,77.2039614803663,77.68387639418708,10539200,76.78803202311198,2,0,0.003538253451083384,None
2018-02-05,73.80011749267578,77.31059720922255,73.20467020169681,76.8395715378371,34979800,76.77825571695963,2,0,0.0003592768350910158,None
2018-02-06,74.61776733398438,74.93771066504944,72.34262078460759,72.37817079700055,33313400,76.80136286417643,2,0,0.0008491819497732922,None
2018-02-07,74.52886962890625,75.57757089609488,74.14671560491881,74.40444801927957,17338000,76.829505666097,2,0,0.001034241015681725,None
2018-02-08,71.94265747070312,74.75104622474666,71.88044667073221,74.51108543880984,20252500,76.77084935506186,2,0,0.002155604934872324,None
2018-02-09,72.96470642089844,73.58682127412402,70.7073321875885,72.60033077270398,35535700,76.7421132405599,2,0,0.0010560451064224874,None
2018-02-12,73.64903259277344,74.21781905766247,72.778074504398,73.43573258308791,13389200,76.73263295491536,2,0,0.00034839815458442835,None
2018-02-13,73.70234680175781,73.87120759734653,72.76917799940911,73.2224319988758,8415200,76.7400390625,2,0,0.0002721726234724553,None
2018-02-14,74.53776550292969,74.67106953913921,73.1602316980264,73.23133170431801,10110800,76.74774119059245,2,0,0.00028305130397898726,None
2018-02-15,75.36427307128906,75.3909338745128,74.28890428449408,75.04432987166669,9519100,76.75929336547851,2,0,0.00042453957218657745,None
2018-02-16,75.9063949584961,76.4396313382919,74.99099781629228,74.99099781629228,9323000,76.78536173502604,2,0,0.0009580061386243455,None
2018-02-20,75.07101440429688,75.79088344075822,74.85772113061776,75.5420401580541,8872100,76.76225509643555,2,0,0.0008491632578824237,None
2018-02-21,74.75994873046875,76.0663757624723,74.75105953447053,75.06211358970947,9417400,76.7379628499349,2,0,0.0008927340555828223,None
2018-02-22,74.64441680908203,75.53314664248617,74.4666735545894,74.9999100985378,6316100,76.68019485473633,2,0,0.0021229595474066554,None
2018-02-23,75.8353042602539,75.8619650654408,74.75994217474394,75.08876781267462,5498500,76.66656723022462,2,0,0.0005008118330256384,None
2018-02-26,76.79515838623047,76.88403002531221,75.96863925987458,75.96863925987458,6266100,76.67397384643554,2,0,0.0002721913153627131,None
2018-02-27,75.99526977539062,77.05285338562221,75.99526977539062,76.7951277691779,7460700,76.63516489664714,2,0,0.001426219313910848,None
2018-02-28,74.77771759033203,76.34188378543679,74.75994597945942,76.2441229744634,6279000,76.54303283691407,2,0,0.0033858304266962125,None
2018-03-01,73.58683013916016,75.02656807540428,73.0269260257583,74.64441399025313,12720300,76.38632074991862,2,0,0.005759130468997231,None
2018-03-02,74.33334350585938,74.49331510573299,73.17799230894224,73.18688150350987,11206000,76.25390014648437,2,0,0.004866424451251239,None
2018-03-05,75.0087890625,75.2309714905403,73.83566611366598,73.99563773307379,11028800,76.13421732584635,2,0,0.004398314081363708,None
2018-03-06,74.90215301513672,75.30208552842404,74.52888809377858,75.17765710750047,9573300,75.9937983194987,2,0,0.00516036378168222,None
2018-03-07,75.28429412841797,75.36428332944563,74.23559278257224,74.2622535894249,6868200,75.87885564168295,2,0,0.004224115004071549,None
2018-03-08,75.79090118408203,75.85311201932217,75.36431453685607,75.48873620733634,6403000,75.77309722900391,2,0,0.0038865955299947075,None
2018-03-09,76.8840103149414,76.91067112178389,75.96861978417787,76.25301302461382,8253100,75.6812619527181,2,0,0.0033749237083528505,None
2018-03-12,76.55517578125,77.02620143716376,76.46630416738374,76.91066901718457,5760200,75.5212905883789,2,0,0.00587890810591879,None
2018-03-13,76.65291595458984,77.18615227470215,76.484055187375,76.84843752074015,6400700,75.37198333740234,2,0,0.005487004575252363,None
2018-03-14,76.27967834472656,77.09730811179823,76.03083509218041,76.9195648686853,9416400,75.26711298624674,2,0,0.0038539594884740014,None
2018-03-15,76.1552734375,76.76849250719415,76.05751259818454,76.54631001429023,5883100,75.19571990966797,2,0,0.0026236779209776184,None
2018-03-16,76.1552505493164,76.56550170028102,76.1463301230826,76.1463301230826,7067700,75.1234369913737,2,0,0.002656379384116836,None
2018-03-19,74.92451477050781,76.11067317632937,74.31805492508995,76.01257568178337,7190200,75.0468630472819,2,0,0.002814073521738958,None
2018-03-20,75.03153991699219,75.2990983585476,74.60345457565612,75.0939693127826,5534400,75.08791046142578,2,0,0.0015084823257852098,None
2018-03-21,74.71044158935547,75.566625526277,74.64801221940192,75.15636760453539,5498700,75.09099960327148,2,0,0.00011352519941348893,None
2018-03-22,72.56107330322266,74.04154396336614,72.43621457782346,73.9880350251351,14648500,75.02540639241536,2,0,0.0024105342889846337,None
2018-03-23,71.05386352539062,72.78405898012498,71.00035457047466,72.63244573833487,11049000,74.99577992757162,2,0,0.0010887652614520182,None
2018-03-26,72.525390625,72.6234948707535,71.03599970025431,71.85650175174769,9183500,74.98113606770833,2,0,0.0005381582310547417,None
2018-03-27,71.66924285888672,72.99810072283209,71.25899166613486,72.78405810145988,10948400,74.91514307657877,2,0,0.0024252261152362675,None
2018-03-28,72.052734375,72.74837794747953,71.77626239216627,71.8743598664849,10146800,74.86015599568685,2,0,0.0020207616338814294,None
2018-03-29,72.59676361083984,73.1229530932748,71.94570857220353,72.43622995777142,6914900,74.79545593261719,2,0,0.0023777113285549656,None
2018-04-02,70.94686126708984,72.66813667430331,70.22445619489346,72.29355349437807,11364900,74.64820887247721,2,0,0.005411293071140522,None
2018-04-03,72.0260009765625,72.15978019602333,70.89334462999372,71.33035720051868,8590700,74.51886240641277,2,0,0.004753450662618952,None
2018-04-04,73.05162811279297,73.25675033968267,71.16089871079868,71.16089871079868,9085800,74.4515495300293,2,0,0.00247373157213554,None
2018-04-05,72.99810791015625,73.37268423551112,72.72163588015046,73.31025484795198,8031300,74.39282150268555,2,0,0.0021582404914901043,None
2018-04-06,71.24114227294922,72.74837447762611,70.59901448579744,72.39163228190307,12171800,74.2793790181478,2,0,0.004168983271846449,None
2018-04-09,71.94570922851562,72.94458605719701,71.4195197412806,71.62464191944989,6952600,74.14972585042318,2,0,0.004764721872835165,None
2018-04-10,73.15863800048828,73.44403044450013,72.40948538656693,72.65920292454071,8097800,74.02850850423177,2,0,0.004454707516225398,None
2018-04-11,72.56107330322266,73.0515945846411,72.46296904693897,72.61458224145369,6205800,73.91403528849284,2,0,0.004206862388765997,None
2018-04-12,73.05162811279297,73.39944997951318,72.90000804439971,72.95352381148282,5096900,73.85649897257487,2,0,0.0021144453910991734,None
2018-04-13,73.01593780517578,73.46186387916889,72.62352068268844,73.39943450098153,7837000,73.83746922810873,2,0,0.0006993384063307961,None
2018-04-16,73.59564208984375,73.8632004771584,73.3815994625675,73.55105356148627,7217200,73.8128791809082,2,0,0.0009036781577083652,None
2018-04-17,74.16641998291016,74.32694682030763,73.77400290227322,74.1574995571799,6500900,73.78480021158855,2,0,0.0010318951833724332,None
2018-04-18,74.22884368896484,74.48747477678167,73.87210153418589,74.35370242249388,4704500,73.76235656738281,2,0,0.0008247983780877988,None
2018-04-19,73.60456085205078,74.16643209184164,73.33700927508148,74.09508228293292,5833600,73.70636545817057,2,0,0.0020576594265289128,None
2018-04-20,73.2121353149414,73.77400649032423,72.97133824284269,73.66698178922952,5250500,73.62040659586589,2,0,0.0031589669467780856,None
2018-04-23,73.49752807617188,73.72940470178366,73.22104932364873,73.40833743093098,9257300,73.50752385457356,2,0,0.004148412845905558,None
2018-04-24,72.9446029663086,73.78294633479146,72.39165207156346,73.729430568014,8904800,73.38717142740886,2,0,0.004422921955740344,None
2018-04-25,73.27458190917969,73.310250010323,72.34705478072637,72.85541027567466,8068800,73.27456029256184,2,0,0.0041384313761622105,None
2018-04-26,74.20208740234375,74.4874797844954,73.48860984911015,73.48860984911015,9463300,73.20530726114909,2,0,0.002545031789993546,None
2018-04-27,74.50532531738281,74.62126364094192,73.9880494658886,74.14858311620434,6663300,73.15030899047852,2,0,0.0020211728554813124,None
2018-04-30,73.36375427246094,74.87097966621708,73.35483384642696,74.82639114462997,7241000,73.05725911458333,2,0,0.0034195599438350266,None
2018-05-01,73.32808685302734,73.5332090426943,72.7127066754423,73.27457789994764,8498000,73.00404485066731,2,0,0.001955611048131356,None
2018-05-02,72.3202896118164,72.99809917008498,72.159762752421,72.94459021695319,11594300,72.91366984049479,2,0,0.003321259289563616,None
2018-05-03,71.66924285888672,71.99923062023359,70.73279533340836,71.99031019309116,13524100,72.81229654947917,2,0,0.0037254433925544284,None
2018-05-04,72.24002838134766,72.48082548206354,71.17872208330988,71.45520089292269,7889500,72.80159505208333,2,0,0.0003932773846478943,None
2018-05-07,72.13301849365234,72.75731924611283,71.9457303092023,72.4719267549089,5886700,72.83756688435872,2,0,0.0013219559464414665,None
2018-05-08,71.58897399902344,72.01706605428741,71.16088874805185,71.95463667167522,9522300,72.80635299682618,2,0,0.0011471026529674688,None
2018-05-09,71.99923706054688,72.31138399553038,71.33034785517101,71.72275822873904,11340200,72.81735280354818,2,0,0.00040424017866336204,None
2018-05-10,72.96243286132812,73.28350022652393,72.26678917150151,72.30246407922249,7845500,72.84767608642578,2,0,0.001114373151992476,None
2018-05-11,74.05049133300781,74.19319095926909,72.89108748895205,73.02485988320613,10434000,72.89613367716471,2,0,0.0017808044843847792,None
2018-05-14,74.5409927368164,74.85313957991045,74.0326373625516,74.18425057144142,11837600,73.01593805948893,2,0,0.004402781443290205,None
2018-05-15,73.57781219482422,74.13967667476655,73.33701507607546,74.0504928087223,8806800,73.06766510009766,2,0,0.0019009559591242065,None
2018-05-16,73.98804473876953,74.24668264799219,73.53319829121996,73.54211871685966,7013600,73.09887898763021,2,0,0.001147102652967913,None
2018-05-17,74.01480865478516,74.13966741250708,73.59563705202213,73.91670437310479,6610400,73.13276901245118,2,0,0.001245450036965856,None
2018-05-18,74.20208740234375,74.35370742121425,73.81859075092515,74.06831503906258,5838900,73.231467183431,2,0,0.0036271333923381666,None
2018-05-21,74.27346801757812,74.69263974123088,74.16645008254777,74.54994008879848,6406500,73.3090591430664,2,0,0.0028514853413860175,None
2018-05-22,74.13075256347656,74.51424925707498,74.0148074301589,74.42505859935619,5770200,73.34146296183268,2,0,0.001190832331740388,None
2018-05-23,74.3715591430664,74.39831362208099,73.72942442954523,73.81860829435811,8360500,73.40181248982748,2,0,0.002217830239696683,None
2018-05-24,74.07723236083984,74.45181540961218,73.74725144254113,74.32694985716043,7166500,73.43599929809571,2,0,0.0012563567553092736,None
2018-05-25,73.97020721435547,74.43396726145174,73.84534847843375,74.10397957120675,6853300,73.46780827840169,2,0,0.0011689721653266316,None
2018-05-29,73.2121353149414,73.62239326699202,72.7483752187807,73.48861409169652,18236800,73.45502471923828,2,0,0.0004697926400684116,None
2018-05-30,74.30912017822266,74.47857426252806,73.6313106452929,73.71158087628194,13167700,73.45978139241537,2,0,0.00017480656374641024,None
2018-05-31,73.49752807617188,74.22884645882722,73.47076680002506,74.16641708973314,11543500,73.43540420532227,2,0,0.0008958556013638486,None
2018-06-01,74.34481048583984,74.37156496694952,73.71159615050207,73.79185959383112,8037800,73.46007919311523,2,0,0.0009067997034888919,None
2018-06-04,74.62127685546875,74.72830157606253,74.19319158167907,74.43398869764917,7230800,73.50705057779948,2,0,0.0017261867791593666,None
2018-06-05,74.46964263916016,74.80854395252422,74.11290047524015,74.64801031897476,5444400,73.53945439656576,2,0,0.001190832331740943,None
2018-06-06,75.30799102783203,75.38825444813578,74.42505257874282,74.72828582101452,7218900,73.61823399861653,2,0,0.0028951309066497233,None
2018-06-07,75.40609741210938,75.6022991575558,75.04043478681751,75.53095616116234,7405600,73.68928451538086,2,0,0.0026110889324533204,None
2018-06-08,75.84310150146484,75.89661044875173,75.25447586414363,75.37933461067394,6247100,73.74398498535156,2,0,0.002010228753356269,None
2018-06-11,75.98580169677734,76.3514643502974,75.67365480004804,75.85202931553052,7074400,73.79333419799805,2,0,0.001813571369142064,None
2018-06-12,75.94123077392578,76.06608956155915,75.60232251809784,76.06608956155915,6829200,73.8792500813802,2,0,0.003157387481996732,None
2018-06-13,75.95904541015625,76.44956681067718,75.86094113005205,76.07499054352948,10379200,73.96694869995117,2,0,0.003222902559620211,None
2018-06-14,76.3514633178711,76.3960586472117,75.89661681490625,76.11065942629891,9379800,74.10132115681967,2,0,0.004938154582599996,None
2018-06-15,76.50003814697266,76.53584520988557,75.90923868265683,76.25834900918413,9349300,74.26234766642253,2,0,0.005917684433601467,None
2018-06-18,75.76602172851562,76.0345713256566,75.45271841818443,76.0345713256566,7342600,74.37988077799479,2,0,0.004319312804452247,None
2018-06-19,75.96296691894531,75.98982051619899,75.13047125657715,75.24683912117669,6431700,74.50754572550456,2,0,0.004691655271286399,None
2018-06-20,76.12411499023438,76.30314357115839,75.90032584932806,76.0614543039607,5900800,74.65871709187826,2,0,0.005555510355420512,None
2018-06-21,75.68548583984375,76.06144993589484,75.50645043969881,76.05249645851204,7423400,74.78159205118816,2,0,0.00451562438868558,None
2018-06-22,76.02564239501953,76.32104568134139,75.76604618850962,75.96298171272419,9829800,74.88369903564453,2,0,0.003752406445185097,None
2018-06-25,75.3274154663086,76.03458987039213,74.75451589354499,75.73918660738858,9925100,74.92626317342122,2,0,0.0015642215444651164,None
2018-06-26,75.09464263916016,75.44375296230022,74.99617492447975,75.3900457832014,5560100,74.94471817016601,2,0,0.0006782165696081477,None
2018-06-27,74.4591064453125,75.47958415137164,74.40539924904655,75.09466664262996,7420500,74.97409464518229,2,0,0.0010795781970723284,None
2018-06-28,74.55757904052734,74.74556106918511,73.6624226205371,74.1816149832118,9026900,74.99307912190756,2,0,0.0006976748280407286,None
2018-06-29,74.70972442626953,75.37213800264992,74.65601724776536,74.79029202352459,6479300,75.01624298095703,2,0,0.0008512660956092599,None
2018-07-02,74.94247436523438,74.98722807527031,74.04731821052206,74.2979608411216,9364700,75.04092254638672,2,0,0.0009069679305074296,None
2018-07-03,75.12150573730469,75.47061610463382,74.92457028301651,75.21101999029938,3023100,75.0691904703776,2,0,0.0010388392208440234,None
2018-07-05,75.90029907226562,75.98085985640941,75.29159255056747,75.47062106833155,7458600,75.1281753540039,2,0,0.002167679896397101,None
2018-07-06,76.99238586425781,77.12666065874512,76.17779045266789,76.26730470582619,9822500,75.2155362447103,2,0,0.0032104911440593575,None
2018-07-09,77.55635070800781,77.70852565841551,77.26990093038688,77.29675452992925,7874400,75.33150685628256,2,0,0.0042618913155914595,None
2018-07-10,77.85174560546875,77.88755267751556,77.50263518988822,77.70851731728152,6122900,75.46089146931966,2,0,0.004754852554436861,None
2018-07-11,77.23407745361328,77.51157369595914,77.18037026593342,77.43101291443936,6434500,75.59495620727539,2,0,0.004926845988602047,None
2018-07-12,78.09343719482422,78.14715121928859,77.57425170800842,77.61900542731104,4461600,75.72110010782878,2,0,0.004635757171533972,None
2018-07-13,78.23665618896484,78.40673122930276,77.87859232959542,77.92335287307912,6048700,75.87907104492187,2,0,0.0058053928989879044,None
2018-07-16,77.76224517822266,78.2993376955013,77.65482394296617,78.2993376955013,5388500,75.99298553466797,2,0,0.004186329346606732,None
2018-07-17,78.19190216064453,78.30827685159879,77.69957028880171,77.73537053117155,5849300,76.11200637817383,2,0,0.004373986585350764,None
2018-07-18,78.25454711914062,78.2724540662313,77.97705090472854,78.20979341041247,7575700,76.23816986083985,2,0,0.004636476809333712,None
2018-07-19,77.81595611572266,78.22772729304847,77.47579909867146,78.06659884718167,5204000,76.32176869710287,2,0,0.0030722365729778933,None
2018-07-20,77.66375732421875,77.780125176843,77.43996826413357,77.60109666057491,4822600,76.3970240275065,2,0,0.002765614794566773,None
2018-07-23,77.82489776611328,77.92336551415124,77.52949452199938,77.61900879398813,3824600,76.4630839029948,2,0,0.0024276840988906034,None
2018-07-24,78.53206634521484,78.66633432856557,78.18294910000091,78.23666312284188,6467100,76.54795939127604,2,0,0.003119153219149795,None
2018-07-25,79.53463745117188,79.55254440204389,78.40673857875962,78.48730619868228,9285900,76.66773961385091,2,0,0.004401893578472371,None
2018-07-26,79.31082916259766,79.58833219789668,79.14075414751012,79.40034340677515,5763000,76.77946573893229,2,0,0.004105907485986493,None
2018-07-27,78.73794555664062,79.34665210012308,78.45149582026654,79.34665210012308,5742900,76.85901514689128,2,0,0.002923421083535549,None
2018-07-30,78.78269958496094,78.93487450086744,78.54995705919225,78.67527838164466,5531200,76.93510386149089,2,0,0.0027962414578154293,None
2018-07-31,79.60624694824219,79.71366815870091,78.95277986957718,79.06915455494921,6719100,77.0631113688151,2,0,0.004704244259810697,None
2018-08-01,79.6241455078125,79.91954870865838,79.56148484364823,79.56148484364823,5733000,77.18515065511068,2,0,0.004484913611928154,None
2018-08-02,79.9195556640625,80.0896375513821,79.24818841980189,79.28399549236921,5666200,77.31166534423828,2,0,0.004649383560003828,None
2018-08-03,80.39396667480469,80.45662732825002,79.8747813303287,79.98219569080696,5884800,77.46861470540365,2,0,0.005767850236104988,None
2018-08-06,80.53720092773438,80.7162294282009,80.06276925494849,80.34921895339465,4751100,77.61899998982747,2,0,0.005526622038025897,None
2018-08-07,80.54613494873047,80.81467763457393,80.43871377669436,80.54613494873047,5170300,77.7929573059082,2,0,0.006392888376087202,None
2018-08-08,80.6714859008789,80.78785375792114,80.37608269127124,80.55511121433628,5020400,77.97885208129883,2,0,0.00683158705563458,None
2018-08-09,80.58195495605469,80.9042117217656,80.50139417937673,80.68042268054967,5680300,78.1829470316569,2,0,0.0075004389878990385,None
2018-08-10,80.23284149169922,80.70727997748753,79.95534527677529,80.28655550357107,5389500,78.37212244669597,2,0,0.006952149751974335,None
2018-08-13,80.25971984863281,80.64463051432077,80.05383088769429,80.32238051857048,6563900,78.55712229410807,2,0,0.006798698673586456,None
2018-08-14,80.63568115234375,80.77890260901991,80.2955173874243,80.37608500577386,5497700,78.74689585367838,2,0,0.006974131415678542,None
2018-08-15,80.50140380859375,80.599871544867,79.99116500676892,80.38503595186191,6840600,78.92622578938803,2,0,0.006590330819720214,None
2018-08-16,81.28914642333984,81.39656764457504,80.63568610862013,80.73415385404381,6916700,79.10585403442383,2,0,0.006601293613735626,None
2018-08-17,81.53977966308594,81.79042915026186,81.0384943477345,81.22647634099128,5455300,79.2574338277181,2,0,0.005570519943817465,None
2018-08-20,81.80834197998047,81.96051692728246,81.6830206316728,81.72778118299752,8144900,79.39916687011718,2,0,0.005208654281835812,None
2018-08-21,81.80834197998047,82.05003802993188,81.63826008034809,82.01423095477237,6395900,79.53105341593424,2,0,0.00484679796580012,None
2018-08-22,81.88890075683594,82.06792928378486,81.52188339823995,81.62035113691202,3954300,79.68621419270833,2,0,0.0057021202017363826,None
2018-08-23,81.86205291748047,82.05898842510331,81.66512423935922,81.84415279383366,6058300,79.81183471679688,2,0,0.004616523215792534,None
2018-08-24,82.25592041015625,82.25592041015625,81.89785648703969,82.0500382642776,4028900,79.94581019083658,2,0,0.004923565561747889,None
2018-08-27,82.55132293701172,82.61398361079654,82.20221249313897,82.55132293701172,4671300,80.10544611612956,2,0,0.005866580803866678,None
2018-08-28,82.59607696533203,82.70349819057692,82.41704841942513,82.67664459164102,4954100,80.25225194295247,2,0,0.005395077855779973,None
2018-08-29,83.13316345214844,83.22267771130872,82.52445692855818,82.61397118771848,5338500,80.41487248738606,2,0,0.00597626481969879,None
2018-08-30,83.07051086425781,83.34800714348415,82.89147549903045,83.07051086425781,5266100,80.59002431233723,2,0,0.006436786281878243,None
2018-08-31,83.05260467529297,83.12421882204123,82.7124477224901,82.87357613792324,5808100,80.76965255737305,2,0,0.0066012936137361256,None
2018-09-04,82.39020538330078,83.03471915839735,82.19326985985437,82.98100512413788,6875500,80.92182947794596,2,0,0.005592464223740018,None
2018-09-05,82.72139739990234,82.72139739990234,82.17535150764616,82.32752644037312,10218900,81.06147384643555,2,0,0.0051318960318334494,None
2018-09-06,82.72139739990234,82.891472453744,82.22010522518318,82.7124439245947,5940300,81.16769917805989,2,0,0.003903754685845612,None
2018-09-07,82.84671783447266,82.9272786228628,82.39913968697037,82.52446102191097,5591100,81.28556213378906,2,0,0.004331434495704611,None
2018-09-10,82.63188171386719,83.20478124004049,82.5513209193277,83.05260629735406,4234000,81.41536000569661,2,0,0.00477003971579773,None
2018-09-11,82.56025695800781,82.7213853425566,82.21113976690242,82.48864282498621,5683900,81.54127858479818,2,0,0.004627476663862956,None
2018-09-12,82.9720458984375,83.12422084184952,82.45285356614828,82.61398198549662,11056600,81.65347188313802,2,0,0.004123075987783303,None
2018-09-13,84.00148010253906,84.00148010253906,83.24955194378833,83.33011274815368,10603800,81.79938303629557,2,0,0.005362198819677311,None
2018-09-14,83.7239761352539,84.07308658129101,83.57180118790467,84.07308658129101,5929000,81.92619705200195,2,0,0.004660383737801893,None
2018-09-17,83.41960906982422,83.73291237620168,83.32114134074845,83.72395890187664,5543000,82.0270517985026,2,0,0.0037063870097764073,None
2018-09-18,83.90300750732422,84.11784311859498,83.29430091747295,83.41962225983931,5422900,82.1392453511556,2,0,0.00412308533372871,None
2018-09-19,83.78662872314453,84.02832474984481,83.69711445860764,83.84928939127042,4186600,82.24726181030273,2,0,0.003969578179668892,None
2018-09-20,84.6012191772461,84.65492636685522,83.97460570397206,84.0283197230814,5083000,82.37825291951498,2,0,0.004813890891861683,None
2018-09-21,84.7153549194336,84.90407661174557,84.5356284629101,84.8231949070226,8579100,82.51603291829427,2,0,0.005063380905719922,None
2018-09-24,84.88607788085938,85.05682276964919,84.54459495940281,84.66141644029301,5392600,82.67114079793295,2,0,0.005700176245082206,None
2018-09-25,84.62548828125,85.12873468026257,84.53562505660922,85.002917938416,5215900,82.81666641235351,2,0,0.005348030366371104,None
2018-09-26,84.8141860961914,85.47918890860828,84.63445968296278,84.78722781981944,10880500,82.95594991048178,2,0,0.005118634135236472,None
2018-09-27,85.24554443359375,85.47919427034533,84.83216817234009,84.93101976265332,7168800,83.1140879313151,2,0,0.0058115331851498475,None
2018-09-28,85.50615692138672,85.56007348027003,85.03885722398479,85.07480388194833,5995800,83.25465494791666,2,0,0.005165803121935736,None
2018-10-01,85.92852783203125,86.32392738614024,85.67690120798531,85.8296762294729,7307100,83.40094655354818,2,0,0.005376180354075152,None
2018-10-02,85.82968139648438,86.00041947435281,85.66792484220777,85.92853300499368,5572700,83.53499120076498,2,0,0.004926107658911466,None
2018-10-03,85.66793823242188,86.27002950117863,85.5331399401011,86.11726130274052,6367500,83.66364440917968,2,0,0.004727973615314879,None
2018-10-04,84.83218383789062,85.64096660975119,84.39184921725956,85.60501994698795,10976400,83.76175384521484,2,0,0.003605497528615373,None
2018-10-05,84.73333740234375,85.34441699437573,84.20313266437283,84.90408234686197,12291000,83.85746332804362,2,0,0.0035172998413787737,None
2018-10-08,84.69738006591797,84.94001145365608,83.98744894873131,84.62548674506058,11924000,83.93884531656902,2,0,0.002990767966467134,None
2018-10-09,84.84115600585938,85.13770391877208,84.21209981189243,84.47270792503427,7463900,84.0151730855306,2,0,0.0028050266465411006,None
2018-10-10,82.83719635009766,84.93104337262068,82.7832797789835,84.83219175482772,22549300,84.02321039835611,2,0,0.0002953692600851515,None
2018-10-11,80.59955596923828,82.80123576385434,80.01543474124085,82.61252094055506,46581800,83.93875681559244,2,0,0.00310364829564419,None
2018-10-12,81.8396987915039,82.14524202598044,80.8961176585954,81.57010222320847,20797300,83.89772974650064,2,0,0.001507734650149195,None
2018-10-15,81.27352905273438,82.06433489540701,81.21062412043227,81.7048752010564,13909700,83.8384272257487,2,0,0.0021793529822673186,None
2018-10-16,83.50215911865234,83.64594572558632,81.89358244822306,81.90257082518713,13505900,83.87549235026042,2,0,0.0013621341659421221,None
2018-10-17,83.94252014160156,84.14920486737533,83.02589744779148,83.44826213453491,14232300,83.91619644165038,2,0,0.0014958652994241511,None
2018-10-18,82.98994445800781,83.90656708190731,82.32494843604807,83.89757870352136,14455600,83.9251480102539,2,0,0.0003289679339881363,None
2018-10-19,82.2350845336914,83.42129679414703,82.12724456233224,83.13373039331306,11318600,83.90476023356119,2,0,0.0007492457550485054,None
2018-10-22,81.56109619140625,82.37886031889767,81.18365973797904,82.2260921756257,8288300,83.8690673828125,2,0,0.0013117034442794717,None
2018-10-23,81.12076568603516,81.51617209212746,79.87164838256106,80.5186745539396,15424500,83.8210843404134,2,0,0.0017633649501704318,None
2018-10-24,78.44278717041016,81.55210059630592,78.3439355908945,81.08480782996881,17431900,83.67010904947917,2,0,0.0055483046314762224,None
2018-10-25,79.4582748413086,80.00644943025247,77.52618463897562,78.43381898632732,15725100,83.51866887410482,2,0,0.00556538901976375,None
2018-10-26,78.55962371826172,79.2785431879018,77.59807286988952,78.72138025612453,25507900,83.34652379353841,2,0,0.006326289168791632,None
2018-10-29,78.75731658935547,80.0513687225949,77.65198610564953,79.46724758711191,14024300,83.19111404418945,2,0,0.005711269882334419,None
2018-10-30,79.60204315185547,79.7278530099009,78.36190761380335,78.76630231991199,15432000,83.04774856567383,2,0,0.005268645905696423,None
2018-10-31,79.70989227294922,80.56361003109545,79.64698733128576,80.24009694364786,13460700,82.91185735066732,2,0,0.0049939685688431545,None
2018-11-01,80.71637725830078,80.85117551919257,79.95252958807983,79.9794878690333,9668500,82.78236262003581,2,0,0.004758899348817902,None
2018-11-02,80.21311950683594,81.6329745447559,79.68291496275445,81.49818317061236,12953000,82.63228810628256,2,0,0.005515201292683014,None
2018-11-05,80.92305755615234,81.2825103935799,80.32095965560205,80.32095965560205,7783500,82.50018742879232,2,0,0.004854667251871697,None
2018-11-06,81.33642578125,81.42628898174299,80.69838814479027,80.81520961981887,7980500,82.39055201212565,2,0,0.004029074468420268,None
2018-11-07,83.72683715820312,83.7987304759311,82.03738532834079,82.09130188857469,13310600,82.35430704752604,2,0,0.0013319934918578358,None
2018-11-08,83.77176666259766,84.0773029585743,83.45724198846769,83.57406347996634,7345600,82.30518112182617,2,0,0.0018053656290343278,None
2018-11-09,83.52912902832031,83.80771390402872,83.12474113820556,83.67291565528255,8486500,82.2392801920573,2,0,0.0024218428829820005,None
2018-11-12,82.3968505859375,83.52913956351942,82.20813575634052,83.40332967712142,8423200,82.1215576171875,2,0,0.004326275533814622,None
2018-11-13,81.82171630859375,83.00792868571956,81.57907806320183,82.67542721675171,14227000,81.98795878092447,2,0,0.0049097242165334065,None
2018-11-14,81.16570281982422,82.33394531008506,80.77928478284176,82.32495693077162,11664000,81.83788426717122,2,0,0.005515201292683014,None
2018-11-15,81.8846206665039,81.98347226856951,79.82672063751234,80.59056831664472,15563900,81.73963216145833,2,0,0.00361074060401409,None
2018-11-16,82.71138000488281,83.10678644525899,81.6959124766099,81.74084066366402,11323200,81.67223358154297,2,0,0.002476881155752869,None
2018-11-19,81.65994262695312,82.84615475514629,81.3004829519594,82.79223134741724,8821000,81.5709856669108,2,0,0.0037208358414466958,None
2018-11-20,80.89608764648438,81.74980522527726,80.70737286114019,81.14771421639963,11604300,81.43948338826497,2,0,0.004832676242221029,None
2018-11-21,80.43780517578125,81.16570623997585,80.4198284163969,81.15671786028366,9345100,81.35950368245443,2,0,0.0029392344232410106,None
2018-11-23,80.55461120605469,81.03988077429881,79.96150852672756,80.00643670430429,3939500,81.35800552368164,2,0,5.5056964661709396e-05,None
2018-11-26,81.33642578125,81.55209883365771,80.86014464812672,81.20162755244915,7141200,81.34122975667317,2,0,0.0006165052917844194,None
2018-11-27,82.18116760253906,82.18116760253906,80.77029376588592,81.06684856842352,9262000,81.371484375,2,0,0.0011118497467202393,None
2018-11-28,84.1581802368164,84.18513851373916,82.40581681948086,82.42379357484492,11870400,81.39335174560547,2,0,0.0008036204656921286,None
2018-11-29,84.4367904663086,84.93104858561055,83.8436875792722,83.96050910923178,8796000,81.4098274230957,2,0,0.0006054770761501072,None
2018-11-30,86.1531982421875,86.1531982421875,84.2930012153775,84.38286444806816,15875900,81.5152692159017,2,0,0.003874959827906199,None
2018-12-03,85.73979949951172,86.09925233641816,85.2455415645803,86.09925233641816,12158200,81.6320930480957,2,0,0.004293246962584735,None
2018-12-04,83.8257064819336,86.19813161963923,83.67293829155022,85.72185028719367,15011300,81.70758005777995,2,0,0.00277412895087481,None
2018-12-06,83.51115417480469,83.51115417480469,81.00393157887973,82.78325327332185,18492900,81.78725967407226,2,0,0.002928206207606726,None
2018-12-07,81.38138580322266,83.39435793390956,80.97699781467975,83.27752955703575,14930800,81.88521296183268,2,0,0.0035997591181074207,None
2018-12-10,81.69588470458984,82.00142095474261,79.66494348232516,81.42628824941286,15372000,81.9597999572754,2,0,0.002741053649917835,None
2018-12-11,81.94750213623047,82.92702264107056,81.36338107027545,82.37884822521828,13632300,82.07272923787436,2,0,0.004150123153923296,None
2018-12-12,82.6484603881836,83.72683267182352,82.59454383083873,82.85514509542142,12581000,82.20243403116862,2,0,0.004766619099761782,None
2018-12-13,82.72933197021484,83.33142988008657,82.17217594990242,82.87311859231063,11567100,82.3066769917806,2,0,0.003830903041042527,None
2018-12-14,79.94355010986328,81.99246196394357,79.7009186981433,81.92057549210531,19422700,82.3144655863444,2,0,0.0002862289254325634,None
2018-12-17,78.35293579101562,79.78177943687302,77.81374278279692,79.11678341116024,22089500,82.23568420410156,2,0,0.002895196328268179,None
2018-12-18,77.66998291015625,79.17072025579996,76.92410499964147,79.02694044459116,24712500,82.15091298421224,2,0,0.0031153213815144076,None
2018-12-19,76.65450286865234,78.75733111693077,75.96254164238583,77.82273849898773,23075600,82.00862782796224,2,0,0.005228944329413676,None
2018-12-20,75.57611083984375,76.61854326472876,75.03692472799302,76.30401860415945,25321600,81.81661732991536,2,0,0.0070563383518803535,None
2018-12-21,74.63729095458984,76.97534501275321,74.48382938286166,75.69347737729892,28909200,81.5136324564616,2,0,0.011134619223108322,None
2018-12-24,72.8498764038086,74.42062225154696,72.80474430371375,74.14077292709196,14235500,81.14956944783529,2,0,0.013379225596526878,None
2018-12-26,76.02750396728516,76.09972362342077,72.76866602205443,73.1207282366587,20575100,80.89951527913412,2,0,0.009189428904157027,None
2018-12-27,76.86699676513672,76.91212886026536,74.11368413434514,75.13376728308516,14045700,80.71518681844076,2,0,0.006774025377592002,None
2018-12-28,76.9572982788086,78.0315431214574,76.64134593898378,77.36352173183414,15770600,80.55303955078125,2,0,0.005958872015211419,None
2018-12-31,78.09471130371094,78.16692404131767,77.3364190172791,77.39058717953726,10163100,80.4506731669108,2,0,0.0037619393095473797,None
2019-01-02,76.91215515136719,77.4808762197779,76.0726207578865,76.89410368459349,14179900,80.28492431640625,2,0,0.006091229294711842,None
2019-01-03,75.3504409790039,77.18297124101282,75.15184041888091,77.02048049975252,17668000,80.03955968221028,2,0,0.009017089670010303,None
2019-01-04,77.59822845458984,78.02251024247373,76.19900904824807,76.23511198202003,16262600,79.90416920979818,2,0,0.004975566402246501,None
2019-01-07,77.89610290527344,78.62730759304492,77.3905793569121,77.62528278308454,12387200,79.80416971842448,2,0,0.0036749565952197694,None
2019-01-08,78.50096130371094,78.76275236727498,77.63434617290142,78.51901965967802,13371000,79.73960825602214,2,0,0.0023726177882829047,None
2019-01-09,78.85298919677734,79.31338065231273,78.61827888198101,78.84396002272007,11259700,79.68288752237956,2,0,0.0020844729440324117,None
2019-01-10,79.00646209716797,79.06063026207049,78.10373740421144,78.50093847303002,10396800,79.60522206624348,2,0,0.0028541863196221984,None
2019-01-11,79.26826477050781,79.29534541332995,78.49192086913534,78.63636014717852,7187900,79.50812530517578,2,0,0.00356828197382264,None
2019-01-14,78.39261627197266,78.82592719500566,78.3835939830245,78.78981737748262,5449000,79.315939839681,2,0,0.007062768362351368,None
2019-01-15,79.80084228515625,79.81889374366338,78.48286542242546,78.50091688093259,10540600,79.16140823364258,2,0,0.00567899833268648,None
2019-01-16,79.65645599365234,80.2522578288658,79.60229469490405,79.90921790413847,8288900,78.94485015869141,2,0,0.007958455736697179,None
2019-01-17,80.36055755615234,80.6945682069487,79.37659084361398,79.43978130325182,8731600,78.76554209391276,2,0,0.006589527068411205,None
2019-01-18,81.31745910644531,81.36259121824479,80.35154375720981,80.95636777582813,13367500,78.68193384806315,2,0,0.0030725823729593205,None
2019-01-22,80.75775909423828,80.90219836688598,80.19806724359385,80.7487299178869,12244500,78.59015401204427,2,0,0.0033728862922444702,None
2019-01-23,80.8480224609375,81.29036252566777,79.97237839420742,80.91121291486427,7722800,78.5723752339681,2,0,0.0006533657006491667,None
2019-01-24,80.17097473144531,80.83899593766644,79.79183202774743,80.76677631203563,11307000,78.52154490152995,2,0,0.001868002155458126,None
2019-01-25,80.27029418945312,80.5681950509836,80.03559068089355,80.5681950509836,7241900,78.4656379699707,2,0,0.002054565918584106,None
2019-01-28,79.35855102539062,79.80088430777504,78.9794013246737,79.7196354836055,7113800,78.35597432454428,2,0,0.0040301118683652715,None
2019-01-29,79.7467041015625,79.80990144818747,79.13285786028189,79.35853905625042,11099200,78.2565533955892,2,0,0.003653694569314858,None
2019-01-30,80.8390121459961,81.06469335590982,79.84600931258052,80.04460987926363,11706500,78.28640213012696,2,0,0.001096933617778073,None
2019-01-31,81.85005950927734,82.03963089902143,80.66749217395969,80.7487341036026,13409900,78.40297292073568,2,0,0.004283947746859473,None
2019-02-01,81.9222640991211,82.11183545403837,81.36257232228722,81.94934473736032,9386500,78.5447156270345,2,0,0.0052090094277633114,None
2019-02-04,81.68757629394531,81.93131587983356,80.9924811341326,81.93131587983356,9308600,78.71248474121094,2,0,0.006165473485387873,None
2019-02-05,81.57020568847656,82.28335903883486,81.5521473373448,81.82296750637713,8921400,78.91228790283203,2,0,0.007342716812440142,None
2019-02-06,81.94031524658203,81.97642505984281,81.32646219563415,81.42576246029061,6135900,79.15572204589844,2,0,0.008946144598079242,None
2019-02-07,81.03759002685547,81.54312052183306,80.60428604515194,81.40771044483473,9511700,79.42864583333333,2,0,0.01002988174087771,None
2019-02-08,81.1910629272461,81.20008521556515,80.60429048608654,80.72164221942126,7284200,79.60076446533203,2,0,0.00632531719046453,None
2019-02-11,81.09178924560547,81.42579309123936,80.8661079932603,81.37163179459499,5017400,79.74159088134766,2,0,0.005175335986297436,None
2019-02-12,82.20213317871094,82.24727218189719,81.29940821294518,81.44384751334526,9093200,79.9164187113444,2,0,0.0064248795473715314,None
2019-02-13,82.3826904296875,82.62642316409605,82.01256985134067,82.36463207173392,6435600,80.05935134887696,2,0,0.005252739106536286,None
2019-02-14,82.5722427368164,82.9423563421806,82.0576898502654,82.17504160079669,6938600,80.24802093505859,2,0,0.006933560666468247,None
2019-02-15,83.8179931640625,83.86313215726977,82.57223546611648,83.19511775871119,8234200,80.53027267456055,2,0,0.010372681674135908,None
2019-02-19,83.6194076538086,83.9443891790725,83.58329783019654,83.59232700791071,6284100,80.73097864786784,2,0,0.007375894918797227,None
2019-02-20,83.52010345458984,83.62843292035964,83.10485083333879,83.41178087606437,6959900,80.91844533284505,2,0,0.0068893543444773775,None
2019-02-21,82.78890991210938,83.27638224439968,82.41879623905736,83.2222209476714,8368500,81.061376953125,2,0,0.005252701722754577,None
2019-02-22,83.54717254638672,83.61938528705053,82.85207068046056,82.95137094702145,6488100,81.21784973144531,2,0,0.0057503359343261395,None
2019-02-25,83.6645278930664,84.1700515357805,83.60133743772714,83.97145099407336,7652600,81.3731185913086,2,0,0.005706092228553616,None
2019-02-26,83.36663818359375,83.70064885615358,83.26733789951498,83.4749676445644,7288000,81.50973103841146,2,0,0.0050204736701468244,None
2019-02-27,82.97845458984375,83.37565567046762,82.6986121306277,83.08678403562564,9827600,81.66259231567383,2,0,0.0056176141629534215,None
2019-02-28,82.73472595214844,83.27635943279927,82.6444548532472,82.82499705104968,9464100,81.7603884379069,2,0,0.0035939833238172736,None
2019-03-01,83.90827178955078,84.02563042751905,83.17706686726119,83.24928650797335,10795200,81.90211563110351,2,0,0.005208439325090686,None
2019-03-04,82.77082824707031,84.35961872762677,82.20210728991457,84.20615718471667,15208400,81.98245798746744,2,0,0.0029525617414564442,None
2019-03-05,82.72570037841797,83.02360121628335,82.30141861913884,82.80694919203746,13591700,82.02939936319987,2,0,0.0017250839575964072,None
2019-03-06,81.51606750488281,82.84306742482937,81.29038626249637,82.73474483632064,11662400,82.05467631022135,2,0,0.0009289215563754172,None
2019-03-07,80.8751220703125,81.5702241137937,80.59527954974567,81.39870417551361,14430700,82.05557963053386,2,0,3.319679824792532e-05,None
2019-03-08,80.70359802246094,80.74873012984912,80.00849607369558,80.4418070055325,11531200,82.07333374023438,2,0,0.0006524591439405203,None
2019-03-11,81.6243667602539,81.69658639011166,80.68553223383209,80.92024258724828,9694300,82.1184694925944,2,0,0.0016587277448822102,None
2019-03-12,82.22018432617188,82.40975572589248,81.71465370633925,81.83201234943606,8981600,82.2138572692871,2,0,0.0035054772203808315,None
2019-03-13,83.10482788085938,83.33050904011631,82.40973294073464,82.46389421503874,10098300,82.325794728597,2,0,0.0041136739666579325,None
2019-03-14,82.96943664550781,83.18608866117184,82.67153581944267,83.07775920971812,9283800,82.39680887858073,2,0,0.0026097524622533397,None
2019-03-15,83.35089111328125,83.4868054641966,82.82536622284151,83.11531361211176,10219400,82.4468365987142,2,0,0.0018385063516097588,None
2019-03-18,83.22405242919922,83.51399986329615,82.92504219353586,83.43245538787457,7183500,82.49022954305013,2,0,0.001594679980695124,None
2019-03-19,83.88549041748047,84.12106793185104,83.21498142549561,83.51399163168685,11308700,82.56349334716796,2,0,0.0026924266957271126,None
2019-03-20,83.30558776855469,83.88548252503087,82.97939610392548,83.78581246567802,11123700,82.6213394165039,2,0,0.0021258287526604025,None
2019-03-21,83.63178253173828,83.75863408236161,82.4901116632372,82.60790041370429,7398200,82.67772165934245,2,0,0.002072033490635311,None
2019-03-22,82.10958099365234,83.57743705470334,82.09145538804577,83.26937088832234,12162600,82.71345469156901,2,0,0.0013131801036612156,None
2019-03-25,82.06426239013672,82.32702833145731,81.47530472254866,82.25453974497741,9893300,82.74256134033203,2,0,0.0010696621489469371,None
2019-03-26,82.62602996826172,83.15155488332664,82.04613516254835,82.54447858873473,8107200,82.7937026977539,2,0,0.001879432246746443,None
2019-03-27,81.93740844726562,82.71664344712707,81.36657639927536,82.52636609779698,10817400,82.78487854003906,2,0,0.00032428561531602784,None
2019-03-28,82.14582061767578,82.37234228461679,81.71995877776386,82.1820580010408,6726800,82.77698287963867,2,0,0.00029016356846861546,None
2019-03-29,83.13343048095703,83.20591905491163,82.45386565413722,82.63508017613282,10120900,82.79568913777669,2,0,0.0006874503637154528,None
2019-04-01,83.26029205322266,83.76769830621323,83.0700147083512,83.64084674296559,9082000,82.7770991007487,2,0,0.0006831792666433245,None
2019-04-02,83.07001495361328,83.40526946483858,82.91598189962805,83.27841790121641,7002200,82.75878601074218,2,0,0.0006730015320456917,None
2019-04-03,82.96128845214844,83.48682034917704,82.71664810719638,83.4415132531637,7398700,82.74015884399414,2,0,0.0006845437746795524,None
2019-04-04,82.78913879394531,83.13344922853939,82.30890706786631,83.03377914509775,9212400,82.74016647338867,2,0,2.8037836358185686e-07,None
2019-04-05,83.35995483398438,83.50493198666601,82.93409308909601,82.98845606490606,6262000,82.73392588297526,2,0,0.00022934015546266506,None
2019-04-08,83.34185791015625,83.42340239516577,82.75290017114676,83.29655080988901,5961200,82.72317021687826,2,0,0.0003952680710287704,None
2019-04-09,83.12437438964844,83.30559583916063,82.82537109551336,83.051892722735,7207600,82.71509475708008,2,0,0.0002967711519035743,None
2019-04-10,83.15156555175781,83.37808720533042,83.00659528817532,83.22405413999519,5433400,82.7208651224772,2,0,0.00021205950232033866,None
2019-04-11,82.12769317626953,83.37809026117671,81.76525713469147,83.33279007653728,8534200,82.70063069661458,2,0,0.0007436101499401493,None
2019-04-12,81.37562561035156,82.47198943580068,81.23971816690478,82.44480794711131,11659000,82.61620915730795,2,0,0.0031024707065168133,None
2019-04-15,81.7018051147461,81.76523088319188,81.3212505040714,81.47528352559826,7921900,82.58057505289713,2,0,0.0013095445308806408,None
2019-04-16,80.02557373046875,82.48106775552905,79.88965934855771,82.38139766965381,14857100,82.49057083129883,2,0,0.003307632901093732,None
2019-04-17,77.72410583496094,80.31551401041392,77.3163696385479,80.29739532046108,34381800,82.3641721089681,2,0,0.004645121808877134,None
2019-04-18,77.8509521484375,78.33117689803119,76.7002253095748,77.9596850194912,35300900,82.2633664449056,2,0,0.0037045832423044933,None
2019-04-22,77.89625549316406,78.34929873142801,77.47945654350819,77.72409685049858,18717700,82.1697883605957,2,0,0.0034389714725399367,None
2019-04-23,79.12852478027344,79.54532368318671,77.73315093336008,77.86906527217516,30503400,82.08659362792969,2,0,0.0030573858656535724,None
2019-04-24,79.03792572021484,79.31881031343586,78.6845456375001,79.15571447252566,14612800,81.98051834106445,2,0,0.0038982405780287055,None
2019-04-25,79.8534164428711,80.08900091475921,78.53959352493852,78.86578528204737,16166400,81.87213795979818,2,0,0.003982952227611414,None
2019-04-26,80.65077209472656,80.67795358730186,79.78998565678603,79.9621443269526,11321700,81.7948491414388,2,0,0.0028403449744067166,None
2019-04-29,80.50580596923828,80.82293494764033,80.16149549452938,80.67796466303936,13264400,81.7000129699707,2,0,0.0034852058646943074,None
2019-04-30,80.87728881835938,81.03132187548835,80.17054240292818,80.74137445087833,11750900,81.62178751627604,2,0,0.0028747660915085516,None
2019-05-01,80.7322998046875,81.30313868177691,80.27925658814841,80.98600289988684,25596400,81.51668116251628,2,0,0.003862632525854115,None
2019-05-02,81.0766372680664,81.15818174916691,80.18866930080286,80.65077543238351,18927500,81.4423828125,2,0,0.0027304460018289234,None
2019-05-03,81.69276428222656,81.71994577187067,81.16723243946863,81.30314680058072,13624000,81.37774887084962,2,0,0.0023752813827369323,None
2019-05-06,82.10958099365234,82.31797706787641,80.3698892387543,80.5058036292313,25168300,81.37774887084962,2,0,0.0,None
2019-05-07,80.53297424316406,81.87398544823749,80.06181225445249,81.47530513347931,18011600,81.32670593261719,2,0,0.0018758153658566812,None
2019-05-08,80.70513916015625,81.07663801184687,80.04369285151625,80.49673618505544,13783300,81.26267623901367,2,0,0.002353075416341638,None
2019-05-09,80.53297424316406,80.79574018580993,79.60876895600624,79.98932366760698,15692300,81.21586176554362,2,0,0.0017204203308151533,None
2019-05-10,80.56017303466797,80.76856910760253,78.83860689602918,80.27021864990158,17771800,81.16300684611002,2,0,0.0019424052272068448,None
2019-05-13,79.04698944091797,80.5148521545702,78.73892332916543,79.19196660848986,17436000,81.02679214477538,2,0,0.0050058566114589975,None
2019-05-14,79.44569396972656,79.99840749211093,79.25541656392285,79.4094496667791,13147000,80.89963887532552,2,0,0.004672851229035241,None
2019-05-15,79.68123626708984,79.95305802584294,78.67547986005576,79.02885298545797,10587700,80.78667958577473,2,0,0.004151225975486783,None
2019-05-16,80.30644226074219,80.99506992138312,79.79903604389689,79.85339902058996,15124000,80.69818471272787,2,0,0.0032521647148320842,None
2019-05-17,80.13429260253906,80.76855038999771,79.64500506097464,79.64500506097464,13354100,80.609689839681,2,0,0.0032521647148320842,None
2019-05-20,80.09801483154297,80.35171784047753,79.50905746772288,79.78994195434493,10757400,80.50095850626627,2,0,0.0039958496323365955,None
2019-05-21,80.85009002685547,81.19440035962442,80.49670998186548,80.55107986495878,11690600,80.41789957682292,2,0,0.003052395130781621,None
2019-05-22,81.31219482421875,81.49341625913812,80.54202273626146,80.61451131022919,9021800,80.3574935913086,2,0,0.0022199050395867725,None
2019-05-23,81.03132629394531,81.03132629394531,80.3517613323768,80.90447472081723,13545300,80.28681894938151,2,0,0.0025972756250740303,None
2019-05-24,81.14909362792969,81.63838110054967,80.94975351913372,81.31218945213635,9986400,80.25419896443685,2,0,0.0011987763853753275,None
2019-05-28,79.98931884765625,81.7108846605933,79.98025604662364,81.2215970982075,20796000,80.20798873901367,2,0,0.0016982143644198588,None
2019-05-29,79.21914672851562,79.60876421850905,78.66643338427166,79.59970141746965,16302700,80.12523345947265,2,0,0.0030412360719114795,None
2019-05-30,79.65408325195312,79.78093483395443,79.2916471978525,79.37319168075645,12457600,80.11285044352213,2,0,0.0004550727759805029,None
2019-05-31,79.08323669433594,79.45473551548201,78.62113059651026,79.13759967776528,10712900,80.1581548055013,2,0,0.0016649241067172305,None
2019-06-03,79.27352905273438,79.95309412578567,79.11043315868632,79.1557402620471,19371000,80.20557403564453,2,0,0.0017426449891018159,None
2019-06-04,80.58733367919922,80.72324112077808,79.83528024230375,79.93495030805575,15837200,80.2952766418457,2,0,0.0032965486097869257,None
2019-06-05,81.19441986083984,81.38469721514102,80.61452499642898,81.17629425782522,24291700,80.36413981119792,2,0,0.0025307044556147074,None
2019-06-06,81.61121368408203,81.93740538872672,81.13098892804724,81.3212662702747,18840900,80.44991607666016,2,0,0.0031522565579435724,None
2019-06-07,82.46293640136719,82.66227654250802,81.84679728915528,81.87397877878512,9302700,80.53690007527669,2,0,0.003196640452897914,None
2019-06-10,82.70757293701172,82.97940164665685,82.40856273898032,82.71663573743756,8552800,80.60546010335287,2,0,0.0025195640886354065,None
2019-06-11,82.57167053222656,83.32372407991194,82.3632744825113,83.11532803019668,8317900,80.67432225545248,2,0,0.0025306670718330537,None
2019-06-12,82.97035217285156,82.99753366560368,82.50824605738828,82.58979744853703,5799200,80.74409103393555,2,0,0.002563985367371402,None
2019-06-13,82.87067413330078,83.11532137036278,82.54448242581257,83.11532137036278,9031800,80.81537017822265,2,0,0.002619490937414759,None
2019-06-14,82.68038177490234,83.15154364855054,82.61695600512489,82.90690336880618,5056300,80.86882832845052,2,0,0.001964573809820458,None
2019-06-17,83.05189514160156,83.1062581215928,82.6441520529923,82.7619408139372,4861500,80.91413269042968,2,0,0.0016649241067172305,None
2019-06-18,83.75863647460938,84.04858387187124,83.30559323433198,83.46868907734749,7979600,80.96910120646159,2,0,0.0020200793798637873,None
2019-06-19,84.51069641113281,84.70098068559085,83.72240547220238,83.77676845753763,6988100,81.10169194539388,2,0,0.004872676888758726,None
2019-06-20,84.88218688964844,85.47114452007621,84.39289933111881,85.20837859533485,9241200,81.2409268697103,2,0,0.005116849059654871,None
2019-06-21,85.28985595703125,85.45364769447738,84.31620700176452,84.79848074469285,9026100,81.39948959350586,2,0,0.005827140914056117,None
2019-06-24,84.8439712524414,85.23525111480454,84.68928098979214,85.18065618501934,6493600,81.54228286743164,2,0,0.00524761752842795,None
2019-06-25,84.49819946289062,85.29895525609938,84.41630011839219,84.90767535822054,14930600,81.72398986816407,2,0,0.006677687371866137,None
2019-06-26,83.43354034423828,84.62557580334551,83.26064716135608,84.61647433519748,10498400,81.85691808064779,2,0,0.004885078958374145,None
2019-06-27,84.01590728759766,84.17969899832522,83.56093108473064,83.7247227954582,7416200,82.00140711466472,2,0,0.005309936292706513,None
2019-06-28,84.2979965209961,84.37079438498955,83.57003176583439,84.05231240800121,9390600,82.13445892333985,2,0,0.004889621087864449,None
2019-07-01,84.71656799316406,84.99865796112194,84.37078857657957,84.96225903163105,7797200,82.28720143636068,2,0,0.0056132496064265625,None
2019-07-02,85.17154693603516,85.17154693603516,84.3070948955934,84.78936857767476,7952500,82.45631917317708,2,0,0.006215035034123045,None
2019-07-03,85.89952850341797,85.91772450112232,85.35355832124966,85.36265284890808,4066000,82.6246337890625,2,0,0.006185520538383865,None
2019-07-05,85.30804443359375,85.74482467574379,85.11695524714887,85.53553255208334,5934300,82.75782877604166,2,0,0.00489488285515402,None
2019-07-08,84.67108917236328,85.0077671791689,84.27980929069116,84.9804697129292,15202000,82.87915420532227,2,0,0.004458679543042632,None
2019-07-09,84.75298309326172,84.84397696315732,84.3526017348564,84.36170320456215,5537300,82.99928385416666,2,0,0.004414734907523976,None
2019-07-10,85.04418182373047,85.27167000759741,84.68930081228912,84.94408646743794,5347300,83.16777928670247,2,0,0.006192165505600478,None
2019-07-11,85.06236267089844,85.67202917912537,84.48908815333543,85.63563024607481,13691700,83.36255315144857,2,0,0.007157891395168675,None
2019-07-12,84.11601257324219,84.79847695839752,83.53364351996724,84.78027402039014,11508200,83.51128412882487,2,0,0.005465826662856749,None
2019-07-15,84.2979965209961,84.49818717578488,83.87941921661336,84.16150226160497,5811100,83.6851094563802,2,0,0.006388037830397084,None
2019-07-16,83.87940979003906,84.35258196804743,83.82481486937269,84.23429065914175,9092300,83.83863881429036,2,0,0.005642165961657453,None
2019-07-17,83.89762878417969,84.33440909641529,83.88853425649903,84.05232600578894,9566700,83.94898198445638,2,0,0.004055084234615244,None
2019-07-18,84.37081146240234,84.50730574942114,83.47905480394898,83.88853766500537,6559500,84.05486170450847,2,0,0.00389105354597577,None
2019-07-19,83.49725341796875,84.59829524272511,83.42445554301275,84.56189630524712,8105900,84.11772969563802,2,0,0.00231038313751368,None
2019-07-22,83.32435607910156,83.64283808829673,83.25155820774634,83.58824315597387,5192500,84.14644368489583,2,0,0.0010552320091680029,None
2019-07-23,83.84302520751953,83.97041800579483,83.09686441374132,83.44264387443327,6688600,84.18429209391276,2,0,0.0013909196779366417,None
2019-07-24,83.88851928710938,83.89761381316717,82.96036389262765,83.71562609860298,5430400,84.22818705240886,2,0,0.0016131288770188656,None
2019-07-25,83.4790267944336,83.97950336478289,83.29703910106231,83.66102143019037,6618700,84.24514287312826,2,0,0.0006231222211647847,None
2019-07-26,83.77932739257812,83.93401765324302,83.46084540227199,83.77022592360176,3812400,84.27543131510417,2,0,0.001113092757465517,None
2019-07-29,84.1251220703125,84.18881847989994,83.68834867382381,83.82484296362202,5887500,84.32358932495117,2,0,0.0017697949606414187,None
2019-07-30,83.76112365722656,83.79751564499593,83.133254261221,83.47903368411849,7959200,84.347230275472,2,0,0.0008687990892784214,None
2019-07-31,82.93309020996094,84.01593616655667,82.42351890915744,83.6701496903929,8557400,84.3197120666504,2,0,0.001011287373649361,None
2019-08-01,83.04228210449219,83.9340318279473,82.54180536207195,82.94218675600814,16422500,84.2707649230957,2,0,0.0017987954293815778,None
2019-08-02,82.85115814208984,83.17874151935267,82.3142826850927,82.9239490485155,15956600,84.20306396484375,2,0,0.0024879934848959367,None
2019-08-05,80.90387725830078,82.24150155459134,80.24871037059074,81.91391811073632,17626200,84.05686467488607,2,0,0.0053727877758754095,None
2019-08-06,81.95032501220703,81.96852795107276,80.86748619085627,81.31336099964776,10135900,83.9604098002116,2,0,0.003544692807500277,None
2019-08-07,81.97761535644531,82.20510347579483,80.25780572955391,81.28605647214104,12452500,83.87639032999674,2,0,0.0030876947667569238,None
2019-08-08,83.0695571899414,83.1514495753321,82.12320584079495,82.23240263036854,12034800,83.86425755818685,2,0,0.0004458763656548792,None
2019-08-09,83.16967010498047,83.69744428598466,82.4508067085894,82.92397901206344,7253100,83.8360496520996,2,0,0.0010366335777175772,None
2019-08-12,82.35982513427734,83.16968252430073,82.0413430610752,82.86029498005543,7097100,83.77144393920898,2,0,0.0023742439827919015,None
2019-08-13,83.43354034423828,83.87031362193869,82.25970087904102,82.33249873945311,12232500,83.72867635091146,2,0,0.0015716983008270125,None
2019-08-14,81.11315155029297,82.77836600930148,81.06765115604819,82.57817538244117,16426100,83.59339650472005,2,0,0.004971500915975105,None
2019-08-15,81.3952407836914,81.70462821497996,80.86747365895255,81.4589371750764,12315200,83.44325358072916,2,0,0.005517715352009803,None
2019-08-16,82.39619445800781,82.6145810950724,81.89571784974939,81.95031277341903,10239300,83.3461919148763,2,0,0.0035669922333502746,None
2019-08-19,83.18785095214844,83.39714306939095,82.90576791543506,83.0422621708205,6427200,83.29675064086913,2,0,0.0018169546013958038,None
2019-08-20,82.47810363769531,83.38805624353255,82.4144072329822,83.21516302685949,4708800,83.22092132568359,2,0,0.0027867085934537295,None
2019-08-21,83.08776092529297,83.28795158697078,82.84207680384353,83.05136199204367,5687100,83.15570729573568,2,0,0.0023965994843143934,None
2019-08-22,82.67829132080078,83.43355362240503,82.35070783919863,83.24246441520164,6486900,83.07623825073242,2,0,0.002920467764772533,None
2019-08-23,80.76737976074219,82.84207019370166,80.36699846933384,82.53268275696263,9822700,82.96461715698243,2,0,0.004102047610514303,None
2019-08-26,81.61363983154297,81.6773362271968,81.07676426041508,81.41344917594905,8913900,82.87513860066731,2,0,0.003288314831843525,None
2019-08-27,81.13136291503906,82.39619625175163,81.07676104779473,82.11410627441676,8252000,82.78353703816732,2,0,0.0033663347844814784,None
2019-08-28,81.72283172607422,81.89572492247427,80.73098683435872,80.84927815998755,5691500,82.71104380289714,2,0,0.0026641084810060944,None
2019-08-29,82.34158325195312,82.5781727983286,81.81381618411046,82.34158325195312,4360300,82.64340286254883,2,0,0.0024857878417694768,None
2019-08-30,82.44170379638672,82.88757862448938,82.08682283939252,82.72379382192655,4784100,82.60821787516277,2,0,0.001293039591210604,None
2019-09-03,81.95941162109375,82.35069142711693,81.66822713352204,81.95941162109375,6437800,82.5627197265625,2,0,0.0016720457171522374,None
2019-09-04,82.0140151977539,82.54178930666791,81.63183681918302,82.49629584772558,9318700,82.50175272623697,2,0,0.0022405221952558063,None
2019-09-05,82.82389068603516,83.00588538924143,82.2779204611925,82.71470080649947,7897400,82.46626510620118,2,0,0.0013041612662990643,None
2019-09-06,83.05134582519531,83.28793537406769,82.87845960389865,82.99675090714219,13166400,82.45200907389322,2,0,0.0005239056642397932,None
2019-09-09,82.28700256347656,83.15145463747291,81.9867165806577,83.12415717401419,10675900,82.40226491292317,2,0,0.001828085622429726,None
2019-09-10,82.52357482910156,82.53266935342124,81.00394923913234,81.8684080740656,8770700,82.34888000488282,2,0,0.0019618821775296835,None
2019-09-11,83.34252166748047,83.36982606606675,82.45987383329216,82.66005749289953,8124300,82.33492660522461,2,0,0.0005127839891507779,None
2019-09-12,83.31526947021484,84.0614304287279,83.26977599929369,83.71565089169593,9344700,82.34766591389975,2,0,0.0004681664455599699,None
2019-09-13,83.2697525024414,83.94311538660669,83.0968593115178,83.41534128765096,6351000,82.35524826049804,2,0,0.00027864936367047455,None
2019-09-16,83.08776092529297,83.29705305587976,82.71468400866432,82.81477933950322,6668100,82.36313501993816,2,0,0.00028983646037794575,None
2019-09-17,83.21514892578125,83.44263703869196,82.923964418951,83.04226268079178,3932900,82.44017740885417,2,0,0.002831288753262884,None
2019-09-18,83.20606231689453,83.31525217835396,82.61459177857064,83.21515684375821,5369800,82.48203531901042,2,0,0.0015382678539431205,None
2019-09-19,83.5973129272461,83.97038972730168,83.15143134105413,83.30612849462302,5058600,82.53602523803711,2,0,0.0019841161817617525,None
2019-09-20,84.0633316040039,84.45623658491493,83.7800769565637,83.78920925593727,8935700,82.5691510518392,2,0,0.0012173654708808601,None
2019-09-23,83.61560821533203,84.11815657816663,83.58819737369647,83.81663034895433,4232900,82.58401565551758,2,0,0.0005462705117072197,None
2019-09-24,82.84806823730469,83.98110079258133,82.55567431331546,83.9262721391189,10542600,82.6002904256185,2,0,0.0005980937792428587,None
2019-09-25,82.44603729248047,82.93031411279738,82.32724767685602,82.85721388337026,7956800,82.56737365722657,2,0,0.0012096831037186895,None
2019-09-26,81.98916625976562,82.74755843683778,81.35868901947107,82.72014759529822,10004500,82.59657414754231,2,0,0.001073110802818661,None
2019-09-27,81.62368774414062,82.38208703773071,81.32215448699434,82.26329740667293,10017300,82.60418904622396,2,0,0.0002798456446891917,None
2019-09-30,82.35466003417969,82.85721540670366,81.67850032760155,81.733322015069,8031600,82.6028045654297,2,0,5.087932704428422e-05,None
2019-10-01,81.55059051513672,82.75671661701588,81.38611845709761,82.57397298418253,13413900,82.5482292175293,2,0,0.002005630548194026,None
2019-10-02,80.36272430419922,81.45920685545101,80.00636939212836,81.29473482132434,13385000,82.47771657307943,2,0,0.002591322257820411,None
2019-10-03,81.0845718383789,81.11198268166848,79.67742378933407,80.25307938330153,11958800,82.41094360351562,2,0,0.0024538901299398785,None
2019-10-04,82.35466003417969,82.40034942121703,81.27645602958238,81.32214541661972,9146600,82.40015589396158,2,0,0.00039644566015609173,None
2019-10-07,82.0805435180664,82.61964202747988,81.89779294360468,82.0165825598102,8247200,82.44392801920573,2,0,0.0016086147853653365,None
2019-10-08,80.51805877685547,81.43179069091829,80.4997802346903,81.39524057780922,10649300,82.40740865071615,2,0,0.0013420777670007655,None
2019-10-09,81.10284423828125,81.340409509611,80.73735008925408,81.01147244382972,7350200,82.40645802815756,2,0,3.493514410191079e-05,None
2019-10-10,81.50489044189453,81.78815209826057,80.79218060751762,80.86528083956188,8232300,82.3991933186849,2,0,0.0002669762778007845,None
2019-10-11,82.18104553222656,83.14959907083241,82.14449542136322,82.28155659429557,10773200,82.39384206136067,2,0,0.0001966573842148156,None
2019-10-14,82.14449310302734,82.54653036873596,82.01657120422632,82.12621456250112,4915600,82.3839350382487,2,0,0.0003640806510535055,None
2019-10-15,83.64302825927734,83.93542222092742,82.99427937471692,83.04910106401947,12607900,82.44005559285482,2,0,0.0020624165127643146,None
2019-10-16,83.53336334228516,83.96281842352194,83.39630217170863,83.57905272288423,7851500,82.49070053100586,2,0,0.0018611889612229204,None
2019-10-17,84.15470123291016,84.39227346371254,83.7709355324591,83.80748564267645,7536100,82.53506088256836,2,0,0.0016302319571972201,None
2019-10-18,83.84405517578125,84.2826426575489,83.46942168768331,83.91714844192764,6784700,82.5614845275879,2,0,0.0009710624244216315,None
2019-10-21,83.75265502929688,84.31916424918597,83.58818303647294,84.19124236268068,4948400,82.6103396097819,2,0,0.001795412197127283,None
2019-10-22,83.9354019165039,84.93136621108782,83.89885180873657,84.3922678067652,8702400,82.65740051269532,2,0,0.001729476551958986,None
2019-10-23,84.45624542236328,84.70294998446154,83.90800764008365,84.08161197221887,5525000,82.69452463785807,2,0,0.001364302425286873,None
2019-10-24,84.02678680419922,84.69381417533982,83.72525359651011,84.60243540606095,6892300,82.71824188232422,2,0,0.0008716028729147396,None
2019-10-25,84.11813354492188,84.34656645763019,83.5881744855652,83.8074681298238,5536900,82.7465212504069,2,0,0.0010392597883893961,None
2019-10-28,84.98622131347656,85.1598256653869,84.26437214561483,84.33747238390467,6937900,82.80980326334635,2,0,0.002325598336710838,None
2019-10-29,86.19233703613281,86.3293982237033,84.97707186221442,85.18723327931869,13768400,82.90904286702474,2,0,0.003647030910206822,None
2019-10-30,86.67662048339844,86.71317060095951,85.8816711116948,86.21975447071817,10179700,83.02472813924153,2,0,0.00425140516479347,None
2019-10-31,86.57609558105469,86.63091726303297,86.01871857687212,86.5121346283397,9675200,83.12402089436848,2,0,0.003648984212806461,None
2019-11-01,86.68574523925781,87.41672655440333,86.66746669792713,87.0421001117757,14670800,83.21143468221028,2,0,0.0032124351007130625,None
2019-11-04,86.42074584960938,87.13345546013602,86.38419574506703,87.08776608665319,9878200,83.30493927001953,2,0,0.0034362704943042555,None
2019-11-05,85.8085708618164,86.55783078276328,85.61668101743766,86.54869151131153,13273800,83.40362269083658,2,0,0.003626591327501788,None
2019-11-06,86.10094451904297,86.26541651031145,85.62580011261406,85.89078315250327,13130200,83.525452931722,2,0,0.0044772312447659696,None
2019-11-07,86.29283905029297,86.56695442543689,86.03699524500362,86.4298932522545,7827900,83.66890869140624,2,0,0.00527196371633229,None
2019-11-08,86.92332458496094,86.94160312925203,86.13751448977388,86.23802556970864,7756900,83.84556325276692,2,0,0.006492011473558018,None
2019-11-11,86.56696319580078,86.77712461213532,86.32939790751841,86.59437403897016,6092500,83.9859733581543,2,0,0.0051600366735915365,None
2019-11-12,87.08778381347656,87.39845627971444,86.58523545896917,86.70401809449541,13801500,84.17054646809896,2,0,0.006783016177117365,None
2019-11-13,87.18829345703125,87.39845485469678,86.71315595145225,86.85021712634534,6507700,84.39806543986002,2,0,0.008361265985706301,None
2019-11-14,87.19743347167969,87.32535537701246,86.66746730888904,87.17002263071137,6498800,84.60182749430338,2,0,0.007488205145301685,None
2019-11-15,89.05229949951172,89.20763223086303,87.41671875734714,87.49895824355804,11337700,84.82508214314778,2,0,0.008204553172356688,None
2019-11-18,88.75077819824219,89.4817665171158,88.64113483026603,88.97007887663703,11251400,85.04742329915365,2,0,0.008170982536290991,None
2019-11-19,89.3538589477539,89.4817808784043,88.83303195261375,89.06146496752123,10025800,85.34194997151693,2,0,0.010823782423298685,None
2019-11-20,89.23506164550781,89.51831630671774,88.70509546480048,89.20764383239158,12305600,85.61302388509115,2,0,0.009961899333655572,None
2019-11-21,89.46349334716797,89.5274543010846,88.67768335835144,89.28988205601374,9122400,85.87831064860026,2,0,0.009749222998934527,None
2019-11-22,89.78330993652344,89.91123186119735,89.42695500761438,89.61883789462526,6141800,86.13171946207682,2,0,0.009312711270622782,None
2019-11-25,90.8340835571289,90.8523551261888,90.01172352502293,90.14878469224402,11726500,86.42137247721354,2,0,0.010644676724644362,None
2019-11-26,90.760986328125,90.9711407497287,90.45945314455018,90.82494727877231,11073300,86.65863774617513,2,0,0.008719439999234326,None
2019-11-27,91.22698211669922,91.3640432847758,90.8066663134928,90.888905802827,6333200,86.91509170532227,2,0,0.009424619621473231,None
2019-11-29,90.90718841552734,91.19958235637483,90.7244448167057,90.98942791485209,2392000,87.1401746114095,2,0,0.008271741174215662,None
2019-12-02,90.5051498413086,91.11734855716438,90.21275590454005,91.08993771484566,6682200,87.36221110026041,2,0,0.008159786093638124,None
2019-12-03,90.30413055419922,90.37723078350496,89.57314220358488,89.81985373468639,7709700,87.58059361775716,2,0,0.008025503549374865,None
2019-12-04,91.14474487304688,91.26352749457048,90.57822866093854,90.66960741573232,6237600,87.82090504964192,2,0,0.00883138573386592,None
2019-12-05,91.14474487304688,91.28180603401732,90.37721352556484,91.19956654894696,7390400,88.04385503133138,2,0,0.008193356729704337,None
2019-12-06,91.74783325195312,92.0584987850412,91.5559433977259,91.61990435872768,5658500,88.30122324625651,2,0,0.009458218295375687,None
2019-12-09,91.10821533203124,91.80265359214826,91.10821533203124,91.78437504857524,5148900,88.53422597249349,2,0,0.008562792607502104,None
2019-12-10,91.3092269897461,91.39145951270822,90.73357841534818,91.08993329062608,6027900,88.74499282836913,2,0,0.007745629866849416,None
2019-12-11,91.3914566040039,91.61988956658972,91.20871302242357,91.38232430477944,6064300,88.91829681396484,2,0,0.00636887864221948,None
2019-12-12,92.2412338256836,92.54276703005632,91.39146286777402,91.43715225191096,9769100,89.10378392537434,2,0,0.006816605505073889,None
2019-12-13,92.17726135253906,92.7163667388612,91.80263494006878,92.14985051397056,6433200,89.2904894510905,2,0,0.006861381929737856,None
2019-12-16,93.17324829101562,93.51132465178334,92.71638231486764,92.71638231486764,7730300,89.50673955281576,2,0,0.007947137796754364,None
2019-12-17,93.07274627685548,93.42910121523536,92.94482434878178,93.29204001480718,4643600,89.72847290039063,2,0,0.008148645726658812,None
2019-12-18,93.2006607055664,93.38340431061806,93.00877782889566,93.10928890304058,5202900,89.9748758951823,2,0,0.009055249165293378,None
2019-12-19,93.56613159179688,93.66664264091764,93.2463268769672,93.39252033036652,6637200,90.2237154642741,2,0,0.009144792668675406,None
2019-12-20,94.22859954833984,94.4396306569989,93.84324569781803,93.84324569781803,8586500,90.48824081420898,2,0,0.009721241238249051,None
2019-12-23,94.60476684570312,94.70569383662148,94.21023597213184,94.4487913143088,4770900,90.74428888956706,2,0,0.009409703492531007,None
2019-12-24,94.48550415039062,94.72405252147176,94.25612587045676,94.6047783359312,2071800,91.00824025472005,2,0,0.009700147439362677,None
2019-12-26,94.42127990722656,94.71488382987756,94.11849889322312,94.60477973385731,2910100,91.25269012451172,2,0,0.008983472304217005,None
2019-12-27,94.44879150390624,94.63229130590688,94.23776043154363,94.62311421578625,3605000,91.49470672607421,2,0,0.008894050298125983,None
2019-12-30,93.88178253173828,94.64827212780256,93.74325793873513,94.44510366415172,5665100,91.7175183614095,2,0,0.00818827253537821,None
2019-12-31,94.06646728515624,94.14957780472471,93.52160582281395,93.6786041025312,4746700,91.88465728759766,2,0,0.006142314232556345,None
2020-01-02,94.3157958984375,94.46355731177688,93.6416538256196,94.35273625177234,6277400,92.07015787760416,2,0,0.0068171008401826105,Pandemic
2020-01-03,93.49391174316406,94.02953640878752,92.76435546667422,93.22609941035236,8247500,92.20815963745117,2,0,0.005071530570155081,Pandemic
2020-01-06,94.07569885253906,94.10340235750606,93.04139004464024,93.06909354960722,6441800,92.36951421101888,2,0,0.005929740703235431,Pandemic
2020-01-07,93.8910140991211,93.9741316747436,93.36462627235726,93.81713337537968,6335300,92.51709823608398,2,0,0.0054236764488651,Pandemic
2020-01-08,94.5005111694336,94.9253147250116,93.90024267185376,93.93718303046744,7494700,92.674338277181,2,0,0.005778532651757262,Pandemic
2020-01-09,94.90685272216795,95.16543526433964,94.5836333515207,94.78680182611436,6660600,92.81009724934896,2,0,0.004989108677207588,Pandemic
2020-01-10,94.9345474243164,95.4239948246502,94.7683193406509,95.2670035916474,9300300,92.94921595255533,2,0,0.005112577962582715,Pandemic
2020-01-13,94.60208892822266,95.1100029717262,94.27886257385836,95.091536316508,7621700,93.06171951293945,2,0,0.0041344780412353455,Pandemic
2020-01-14,95.1746597290039,95.19313343237764,94.14958760701852,94.31581570911489,7294900,93.203968556722,2,0,0.005227617205159629,Pandemic
2020-01-15,95.99654388427734,96.24588950958932,95.21158074605654,95.28546145323432,7521800,93.38701502482097,2,0,0.006726912466565205,Pandemic
2020-01-16,96.49525451660156,96.55989839167326,96.0150438797338,96.39367027782404,5479900,93.59338582356771,2,0,0.007584075853755035,Pandemic
2020-01-17,96.49525451660156,96.64301597142484,96.25515272099469,96.25515272099469,6533400,93.77173614501953,2,0,0.006554330237836026,Pandemic
2020-01-21,96.59683227539062,96.81846739710367,96.23667256048684,96.2736129217146,6644800,93.95347239176432,2,0,0.006678762155592877,Pandemic
2020-01-22,96.71688842773438,97.04010777545156,96.58759364299416,96.80923580627451,9431500,94.11910756429036,2,0,0.006087051657094389,Pandemic
2020-01-23,96.2274398803711,96.68918384725512,95.56253448640727,96.55066629371296,8522600,94.28974838256836,2,0,0.006271007901439363,Pandemic
2020-01-24,94.62056732177734,96.38443255416392,94.38045850023892,96.33825534191112,15962700,94.40012639363607,2,0,0.004056364629142217,Pandemic
2020-01-27,93.90023803710938,94.26039770874984,93.34614677655884,93.47543450249889,11762300,94.48375244140625,2,0,0.003073236589141215,Pandemic
2020-01-28,94.36199188232422,94.7313884435414,93.91871459973292,94.17729712454232,8079900,94.5544443766276,2,0,0.002597911149364529,Pandemic
2020-01-29,94.1034164428711,94.7867955017365,94.08494273969308,94.45433930106611,6435700,94.61864954630533,2,0,0.0023595241187039373,Pandemic
2020-01-30,93.42003631591795,93.47544333351176,92.61659933254144,93.41079946443456,10989400,94.62687581380209,2,0,0.0003023132975572551,Pandemic
2020-01-31,91.5545883178711,93.1245149034688,91.24983562498868,93.05064122739556,14476700,94.5762705485026,2,0,0.0018597309937325446,Pandemic
2020-02-03,92.38571166992188,93.0506239507008,92.1917800956367,92.1917800956367,11850600,94.54910558064779,2,0,0.0009983058554159374,Pandemic
2020-02-04,94.01106262207033,94.38968896343457,93.52160816053896,93.54008186245112,9575100,94.56393661499024,2,0,0.0005450368469078759,Pandemic
2020-02-05,95.82110595703124,96.15356216288023,94.4451039206244,94.45434077235728,14131000,94.61702016194661,2,0,0.0019508072321682834,Pandemic
2020-02-06,95.9041976928711,96.26435733769058,95.4886310398185,96.26435733769058,6166500,94.66033452351888,2,0,0.0015917920835505917,Pandemic
2020-02-07,95.15618896484376,95.99655924509308,95.00842752684426,95.91344872045822,6057200,94.68269068400065,2,0,0.0008215833728514865,Pandemic
2020-02-10,95.6641082763672,95.6641082763672,94.73139056928926,94.80527129232124,4010100,94.72411829630533,2,0,0.0015224545142371593,Pandemic
2020-02-11,96.2366714477539,96.31978902096868,95.8026310154132,95.99656262537648,10277100,94.7837142944336,2,0,0.002190138203320202,Pandemic
2020-02-12,96.35671997070312,96.81846390089584,95.96885676029802,96.59682878718624,4705700,94.86621220906575,2,0,0.0030317779751131146,Pandemic
2020-02-13,95.9041976928711,96.30129769173004,95.71026611840308,96.00578190506656,4778500,94.92746988932292,2,0,0.0022512046109081085,Pandemic
2020-02-14,95.97808074951172,96.04272460924956,95.5071000310491,96.00578425430618,5114200,94.98287938435872,2,0,0.0020362852492783468,Pandemic
2020-02-18,95.63639068603516,96.09813456852186,95.3224082278574,95.9780836955102,8409300,95.05429534912109,2,0,0.002624519056068364,Pandemic
2020-02-19,96.07967376708984,96.21819834940614,95.79339479711496,95.8857421701082,6427900,95.12109451293945,2,0,0.002454852762321047,Pandemic
2020-02-20,95.46094512939452,95.9503925807324,94.59286426360828,95.85804520144,8080900,95.1734255472819,2,0,0.0019231525795739834,Pandemic
2020-02-21,95.51634216308594,95.60868953272488,94.7590824590024,95.09153862622472,6510800,95.20728658040365,2,0,0.0012443845991846336,Pandemic
2020-02-24,92.50577545166016,93.83560019888536,92.06250523302047,93.20762818443492,16284500,95.12725067138672,2,0,0.0029412998771861654,Pandemic
2020-02-25,89.69837188720703,93.04140042398792,89.38438940168474,92.83823197069556,20301600,94.95271148681641,2,0,0.00641427189928262,Pandemic
2020-02-26,89.68913269042969,91.25905904496312,89.49520110868043,90.19704672482467,13721600,94.78894627888998,2,0,0.006018330920181114,Pandemic
2020-02-27,86.64163208007812,89.892306297342,86.62316542268064,88.7194797971351,22047900,94.50451202392578,2,0,0.010452888578010522,Pandemic
2020-02-28,85.52421569824219,85.57039291188997,83.09544503735569,84.36061896172326,27750600,94.1554344177246,2,0,0.012828515760729464,Pandemic
2020-03-02,89.5321273803711,89.67065194091761,85.25638197642756,85.55189775095593,22359400,93.92333017985025,2,0,0.008529773382218164,Pandemic
2020-03-03,87.30653381347656,91.32370416667727,86.13370041086274,89.753777790464,33385500,93.61703948974609,2,0,0.011256107168047591,Pandemic
2020-03-04,92.33954620361328,92.48730763841424,89.74454765438513,89.92924240223333,26418700,93.47512995402018,2,0,0.00521514036798032,Pandemic
2020-03-05,90.19705200195312,91.6007574076725,89.17197997726753,90.36328008827114,17873000,93.2578020731608,2,0,0.007986745913582421,Pandemic
2020-03-06,89.71685791015625,90.0400772913019,87.36196076273748,87.72212050825037,17917700,93.04078267415365,2,0,0.007975409281748308,Pandemic
2020-03-09,85.05323028564453,87.06643409727099,83.12314404495135,84.39755475215125,21968500,92.72187143961588,2,0,0.01171990905708123,Pandemic
2020-03-10,87.9714584350586,88.11921283382105,83.98199102932405,87.50971448973908,26473200,92.52424545288086,2,0,0.007262706173419842,Pandemic
2020-03-11,84.6099624633789,86.50310839807193,83.5294762844679,85.89361005840871,23217900,92.19917780558268,2,0,0.011946155704599087,Pandemic
2020-03-12,78.29328918457031,82.86455770830257,76.55713477613224,79.42918220071778,20652200,91.67217356363932,2,0,0.01936727565344143,Pandemic
2020-03-13,83.7234115600586,83.94504667047399,77.72074055677221,81.93184288293028,29162800,91.34895273844401,2,0,0.011878285448721493,Pandemic
2020-03-16,75.46744537353516,80.38963842318549,74.49778009249128,76.20623159397617,21474800,90.81271464029948,2,0,0.01970661758688197,Pandemic
2020-03-17,80.20491790771484,80.85136362643419,76.04922260632388,77.02812451280676,27899700,90.40668818155925,2,0,0.014921372017832502,Pandemic
2020-03-18,77.5452651977539,78.77350555982747,73.80513710278325,76.0953897550283,28931000,89.85782826741537,2,0,0.02017046620564221,Pandemic
2020-03-19,75.95687103271484,77.81308347085636,75.10726395345755,76.67719038450485,27121100,89.19568710327148,2,0,0.02433352414807237,Pandemic
2020-03-20,73.03865051269531,77.39751428233834,72.62308379937768,76.61255102070885,22004900,88.43350219726562,2,0,0.02801010693780006,Pandemic
2020-03-23,69.2451171875,72.66932133885568,68.2429079861941,72.5672440824348,33633000,87.5697998046875,2,0,0.031740849481426234,Pandemic
2020-03-24,74.58094024658203,74.7294117427598,71.98262180491348,72.52084602323525,16775800,86.867027537028,2,0,0.025826707161151683,Pandemic
2020-03-25,75.5738754272461,78.03299014497908,73.18899292525396,74.08911783484645,16851800,86.17826766967774,2,0,0.025311754912655585,Pandemic
2020-03-26,80.59416961669922,81.02103484282311,76.10279952281958,76.25127099806619,18822500,85.65284932454428,2,0,0.01930899433759853,Pandemic
2020-03-27,78.8681640625,80.94682184784247,78.209306247629,78.26498217907337,13043200,85.08498153686523,2,0,0.02086900086066501,Pandemic
2020-03-30,82.56148529052734,82.71923847848086,80.2786801265308,80.28795472828195,13766700,84.63776168823242,2,0,0.016435218916307934,Pandemic
2020-03-31,82.19956970214844,83.08113821365963,81.32727579149879,82.63571665747325,13584900,84.1898676554362,2,0,0.016459995017702525,Pandemic
2020-04-01,79.07231140136719,80.16731612601306,78.31137639473859,79.4527824446056,15255200,83.62295557657878,2,0,0.020833878797653693,Pandemic
2020-04-02,81.26232147216797,81.44791261477556,77.88451170180218,78.67328467765687,13588000,83.1496681213379,2,0,0.017393197017095505,Pandemic
2020-04-03,80.52922058105469,81.77270383271312,79.61981411387792,81.00248717592713,12934200,82.65009740193685,2,0,0.018359100479627688,Pandemic
2020-04-06,84.7514877319336,85.23402893670672,82.7192315037,83.09042085805905,13472900,82.39162114461263,2,0,0.009498938579712651,Pandemic
2020-04-07,84.0555419921875,87.06216344269963,83.97202099308538,86.90441020865765,16699200,82.20352681477864,2,0,0.006912420137854758,Pandemic
2020-04-08,87.51683807373047,88.02722434524787,83.72144462137736,84.77932972975125,32624300,82.13111699422201,2,0,0.002661043010897035,Pandemic
2020-04-09,87.99939727783203,88.48193856532312,87.2013425071031,88.31490368122057,12982500,82.17637583414714,2,0,0.0016632511824811735,Pandemic
2020-04-13,87.2291488647461,87.99008370994682,85.9856729069155,87.68385202008822,9606600,82.23320693969727,2,0,0.0020885290843588866,Pandemic
2020-04-14,90.12442779541016,90.44921580320847,88.63967048002196,88.93662052713007,12830800,82.25295028686523,2,0,0.0007255631292709397,Pandemic
2020-04-15,89.66046142578125,90.1894040277033,88.42625966134675,88.92736429682803,11019000,82.33141454060872,2,0,0.0028835419342887747,Pandemic
2020-04-16,91.61846923828124,91.85046170795395,90.0409161965978,90.32858459344052,11331600,82.30737864176432,2,0,0.0008833133425666384,Pandemic
2020-04-17,93.52081298828124,93.84560106370228,92.23093528885978,93.84560106370228,11504400,82.41817067464193,2,0,0.004071579828339361,Pandemic
2020-04-20,92.7784423828125,94.10543974695044,92.52788652169497,92.62996378661704,10558100,82.52022349039713,2,0,0.0037504157588038323,Pandemic
2020-04-21,89.9573974609375,91.71125987081622,89.66044739894342,91.19159195244065,9291400,82.68369572957357,2,0,0.006007564391020098,Pandemic
2020-04-22,91.3307876586914,91.89684981325532,90.69976790015365,91.26583005471755,11994100,82.79567337036133,2,0,0.0041151506260392046,Pandemic
2020-04-23,91.83190155029295,93.2516943814603,91.62774703708094,91.81334526720484,16013300,83.03640467325846,2,0,0.008846815889808207,Pandemic
2020-04-24,93.06609344482422,93.25168457558377,91.81333561257784,92.38867236584107,7853300,83.5288314819336,2,0,0.01809656352591707,Pandemic
2020-04-27,94.2631607055664,94.66218794655464,93.56718345359944,93.71565491916544,8022100,83.88015645345052,2,0,0.012911105880694496,Pandemic
2020-04-28,92.36082458496094,94.89418502159891,92.2494727502826,94.89418502159891,11517500,84.44326909383138,2,0,0.02069425037259054,Pandemic
2020-04-29,92.9732894897461,93.78061862353113,92.37010774943565,93.78061862353113,9939900,84.86888147989909,2,0,0.015641150006868887,Pandemic
2020-04-30,92.54644012451172,93.1496148883488,92.06389181762398,92.57427808839978,12768900,85.36892064412434,2,0,0.018376315711151052,Pandemic
2020-05-01,90.78329467773438,91.65558154696872,89.96667665566609,91.48854668607731,10102000,85.863134765625,2,0,0.01816224683055856,Pandemic
2020-05-04,90.73688507080078,90.9410395576855,89.91099252283819,90.50489262294954,8991300,86.45307591756185,2,0,0.021680191542172725,Pandemic
2020-05-05,92.70418548583984,93.37232488218211,91.30294908961356,91.53494154224084,11498300,87.23504486083985,2,0,0.028737165418344115,Pandemic
2020-05-06,91.78550720214844,93.25169427935492,91.73910587470613,93.18673666884482,9493200,87.80853042602538,2,0,0.021075452795713236,Pandemic
2020-05-07,91.77622985839844,92.73203777815752,91.66487091518276,92.72275609626064,9453900,88.3486089070638,2,0,0.019847750709162636,Pandemic
2020-05-08,92.2494888305664,92.79698765942985,91.9710950356488,92.75986801478427,10374500,88.73711954752604,2,0,0.014277670024780857,Pandemic
2020-05-11,93.83631896972656,94.07758604657758,91.86902023019312,91.86902023019312,15115100,89.23605804443359,2,0,0.018335866459232242,Pandemic
2020-05-12,92.4072494506836,94.46734387536917,92.3979677688128,94.3838228982298,18471000,89.56425018310547,2,0,0.012060979990430362,Pandemic
2020-05-13,91.40502166748048,93.00113079282526,90.6719247050327,92.28659011050703,12667200,89.87109858194987,2,0,0.011276602826425133,Pandemic
2020-05-14,92.4072494506836,92.4536437003398,90.5420278661914,90.56058415008413,12021400,90.31559651692709,2,0,0.01633518926212847,Pandemic
2020-05-15,93.18671417236328,93.2702351256267,91.93395651218688,92.14739265510728,15170200,90.71307627360027,2,0,0.014607282829005419,Pandemic
2020-05-18,93.95695495605467,95.36746612766896,93.90127902607676,94.93132620976066,10557300,91.1606674194336,2,0,0.016448863996668645,Pandemic
2020-05-19,92.82482147216795,94.1425369388449,92.81553979145954,93.65999573972658,10561400,91.42977854410807,2,0,0.009889767326651755,Pandemic
2020-05-20,92.93617248535156,93.88269852139965,92.72273632632498,93.530072562842,10058000,91.72579956054688,2,0,0.010878699198778624,Pandemic
2020-05-21,92.2494888305664,92.7320300512622,91.71126460297812,92.67635412421798,12259500,91.88355458577475,2,0,0.005797458191298871,Pandemic
2020-05-22,92.44437408447266,92.51860630389622,91.7762345507158,92.2587758362906,10233200,92.03172047932942,2,0,0.00544505997206049,Pandemic
2020-05-26,92.2773208618164,93.98478192665443,92.12884229277944,93.90126804145704,10828800,92.19999287923177,2,0,0.0061839691114387585,Pandemic
2020-05-27,93.23312377929688,93.23312377929688,91.00599491880014,92.40723125167248,15551900,92.30361607869466,2,0,0.003808126971974135,Pandemic
2020-05-28,94.44876861572266,95.39530181155828,93.96622741695109,93.99406537920837,11707700,92.46322631835938,2,0,0.005865636863375795,Pandemic
2020-05-29,95.5901870727539,95.79434159568493,93.43729705976575,94.85708995852382,19055300,92.59561691284179,2,0,0.004865321629687197,Pandemic
2020-06-01,94.64364624023438,95.09835657970056,94.04974608240948,94.98699764516527,8436200,92.6330446879069,2,0,0.001375461484158097,Pandemic
2020-06-02,95.19114685058594,95.23754109417231,94.11469844957176,94.68076061220026,13162300,92.71346817016601,2,0,0.0029555430980557074,Pandemic
2020-06-03,95.0055694580078,95.56235714185276,94.60654206050532,95.4695544746456,10020900,92.88174057006836,2,0,0.0061839691114387585,Pandemic
2020-06-04,94.25389862060548,95.0890729125564,93.6507167942049,94.43021515997516,10848300,92.97917760213217,2,0,0.0035807868488386962,Pandemic
2020-06-05,95.77577209472656,96.54598880739444,94.35597928694624,94.84780219893828,14579500,93.11063995361329,2,0,0.004831208928785191,Pandemic
2020-06-08,96.4346160888672,96.47173572897545,95.1633020444345,95.39529448522558,8191300,93.22292404174804,2,0,0.004126412490309483,Pandemic
2020-06-09,95.43242645263672,96.71302951732936,95.32107458951484,96.23976285951474,10371100,93.26189956665038,2,0,0.0014323409081825333,Pandemic
2020-06-10,95.283935546875,96.06342674945874,94.86635198546904,95.74792042836935,10519700,93.3593365987142,2,0,0.003580786848838724,Pandemic
2020-06-11,89.98524475097656,94.63437605711664,89.66973129498699,94.45805950583282,39561900,93.25973510742188,2,0,0.0036603301905860364,Pandemic
2020-06-12,90.5698471069336,92.16595622597346,89.01085762785367,91.86900618614143,19397200,93.1938486735026,2,0,0.0024213101640915835,Pandemic
2020-06-15,90.77399444580078,91.2936552046644,88.54686578234023,89.21500508936307,14521800,93.19353866577148,2,0,1.1392707506663324e-05,Pandemic
2020-06-16,93.01042938232422,93.6043295723067,91.47927757883711,92.90835212343517,13272800,93.2693234761556,2,0,0.0027850730529998535,Pandemic
2020-06-17,92.91761016845705,93.64143253337988,92.59282216616006,93.47439769222036,9086200,93.27643763224283,2,0,0.00026144347809203827,Pandemic
2020-06-18,92.60210418701172,92.81553326937208,92.01748578072544,92.38866802480388,7115200,93.30365753173828,2,0,0.0010003245796340043,Pandemic
2020-06-19,93.4929656982422,94.04046453080296,92.52787617048496,93.6600005603511,12177000,93.36088205973307,2,0,0.002102987261974082,Pandemic
2020-06-22,93.13418579101562,93.26465135883258,92.1743289235736,93.10622989931773,6889200,93.39037195841472,2,0,0.0010837464887443748,Pandemic
2020-06-23,93.53489685058594,94.33633220158193,93.35783340262364,93.77718596798309,5369900,93.38032455444336,2,0,0.00036923961294349494,Pandemic
2020-06-24,91.09332275390624,93.02235753959536,90.43167389705872,92.83598018352352,15739700,93.33652699788412,2,0,0.0016095493799102578,Pandemic
2020-06-25,91.9879379272461,92.09976859593286,90.24528066686904,91.00944623813577,10506300,93.3559575398763,2,0,0.0007140676163641668,Pandemic
2020-06-26,90.86965942382812,92.053170447278,90.43166486000472,91.82019522054978,16631400,93.30470453898111,2,0,0.0018835351168005332,Pandemic
2020-06-29,91.68973541259766,91.85747787075536,90.87897901319542,91.58722573762128,7490200,93.25480524698894,2,0,0.0018337866491554833,Pandemic
2020-06-30,93.25531768798828,93.7492240004526,91.44742776552864,91.71767986495688,9183000,93.23141733805339,2,0,0.0008594998735532156,Pandemic
2020-07-01,93.97288513183594,94.36428892076351,93.10622410378708,93.6933191224188,10932800,93.26968612670899,2,0,0.00140636852576978,Pandemic
2020-07-02,94.6811294555664,95.221633680717,94.47611012121,94.80228112214404,6502400,93.32785135904948,2,0,0.0021375579142031143,Pandemic
2020-07-06,95.6409912109375,96.19081646436902,95.18436173966856,95.7714567741572,6374400,93.44090143839519,2,0,0.0041545624780134904,Pandemic
2020-07-07,94.81159973144533,95.95784101702186,94.68113416851337,94.94206529437729,5913200,93.51980895996094,2,0,0.0028998319172126585,Pandemic
2020-07-08,94.82091522216795,95.4266522204937,94.18722233481542,95.13775811092448,5624900,93.60459543863932,2,0,0.0031158821382415713,Pandemic
2020-07-09,94.0753936767578,95.07252736242012,92.89188265371251,94.71840757745656,10521700,93.63267110188802,2,0,0.0010317736860820381,Pandemic
2020-07-10,93.85173034667967,94.24312698312382,93.16212573344396,94.14993832347126,10502700,93.61276982625326,2,0,0.0007313669613973617,Pandemic
2020-07-13,94.38294982910156,96.12560758520546,94.1406535329417,94.39227083160355,10167200,93.57252858479818,2,0,0.0014788556787005136,Pandemic
2020-07-14,96.25605010986328,96.41447156521758,93.98220951361556,94.1592729695057,10889900,93.62627538045247,2,0,0.0019751814579088978,Pandemic
2020-07-15,97.50479125976562,97.78436438130636,96.75927478539,96.96429412654123,9606900,93.70339686075846,2,0,0.0028341953422987842,Pandemic
2020-07-16,97.34637451171876,97.42092829571004,96.65676978439984,97.41160729525107,6412200,93.78142369588217,2,0,0.002867466908110572,Pandemic
2020-07-17,98.67899322509766,99.01447814335884,97.71913636278823,97.85892293037044,7548600,93.92892684936524,2,0,0.0054207044382112435,Pandemic
2020-07-20,98.66034698486328,99.2381209699746,98.33417599474504,98.9026360903051,6776300,94.02507934570312,2,0,0.0035335804783567237,Pandemic
2020-07-21,98.59512329101562,99.36859567554362,98.39010394457206,98.9958409836535,7458600,94.0970962524414,2,0,0.002646603525173208,Pandemic
2020-07-22,99.4804229736328,99.64816542322784,98.5298871658208,99.04242840469912,5648400,94.23202946980794,2,0,0.004958762392323068,Pandemic
2020-07-23,99.03311157226562,100.20730876884328,98.70694765928296,99.7972700726136,6970100,94.35700200398763,2,0,0.004592709746779056,Pandemic
2020-07-24,97.9427719116211,98.93059158678344,97.3184000867407,98.87467270451916,6241000,94.62225290934245,2,0,0.009747905220625908,Pandemic
2020-07-27,98.67899322509766,98.93061046871364,97.59799179613177,97.90551371300435,5934200,94.89255777994792,2,0,0.009933637194606548,Pandemic
2020-07-28,98.5671615600586,99.21949649895,98.38078421171254,98.72559012697684,6239400,95.15233001708984,2,0,0.009546565517739025,Pandemic
2020-07-29,99.60157012939452,100.00228781888022,98.72558807853554,98.79082086008717,5449800,95.37203470865886,2,0,0.00807409311978341,Pandemic
2020-07-30,98.91195678710938,99.07969922643098,97.84959037468565,98.64170468432238,5349200,95.57184626261393,2,0,0.007343025228639943,Pandemic
2020-07-31,98.34349822998048,98.87468144449248,97.057477581646,98.6044293374826,6920400,95.76322606404622,2,0,0.007033160407157457,Pandemic
2020-08-03,99.35929107666016,99.68545501748504,98.7815098744556,98.9585733465494,8811800,95.95877024332682,2,0,0.007186200263944786,Pandemic
2020-08-04,98.92127990722656,99.36858834844772,98.30622191324812,99.13561312827518,6092900,96.15167338053385,2,0,0.007089142620418654,Pandemic
2020-08-05,99.37791442871094,99.55497788024309,99.1263043063904,99.46178920937768,4406600,96.34644063313802,2,0,0.007157648400586802,Pandemic
2020-08-06,98.84674072265624,99.6761320601222,98.12918006692436,99.2567794458405,5369700,96.60488789876302,2,0,0.009497873141931346,Pandemic
2020-08-07,99.16358947753906,99.18222436933236,98.4646637229238,98.74422975886564,4274000,96.8440762837728,2,0,0.008790114038747188,Pandemic
2020-08-10,98.82808685302734,99.26607427523932,98.56714864575494,99.182206612424,4640200,97.10935719807942,2,0,0.009749008042188867,Pandemic
2020-08-11,98.20372772216795,99.47111368840376,97.97075246528404,99.3779250076183,8115900,97.3264902750651,2,0,0.007979586919365789,Pandemic
2020-08-12,99.85317993164062,100.17002281563528,98.6976248402492,98.73489461849846,8205500,97.54641901652018,2,0,0.00808232689772681,Pandemic
2020-08-13,99.7227020263672,99.82521167845412,99.05173234355762,99.73201591485616,5323300,97.73807957967122,2,0,0.0070434783309373805,Pandemic
2020-08-14,99.52700805664062,99.97431645810931,99.14492531679056,99.53632194553538,3826200,97.8996088663737,2,0,0.005936161367761483,Pandemic
2020-08-17,100.11412811279295,100.49620383864564,99.65749859804788,99.70408938372518,4610200,98.04871342976888,2,0,0.005479555856726714,Pandemic
2020-08-18,100.08616638183594,100.48688408645994,99.5642969998678,100.31914162615593,4220500,98.22453231811524,2,0,0.00646130069680062,Pandemic
2020-08-19,99.760009765625,100.4589355497564,99.5456693968281,100.17936239216752,6308100,98.38916880289713,2,0,0.006050350129301718,Pandemic
2020-08-20,99.4431610107422,99.66681527382744,99.18222985216924,99.32201643278783,4938300,98.56809438069662,2,0,0.006575470766450542,Pandemic
2020-08-21,99.54566192626952,99.67612749406248,98.77218241018264,99.28473079068364,6466700,98.75789210001628,2,0,0.006975019280496375,Pandemic
2020-08-24,99.08904266357422,100.05822063135592,98.48330554498057,100.02094373530574,6363200,98.91476186116536,2,0,0.005764924955177719,Pandemic
2020-08-25,99.760009765625,99.79727955078548,99.21018445165775,99.59226729303982,5096500,99.03156051635742,2,0,0.004292321713985192,Pandemic
2020-08-26,99.63883209228516,99.75066274812193,98.56714474749242,99.55496443278672,6995300,99.10269521077474,2,0,0.0026141824403981273,Pandemic
2020-08-27,100.42164611816406,100.88759658274928,99.09834139526372,99.80658809218842,7775200,99.20520426432292,2,0,0.0037671823849461106,Pandemic
2020-08-28,100.64529418945312,100.701205966632,99.8997706478177,100.701205966632,5159600,99.27074762980143,2,0,0.0024087024836759174,Pandemic
2020-08-31,100.88760375976562,101.37218914907751,100.3470994760344,100.43096715290284,6721100,99.34498952229818,2,0,0.0027283712019383066,Pandemic
2020-09-01,99.983642578125,100.91554342372984,99.377905606514,100.75712198633845,10999300,99.39127349853516,2,0,0.0017009246886009466,Pandemic
2020-09-02,101.98722839355467,102.25748048553598,99.65747633492882,100.07682886154583,8495800,99.47483367919922,2,0,0.0030708159892691156,Pandemic
2020-09-03,99.2101821899414,102.26681641195212,98.50193542074555,102.11771594518702,13337300,99.48073603312174,2,0,0.00021691004801049907,Pandemic
2020-09-04,98.50191497802734,99.73202379036974,97.2997691628756,99.55496746719682,14715500,99.49937413533529,2,0,0.0006849456503341123,Pandemic
2020-09-08,96.8804168701172,98.38077789037136,96.61016475549206,98.34350100112933,9660200,99.43942159016927,2,0,0.0022032412188446315,Pandemic
2020-09-09,98.59512329101562,99.40587256670062,97.58866855929632,97.6073034499548,8200800,99.44035364786784,2,0,3.425289008379684e-05,Pandemic
2020-09-10,97.08543395996094,98.87468194314728,96.82450285114288,98.87468194314728,9186200,99.35648244222006,2,0,0.0030822460805574603,Pandemic
2020-09-11,97.46751403808594,97.93346449917595,96.7219975662458,97.5420678182219,8764300,99.30833435058594,2,0,0.0017694304687690399,Pandemic
2020-09-14,98.86536407470705,99.3965544185605,98.06393583360112,98.25963417141251,5846900,99.32572987874349,2,0,0.000639281360852284,Pandemic
2020-09-15,98.99581909179688,99.78793330165584,98.74420190958946,99.37789469944434,5580500,99.31361414591471,2,0,0.00044525018730978694,Pandemic
2020-09-16,98.82808685302734,99.72271080558664,98.71625619276774,99.52701248251172,7193300,99.31050771077474,2,0,0.00011416072370401542,Pandemic
2020-09-17,98.50191497802734,98.83739984592428,97.59797714435744,97.91482001412726,7597300,99.28130772908528,2,0,0.0010730921109283198,Pandemic
2020-09-18,98.35282135009766,98.98651424334004,97.43955534430964,98.62307346293451,8649300,99.26484375,2,0,0.0006050471626593001,Pandemic
2020-09-21,96.53585815429688,97.0410864120053,95.18858280040776,97.0410864120053,8783000,99.17725270589193,2,0,0.003218949224693346,Pandemic
2020-09-22,96.3300552368164,96.62944906502428,95.45994080825724,96.37683842233186,7833300,99.09398498535157,2,0,0.0030600681519983852,Pandemic
2020-09-23,95.33831024169922,96.76978714165767,95.244751012978,96.73236202254688,7681900,98.99847106933593,2,0,0.0035101128093258382,Pandemic
2020-09-24,94.86113739013672,95.33829867828602,94.28105882144324,95.00147978525249,8434600,98.8320696512858,2,0,0.006115210990743303,Pandemic
2020-09-25,96.3861846923828,96.6481605252562,94.43077040783103,94.5336877005034,6769000,98.72085240681966,2,0,0.0040872062491358885,Pandemic
2020-09-28,97.25629425048828,98.01414038055248,97.06917580298004,97.31243549522974,6511100,98.64516194661458,2,0,0.0027816057072367895,Pandemic
2020-09-29,97.1346664428711,97.9205796138668,96.75107149009013,97.42470217337215,5402700,98.54584655761718,2,0,0.0036498160019518,Pandemic
2020-09-30,98.6877670288086,99.4830310477625,97.4153417432382,97.43405073062436,7565500,98.49923324584961,2,0,0.0017130276879619433,Pandemic
2020-10-01,98.3509521484375,99.54852725691778,97.92992496497725,99.1462161997148,9113200,98.45226465861002,2,0,0.0017260839737597844,Pandemic
2020-10-02,97.45276641845705,98.43514885930212,97.03173925400024,97.4153413057424,8628700,98.38591817220052,2,0,0.002438216979415153,Pandemic
2020-10-05,99.45497131347656,99.55788859694694,98.12640469179831,98.1544788821083,6661200,98.3828951517741,2,0,0.00011109525359542793,Pandemic
2020-10-06,98.13575744628906,99.79178481755308,98.0421982313167,99.7356435780812,7747200,98.35111897786459,2,0,0.001167766538363535,Pandemic
2020-10-07,99.98827362060548,100.29701835421469,98.80940738010666,98.8281163701603,7873100,98.3587277730306,2,0,0.0002796213419976046,Pandemic
2020-10-08,100.47477722167967,100.80223805523131,100.25959173310753,100.5683364401072,5942700,98.38659261067708,2,0,0.0010240258973018834,Pandemic
2020-10-09,101.38231658935548,101.68171037106856,100.7741709626571,101.0361396293922,5636300,98.41861495971679,2,0,0.0011768134135614616,Pandemic
2020-10-12,102.07466888427734,102.47697996938123,101.50394834173204,101.84076725661488,5065000,98.4662607828776,2,0,0.0017509722264998917,Pandemic
2020-10-13,101.29813385009766,101.9998388722012,101.03616511727702,101.46654334092702,6773600,98.47994511922201,2,0,0.0005028959788621612,Pandemic
2020-10-14,100.70868682861328,101.68171848131864,100.39058403309436,101.26069839592915,5999900,98.50411326090494,2,0,0.0008881732342017057,Pandemic
2020-10-15,99.9789047241211,100.16602315682944,99.29590888232543,99.4643183270072,6197700,98.43716913859049,2,0,0.0024601799512290468,Pandemic
2020-10-16,100.97066497802734,101.71915313120526,100.26896001121509,100.30638513268516,7462100,98.49585189819337,2,0,0.0021565769131999812,Pandemic
2020-10-19,99.37077331542967,101.54138028043762,99.03395437791885,101.23262839803408,8308500,98.52481384277344,2,0,0.0010643443059843438,Pandemic
2020-10-20,99.5017547607422,100.32509308978948,99.33334529690174,99.72629833315897,7421100,98.61219177246093,2,0,0.0032111173224039224,Pandemic
2020-10-21,99.005859375,99.77305626318218,98.77195779765044,99.49237151511883,5474300,98.62588297526041,2,0,0.0005031483193889685,Pandemic
2020-10-22,100.50283813476562,100.68060563559754,99.13685364244712,99.14621170515152,6127100,98.7397964477539,2,0,0.0041862919628250506,Pandemic
2020-10-23,100.8770751953125,101.60684699770624,100.30635475741794,101.0080595117365,5697900,98.85344848632812,2,0,0.004176684330899516,Pandemic
2020-10-26,99.75436401367188,100.18474213162696,98.8000414206364,100.06310872260842,8135500,98.88308181762696,2,0,0.0010890176019798248,Pandemic
2020-10-27,99.07135772705078,99.88533783685304,99.01522362917136,99.3894676039578,6893100,98.88559977213542,2,0,9.253420592669759e-05,Pandemic
2020-10-28,95.927734375,98.02349095975126,95.8061080983607,97.43406142788376,11431700,98.78892135620117,2,0,0.003552907893553392,Pandemic
2020-10-29,95.14183044433594,96.28327155452668,94.55239376127372,95.8622443326092,15974200,98.67691853841146,2,0,0.004116075874639191,Pandemic
2020-10-30,95.11375427246094,95.58155749322704,93.85067986590389,95.02018791781916,10741700,98.56894963582357,2,0,0.003967830487868973,Pandemic
2020-11-02,96.82591247558594,97.05046316989896,95.81546290362112,96.51716776259968,10287300,98.57861811319987,2,0,0.00035531415421868884,Pandemic
2020-11-03,98.2386703491211,99.30526105614844,97.93927659167676,98.0141268155654,9812900,98.64223861694336,2,0,0.002338037790108438,Pandemic
2020-11-04,102.5986099243164,104.2452721880912,100.8396651752188,101.03614167925636,25531500,98.88424860636393,2,0,0.008893807303544055,Pandemic
2020-11-05,102.80445098876952,104.08623460485975,102.61733252337632,104.01138436345774,12864800,99.14902572631836,2,0,0.009730493724247724,Pandemic
2020-11-06,102.84185791015624,103.54356273837202,102.1775781960186,102.91670813831249,12311200,99.36421483357748,2,0,0.007908146512325964,Pandemic
2020-11-09,103.8055191040039,107.04272327629307,103.67453478929968,106.58427103671856,20443000,99.58252232869467,2,0,0.008022746495466193,Pandemic
2020-11-10,104.10491943359376,104.4791634156307,102.98219462559318,104.28268693113613,12526500,99.81486409505209,2,0,0.008538502495270772,Pandemic
2020-11-11,103.97395324707033,104.93763398879884,103.46872485390855,104.93763398879884,9935400,99.99107030232747,2,0,0.006475534571724728,Pandemic
2020-11-12,103.59033966064452,104.18912717351796,102.8979929372803,103.77745808162616,7856300,100.16571655273438,2,0,0.006418206542318672,Pandemic
2020-11-13,104.90020751953124,105.30251861604766,103.91781780023656,104.10493625243012,6576100,100.41396458943684,2,0,0.009123053999552044,Pandemic
2020-11-16,104.72245025634766,105.90131660741103,104.1985128283693,105.73290712868771,7586000,100.58954722086588,2,0,0.0064526183134751,Pandemic
2020-11-17,104.0394515991211,104.42305373338505,103.54358124067213,104.18915208218368,8898100,100.7863370259603,2,0,0.007231976704772158,Pandemic
2020-11-18,102.10272979736328,104.30141067565768,102.07466274582944,104.26398556090898,9849900,100.85681889851888,2,0,0.0025901913984206493,Pandemic
2020-11-19,102.02789306640624,102.18694446042048,101.27004693719452,102.10273616245864,10410900,100.90858942667643,2,0,0.0019025541157963177,Pandemic
2020-11-20,101.79401397705078,102.27116826474304,101.43847885510816,101.79401397705078,7674500,100.92231267293295,2,0,0.0005043259085163454,Pandemic
2020-11-23,101.53201293945312,102.35535121730416,100.89580024207326,102.29920997410728,7747700,100.9042241414388,2,0,0.0006647490622109231,Pandemic
2020-11-24,101.83140563964844,102.5237595728112,101.485235811178,102.02788928156689,9615900,100.92199986775717,2,0,0.0006532535493041225,Pandemic
2020-11-25,101.45718383789062,102.02790444534452,101.03615657734764,101.95305420283309,11671800,100.9469497680664,2,0,0.0009169026705232453,Pandemic
2020-11-27,102.3927764892578,102.46761958344916,101.5413711575679,101.86883200125207,4443900,101.02741216023763,2,0,0.0029569730277103634,Pandemic
2020-11-30,102.67346954345705,102.76702877880356,101.88756340081164,102.43021695917848,12723400,101.08417231241862,2,0,0.002085921565577409,Pandemic
2020-12-01,103.5342254638672,104.66630854607445,103.3564579330861,103.66520981135488,12682400,101.22295405069987,2,0,0.005100194584858109,Pandemic
2020-12-02,104.3107681274414,104.48853564909292,103.5435710723666,103.60906324274696,8552400,101.38325449625651,2,0,0.0058910017593343245,Pandemic
2020-12-03,104.17979431152344,104.59146350299562,103.7307071372919,104.27335354464569,9795700,101.55571899414062,2,0,0.006338027676279778,Pandemic
2020-12-04,105.29315185546876,105.3118608438983,104.0862186656044,104.2172029989437,7859600,101.71539611816407,2,0,0.005868094847030103,Pandemic
2020-12-07,104.6475830078125,105.27443763415394,104.26398806412256,105.18087841409135,5803200,101.84107971191406,2,0,0.004618841010264552,Pandemic
2020-12-08,105.44283294677734,105.52704123021994,104.35753329097834,104.39495840160728,7953200,102.03069534301758,2,0,0.0069683275835525915,Pandemic
2020-12-09,105.07798767089844,105.87325908757536,104.61018431431802,105.86390102177216,7386400,102.23091634114583,2,0,0.007358072200818522,Pandemic
2020-12-10,104.90020751953124,105.48027900419814,104.6850148752084,105.05925891770691,5411000,102.52999877929688,2,0,0.010991205690137895,Pandemic
2020-12-11,104.488525390625,104.7224269958925,103.7681115871697,104.46981640297224,5222400,102.84155527750652,2,0,0.011449624314590512,Pandemic
2020-12-14,103.70262145996094,105.8077360936137,103.63712929021618,105.2837987356557,8469300,103.12785085042317,2,0,0.010521291552778034,Pandemic
2020-12-15,104.82534790039062,105.04989145054608,103.87102532053616,104.42303683988546,5007500,103.39449869791666,2,0,0.009799242498997218,Pandemic
2020-12-16,104.51659393310548,105.10602341707374,104.06750684192316,104.73178655379202,5355400,103.60376281738282,2,0,0.007690404675170126,Pandemic
2020-12-17,105.63935089111328,105.70484307146904,104.67567004000406,104.68502810522982,4263700,103.70512084960937,2,0,0.0037248826358272646,Pandemic
2020-12-18,105.72352600097656,105.97613659490052,104.59144308355708,105.74223498870369,7876700,103.80242335001627,1,0,0.0035758428436938328,Pandemic
2020-12-21,104.6657257080078,104.759670708632,102.74921759158912,104.15841410358426,6129600,103.863218943278,1,0,0.0022342230280206765,Pandemic
2020-12-22,104.3462905883789,104.72207770974234,103.75443071032312,104.47781500572462,13104100,103.88124465942383,1,0,0.0006624406136839234,Pandemic
2020-12-23,104.42144012451172,105.19180042914266,104.3462812734398,104.71267171298727,3920700,103.8917953491211,1,0,0.000387735238994269,Pandemic
2020-12-24,104.72207641601562,104.91936303959696,104.32750316885296,104.46841706602314,1674700,103.91673278808594,1,0,0.0009164447191961633,Pandemic
2020-12-28,104.985107421875,105.5018155155766,104.70326534030288,105.26694950344712,4390100,103.96322504679362,1,0,0.00170857901792687,Pandemic
2020-12-29,105.4830322265625,105.96216094366696,105.1260384345775,105.47363557827428,5053300,103.98265253702799,1,0,0.0007139554650186231,Pandemic
2020-12-30,105.46424102783205,106.05610082577428,105.35150275642016,105.69910705095006,3563700,104.00737889607747,1,0,0.0009086875844706022,Pandemic
2020-12-31,106.57282257080078,106.74192641577024,105.12604682329372,105.47364399472762,5581200,104.09182459513346,1,0,0.0031033585713351464,Pandemic
2021-01-04,106.11246490478516,107.00496008077046,104.38385443905118,106.98616678535824,12911800,104.22548243204753,1,0,0.004911892475878199,None
2021-01-05,106.8828353881836,107.24923300835216,105.47363913422514,105.92458508921068,11081900,104.38731384277344,1,0,0.005947264350959158,None
2021-01-06,108.34840393066406,108.63023887979708,105.38909037573931,105.38909037573931,17833700,104.60579350789388,1,0,0.008029073700537515,None
2021-01-07,109.75759887695312,109.91730606298825,108.32021986755164,108.48932370204255,12407100,104.87997970581054,1,0,0.010076275014104685,None
2021-01-08,110.28369903564452,110.77222442093718,109.2408932269907,109.95488800758766,9350600,105.16172281901042,1,0,0.010353989783230766,None
2021-01-11,110.80039978027344,110.97889308781372,110.17095337723444,110.31187442769216,6428200,105.47316335042318,1,0,0.011445362563463846,None
2021-01-12,109.59789276123048,110.7064535933892,109.0999707338082,110.58432583244192,9225500,105.71333389282226,1,0,0.008826208080085052,None
2021-01-13,109.89852142333984,110.27430135615336,109.13755057404408,109.54152045260712,5259600,105.95416895548503,1,0,0.008850629035553337,None
2021-01-14,109.55091094970705,110.49037506407376,109.41938654709908,110.07700856013884,5792300,106.15472513834635,1,0,0.0073703901569251995,None
2021-01-15,109.88912963867188,110.14278182130244,108.81814101415512,109.25029369005284,10335200,106.34067052205404,1,0,0.006833446898780071,None
2021-01-19,110.71585083007812,111.0728518013544,110.13338763280468,110.76282690552272,6194500,106.55853907267253,1,0,0.008006615393614913,None
2021-01-20,111.32649993896484,111.5050004181346,110.23671810251744,110.90374394545414,6872000,106.75965067545573,1,0,0.00739080170179407,None
2021-01-21,110.80039978027344,111.29831461335414,110.42461270156686,111.18557633947944,5796200,106.9647445678711,1,0,0.007537149861637116,None
2021-01-22,110.47158813476562,111.09163792640332,110.33067424352323,110.47158813476562,4796400,107.13236974080404,1,0,0.0061601836802616106,None
2021-01-25,111.19498443603516,111.26074664401392,110.3118857852832,110.5373623562474,6962000,107.33626963297526,1,0,0.0074932706477368605,None
2021-01-26,110.78162384033205,111.78685031202394,110.72525827833508,111.51440481646624,5504000,107.53231684366862,1,0,0.007204686544050265,None
2021-01-27,107.41832733154295,109.56031161150632,107.14588903583312,109.56031161150632,13096900,107.62997690836589,1,0,0.0035889832430003876,None
2021-01-28,108.98723602294922,110.35885279635342,108.12292357367951,108.32960682964529,12626100,107.80613072713216,1,0,0.006473609306961392,None
2021-01-29,108.06655883789062,109.59788997275813,107.19285690130828,108.82752249739885,10462400,107.91417109171549,1,0,0.003970456698541347,None
2021-02-01,108.47991943359376,109.30664525106477,108.31081561098124,108.94965147779044,10105300,108.04628194173178,1,0,0.0048550410896899265,None
2021-02-02,108.7899398803711,109.87031780406951,108.76174993812984,109.33482358215625,11515700,108.15130157470703,1,0,0.0038594455584546328,None
2021-02-03,108.01959991455078,108.84632585353886,107.681392219614,108.7899602935638,11280300,108.22783737182617,1,0,0.0028126716299210486,None
2021-02-04,108.47051239013672,108.91206161617092,107.78470768515972,108.01957368474883,8451500,108.3546635945638,1,0,0.004660832343183485,None
2021-02-05,108.66780853271484,109.38180324121063,108.40475973683272,109.21269941992328,5557000,108.49871419270833,1,0,0.005293823882746129,None
2021-02-08,108.79933166503906,109.20330150188512,108.47991732162416,109.05299097779049,6956700,108.64464391072592,1,0,0.00536288107369598,None
2021-02-09,108.95906066894533,109.06239513642564,108.68661519184226,108.7899568268656,4730300,108.7858767191569,1,0,0.005190270807130526,None
2021-02-10,109.15635681152344,109.77639950820505,108.77117301692104,109.74821672665728,5406400,108.92491836547852,1,0,0.005109746141110594,None
2021-02-11,109.36302185058594,109.63546013844925,108.84631371661948,109.54151515978508,4684000,109.05425135294597,1,0,0.0047529553275103,None
2021-02-12,110.18034362792967,110.30247854275471,109.00601355487017,109.1469345971457,6345300,109.21145477294922,1,0,0.005777186835611903,None
2021-02-16,109.090576171875,110.42461350178552,108.7335752191226,110.32127187520376,9531900,109.29537989298503,1,0,0.003084227420993235,None
2021-02-17,109.48514556884766,109.5415111204592,108.61144368115806,108.73357143216376,5022200,109.40780258178711,1,0,0.004131506030581544,None
2021-02-18,108.79933166503906,109.2408809247943,108.34839292521306,108.94964935667576,7756600,109.47168579101563,1,0,0.002347692151761116,None
2021-02-19,107.48410034179688,108.9684482997975,107.3901481897035,108.88389996396494,9390800,109.44287567138672,1,0,0.0010587647765495367,None
2021-02-22,107.2304229736328,107.5592339480574,106.27217282423238,106.96737419409315,7213300,109.35863647460937,1,0,0.003095769663627679,None
2021-02-23,107.05194854736328,107.81291946469472,106.55403364108008,107.15529018838924,8731500,109.25091145833333,1,0,0.0039588677261798155,None
2021-02-24,107.79410552978516,108.37657583428324,106.83585533081558,107.17406296987356,9842000,109.15070164998373,1,0,0.0036826856921085005,None
2021-02-25,106.71371459960938,108.07594172923942,106.168830915299,107.6437891401111,14494800,109.05456237792968,1,0,0.003533094489193922,None
2021-02-26,105.7930679321289,107.089525994341,105.52062244424616,107.089525994341,14687000,108.91771392822265,1,0,0.005029146707526966,None
2021-03-01,107.174072265625,107.67198711977426,106.6291813368213,106.6573641145969,7361800,108.83848597208659,1,0,0.0029116078084830965,None
2021-03-02,106.8640365600586,107.65318292808196,106.76069494031144,107.39953078622928,8456100,108.7376495361328,1,0,0.0037057141017041717,None
2021-03-03,105.51121520996094,106.58220375555028,105.26695969433008,106.46947264604144,14946600,108.56416168212891,1,0,0.006375635760781151,None
2021-03-04,104.09263610839844,105.9715645062573,103.27529967501434,105.27635583841854,23441700,108.32303288777669,1,0,0.008861423602551155,None
2021-03-05,106.1782455444336,106.51645324517148,103.85777488595892,104.70328697026028,15645200,108.16896107991536,1,0,0.005662100863307873,None
2021-03-08,105.9151840209961,107.59682567398708,105.78365961618496,106.26278832944982,12691800,108.01708094278972,1,0,0.005581557505396684,None
2021-03-09,106.53523254394533,108.22626365787124,106.48825647097136,106.69493972398888,11022300,107.86175587972005,1,0,0.005708157682498771,None
2021-03-10,106.77952575683594,107.850514585515,106.74194632121892,107.23986129994148,11641100,107.72835261027018,1,0,0.00490253718447986,None
2021-03-11,107.42772674560548,108.01959376180396,106.99557408614444,107.1458917942402,6549400,107.72866592407226,1,0,1.1514204797613559e-05,None
2021-03-12,107.66259002685548,107.81290773109497,107.03315076732362,107.2022546008217,7452400,107.6845110575358,1,0,0.0016226804332715172,None
2021-03-15,108.40476989746094,108.43295267572668,107.34317796670884,107.46530572837466,7119100,107.69578475952149,1,0,0.00041430576191647805,None
2021-03-16,108.3390121459961,108.71479926258723,107.94443889896976,108.51751263907408,8618600,107.6910878499349,1,0,0.00017261026656489875,None
2021-03-17,107.9444351196289,108.47992941257112,107.29620254539358,107.86927626543353,7524900,107.66290435791015,1,0,0.0010357363669543096,None
2021-03-18,107.71895599365234,108.60204736427308,107.3995344759487,107.44651054746288,8553300,107.6528828938802,1,0,0.0003682863265072056,None
2021-03-19,108.10413360595705,108.7429694801012,107.2867972593551,107.83168815708972,12595800,107.64067026774089,1,0,0.0004488109925270267,None
2021-03-22,109.04497528076172,109.12039499052112,107.49890719279064,108.03626003809256,6156800,107.65324249267579,1,0,0.00046202615939749947,None
2021-03-23,107.94200134277344,109.09212687468018,107.6686102579415,108.91300684161988,9170500,107.62466481526693,1,0,0.0010502225824058353,None
2021-03-24,107.8194351196289,108.64903033246269,107.79114733474316,107.99854793605644,12647000,107.58667729695638,1,0,0.0013960319100989604,None
2021-03-25,108.2719497680664,108.47935039003724,106.8578624645416,107.97970736024568,11505300,107.55719706217448,1,0,0.0010833913428169861,None
2021-03-26,110.31764221191406,110.45905235665732,108.2530799913701,108.54532234939909,8286500,107.58901774088541,1,0,0.0011694020788174386,None
2021-03-29,110.83615112304688,111.21324247021744,109.83686516660124,109.8745750205602,8958900,107.61087799072266,1,0,0.000803358779219332,None
2021-03-30,109.8368682861328,110.53448262313916,109.5823285627852,110.53448262313916,6865700,107.63575439453125,1,0,0.0009142016922875085,None
2021-03-31,110.0536880493164,110.72302177544032,109.88399730238224,110.072546572542,8504100,107.65470581054687,1,0,0.0006964598551316703,None
2021-04-01,109.72374725341795,110.33651985857202,109.37493646158076,110.2328195472804,6676400,107.68551966349284,1,0,0.0011324014807708727,None
2021-04-05,110.48734283447266,110.82672433525973,110.10082940949924,110.2799494216978,7190900,107.78562774658204,1,0,0.003678947313927816,None
2021-04-06,110.0631103515625,110.9492738842326,109.90284887637456,110.62874374143796,5206700,107.88005065917969,1,0,0.0034700187033334107,None
2021-04-07,109.81802368164062,110.37423512330754,109.53521052169876,109.99714371763136,5753200,107.9722531636556,1,0,0.00338841925358635,None
2021-04-08,109.98770141601562,110.46849308106748,109.83686918707784,110.13854083737289,4292400,108.04537302652994,1,0,0.002687136890601294,None
2021-04-09,111.1943817138672,111.26037215886528,109.98769518109113,110.05368562608922,5919100,108.19472859700521,1,0,0.005488780304888641,None
2021-04-12,111.3075180053711,111.5337699458456,110.91157531143584,111.0341269474388,8279500,108.37854359944662,1,0,0.006755155913722777,None
2021-04-13,111.76944732666016,112.08054822943758,110.855003141634,110.9587034425598,6519600,108.53172276814779,1,0,0.005629296594769073,None
2021-04-14,111.76004028320312,112.21254420951774,111.56206172396772,111.63748144249357,6226600,108.6949228922526,1,0,0.005997564229385466,None
2021-04-15,113.67374420166016,114.00369640280503,112.20308880275658,112.20308880275658,8438300,108.96700719197591,1,0,0.009999030774938467,None
2021-04-16,114.52220916748048,114.65419006097396,113.86229750759384,114.25824018807428,7447400,109.31465962727864,1,0,0.012776141082412651,None
2021-04-19,114.55048370361328,114.57876429466393,113.9659917830312,114.3053732604764,7094300,109.59373423258464,1,0,0.010255922777595794,None
2021-04-20,114.99356842041016,115.28581079197328,114.02255588416084,114.02255588416084,8063900,109.89634704589844,1,0,0.011120946104911433,None
2021-04-21,116.3510971069336,116.4170875575152,115.29524989762808,115.35181108600668,9635900,110.22354253133138,1,0,0.012024353230201013,None
2021-04-22,115.83259582519533,116.52078088397283,115.38951402965456,116.25681909745984,10030800,110.52531153361002,1,0,0.011089936257899558,None
2021-04-23,116.59619903564452,116.86016081863356,115.53092264217624,115.77602590214082,4974500,110.83092727661133,1,0,0.011231303028816697,None
2021-04-26,116.20025634765624,116.53963783786529,115.98342648741524,116.53020857635416,6907100,111.11551615397136,1,0,0.010458570912845522,None
2021-04-27,115.53092193603516,115.9268646080986,115.3423726690389,115.90800608518944,7034700,111.35305455525716,1,0,0.008729477544650144,None
2021-04-28,115.18211364746094,115.47435602702548,114.97471304554315,115.34237513351768,6788100,111.58115793863932,1,0,0.008382742968356838,None
2021-04-29,114.72017669677734,115.33294202803305,114.09797491176082,115.30466143642664,8148900,111.80701599121093,1,0,0.00830022761595528,None
2021-04-30,114.38079833984376,114.93700250309334,114.1733977391679,114.26766877790622,7153400,112.02907740275064,1,0,0.008160701996292707,None
2021-05-03,115.68174743652344,115.80429905863686,114.84272302628692,115.0029844996088,13179100,112.2816645304362,1,0,0.009282514520866036,None
2021-05-04,115.80431365966795,115.88916263368972,115.0124282617029,115.5120712664789,16186300,112.50697580973308,1,0,0.008280133833232228,None
2021-05-05,116.01171875,116.3699587992693,115.776037535447,115.96458682254134,16713700,112.77596638997396,1,0,0.00988533734850694,None
2021-05-06,116.16254425048828,116.17197351181728,114.75788639406407,115.35180039424958,16115000,113.05407002766927,1,0,0.010220239957857369,None
2021-05-07,116.96387481689452,117.57664742341258,116.38881206842282,116.43595118908576,7576700,113.3438008626302,1,0,0.010647536583952677,None
2021-05-10,117.11471557617188,118.0197306022793,117.06757645497478,117.38809946337072,8846700,113.57036997477213,1,0,0.00832635887944122,None
2021-05-11,115.85145568847656,116.99215188844488,115.58749388252288,116.501938133448,11357800,113.73754679361979,1,0,0.006143706778428237,None
2021-05-12,114.75789642333984,115.80431436490352,114.64476685476176,115.229258837119,10946500,113.90158106486003,1,0,0.0060282189304703415,None
2021-05-13,115.79489135742188,116.32281495500492,114.7861760878002,114.9652889127404,11228000,114.09295450846354,1,0,0.007032926758520852,None
2021-05-14,116.3793716430664,116.76589225665258,116.08712926176322,116.46422061363722,6590400,114.31480865478515,1,0,0.008153085050749187,None
2021-05-17,116.16254425048828,116.7847388422418,116.0871245446942,116.24738602519234,5997700,114.50398203531901,1,0,0.006952074984410306,None
2021-05-18,116.20025634765624,116.8695900665632,115.73831603506,116.12483664040552,9202000,114.70855356852213,1,0,0.007517953289677415,None
2021-05-19,116.00230407714844,116.07771660437515,114.6259193670606,115.44609263527671,10063000,114.9146962483724,1,0,0.00757569254068402,None
2021-05-20,117.21839904785156,117.7180492371847,115.96458052080357,115.96458052080357,7522700,115.15571950276693,1,0,0.008857545035187986,None
2021-05-21,117.23725128173828,118.46279634203052,117.14298024458176,117.60491336134211,8423300,115.35714848836263,1,0,0.007402465441718853,None
2021-05-24,117.35037231445312,118.07626715947194,117.3032332030907,117.84058598749694,4958800,115.55857696533204,1,0,0.007402446749828595,None
2021-05-25,117.00157928466795,117.52950288815526,116.86959838379614,117.52008081839276,6798500,115.7329813639323,1,0,0.006409318548192822,None
2021-05-26,116.32281494140624,117.0110072245348,115.82317193769218,116.9732973686519,6848800,115.88507385253907,1,0,0.005589361369849888,None
2021-05-27,116.06827545166016,116.6621894632933,116.00228500592314,116.56791842544315,8102900,115.9648915608724,1,0,0.002933281055987891,None
2021-05-28,116.5207748413086,117.48235809078962,116.44535513695344,116.51134558015949,10059900,116.03151041666666,1,0,0.00244822648699472,None
2021-06-01,114.6070556640625,116.69990590765958,114.51278462088833,116.662196051906,13368300,116.03339614868165,1,0,6.930018553163997e-05,None
2021-06-02,114.38079833984376,115.00299294945208,114.10740729280914,114.71075057163752,13245100,116.01297047932943,1,0,0.000750638300921036,None
2021-06-03,114.72960662841795,115.03127828025876,113.70204003672946,113.9565725710497,13244400,115.95892079671223,1,0,0.0019863124789432085,None
2021-06-04,115.09727478027344,115.67233752064293,114.96529387518076,115.3329559954275,11228900,115.93441009521484,1,0,0.0009007622227263923,None
2021-06-07,115.51207733154295,116.53022191874489,115.18212506506642,115.38009642495236,13978500,115.89827270507813,1,0,0.0013280401569311095,None
2021-06-08,115.15383911132812,115.86088273191456,114.26767547195216,115.79489228168994,10799500,115.86339213053385,1,0,0.0012818524945041876,None
2021-06-09,116.26625061035156,116.4642219540696,115.44607745001734,115.44607745001734,7965600,115.8879030863444,1,0,0.0009007715686719653,None
2021-06-10,118.25540161132812,118.3873825083785,116.50193290203674,116.54906482674362,9350900,115.9903460184733,1,0,0.00376475243912866,None
2021-06-11,117.4163818359375,118.13284753663106,116.82246058289604,118.0762863477394,6958100,116.08021952311198,1,0,0.0033028290851311315,None
2021-06-14,117.5200653076172,117.5389166370738,116.69046296315182,117.3503745728328,5156000,116.18486175537109,1,0,0.0038455761754028206,None
2021-06-15,117.55776977539062,117.82173873877592,117.0581268242871,117.64261874029776,5409100,116.24739583333333,1,0,0.002298111911134715,None
2021-06-16,117.10528564453124,118.27426248085683,116.7753333752966,117.68034839623448,11653200,116.2907615661621,1,0,0.0015936799645317468,None
2021-06-17,118.00084686279295,118.31194773441052,116.87900938069777,116.89786070969645,6527000,116.35706583658855,1,0,0.002436665552470574,None
2021-06-18,116.65276336669922,117.28439444151223,116.492501878764,117.12412576115766,11152600,116.37340647379557,1,0,0.0006005143791143475,None
2021-06-21,118.0543975830078,118.27207361483298,116.59693499303395,117.02282099778216,6655400,116.40975723266601,1,0,0.0013358814051658285,None
2021-06-22,118.30992889404295,118.470815790582,117.7326220577678,118.13010987997744,7194000,116.44959767659505,1,0,0.0014641264686672262,None
2021-06-23,117.81779479980467,118.4234925912378,117.77047894701326,118.14903465129356,6506600,116.51514231363932,1,0,0.0024087492134028388,None
2021-06-24,118.42349243164062,119.25633230910418,118.29099649122364,118.50867251932996,7029200,116.63732884724935,1,0,0.004490324914345534,None
2021-06-25,118.96292114257812,119.3225591060256,118.30990761510814,118.3761555735612,8344200,116.7429298400879,1,0,0.0038808103897596258,None
2021-06-28,119.14275360107422,119.29418164923048,118.68848389757896,119.085971693259,4631400,116.83504257202148,1,0,0.0033851201348413795,None
2021-06-29,119.2752456665039,119.6443424963116,119.00078775348268,119.1522157967302,6165500,116.93879928588868,1,0,0.0038130335933372894,None
2021-06-30,119.19952392578124,119.44559086988043,118.74525426642924,119.15220808069536,8542700,117.03877487182618,1,0,0.0036740780763468983,None
2021-07-01,120.2594985961914,120.34467867019296,119.23738103108926,119.28470409669968,12021000,117.18068135579428,1,0,0.005215028216634776,None
2021-07-02,121.41411590576172,121.52769416175408,120.20272762946824,120.41093758431856,12327900,117.32053858439127,1,0,0.005139718588176967,None
2021-07-06,121.30055236816406,121.31001120577946,120.43932881352494,121.05449262140245,11413100,117.4559819539388,1,0,0.004977510358901149,None
2021-07-07,122.06713104248048,122.06713104248048,120.86520165972428,121.31000528198972,18435700,117.61320724487305,1,0,0.005777990586920856,None
2021-07-08,121.39520263671876,121.48983433901148,120.29737091511072,120.93145964027038,8386600,117.75966135660808,1,0,0.0053821524132191545,None
2021-07-09,121.81160736083984,122.18070416796247,121.53714224420096,121.83052503435331,5224200,117.94262110392252,1,0,0.006723725499165223,None
2021-07-12,122.04821014404295,122.65390784824038,121.7169631197748,121.81160925270066,9097900,118.14195226033529,1,0,0.007325370737680359,None
2021-07-13,121.93463134765624,122.33211911040604,121.64124855426752,121.89678155923964,9698800,118.32241414388021,1,1,0.006631929622929578,None
2021-07-14,121.8210678100586,122.31320170639354,121.60339903399544,122.20909673680292,7487000,118.56288121541341,1,1,0.008837105452483174,None
2021-07-15,121.39520263671876,121.698044301419,120.6475428719313,121.16806055746312,8750600,118.79669469197592,1,1,0.008592587481605296,None
2021-07-16,121.7264404296875,122.1712513281926,121.31002048717424,121.70752275300931,6511000,119.02992248535156,1,1,0.008571063769227782,None
2021-07-19,120.44879913330078,121.50877390669648,119.4645456114538,120.9314670557072,19460400,119.20830663045247,1,1,0.006555573248581359,None
2021-07-20,121.9157257080078,122.60659633234086,120.8368188989976,120.8368188989976,15053700,119.42176157633463,1,1,0.007844416510284002,None
2021-07-21,122.11446380615234,122.44571086547224,120.79896328872512,122.40784663190624,8295700,119.65378239949544,1,1,0.008526707912109632,None
2021-07-22,123.01354217529295,123.01354217529295,121.88731952314362,122.21856657647236,9261100,119.87869211832682,1,1,0.008265376585362638,None
2021-07-23,124.43314361572266,124.55618070713902,123.38263502240297,123.5340630670734,8303800,120.08461685180664,1,1,0.007567683065430986,None
2021-07-26,123.62870025634766,124.44260788631988,123.22173922087548,124.08296991650336,6626500,120.29169413248698,1,1,0.0076100388902224925,None
2021-07-27,124.2060317993164,124.2060317993164,123.12713211541435,123.45836475919722,9551600,120.51455968221029,1,1,0.008190253875814069,None
2021-07-28,124.6508331298828,125.01045670288994,123.71388830234096,124.02620324485493,7432600,120.75099512736003,1,1,0.008688944179222169,None
2021-07-29,124.95365142822266,125.14292923772364,124.58455464535582,125.05775638959388,5662700,121.01260732014974,1,1,0.009614183433089174,None
2021-07-30,125.06724548339844,125.53098850369528,124.57512594783104,124.74547168530252,6634400,121.24815394083659,1,1,0.008656280099865077,None
2021-08-02,125.23760986328124,125.7297438563333,124.868512978736,125.55938367217192,8366300,121.53431549072266,1,1,0.010516366239525121,None
2021-08-03,126.97898864746094,127.01685288418128,125.20921826662538,125.29439113778348,7701700,121.83180185953776,1,1,0.010932550536476793,None
2021-08-04,126.43952941894533,127.26289594730264,126.27862809547548,126.4868380471707,8322100,122.10278854370117,1,1,0.009958693674364527,None
2021-08-05,125.91902160644533,126.36383252344882,124.96314457838557,126.34490040500874,8240900,122.37282943725586,1,1,0.009923936103226838,None
2021-08-06,125.81487274169922,125.9757595898968,125.0104240597412,125.86219580080912,6923700,122.61920878092448,1,1,0.009054379992366357,None
2021-08-09,126.29754638671876,126.53414726583998,125.90005864271168,125.9947047707488,9852500,122.8636962890625,1,1,0.008984855504144074,None
2021-08-10,126.0041732788086,126.61932983535245,125.5215126471037,126.36381126378836,5832600,123.09241027832032,1,1,0.008405182583388848,None
2021-08-11,124.75495147705078,126.40168478913516,124.65084648505892,126.20294808504414,14512500,123.27506713867187,1,1,0.0067125944781312175,None
2021-08-12,125.73917388916016,125.84327885536044,124.79277035678382,124.87794320886444,8220300,123.49305547078451,1,1,0.008011017333923398,None
2021-08-13,126.5246810913086,126.5530720398788,125.90005134082232,126.05147936051064,7922900,123.70189488728842,1,1,0.007674796946264051,None
2021-08-16,127.9632568359375,127.98217451335324,126.08936702157143,126.52471909871028,8404200,123.92019958496094,1,1,0.00802264369006589,None
2021-08-17,129.4774932861328,129.4774932861328,127.55629485028972,127.62255004372052,13874500,124.19276428222656,1,1,0.010016685265898717,None
2021-08-18,127.50895690917967,129.44908723709037,127.43324288593251,129.30713246911023,12427700,124.3741584777832,1,1,0.006666191858958781,None
2021-08-19,128.0862579345703,128.74873755694384,126.62880276534854,126.6666525547816,11669200,124.59719365437826,1,1,0.008196487621431325,None
2021-08-20,128.81500244140625,129.2030314069398,127.76449380360434,128.20930467805033,7252700,124.8306401570638,1,1,0.00857910128231687,None
2021-08-23,128.86231994628906,129.63836340286122,128.82445571466712,129.54373170575263,8471300,125.057777150472,1,1,0.00834722837563695,None
2021-08-24,128.40805053710938,128.88125239983336,128.03895366182368,128.86233472282626,6548100,125.27355779012045,1,1,0.007929885181448881,None
2021-08-25,128.057861328125,128.35124411643866,127.52787765362648,128.28500337761238,6918500,125.48145090738932,1,1,0.0076400206832341055,None
2021-08-26,127.55625915527344,128.41748978301922,127.31019945061936,128.13356585243622,5972100,125.68681945800782,1,1,0.007547243482726396,None
2021-08-27,127.4143295288086,128.1903730216883,127.20611956806611,127.84020828815495,8679200,125.87641576131185,1,1,0.006967617291697703,None
2021-08-30,128.13357543945312,128.59731837546855,127.2912768616506,127.30073569835506,6417200,126.13257497151693,1,1,0.009413787670693896,None
2021-08-31,127.9632568359375,128.75823251665182,127.50897264040778,128.1619935356285,9299100,126.33415934244792,1,1,0.007408175814390461,None
2021-09-01,128.0010986328125,128.1809176438507,126.78970306905164,128.06735382255258,10571100,126.53038050333659,1,1,0.007211079170739598,None
2021-09-02,129.37339782714844,129.3923299468054,128.33236230163257,128.4743170966196,6847800,126.74237569173177,1,1,0.007790770783385748,None
2021-09-03,129.51535034179688,129.69515491190776,128.62572856546473,129.24088518562246,5632800,126.9117825826009,1,1,0.006225661374102742,None
2021-09-07,128.75819396972656,129.2408545368836,127.9158954656854,129.03264461984233,8739100,127.08276570638021,1,1,0.006283587544018809,None
2021-09-08,128.70144653320312,128.909656505994,128.16198948343367,128.50269539882106,6986200,127.23261286417643,1,1,0.005506846017448108,None
2021-09-09,127.215576171875,128.81500064177536,127.13986214739155,128.52161782251054,8905600,127.3181042989095,1,1,0.003141789099036396,None
2021-09-10,126.05150604248048,127.78342647672191,125.9852508544782,127.66984821742858,10561600,127.3546994527181,1,1,0.001344862858745799,None
2021-09-13,125.27544403076172,126.78969561694934,124.6413553308255,126.71398159354264,11676700,127.36163940429688,1,1,0.00025504150545785365,None
2021-09-14,125.25651550292967,126.15559598640291,125.03883228913126,125.86221319673004,10436300,127.36226959228516,1,1,2.31592528314728e-05,None
2021-09-15,126.07042694091795,126.6571925379876,124.90634014283312,125.09561797018084,10299900,127.33198420206706,1,1,0.0011129806061198622,None
2021-09-16,125.74864959716795,126.46792562049976,124.88743324229652,126.23132470566142,10525700,127.30895487467448,1,1,0.0008463220904650903,None
2021-09-17,125.8716812133789,125.97578618901386,125.04831468670356,125.6445391462736,13541400,127.30737686157227,1,1,5.7991591533967934e-05,None
2021-09-20,124.55818939208984,125.66939610886676,123.4754881607442,124.4442254177982,17245000,127.26548741658529,1,1,0.0015394267511790183,None
2021-09-21,124.74813842773438,126.0302765088046,124.72913960295978,125.1280279720832,11741800,127.21384048461914,1,1,0.0018980119863065692,None
2021-09-22,124.95708465576172,125.58390096794976,124.35874484354942,125.11853844010238,11964100,127.17893753051757,1,1,0.0012826749377041757,None
2021-09-23,125.85934448242188,126.59063266077236,125.1470406390886,125.24200578975108,10366500,127.21575063069662,1,1,0.0013528723339992776,None
2021-09-24,125.34646606445312,126.1157518257602,125.08054048009656,125.65038929906493,6962600,127.20266036987304,1,1,0.0004810638502847908,None
2021-09-27,123.56095123291016,125.137505702759,123.29502568417152,124.98555859766228,11631400,127.1038693745931,1,1,0.00363054466242807,None
2021-09-28,121.44305419921876,122.77268943449168,121.02516697632264,122.77268943449168,17433400,126.88652928670247,1,1,0.00798719451896468,None
2021-09-29,122.40229034423828,122.97212469245144,121.73746186686928,121.9844031271005,11171400,126.65068918863932,1,1,0.008667065320917322,None
2021-09-30,120.9017105102539,123.57996546832469,120.79723869855044,122.8106796238986,21653100,126.43044764200846,1,1,0.0080938224106335,None
2021-10-01,120.93019104003906,121.5000326253354,118.98322444052025,121.06315383507724,23188900,126.19191207885743,1,1,0.008766122996769932,None
2021-10-04,119.08769989013672,121.05365812946862,118.48936729414147,120.4363267073553,27580700,125.86766866048177,1,1,0.011915865495387035,None
2021-10-05,119.79998779296876,121.01565164961028,119.41059886041708,119.5720526313305,19151800,125.56559092203776,1,1,0.011101282235679077,None
2021-10-06,119.58155822753906,119.68602277899942,118.24242368606087,119.13518004704632,21322100,125.27137451171875,1,1,0.010812380369846775,None
2021-10-07,121.16761779785156,121.94639569215528,120.17988906581324,120.40782423599796,15806400,125.0416997273763,1,1,0.008440491565308905,None
2021-10-08,120.55979919433594,121.56651961621031,120.31286517250533,121.33858442079011,9552300,124.80848439534505,1,1,0.0085706058179007,None
2021-10-11,119.61956024169922,121.0916578035654,119.58157707841424,120.45533475256197,7843400,124.54865875244141,1,1,0.009548528166283932,None
2021-10-12,119.04020690917967,120.1229153453516,118.745790325531,119.99944471665076,13007200,124.24554646809896,1,1,0.011139301541780444,None
2021-10-13,119.2301788330078,119.77152951847084,118.49887608935502,119.23967824739982,10609000,123.9544438680013,1,1,0.010697948613724417,None
2021-10-14,120.93968200683594,121.41455119752575,120.46481281614612,120.46481281614612,8857900,123.71906331380208,1,1,0.008650177197484732,None
2021-10-15,121.53802490234376,122.08887491651664,121.31008971390044,121.56651589515803,8976100,123.4578842163086,1,1,0.009598267287983298,None
2021-10-18,120.71175384521484,121.129641076025,120.1894020526314,121.00617768779892,11660700,123.16443099975587,1,1,0.010784333187543238,None
2021-10-19,122.29782104492188,122.61123646419476,121.36707420021342,121.36707420021342,9487000,122.9490852355957,1,1,0.00791390361472466,None
2021-10-20,124.04534149169922,124.22579411874428,122.9151503996666,123.02911437807026,13665700,122.79388173421223,1,1,0.0057036903205724965,None
2021-10-21,124.54869842529295,124.62467923950584,123.39950853662867,124.301771647995,8267500,122.70498580932617,1,1,0.003266903270810806,None
2021-10-22,125.05207061767578,125.09956044259016,124.2448015615713,124.43474636936882,8009700,122.67167129516602,1,1,0.0012243001624063776,None
2021-10-25,125.2040023803711,125.3369651632834,124.14030011707251,125.10902275320952,10629700,122.66928990681966,1,1,8.751543321916522e-05,None
2021-10-26,125.82132720947266,126.1822324045474,124.80511475387412,125.48892749619652,9271600,122.68811696370443,1,1,0.0006918896878056469,None
2021-10-27,124.8240966796875,126.1537389827301,124.78611352444914,126.02077620161148,11851400,122.64657262166341,1,1,0.0015267443032001005,None
2021-10-28,125.86882781982422,126.35318918224218,125.0520522237605,125.0520522237605,9282500,122.65057856241862,1,1,0.00014721733277012206,None
2021-10-29,127.093994140625,127.25544792261071,125.2230084142944,125.7073697602516,15415100,122.69132232666016,1,1,0.001497323266915096,None
2021-11-01,126.94207763671876,127.73036249374088,126.457701626771,127.20800331235723,14356700,122.77078526814779,1,1,0.0029202434620814177,None
2021-11-02,127.73980712890624,128.37613007967053,126.3246917808186,127.4358839030658,20851500,122.87050755818684,1,1,0.0036647695146758696,None
2021-11-03,128.49008178710938,128.53757159809916,127.01799908941597,127.4928682156024,14610000,122.98827412923177,1,1,0.0043278923823781845,None
2021-11-04,127.60686492919922,128.3951496200689,126.72360059196568,128.19569815944865,15818500,123.04652481079101,1,1,0.002140698151875453,None
2021-11-05,126.1822509765625,126.98002779607314,125.2704956886513,126.45766875049164,14867300,123.07438430786132,1,1,0.0010238296324469598,None
2021-11-08,126.9325180053711,127.09398626921376,125.91630556007944,126.41017353382692,8948800,123.18676986694337,1,1,0.0041301415225458715,None
2021-11-09,126.46714782714844,127.08447188792287,126.22020660935426,126.97050793623666,7287000,123.35423965454102,1,1,0.006154473307590003,None
2021-11-10,126.82807159423828,127.3409384943444,126.41019883174718,126.4291831674109,8445400,123.50176569620768,1,1,0.005421545573301989,None
2021-11-11,126.45767974853516,126.89456584970628,126.15377095403952,126.80909285986624,8597300,123.68696467081706,1,1,0.006806016548876137,None
2021-11-12,127.08451080322266,127.37892742980416,126.38171356347584,127.26496344322034,8317600,123.89210866292318,1,1,0.0075389910128913495,None
2021-11-15,126.29620361328124,127.44539341037763,126.17274748039856,127.37890476879224,6268900,124.13239212036133,1,1,0.008830357679866285,None
2021-11-16,126.82807159423828,127.5118844664736,126.04929356810652,126.26772936311356,6150900,124.36666158040364,1,1,0.008609344761801863,None
2021-11-17,127.0085220336914,127.50239009774958,126.419688817376,126.97053887116031,8229000,124.61422704060872,1,1,0.009097969481957513,None
2021-11-18,127.05596160888672,127.37886908420715,126.6190901991834,127.1414345596739,9029300,124.81050516764323,1,1,0.007213172662520861,None
2021-11-19,126.2867202758789,127.86328954871652,126.1727563016019,127.435895661461,10166100,125.001402537028,1,1,0.007015431148634121,None
2021-11-22,125.7168426513672,126.9040154179378,125.5553888941362,126.46714395527864,11146200,125.20464528401693,1,1,0.007469120724687306,None
2021-11-23,125.84986114501952,125.98282397407417,124.74817534365032,125.12806500041742,12075200,125.43163375854492,1,1,0.00834177034349226,None
2021-11-24,125.8023681640625,126.03029612941314,125.17553727562937,125.61240887045771,6760800,125.65070673624675,1,1,0.008050877791278666,None
2021-11-26,125.33698272705078,126.99902499228892,124.90009666948472,126.25823017056004,11896900,125.79728342692057,1,1,0.005386657158927166,None
2021-11-29,125.67888641357422,126.5241530247134,125.54592361491834,126.02079282324053,17137100,125.93531214396158,1,1,0.005072521240372607,None
2021-11-30,123.20953369140624,125.52689723809864,123.02908111315242,124.95706300829468,19467000,126.01857147216796,1,1,0.0030597597357986395,None
2021-12-01,122.99111938476562,125.45093829441514,122.97212055957296,123.79840279909205,22241400,126.04168141682943,1,1,0.0008492847551737626,None
2021-12-02,123.58946228027344,124.09282247150288,122.36429163229391,122.9531392930939,17531100,126.02648544311523,1,1,0.0005584482786324951,None
2021-12-03,123.81739044189452,124.92858262971647,122.79167123193784,124.4537134302101,22111900,126.00210851033529,1,1,0.0008958462554184976,None
2021-12-06,124.52021026611328,125.06155365339808,123.95036139247352,124.14032067825931,15230900,125.98437983194987,1,1,0.0006515245493956545,None
2021-12-07,126.12527465820312,126.42918343992984,125.19453499359967,125.36548096609734,11974700,126.0150889078776,1,1,0.0011285509512442005,None
2021-12-08,127.07500457763672,127.16047755811938,125.84983388995202,126.48615689775345,15144700,126.05687815348307,1,1,0.0015357444486707728,None
2021-12-09,127.3694305419922,127.78731779979503,126.85657812950828,126.95154328418931,9095800,126.1417226155599,1,1,0.003118013013805321,None
2021-12-10,127.81578826904295,128.08171384641906,126.9800138876569,127.03699586968648,8554300,126.20662129720053,1,1,0.0023850105119533893,None
2021-12-13,129.02195739746094,129.3828481069164,127.81578566559372,127.81578566559372,12201800,126.27088673909505,1,1,0.0023617391077759287,None
2021-12-14,128.49961853027344,129.17392473189557,127.8632954912228,128.4236377132714,11070800,126.3228047688802,1,1,0.0019079747641590483,None
2021-12-15,131.13040161132812,131.19687577054106,128.66107571533314,128.77503969790357,14996300,126.43582458496094,1,1,0.004153450310504514,None
2021-12-16,131.9091796875,132.57399373913907,130.88346036845996,131.12089499346388,19227500,126.54979451497395,1,1,0.004188366762715168,None
2021-12-17,130.98789978027344,132.0516019997648,130.4750474935489,131.24433316956362,21504200,126.66249567667643,1,1,0.004141739840852088,None
2021-12-20,130.19468688964844,131.1194745834812,129.06969582563278,130.71905329556634,16185700,126.79624354044596,1,1,0.004915200940568187,None
2021-12-21,130.73814392089844,130.79534489202825,129.3557192300227,130.56652645995786,10773400,126.92309773763021,1,1,0.004661860397183526,None
2021-12-22,132.26351928710938,132.33979207634442,130.44255917898067,130.67136299913878,7246000,127.1163101196289,1,1,0.007100507290089153,None
2021-12-23,132.8070068359375,133.2360287058017,132.2158961364634,132.60678887130624,7743800,127.31560796101888,1,1,0.007324146418825839,None
2021-12-27,134.20848083496094,134.20848083496094,133.1406760007132,133.28369298039317,6968900,127.57396799723307,1,1,0.009494667482640606,None
2021-12-28,133.855712890625,134.57075412304832,133.5029638711792,134.3324070455739,6065900,127.79967473347982,1,1,0.008294666778411175,None
2021-12-29,134.61842346191406,134.89491421227984,133.62690604253697,133.72223614288146,7103600,128.07708206176758,1,1,0.010194650759208335,None
2021-12-30,134.89491271972656,135.36206366561245,134.7232952649241,134.86631223518458,7931700,128.34597676595052,1,1,0.009881813927071548,None
2021-12-31,134.3228759765625,135.24766378428532,134.27520365241736,134.73284050714983,7882800,128.58978856404622,1,1,0.008960023327075906,None
2022-01-03,132.9404754638672,133.9987371271035,131.7964123395027,133.75084684266406,15122300,128.78593902587892,1,1,0.007208480997904498,None
2022-01-04,131.1862335205078,132.79744749835237,130.62372337756784,132.64491642925665,14304500,128.9492561340332,1,1,0.006001863364292648,None
2022-01-05,130.25189208984375,132.2635417870442,130.20423431756825,131.4722278301071,15370700,129.10042444864908,1,1,0.005555398204075024,None
2022-01-06,128.7455596923828,130.23285777655613,128.5167557929347,129.4415436800098,15182000,129.1969477335612,1,1,0.0035472068668271906,None
2022-01-07,128.08773803710938,128.6788341930218,127.82079044750036,128.44048709176002,9619400,129.27312672932942,1,1,0.0027995592684511017,None
2022-01-10,129.40338134765625,129.47965415232989,127.2201286856296,127.52520535677414,15589900,129.40867335001627,1,1,0.004981304812755161,None
2022-01-11,130.4330291748047,130.45210101092837,128.70739896809943,129.59404295594524,12168300,129.56714477539063,1,1,0.005823785719639041,None
2022-01-12,130.06121826171875,130.26143618735514,129.49872270750407,129.68939744057943,10831800,129.7955342610677,1,1,0.008393257156990686,None
2022-01-13,128.0400390625,129.9944877956408,127.81122065578636,129.83239899866683,13804900,129.96383158365884,1,1,0.006184885014092645,None
2022-01-14,127.82078552246094,127.9542593121226,126.50510491897326,127.69684037936368,14341800,130.10487569173176,1,1,0.005183336115605064,None
2022-01-18,126.02838897705078,126.76250196722728,125.70424047919865,126.56228404352476,16471400,130.17857564290364,1,1,0.002708454992178755,None
2022-01-19,125.5135498046875,127.2582519437955,125.389619231916,126.26673462387669,14639600,130.21168696085613,1,1,0.00121683275199036,None
2022-01-20,124.69361877441406,127.10570396558634,124.6173605309616,125.81862425722798,15127800,130.16396509806316,1,1,0.0017537666641902483,None
2022-01-21,123.43517303466795,125.46589458248398,123.23495510912358,125.07500192395186,25804800,130.0426373799642,1,1,0.004458763656551845,None
2022-01-24,123.02519989013672,123.23494644594334,119.09724538602836,122.31970197292226,37938000,129.897829691569,1,1,0.005321646762358911,None
2022-01-25,122.2339096069336,123.28262791628391,120.38432686601674,121.3949233214136,19326800,129.7117670694987,1,1,0.006837755379632826,None
2022-01-26,121.59513854980467,123.54005145700756,120.6417502976724,122.43411759312208,29557400,129.46420644124348,1,1,0.009097791908994735,None
2022-01-27,121.9097671508789,123.78793603213808,121.50933852823232,122.18625063665428,18483600,129.244544728597,1,1,0.0080725136550015,None
2022-01-28,124.39810180664062,124.44577413134088,120.94684080209731,121.80489173027333,20906800,129.02013473510743,1,1,0.008247011802547055,None
2022-01-31,125.11311340332033,125.34193177915871,123.92137830581372,124.16926851652552,19044400,128.79359919230143,1,1,0.008325125214641904,None
2022-02-01,125.44683074951172,125.67564917222737,124.44577015301272,125.56123268709426,14674800,128.60889689127603,1,1,0.006787763917407208,None
2022-02-02,127.1343231201172,127.43939978138582,125.1036015856262,125.36102047462283,13595200,128.506884765625,1,1,0.0037489204075318305,None
2022-02-03,126.59090423583984,127.06759841191923,126.35255714780014,126.9627251112797,13805600,128.3686434427897,1,1,0.005080334450771051,None
2022-02-04,126.1332550048828,127.01989900050766,125.20846733667597,125.43728572952205,12004100,128.16430130004883,1,1,0.007509523246878702,None
2022-02-07,125.91399383544922,126.6194918337998,125.56123028872364,126.18094138307652,9229200,127.93453420003256,1,1,0.008443884143508162,None
2022-02-08,126.94364166259766,127.16293143777855,124.96060687329096,125.24661171474357,11071600,127.6923728942871,1,1,0.008899368141088937,None
2022-02-09,127.9256591796875,128.19262133766185,127.42036444942316,127.55383825463348,10811000,127.49470443725586,1,1,0.007264266946310327,None
2022-02-10,125.92353057861328,127.55381645306478,125.42776458075993,126.44789706215516,14393300,127.20487467447917,1,1,0.010651172156733946,None
2022-02-11,124.1788101196289,126.70528297098944,124.0262645198168,125.75189479348748,13072300,126.84767125447591,1,1,0.013127137409832512,None
2022-02-14,122.91082000732422,124.1597563742279,121.9860321765915,123.92140929512256,14386900,126.46726938883464,1,1,0.01397967455402327,None
2022-02-15,124.29322052001952,124.77945783412858,123.663995336105,123.97860065428722,8969900,126.17902755737305,1,1,0.010592816073327738,None
2022-02-16,124.4839096069336,124.83665860087832,123.31123159629826,123.65445194495128,8779200,125.9556167602539,1,1,0.00821029158286457,None
2022-02-17,122.48178100585938,124.04533704372056,122.30063492352284,123.97859288810218,11906800,125.69661305745443,1,1,0.009518322070581231,None
2022-02-18,121.56653594970705,123.02521151249638,121.15657871747604,122.36738584991932,13505600,125.4573122660319,1,1,0.008794244946637164,None
2022-02-22,121.26145935058594,122.25297677468043,120.45107348227296,121.13751421724255,13682100,125.22976964314779,1,1,0.008362135158633821,None
2022-02-23,120.65129089355467,122.30064856036212,120.53688168030504,121.88115538555545,12022800,124.93803329467774,1,1,0.010721238709792358,None
2022-02-24,121.13750457763672,121.3853875508226,118.27733992538003,118.49662241584733,23220000,124.62818247477213,1,1,0.011386941058439737,None
2022-02-25,124.84619903564452,125.15129028439094,121.547476283219,121.68095006765768,17012300,124.45434850056967,1,1,0.006388355592542139,None
2022-02-28,123.9023666381836,124.04536908351751,122.46274079990836,122.84410490005372,17987700,124.31642608642578,1,1,0.00506861463517394,None
2022-03-01,123.21589660644533,124.26461490133144,122.26250840334002,123.25402573364777,14064200,124.16292978922526,1,1,0.005640950988748283,None
2022-03-02,125.07501983642578,125.7519174176058,123.597264985924,123.75933925955232,12395600,124.13115081787109,1,1,0.0011678693437637833,None
2022-03-03,125.71378326416016,126.44789633690824,124.64599301110918,125.62798180758664,11172600,124.13782526652018,1,1,0.000245284338405094,None
2022-03-04,126.343017578125,126.4574195152766,124.073948840948,124.44576968424124,12160400,124.19280522664388,1,1,0.00202049994740916,None
2022-03-07,124.14070892333984,125.79006676818646,123.5781987159196,125.55171967018627,15704000,124.21632308959961,1,1,0.0008642756516794581,None
2022-03-08,121.60466003417967,124.2360060605988,121.52838723735688,123.32076159382191,21794600,124.16897176106771,1,1,0.0017401496216657986,None
2022-03-09,123.9023666381836,124.54113513993003,122.67248741810008,123.587746710896,15576500,124.2245869954427,1,1,0.0020438461191496504,None
2022-03-10,123.85468292236328,124.12163049415044,122.27205478423102,122.4055285701246,10708800,124.29990514119466,1,1,0.0027679232430939393,None
2022-03-11,122.92989349365234,124.91294296407833,122.80594835564092,124.18835852345934,9869100,124.33390935262044,1,1,0.0012496463664741775,None
2022-03-14,123.79747772216795,125.58030920448635,123.4351855095916,123.9214083099827,14373200,124.31388854980469,1,1,0.0007357595557599961,None
2022-03-15,126.26673889160156,126.40021266124714,124.58876630457176,124.79851287795049,14374100,124.3523427327474,1,1,0.0014131817200049301,None
2022-03-16,127.78263092041016,127.80170275946102,125.6089067902352,126.90551544222996,13840400,124.43020273844401,1,1,0.002861335967893064,None
2022-03-17,129.80380249023438,129.8610180043266,127.2392003557739,127.41080325540064,10973100,124.51918538411458,1,1,0.0032700902382103436,None
2022-03-18,130.60464477539062,130.76671901130032,129.33663682057536,129.72752944411846,11364200,124.65297673543294,1,1,0.004916799097240743,None
2022-03-21,130.50518798828125,131.662378040604,129.89311678390567,130.54343605414846,11473100,124.79870783487955,1,1,0.0053555818902970564,None
2022-03-22,130.5338897705078,130.8207867733938,130.05570864179123,130.63909020254266,8892100,124.95270436604818,1,1,0.005659334463454124,None
2022-03-23,128.1907958984375,130.151341526324,128.15254782743816,129.91225095201906,10013400,124.99427617390951,1,1,0.0015277536653088841,None
2022-03-24,129.72097778320312,129.72097778320312,128.39163481096324,128.66897344851108,7189200,125.05412012736002,1,1,0.0021992505001360296,None
2022-03-25,130.32347106933594,130.5434302724198,129.3288462856969,130.16089125897585,7040100,125.20078481038412,1,1,0.005389890856054347,None
2022-03-28,131.27027893066406,131.3085415932146,130.0748261022352,130.5434488644341,8467000,125.43716710408529,1,1,0.008686990876622502,None
2022-03-29,132.04495239257812,132.88654131012834,131.26072828636967,132.36053911607763,12327700,125.74163818359375,1,1,0.011189236928333735,None
2022-03-30,132.3031463623047,132.8291485032813,131.63369572512053,132.06405580667254,10752900,126.00863571166992,1,1,0.009812093173994896,None
2022-03-31,131.01205444335938,132.75262594493842,130.78252227695117,132.02579597403798,15843000,126.22624053955079,1,1,0.007996923648180498,None
2022-04-01,132.04495239257812,132.09275883418474,130.4956355125624,131.37548709491494,20785700,126.54501291910807,1,1,0.011714806170863845,None
2022-04-04,130.9451141357422,131.9779870902084,130.63908581197228,131.74845490268385,16769500,126.85763219197591,1,1,0.011488681020636715,None
2022-04-05,131.22247314453125,132.7813337173634,130.54344951371718,130.61040187704862,15025100,127.18966598510742,1,1,0.01220215984243822,None
2022-04-06,133.22125244140625,133.53685370686156,130.8016573325108,130.8877264250181,23197800,127.60866470336914,1,1,0.01539809934942693,None
2022-04-07,135.7843017578125,136.1285927352737,132.74307695101274,132.74307695101274,18160200,128.09689127604167,1,1,0.017942205890821183,None
2022-04-08,136.5972137451172,137.16146393655114,135.5930305241183,135.79387300548967,19102700,128.48859176635742,1,1,0.014394896218593356,None
2022-04-11,133.88113403320312,136.75977866636293,133.68029157371413,136.20508690383758,16570700,128.82121734619142,1,1,0.012223907857506822,None
2022-04-12,132.58053588867188,134.3306809863625,132.00671256083012,133.54645674450765,14085400,129.13337198893228,1,1,0.01147160597829422,None
2022-04-13,133.2308349609375,133.36472510452924,131.88236056216508,132.57094261290288,15496400,129.40523249308268,1,1,0.009990806342940584,None
2022-04-14,132.59005737304688,134.0341590693522,132.49441531403673,133.35515006633997,10993400,129.6344416300456,1,1,0.008423379139185672,None
2022-04-18,131.12681579589844,132.7622015035846,130.57212399425424,132.45615860905193,10125000,129.793901570638,1,1,0.005860113409612344,None
2022-04-19,132.37969970703125,132.8483226003843,131.4233371766297,131.4711582217366,11733100,130.06853459676105,1,1,0.010092695840264954,None
2022-04-20,134.15846252441406,134.6749061854291,132.5900294008697,132.74305082583166,13674800,130.48699467976888,1,1,0.015378304636959106,None
2022-04-21,132.67613220214844,134.68449878469025,132.37966223651026,134.53147732083505,11409700,130.77945353190105,1,1,0.010747790540823532,None
2022-04-22,127.83694458007812,131.51894520572364,127.7030544442145,131.4806825423738,17525300,130.9121955871582,1,1,0.004878237726302803,None
2022-04-25,128.6976776123047,128.97501624957275,126.02941870833637,127.46396211259842,16501900,131.10445505777994,1,1,0.007065488032477862,None
2022-04-26,126.43109893798828,128.61160391452495,126.24938775778834,127.9230218595206,20087700,131.19224243164064,1,1,0.0032261642945834446,None
2022-04-27,126.15372467041016,127.43524634713322,125.53208056661906,126.41193192345553,16726700,131.18847529093424,1,1,0.00013844148999075934,None
2022-04-28,127.89434051513672,128.31514230879978,125.86685688341346,127.0431785572027,15510700,131.19219894409179,1,1,0.00013684333331753784,None
2022-04-29,124.60442352294922,127.31093027633464,124.4131540032146,126.65103802926056,17430200,131.01888631184895,1,1,0.006369196404364619,None
2022-05-02,123.82977294921876,125.19737847668604,121.8214137985796,124.49922356727696,23615100,130.79305725097657,1,1,0.008299162178172947,None
2022-05-03,124.22189331054688,125.41734613499702,123.78196025026004,124.21233494140608,13585300,130.58361409505207,1,1,0.007696984220769476,None
2022-05-04,126.97618865966795,127.43523834027776,122.97858785361754,124.02101894636893,19053500,130.46502405802408,1,1,0.004358154553753213,None
2022-05-05,124.50880432128906,126.48846660094225,123.2272824018102,126.35457646895084,16119800,130.34229100545247,1,1,0.004510409351123235,None
2022-05-06,124.11669158935548,124.46098258293894,122.67258984587114,123.3037778399993,21742300,130.15548146565754,1,1,0.006865204421427684,None
2022-05-09,120.90331268310548,122.75865776439456,120.43469722830844,122.72996806461624,17289800,129.84147618611652,1,1,0.011539616423354326,None
2022-05-10,121.33367156982422,122.6247590446622,120.21472228159791,122.16570199097136,21850200,129.5102559407552,1,1,0.012172262162934544,None
2022-05-11,120.5303192138672,123.45678502441471,120.38686343372063,120.73115438748673,19987300,129.12643483479818,1,1,0.014105330790634252,None
2022-05-12,121.69709777832033,121.77360851039344,119.81306295569304,120.09040888710942,17497100,128.7728998819987,1,1,0.012992322146677227,None
2022-05-13,122.9881820678711,123.37072110233473,121.96486753164127,122.50042801706188,9841500,128.50543746948242,1,1,0.009829177562282965,None
2022-05-16,123.896728515625,124.73831734600611,122.81603453732215,122.84472423648688,8839800,128.23383000691732,1,1,0.009981507127214684,None
2022-05-17,125.59905242919922,125.6564318276792,124.26013656197225,125.18780908521036,9058700,128.05562795003254,1,1,0.006548881551637686,None
2022-05-18,122.35699462890624,125.05392871847188,121.9648825847821,124.74790037171611,10005000,127.76011199951172,1,1,0.010860138151109311,None
2022-05-19,122.624755859375,123.3707171678393,120.94155643485034,121.38148214762508,9672800,127.40689544677734,1,1,0.012980621022971262,None
2022-05-20,124.11669158935548,124.38447185181708,121.77360699635156,123.44724093320148,12833700,127.01797510782878,1,1,0.014292726342905349,None
2022-05-23,125.20692443847656,125.69466385624712,124.690495325127,124.948702585338,9196500,126.63829879760742,1,1,0.013953010571647217,None
2022-05-24,125.57991027832033,125.79031111657098,124.04016664908318,124.84350734444304,9031300,126.36159133911133,1,1,0.010168930717322278,None
2022-05-25,125.54167938232422,126.3641515189844,124.36534328225191,125.493858350195,8532400,126.12696278889975,1,1,0.008622541236780856,None
2022-05-26,126.0772476196289,126.55542878426698,125.4938660150532,125.85728836991608,9090100,125.8885098775228,1,1,0.008763085564498008,None
2022-05-27,128.171630859375,128.20032055004577,125.7711530584709,126.29715504230995,13696000,125.74122899373373,1,1,0.005412536081885744,None
2022-05-31,126.45977783203124,127.27269159199192,125.43647779990326,127.04315939563207,11740800,125.58566106160482,1,1,0.005717083060405637,None
2022-06-01,124.6427001953125,126.93796387602552,123.64807523218776,126.91884713695318,9259900,125.32776107788087,1,1,0.009477760667317092,None
2022-06-02,125.62772369384766,125.65641338887772,122.57692631694736,124.80525171948872,9575400,125.04340311686198,1,1,0.010450084794374703,None
2022-06-03,124.15495300292967,125.31214314130324,123.99235858034956,124.75745129094489,5852600,124.75936381022136,1,1,0.010438374324722277,None
2022-06-06,124.17407989501952,125.30259501883992,123.83936183940205,125.0443731069006,7729000,124.6372683207194,1,1,0.004486979065873253,None
2022-06-07,125.79032135009766,125.91465310815924,123.72457545717752,124.17406686701464,7219100,124.5403564453125,1,1,0.0035614874714788858,None
2022-06-08,124.79571533203124,125.89552608302976,124.44185137612324,125.43647628877028,5372000,124.48584365844727,1,1,0.0020033314456124884,None
2022-06-09,121.97444915771484,124.79572233308748,121.94575945602226,124.37492058435514,7772900,124.34653447469076,1,1,0.005119578075726716,None
2022-06-10,120.01390075683594,121.1328501723847,119.54528528154256,120.53033726482802,11289000,124.08385314941407,1,1,0.009653473787772038,None
2022-06-13,116.37972259521484,118.35939212781936,115.89197581284422,117.64212045228923,14886200,123.80969645182292,1,1,0.010075190884432539,None
2022-06-14,115.27033996582033,116.54230349999044,114.44786785323396,116.24583353956918,9299500,123.52438201904297,1,1,0.010485234895221796,None
2022-06-15,116.43709564208984,117.661238067443,114.65826140010338,115.90153515511392,10301600,123.26488876342773,1,1,0.009536313015578113,None
2022-06-16,114.72520446777344,114.80171519214484,113.56800712339704,114.30440278019502,9383300,122.85652262369791,1,1,0.015007354715997234,None
2022-06-17,114.65825653076172,116.4753460584298,114.620001169536,114.76345695001636,13724900,122.52817103068034,1,1,0.012066839898228654,None
2022-06-21,117.7449951171875,118.27321785331854,115.88182478675796,116.2659787832884,7987200,122.31578114827474,1,1,0.00780527569072853,None
2022-06-22,119.37767791748048,120.69342073190366,116.9382619580322,116.99588359157838,10188900,122.26492665608724,1,1,0.001868890020275904,None
2022-06-23,122.05718231201172,122.15322813434904,119.93470006371822,119.93470006371822,11943300,122.28904368082682,1,1,0.0008862946991659015,None
2022-06-24,124.08362579345705,124.1028378887894,122.12441705106772,122.9503612959407,10448100,122.40748723347981,1,1,0.004352771289172885,None
2022-06-27,124.54462432861328,125.07284708716962,123.68986919368984,124.08363658229877,8963600,122.50240478515624,1,1,0.003488196567238866,None
2022-06-28,122.3741226196289,125.41858777584532,122.14362875342717,124.79433386018503,7518700,122.48193613688152,1,1,0.0007522177657017792,None
2022-06-29,123.44014739990234,124.05480249789008,122.34529254865754,122.53736951905368,9157700,122.46671676635742,1,1,0.0005593081056141092,None
2022-06-30,123.16165161132812,123.86273922534664,121.865106272337,122.79669506904186,10697600,122.38547007242839,1,1,0.002985795923486023,None
2022-07-01,124.54462432861328,124.70790517133308,121.8363048326622,123.20966935037248,9366600,122.45839106241861,1,1,0.0026798283612567975,None
2022-07-05,123.8243179321289,123.8531434033575,121.17362021461032,123.34411811452902,9987000,122.49837646484374,1,1,0.001469453657575226,None
2022-07-06,124.65987396240234,125.3033399510931,123.77630806802688,123.99719587798693,9033300,122.51648254394532,1,1,0.0006653939324472447,None
2022-07-07,125.18810272216795,125.35136890736176,124.4101666804292,124.4774016914398,6805500,122.51585515340169,1,1,2.3056447431946125e-05,None
2022-07-08,125.56265258789062,126.8111603801407,124.70789750550917,124.83273949201298,6505800,122.51527989705404,1,1,2.1140528613461385e-05,None
2022-07-11,125.2457046508789,125.9467921957014,124.72708070465562,124.86153605098504,7027300,122.50541407267252,1,1,0.0003625666078905798,None
2022-07-12,123.65145111083984,125.69710699148403,123.09441757253416,124.8519506361878,9280400,122.42455418904622,1,1,0.002971580740452895,None
2022-07-13,122.4509506225586,123.44016105130352,122.13401699181482,122.60461807768316,9296500,122.233864847819,1,1,0.007007786165253327,None
2022-07-14,122.09558868408205,122.278066938122,120.27083545274988,121.04875672141814,7784800,122.0883918762207,1,1,0.005346095755662805,None
2022-07-15,125.04402160644533,125.10164323616095,123.363322351911,123.91075714327876,9684800,122.1017692565918,1,1,0.0004916154227003755,None
2022-07-18,122.4029312133789,125.28413013399764,121.98995907499952,125.16888686662426,7047700,121.99427617390951,1,1,0.003950344223926816,None
2022-07-19,124.48699188232422,124.6982809673995,123.17124911533864,123.70907054842662,6585700,122.00534413655599,1,1,0.0004067448920446193,None
2022-07-20,123.25768280029295,124.47739441192398,122.75827822559162,124.31412823627812,7599500,121.97479756673177,1,1,0.0011225788921001012,None
2022-07-21,125.20729064941406,125.20729064941406,123.30570355247708,123.6226371777224,9507700,121.95536321004232,1,1,0.0007142078055459855,None
2022-07-22,124.6886749267578,125.73550691574182,123.92995107820308,125.49540702902802,8657100,121.9517951965332,1,1,0.00013112361470102307,None
2022-07-25,125.34174346923828,125.57224464325988,124.66946669651014,124.78470995625366,5489000,122.06403834025065,1,1,0.0041249077930920475,None
2022-07-26,125.98521423339844,126.76315022994932,125.36096034659283,125.69710607304825,7482400,122.26308212280273,1,1,0.007314809819318535,None
2022-07-27,126.77273559570312,127.33936779074736,125.32253760808132,125.90838189663675,7680700,122.60951588948568,1,1,0.012731355311803583,None
2022-07-28,127.57948303222656,128.51107184349962,124.77511787776268,126.93601704018332,11052600,123.01982065836589,1,1,0.015078598858182746,None
2022-07-29,127.15690612792967,127.3874073165348,126.26374149933888,126.93601831460111,8309500,123.37714767456055,1,1,0.013131679539322372,None
2022-08-01,126.2156982421875,127.13768819345935,125.92757546650672,126.44619939363876,7665400,123.76016413370768,1,1,0.014075760219221856,None
2022-08-02,125.76432037353516,127.54106543438074,125.69710002419995,126.52304423803936,7935100,124.13036626180013,1,1,0.01360483671975432,None
2022-08-03,126.91678619384766,127.41619802976123,126.1004554235913,126.44619982468022,6825700,124.43609263102213,1,1,0.011235368515088107,None
2022-08-04,126.29255676269533,127.24335771281548,126.09086638374764,127.2145468950424,5493000,124.6665885925293,1,1,0.008470669623175331,None
2022-08-05,126.24451446533205,126.3021360920313,125.20728122114372,125.50500272877916,8883400,124.80616633097331,1,1,0.00512944739412502,None
2022-08-08,126.54225158691406,127.37780924075368,125.89878558515242,126.4846299531049,7075100,124.88812052408854,1,1,0.0030117963437352735,None
2022-08-09,126.1580810546875,127.3105575434078,125.86035954934256,126.70550115865284,5802500,124.94190241495768,1,1,0.001976471198381624,None
2022-08-10,127.5314483642578,127.62749417999284,126.79195127032736,127.5026375504441,6736300,125.11381327311197,1,1,0.006317681553029475,None
2022-08-11,126.70550537109376,128.3958179549776,126.4365946699366,127.14729561129997,8471400,125.22265853881837,1,1,0.004000036615899427,None
2022-08-12,128.32859802246094,128.3862196573993,126.80156607845134,127.0128551762492,7515500,125.39489008585612,1,1,0.006329466790245153,None
2022-08-15,128.9720458984375,129.14492543347492,127.80037195888956,128.2613596280997,7486100,125.54247080485025,1,1,0.005423554951574205,None
2022-08-16,128.62632751464844,129.05851911244324,128.12693021132378,128.6935625292518,7138400,125.70253779093424,1,1,0.005882422181408886,None
2022-08-17,127.877197265625,128.6167090400034,127.6851202819582,127.877197265625,7251800,125.80978190104166,1,1,0.003941194543328974,None
2022-08-18,127.31058502197266,128.0981198295412,126.62870942472362,127.83880780088607,7053600,125.88053131103516,1,1,0.0026000233330372158,None
2022-08-19,127.65633392333984,128.27098918154903,127.12811112615915,127.31058942468862,5946500,125.95032068888347,1,1,0.0025647423889534338,None
2022-08-22,125.98521423339844,127.27216085261485,125.5626507133731,126.86879477358944,6420400,125.97497100830078,1,1,0.0009058931467802456,None
2022-08-23,124.22769927978516,125.56265419303148,123.88195482324836,125.42819882963026,7501900,125.99417928059896,1,1,0.0007058992600386116,None
2022-08-24,124.38135528564452,124.8615551179404,123.92996627092352,124.35254446806964,6719500,126.05852610270182,1,1,0.002364729810321098,None
2022-08-25,125.75472259521484,125.79313213018912,124.0355991507927,124.90956628043594,5636600,126.18049723307291,1,1,0.004482408898546897,None
2022-08-26,122.24927520751952,125.80275839258734,122.15323670571078,125.79314501695804,9044500,126.08733901977538,1,1,0.0034235413165977224,None
2022-08-29,121.39451599121094,122.15323258626906,120.76064871156704,121.50975925858782,6727700,126.05372517903646,1,1,0.0012353003402041374,None
2022-08-30,120.58778381347656,121.82670030396316,120.29006225163148,121.82670030396316,7910500,125.92375157674154,1,1,0.004776497764105381,None
2022-08-31,119.81945037841795,121.74024948593292,119.80023828407325,120.98153295919246,8954500,125.8091438293457,1,1,0.004211806393910944,None
2022-09-01,121.7882843017578,121.84591326662644,119.46411877314432,119.62738496452424,11212400,125.69517695109049,1,1,0.004188254611370068,None
2022-09-02,120.04034423828124,122.60461674511218,119.52172757377387,122.4893661550214,9730300,125.54023259480793,1,1,0.005694166802155953,None
2022-09-06,120.15559387207033,121.6634209425704,119.81945547939846,120.5109443599048,9663400,125.367360941569,1,1,0.006352990534949754,None
2022-09-07,122.11482238769533,122.3165054438826,119.74263397445203,120.12679531697133,9038300,125.23834788004557,1,1,0.004741198128130675,None
2022-09-08,124.23729705810548,124.27570659541352,121.41371979356336,121.66342574967187,9394800,125.15383326212564,1,1,0.0031058913225527895,None
2022-09-09,125.33216857910156,125.66831435664588,124.31414717904708,124.54463374235765,8880400,125.07892278035482,1,1,0.0027529416925331507,None
2022-09-12,126.16769409179688,126.82077345738814,125.47620518918744,125.81235091987143,7982400,125.04594904581705,1,1,0.0012117765955002024,None
2022-09-13,121.99957275390624,124.43899619915187,121.6730403729006,124.16047207953096,11928500,124.90541152954101,1,1,0.005164718992263007,None
2022-09-14,122.0667953491211,123.12323350991484,121.26006315162086,122.4029337647462,8080100,124.78216069539388,1,1,0.004529437696064287,None
2022-09-15,122.74867248535156,123.92036118836684,122.47015571764568,122.59501235708449,8624200,124.64322357177734,1,1,0.005105904957529939,None
2022-09-16,122.4029312133789,122.67184926754156,121.46174366924672,122.36452167576628,10810100,124.51356938680013,1,1,0.004764759256616902,None
2022-09-19,121.74340057373048,121.77232622985966,120.00778764123864,121.62769059273964,9430100,124.36353225708008,1,1,0.005513827438701213,None
2022-09-20,120.31633758544922,121.10700404696232,119.57388545407277,120.9238057766857,9010600,124.15600179036458,1,1,0.00762669336501931,None
2022-09-21,118.32039642333984,121.59877252458176,118.29147076540563,120.79846165818786,11642400,123.89474563598633,1,1,0.009601099109455724,None
2022-09-22,118.94713592529295,119.75708370484446,117.63578559570814,118.13718078926756,9505600,123.60860188802083,1,1,0.010515712023343005,None
2022-09-23,118.33968353271484,118.55180747358176,116.86440878933372,118.3107505186892,16611100,123.32974116007487,1,1,0.010248062837469707,None
2022-09-26,117.21153259277344,118.20468608006172,116.69084868209836,117.63579519179932,10450600,122.95917231241862,1,1,0.013618313573096952,None
2022-09-27,116.85476684570312,118.79285938407912,116.38228993751522,118.03112591266216,13239900,122.55526301066081,1,1,0.01484356702193912,None
2022-09-28,119.4099578857422,120.00778172333668,117.73220370471732,118.4939444899434,16360000,122.24805068969727,1,1,0.011289976874368168,None
2022-09-29,118.40717315673828,119.34246791465938,117.60686234169148,119.05320399740177,10791700,121.93238321940105,1,1,0.011600701522832324,None
2022-09-30,116.7776336669922,119.23641758844512,116.6426423586314,118.41681804364444,12389800,121.58128484090169,1,1,0.012902778643296475,None
2022-10-03,119.1785659790039,119.63175426527648,117.26939887248436,117.62615848437764,9326800,121.29869257609049,1,1,0.0103851958950969,None
2022-10-04,121.9458999633789,121.99410694302068,119.89208989099916,120.17171685623076,13717900,121.16404876708984,1,1,0.004948126706397771,None
2022-10-05,122.35086059570312,122.98725445214431,120.71167633667578,121.16486456357045,9913400,121.10148747762044,1,1,0.0022991119272981475,None
2022-10-06,120.78882598876952,122.27373783991447,120.47063637218318,121.89768954683282,9399300,120.98173650105794,1,1,0.004400818794745076,None
2022-10-07,118.2336196899414,120.0849353662395,117.55865579204811,119.87280406565804,10068700,120.73103307088216,1,1,0.009213289102897537,None
2022-10-10,117.49115753173828,118.67716097846582,117.03796928263488,118.51324401582504,8377800,120.57242914835612,1,1,0.0058286549572195145,None
2022-10-11,118.117919921875,119.37141915751354,116.9512050241992,117.25011332462331,10792900,120.46320927937826,1,1,0.0040138031935506024,None
2022-10-12,117.53936767578124,119.1978406319124,117.5104420194608,118.49395111672683,9292800,120.36159540812174,1,1,0.003734284656953024,None
2022-10-13,120.27777862548828,120.8466768760942,115.6591263920412,115.85197637380362,14063600,120.37687301635742,1,1,0.0005614483271225712,None
2022-10-14,119.4678192138672,121.87838857913296,119.1014079622035,120.98165648099514,11442300,120.2995241800944,1,1,0.002842550617533579,None
2022-10-17,121.38663482666016,121.6276917720394,120.084928792907,120.2295644314294,8420400,120.34440053304039,1,1,0.0016491948805215095,None
2022-10-18,122.06160736083984,123.22832960339218,121.46379076593465,123.1897596042894,10016700,120.40793431599936,1,1,0.0023348508227083453,None
2022-10-19,120.35491180419922,121.6951878365502,119.30390704987724,121.68554349888944,7676200,120.34927062988281,1,1,0.0021558759672908323,None
2022-10-20,119.33283996582033,121.0202386918668,119.17855997975968,120.1427878232148,7196600,120.18578872680663,1,1,0.006007919536947126,None
2022-10-21,122.0133819580078,122.34121586617309,118.60965913318206,119.2460456311098,8433100,120.07516250610351,1,1,0.00406548627190384,None
2022-10-24,124.36608123779295,124.74212944202895,123.03544969637892,123.03544969637892,7411300,120.01510874430339,1,1,0.002206960905134503,None
2022-10-25,125.31106567382812,125.4556939751671,123.92257512917293,123.99006343214768,7174200,120.12549184163412,1,1,0.004056551548051068,None
2022-10-26,126.69952392578124,127.87588298995084,125.65817087472944,125.6967335120858,8277100,120.27991612752278,1,1,0.005675054343704966,None
2022-10-27,126.03423309326172,127.00809795868192,125.84137574625188,126.98880928139096,6496800,120.38943481445312,1,1,0.004024784679457882,None
2022-10-28,128.10731506347656,128.2037437354056,125.83173670767796,126.2270736644575,6267100,120.57958094278972,1,1,0.006987823225766743,None
2022-10-31,128.00125122070312,128.50265383851942,127.15272597716016,127.4419972840907,7852800,120.78817596435547,1,1,0.007665815492683858,None
2022-11-01,128.078369140625,128.79190294633935,126.70916755096825,128.15550912337363,8033300,121.04691034952799,1,1,0.009508424714346875,None
2022-11-02,125.89924621582033,129.23546657020728,125.83174319939756,127.77948771184192,10228700,121.299538675944,1,1,0.009284028564028768,None
2022-11-03,125.36890411376952,126.0631493147693,124.09611634095369,124.98320416157588,7916600,121.5135976155599,1,1,0.007866613130734557,None
2022-11-04,126.13063049316406,126.58381871582483,124.35645495203768,126.313836120999,8082200,121.77329584757487,1,1,0.009543845847612475,None
2022-11-07,127.4805679321289,127.81803884500276,125.86065752630756,126.33313445986984,6054400,122.11559702555338,1,1,0.012579483698197835,None
2022-11-08,128.116943359375,129.10045983716174,126.63203901780952,127.50948984884526,8930700,122.49100290934244,1,1,0.01379607345560574,None
2022-11-09,126.73811340332033,128.77263479459177,126.58383341323584,127.9144725800526,8963500,122.73527475992839,1,1,0.00897693014240053,None
2022-11-10,129.95863342285156,130.21897907194756,127.9144750107124,129.6597251319765,12416800,123.1203234354655,1,1,0.014150443669334267,None
2022-11-11,128.36764526367188,129.8139868909031,126.69952066027606,129.79469821624795,10487200,123.50665715535482,1,1,0.01419766873170647,None
2022-11-14,128.48336791992188,130.01648675273634,128.43515358223993,128.75335055540052,10552600,123.81681722005209,1,1,0.011398305728109959,None
2022-11-15,128.31944274902344,129.84292450220795,127.24914925780294,129.3029592657272,8184100,124.02926864624024,1,1,0.007807537409528109,None
2022-11-16,128.2615966796875,129.50544417082554,128.03981367402852,128.63764496425944,6122200,124.22629318237304,1,1,0.007240603012424129,None
2022-11-17,128.20372009277344,128.72439657150085,127.1430637489531,127.24912938333512,6498700,124.47345631917318,1,1,0.009083184196251759,None
2022-11-18,129.75613403320312,129.9779022937764,128.8690315650147,129.29329412468368,6720700,124.85754013061523,1,1,0.014114985152286819,None
2022-11-21,129.81399536132812,130.3732492592362,129.3415184356087,129.48614672258972,7995200,125.26830139160157,1,1,0.015095374830270236,None
2022-11-22,130.942138671875,131.0385526244661,130.10325047793532,130.122539153633,5931100,125.69577534993489,1,1,0.015709562327581805,None
2022-11-23,131.4628143310547,131.6556569478931,130.63357783699576,130.9614264698645,5340600,126.159890238444,1,1,0.01705610745650943,None
2022-11-25,132.2438507080078,132.3499163656126,131.59781978003332,131.61710845767513,3256000,126.55875930786132,1,1,0.014658339729013203,None
2022-11-28,131.25067138671875,132.61987297155227,130.9903404979249,131.8388508792762,5026800,126.95152104695639,1,1,0.014433896848968342,None
2022-11-29,130.9228515625,131.18319719221313,130.21896937707442,130.9710658958467,5439600,127.26939493815104,1,1,0.011681786945579198,None
2022-11-30,134.0469512939453,134.13372826381374,130.4214453924372,131.11569057728136,9377400,127.6689064025879,1,1,0.014681947587226851,None
2022-12-01,134.4326629638672,135.14619696444424,133.70949198016996,134.81836298294317,15140200,128.13816477457684,1,1,0.0172451292032898,None
2022-12-02,134.77975463867188,134.96296026649503,133.0827190837403,133.0827190837403,7779800,128.65306193033854,1,1,0.01892234322827635,None
2022-12-05,133.4877166748047,134.2205246032491,133.03452837171588,133.91197931709638,6921500,129.03553975423176,1,1,0.014055965506753365,None
2022-12-06,132.47525024414062,133.66124625934432,131.819582435068,133.2369836944395,8171500,129.30584538777669,1,1,0.009933665232442657,None
2022-12-07,133.56484985351562,133.95053511974746,132.43670500119023,132.4752676426335,7427000,129.58097152709962,1,1,0.010110817628498525,None
2022-12-08,134.77011108398438,134.92437633567312,133.53590079279107,133.79623168104865,6765000,129.84999109903973,1,1,0.009886402786288828,None
2022-12-09,133.04415893554688,134.9919033753022,133.00559629399473,134.5869294307303,6203000,130.08365529378256,1,1,0.008587101411624332,None
2022-12-12,134.46157836914062,134.46157836914062,133.13095386544774,133.13095386544774,5669700,130.29546407063802,1,1,0.007783920205368888,None
2022-12-13,134.87620544433594,136.69859561497864,133.94090318984703,136.29362165627475,9886500,130.52462921142578,1,1,0.008421762290621526,None
2022-12-14,135.08831787109375,136.2260995893452,133.95052143989398,134.8183352697138,10882200,130.75829416910807,1,1,0.00858712944946105,None
2022-12-15,132.61024475097656,134.2205033700645,132.13776784445025,133.88303247650137,8746700,130.98199412027995,1,1,0.008220917922844295,None
2022-12-16,130.68179321289062,131.69423535056205,129.95862235926083,131.60745837923417,10843900,131.159090423584,1,1,0.006508245380809408,None
2022-12-19,130.19381713867188,130.8812306646132,129.60321472030614,130.63918073534128,6801600,131.29452997843424,1,1,0.004977370169718887,None
2022-12-20,130.16476440429688,130.6682323631256,129.45798279044888,130.2422221497747,4815500,131.38400319417318,1,1,0.0032881185669888513,None
2022-12-21,131.8784942626953,132.28513638429766,130.55205056103983,130.95869268264218,5937500,131.50938822428387,1,1,0.004607868870303733,None
2022-12-22,131.6945343017578,131.73325579144333,129.99049328448035,131.14265335223797,5483300,131.67460225423176,1,1,0.006071574771423949,None
2022-12-23,131.77200317382812,131.89785910609277,130.8038033408788,131.56867470854368,3766900,131.73504791259765,1,1,0.002221363007077537,None
2022-12-27,131.43312072753906,132.1302257541663,130.91029934434675,132.02372318694393,7050500,131.83723042805988,1,1,0.003755182190984696,None
2022-12-28,130.58111572265625,132.50783884121046,130.53271754652596,131.86882336186386,5054200,131.90715535481772,1,1,0.0025697237778805615,None
2022-12-29,132.0043487548828,132.6820856168827,131.09423863724487,131.3943929658607,6297300,132.029985555013,1,1,0.004513979502285048,None
2022-12-30,131.52992248535156,131.69451464567132,130.19380230051016,131.55896729166955,6369500,132.13892974853516,1,1,0.004003672188680696,None
2023-01-03,131.15232849121094,131.9946574424869,130.15506927979695,131.6364283066208,7239200,132.23721669514973,1,1,0.0036120209985406326,None
2023-01-04,131.50088500976562,132.2270347553027,130.64886458079806,131.88815896463032,8469800,132.29537506103514,1,1,0.002137305573676196,None
2023-01-05,130.15509033203125,130.94902124902555,129.6419456265813,130.62951354634902,6714200,132.30674489339194,1,1,0.000417838529297887,None
2023-01-06,131.35565185546875,131.71388101782918,129.36116283223757,131.0264675022967,7175700,132.32052866617838,1,1,0.0005065502435330771,None
2023-01-09,129.15786743164062,131.52996912819088,128.98359853193392,131.49123285699463,7719500,132.2436971028646,1,1,0.0028235409644821186,None
2023-01-10,130.2422332763672,130.44554694875552,128.91578958537846,129.10944135239387,7675200,132.1769765218099,1,1,0.0024519648651759596,None
2023-01-11,130.97804260253906,130.99741073141445,129.7290716008188,130.3293506339731,7307200,132.1678888956706,1,1,0.00033396801480489735,None
2023-01-12,130.56173706054688,131.1039265354479,129.29338302815782,130.69728442927214,7580500,132.15585174560547,1,1,0.00044236229016525463,None
2023-01-13,131.1426544189453,131.5396198658405,129.78718066559085,129.8452702873695,6334100,132.05904184977214,1,1,0.0035577397473522954,None
2023-01-17,130.53269958496094,131.2975708999797,130.35841594477637,131.0748890903245,6664100,131.92904307047527,1,1,0.0047774230127048956,None
2023-01-18,128.69313049316406,130.87158029453693,128.56725977710167,130.5327191895694,10629100,131.72615559895834,1,1,0.007456064438890131,None
2023-01-19,129.00294494628906,129.5160896515461,128.0540985180102,128.31551659711204,9902300,131.5766632080078,1,1,0.005493808423542745,None
2023-01-20,129.65162658691406,129.74843769368775,128.3058295822521,129.2933826485415,5962200,131.4825424194336,1,1,0.003458915720135236,None
2023-01-23,130.09701538085938,130.82316530332196,129.4386465424678,129.72910946616443,7211000,131.36694793701173,1,1,0.004248068662266791,None
2023-01-24,129.2353057861328,130.20350559076817,128.40265336320414,129.4483109250371,5754800,131.18245442708334,1,1,0.006780090896190583,None
2023-01-25,129.27403259277344,129.30307740290283,128.00569330527216,128.37359915809614,5999000,131.0567835489909,1,1,0.004618373712992119,None
2023-01-26,129.51608276367188,129.69035162476766,128.50914676548894,129.57417238403713,6861100,130.89193369547527,1,1,0.006058191377536382,None
2023-01-27,128.63502502441406,129.4580007574739,128.47043283251338,129.32245337746414,5854600,130.68389434814452,1,1,0.0076453946018708585,None
2023-01-30,127.4731903076172,129.19658478452268,127.27955330066672,128.3929771707994,7055400,130.4300567626953,1,1,0.009328468534656187,None
2023-01-31,129.11911010742188,129.13847823764593,127.63776577670716,127.76363646283151,6290600,130.31368560791014,1,1,0.004276611179679479,None
2023-02-01,129.72906494140625,130.52298090189925,128.1508949240315,129.11909448834916,11843000,130.28192799886068,1,1,0.0011670842843447549,None
2023-02-02,128.84803771972656,129.02230660129584,127.92825081758834,128.780256638967,11274600,130.23706868489583,1,1,0.0016485687021754458,None
2023-02-03,128.4704132080078,129.35147843026235,128.04440300060764,128.93514490082885,10046800,130.1805903116862,1,1,0.0020755662580163037,None
2023-02-06,127.7539520263672,128.5575595789157,127.57968316544502,128.28646483511082,7328300,130.04310557047526,1,1,0.005052530263049082,None
2023-02-07,128.5769500732422,128.95454744447025,126.8632321083342,127.3086105640802,7551000,129.9391860961914,1,1,0.0038190149984267396,None
2023-02-08,128.19932556152344,128.91578388298888,128.00568857662887,128.11219113435413,5614100,129.82009684244792,1,1,0.004376500644676984,None
2023-02-09,127.07622528076172,129.0126249040876,126.87289681994756,128.51884831861992,8085700,129.67486699422201,1,1,0.005337161031810034,None
2023-02-10,128.27679443359375,128.4123418121293,127.07622138545284,127.25049025490304,6198600,129.5980562845866,1,1,0.0028227745969557905,None
2023-02-13,129.34181213378906,129.3515035871947,128.29615454141137,128.29615454141137,6300300,129.50930506388346,1,1,0.003261585427848823,None
2023-02-14,128.5769500732422,129.74846368268086,127.92825791105852,129.5161051610378,6905900,129.41087265014647,1,1,0.0036173668793404445,None
2023-02-15,127.93793487548828,128.24776593644395,127.50224787288272,128.07348227126687,6491900,129.30372619628906,1,1,0.003937605700274904,None
2023-02-16,126.659912109375,127.79270416678156,126.38880255833011,126.76639991079898,8008000,129.1423604329427,1,1,0.005930151924835814,None
2023-02-17,127.7927017211914,128.0250602268441,125.94343648806762,126.05961574089396,10798800,129.06361414591473,1,1,0.00289390658779487,None
2023-02-21,126.13704681396484,127.38603261182996,125.95308652020532,126.86319653761304,9066200,128.88966064453126,1,1,0.006392748186905273,None
2023-02-22,125.71104431152344,126.57274144541864,125.44964103195925,126.27260190503056,7318900,128.77476654052734,1,1,0.004222329928491142,None
2023-02-23,126.04991912841795,126.68893446502793,125.1301323840244,125.68199852123864,9955500,128.6350227355957,1,1,0.0051355502965053645,None
2023-02-24,124.42334747314452,125.22695505732484,124.05544160553092,124.98490511414606,9008000,128.41653289794922,1,1,0.008029447538355328,None
2023-02-27,124.04574584960938,125.4496472901902,123.76497442562656,125.10109479316172,6463900,128.19933319091797,1,1,0.007982035557074552,None
2023-02-28,123.1259536743164,123.8424267684578,123.0194511167218,123.764969019884,10282800,127.93210983276367,1,1,0.009820392373556697,None
2023-03-01,122.92264556884766,123.19374033062628,122.39014011157629,122.53536417197324,11101000,127.67844136555989,1,1,0.009322253480930298,None
2023-03-02,123.6778335571289,124.02639344361016,122.37076537663005,122.37076537663005,10203100,127.51126480102539,1,1,0.006143697432482886,None
2023-03-03,125.06236267089844,125.11077561416882,123.6294311461431,124.24907840875808,10048000,127.37991205851237,1,1,0.004827180826294963,None
2023-03-06,125.00426483154295,125.57549911333886,124.7138019645697,125.14948887825206,8153400,127.225,1,1,0.005692979867083947,None
2023-03-07,122.99041748046876,125.40124026308553,122.77741234592962,125.25600143123268,9604400,126.98811340332031,1,1,0.008705523886454847,None
2023-03-08,122.33203125,123.1162780340626,121.83824733214983,122.7386733532754,10793200,126.75800425211588,1,1,0.008456454440142203,None
2023-03-09,121.09274291992188,123.0097816827489,120.59895897715496,122.80645323407352,13270300,126.48529459635417,1,1,0.010022012454806495,None
2023-03-10,120.20201110839844,121.89636082128064,119.7372719369682,120.88943210549722,20483200,126.17482554117838,1,1,0.011409661051835052,None
2023-03-13,121.32510375976562,122.9807243837764,119.66948313575485,119.8147145701651,21294200,125.93116149902343,1,1,0.008954593332768379,None
2023-03-14,122.40949249267578,122.7870897974617,121.18955876125632,122.1480818150462,14582900,125.76237157185871,1,1,0.00620298811043507,None
2023-03-15,122.3030014038086,122.47727766750226,120.87006241490748,121.09275162448546,17244600,125.53516794840495,1,1,0.00834967701334488,None
2023-03-16,123.44546508789062,123.50355470769252,121.0443265167832,121.3832023303682,16011400,125.32571461995443,1,1,0.007697358058586623,None
2023-03-17,121.85761260986328,123.43577543283256,121.47033125957304,123.33895694195436,15071400,125.09270044962565,1,1,0.00856321317504749,None
2023-03-20,123.40209197998048,123.58676982276492,122.0607675531813,122.0607675531813,10592100,124.9237564086914,1,1,0.006208651753379035,None
2023-03-21,124.15052032470705,124.29631081875428,123.12994237283786,123.87836076610944,8816300,124.80364201863607,1,1,0.004414174150796812,None
2023-03-22,122.27460479736328,124.67538711678992,122.25516112128948,124.21855713172144,10480000,124.59356384277343,1,1,0.007720321046563949,None
2023-03-23,122.04132080078124,123.51872867463372,121.34149679901844,122.78002473770748,10092300,124.38829701741535,1,1,0.007543505104545378,None
2023-03-24,123.73255920410156,123.84919158890654,121.46785313501042,121.924683083734,8163700,124.27684148152669,1,1,0.004095963400024827,None
2023-03-27,124.2379913330078,125.17108754816326,124.09219342722956,124.60733960080178,9455400,124.14221471150717,1,1,0.004947500528052151,None
2023-03-28,123.48957061767578,124.55873546486842,123.18825297395774,124.11163474931584,8037400,123.94713999430338,1,1,0.007168947648639401,None
2023-03-29,123.82976531982422,124.25742979125896,123.29517546104373,124.10191746044352,8183100,123.7889005025228,1,1,0.005815262217385486,None
2023-03-30,124.50041198730467,124.53929933579556,123.71311373891056,124.50041198730467,6820400,123.67431640625,1,1,0.004210937220983979,None
2023-03-31,125.83202362060548,125.90005423062908,124.85031833639314,124.91836377759398,9202500,123.64672012329102,1,1,0.001014156578903469,None
2023-04-03,127.24138641357422,127.38717688648192,125.57930086654008,125.9292128326958,8937300,123.62834294637044,1,1,0.0006753567102999458,None
2023-04-04,127.26081085205078,127.99952210569316,127.02754610347048,127.37745805751771,9052600,123.66580174763997,1,1,0.0013766016895033761,None
2023-04-05,129.45748901367188,129.68103934646942,127.82456158108776,127.97036688339868,12325800,123.79068323771159,1,1,0.004589363898306775,None
2023-04-06,129.7782745361328,130.3517369707043,129.34088818486947,129.96295239873265,8276300,123.91496175130209,1,1,0.004567204661638957,None
2023-04-10,129.69076538085938,129.7588108275998,128.74796219780742,129.42834250931946,8024300,124.09054234822591,1,1,0.006452543545911071,None
2023-04-11,130.12815856933594,130.60441734279496,129.91432265143197,129.9920825153223,8887500,124.29328943888346,1,1,0.007450905477000225,None
2023-04-12,130.1670379638672,131.11957039229569,129.9337583598695,130.63358234068426,8988600,124.52799224853516,1,1,0.008625270252853312,None
2023-04-13,131.85829162597656,132.00408211993832,130.43919988297117,130.7210812795365,9373500,124.82584711710612,1,1,0.010946092811437769,None
2023-04-14,130.79884338378906,131.83885019786945,130.31285528739008,131.5569836276771,6632100,125.06321411132812,1,1,0.008723178377415097,None
2023-04-17,130.69190979003906,130.98349074808718,130.01151467145235,130.8377002690631,7187000,125.25086568196615,1,1,0.00689614884682177,None
2023-04-18,129.7976837158203,130.95433766427263,129.62273513429568,130.95433766427263,7194200,125.41064631144205,1,1,0.005871898646828688,None
2023-04-19,130.1962127685547,130.39060504790996,129.43807249724293,129.8365863101884,7048100,125.6508394877116,1,1,0.008827039869230946,None
2023-04-20,129.66160583496094,129.8560129199447,129.04927097703262,129.57413154542522,6672000,125.89515864054361,1,1,0.008978668488254016,None
2023-04-21,130.53640747070312,130.9737937972967,129.96294506847642,130.37117329537577,6535900,126.20994745890299,1,1,0.01156841128129349,None
2023-04-24,131.265380859375,131.3042533793114,130.34200649130142,130.6724748198871,6299800,126.57872645060222,1,1,0.013552536809001259,None
2023-04-25,129.86575317382812,131.4695081257053,129.68107530506552,131.07100911704947,7752000,126.8634147644043,1,1,0.01046222517751727,None
2023-04-26,128.0189971923828,128.80629557438596,127.2511276567444,128.71880644102305,10128800,127.05039825439454,1,1,0.006871597048117684,None
2023-04-27,128.6896209716797,128.8742987911317,126.95950481761956,128.0772861554481,10008900,127.26328557332357,1,1,0.007823556360033734,None
2023-04-28,129.7879638671875,130.15731952097838,128.3299997573955,128.53412125848467,7917300,127.47470219930013,1,1,0.007769508757480725,None
2023-05-01,130.45863342285156,130.98349399151274,129.71993692554148,129.97264537250007,6793900,127.7614028930664,1,1,0.010536179643884536,None
2023-05-02,129.89491271972656,131.07101057370662,128.96180894183334,130.24482478253884,14365800,127.97783025105794,1,1,0.007953651920734606,None
2023-05-03,129.71995544433594,131.11958877096987,129.53527758584926,130.49752457096133,8961500,128.1634780883789,1,1,0.00682251214259999,None
2023-05-04,128.6896209716797,129.25336885115215,128.14531676561725,129.17560898868933,9625300,128.37731196085613,1,1,0.007858341969009475,None
2023-05-05,129.84628295898438,130.29339848835946,129.1075864660801,129.53525832082718,7650300,128.63747736612956,1,1,0.009561014349408703,None
2023-05-08,129.56442260742188,129.69076942059496,128.9617873145868,129.65189690065992,5305700,128.8318728129069,1,1,0.007143984628335209,None
2023-05-09,128.69935607910156,129.68104657889884,128.66046873051235,129.06869690363135,6452700,128.98058497111003,1,1,0.005465135062893145,None
2023-05-10,129.05897521972656,129.37972908723745,128.30083510785613,129.06868964073826,6556600,129.16623179117838,1,1,0.006822474758817698,None
2023-05-11,128.6604766845703,128.864598199338,127.85373471001616,128.78683832853025,8764800,129.3272555033366,1,1,0.00591758162820244,None
2023-05-12,128.48553466796875,129.12704251154815,127.9120722765173,128.85489036539562,6626300,129.4600929260254,1,1,0.004881742455847604,None
2023-05-15,128.26199340820312,128.59246177612235,127.70795982270856,128.50498747246974,5725600,129.5410919189453,1,1,0.002976692972614936,None
2023-05-16,127.1928253173828,128.03843999300014,127.16366721347752,127.98983820943064,7106000,129.53947321573892,1,1,5.948694280633049e-05,None
2023-05-17,127.34832000732422,127.51355417396712,125.92922829501018,127.4066362036477,15512700,129.5423901875814,1,1,0.00010719799434255606,None
2023-05-18,127.03727722167967,127.24139873469338,126.05558666962789,127.07616457233884,12196900,129.46171646118165,1,1,0.0029647395083813866,None
2023-05-19,127.63018035888672,128.48552407983945,127.27055394493088,127.32887013841794,9276200,129.3901133219401,1,1,0.0026313976719218868,None
2023-05-22,127.75655364990234,128.65076997100346,127.455243401955,127.81486984870769,12856100,129.32563959757488,1,1,0.002369393437101852,None
2023-05-23,126.35690307617188,127.42608280390358,126.07503651041324,127.24140495718817,8723100,129.19993108113607,1,1,0.00461975691291916,None
2023-05-24,125.49183654785156,126.143058763847,125.20024074770384,126.11390066695007,7952900,129.04409103393556,1,1,0.005727083222039742,None
2023-05-25,124.20882415771484,125.0544460169585,123.3534878768949,124.88921186309368,13737000,128.7891087849935,1,1,0.00937053463513915,None
2023-05-26,123.95612335205078,125.25856789796754,123.72285114088164,124.09219942653192,8794900,128.56101811726887,1,1,0.008382275671084516,None
2023-05-30,123.1882553100586,124.28659310674333,122.87722323834024,123.33405321583678,12114500,128.31089630126954,1,1,0.009191914925646971,None
2023-05-31,124.24771118164062,124.46154711794654,122.51759484693191,122.8480631735215,15099100,128.1258972167969,1,1,0.006798670635750348,None
2023-06-01,125.06417083740234,125.30716487761596,123.40209249221196,124.3643468150928,9751900,127.95482915242513,1,1,0.00628670908979978,None
2023-06-02,126.66793060302734,126.8914809500008,125.1710791256412,125.46267491757676,10293000,127.85503997802735,1,1,0.003667227498330039,None
2023-06-05,127.12474822998048,127.6982254035482,126.79427991380813,126.94979965006982,7880200,127.74131800333659,1,1,0.004179254465899174,None
2023-06-06,126.06529998779295,127.67878390890796,125.51128131077073,127.63991138976796,9413500,127.56798197428385,1,1,0.006370056231346455,None
2023-06-07,125.56959533691406,126.1333432573713,125.38491750403588,125.95837984631572,7519600,127.42477671305339,1,1,0.0052627579600612595,None
2023-06-08,126.37635040283205,126.5512990008709,125.17109456868243,125.58905204929734,6583100,127.37002182006836,1,1,0.002012228785683412,None
2023-06-09,126.76514434814452,127.2025307068397,125.71540818856752,126.4055178714011,10446100,127.30587259928386,1,1,0.0023574680107043555,None
2023-06-12,127.22196197509766,127.25112007408768,126.20138401690848,126.69710136209784,7321100,127.22033920288087,1,1,0.0031433311800359576,None
2023-06-13,127.86345672607422,128.05784897650125,126.81372077635471,126.9400824131624,8362700,127.13383331298829,1,1,0.0031790700754472656,None
2023-06-14,126.55127716064452,127.31914653599812,126.0652891417241,127.21222857858852,12401600,127.0223787943522,1,1,0.004095926016243645,None
2023-06-15,128.5146942138672,128.6896428107149,126.54158371645924,126.56102739316891,10598600,126.98220342000326,1,1,0.0014764350788278868,None
2023-06-16,128.5049591064453,129.51580766494143,128.36888305374052,128.84514182261864,10535000,126.97604802449544,1,1,0.00022620926373617678,None
2023-06-20,128.36053466796875,128.92660327140604,127.2576755878037,127.27719930302052,8585100,126.92652308146158,1,1,0.0018200294174497422,None
2023-06-21,128.38003540039062,128.8192370578182,127.45286003114532,128.0482067237732,9444800,126.88704350789388,1,1,0.0014508645720696656,None
2023-06-22,129.25845336914062,129.44389146382352,128.40935776952287,128.5752721457566,8036400,126.90568008422852,1,1,0.0006848895746616179,None
2023-06-23,128.82899475097656,129.3560159041945,128.47764235142105,129.0827434703436,8096500,126.89801406860352,1,1,0.00028172417972505137,None
2023-06-26,128.09703063964844,128.71190115223328,126.85753520191956,128.50693935062736,7092800,126.8792325337728,1,1,0.0006902167635689516,None
2023-06-27,127.8042221069336,128.23365449379577,126.91607920612606,128.09701826999702,8578200,126.85652211507161,1,1,0.0008346022748677573,None
2023-06-28,127.39431762695312,127.8042263118358,126.98440894207046,127.77494818378932,10897800,126.82759958902994,1,1,0.0010628956844394022,None
2023-06-29,128.22390747070312,128.3019874448346,126.88680839052108,127.10152459632454,7843300,126.86196899414062,1,1,0.0012630671441444807,None
2023-06-30,129.54144287109375,129.8439934046535,128.66306939351838,128.74114935253854,8260900,126.93507308959961,1,1,0.002686557441983206,None
2023-07-03,128.4776611328125,129.17061162209535,127.93111618521456,129.17061162209535,5240300,126.98308588663737,1,1,0.0017644584257880958,None
2023-07-05,128.40933227539062,128.68260471048927,127.9115743532796,128.20437050295124,7942100,127.0090576171875,1,1,0.000954454679351846,None
2023-07-06,127.38455963134766,127.86277897080788,127.06248533966524,127.55047398302077,8213100,126.99665781656901,1,1,0.0004556896083800499,None
2023-07-07,125.90105438232422,127.13078024997212,125.83272883245114,126.68183909337372,8749700,126.98146286010743,1,1,0.0005584108948504252,None
2023-07-10,126.89656829833984,127.05271334280803,125.90106731717005,125.91082172862704,7476500,127.02828725179036,1,1,0.001720784822687449,None
2023-07-11,126.9258270263672,127.3357356283818,126.36951292148588,126.7208652792454,7279200,127.11885401407878,1,1,0.003328306132435399,None
2023-07-12,126.58424377441406,127.36502853699504,126.37929689572783,127.24791603488865,11900400,127.20645802815756,1,1,0.003219425867911685,None
2023-07-13,126.633056640625,127.22840339855536,126.50617482414135,126.90632909748824,7526200,127.32128473917643,1,1,0.0042198532529451604,None
2023-07-14,128.53619384765625,128.94610248326867,127.45285856345548,127.58949477532629,13298600,127.46423416137695,1,1,0.005253355938936055,None
2023-07-17,127.95062255859376,128.4678893061848,127.47238834815468,128.19461686942842,7905000,127.56044921875,1,1,0.0035358795809383725,None
2023-07-18,128.89730834960938,129.38529692082668,127.76517129025018,127.99939627340773,8130300,127.63476181030273,1,1,0.00273096937477435,None
2023-07-19,129.49266052246094,130.30272346544302,129.2681899141409,129.53170795396198,12484000,127.71369222005208,1,1,0.0029006730523033486,None
2023-07-20,131.63983154296875,132.176607179061,130.26369988641733,130.36130357965197,12650200,127.89950993855794,1,1,0.006828755234162598,None
2023-07-21,132.96714782714844,133.37705649101798,131.54221446892754,131.7666850698542,11308500,128.14609502156574,1,1,0.009061940862236995,None
2023-07-24,132.67433166503906,133.56247441562596,132.5572191765147,132.9671277785789,12034000,128.35602773030598,1,1,0.007714975165765248,None
2023-07-25,132.61578369140625,133.15255922543835,131.6105283896019,131.78619713334407,7802900,128.55104904174806,1,1,0.007166985000094606,None
2023-07-26,132.52793884277344,132.95737119809053,131.6398108994371,131.98139398772634,8205300,128.72791493733723,1,1,0.006499777954228403,None
2023-07-27,131.55194091796875,133.2013445265226,131.52266279764646,132.723125299773,8800800,128.8508644104004,1,1,0.004518362750703497,None
2023-07-28,131.94235229492188,132.16682286790257,131.19084572527245,131.9521067051456,6897600,129.0305669148763,1,1,0.006604022629807416,None
2023-07-31,130.9273223876953,131.75690888199193,130.43933383628053,131.7081070484047,9735900,129.1109878540039,1,1,0.002955449638601504,None
2023-08-01,130.24415588378906,131.10302059534075,129.92208161695717,130.6247864005485,10555300,129.16896107991536,1,1,0.0021305017253872016,None
2023-08-02,130.33200073242188,131.16158738567705,129.98064831239083,130.27344447778864,13873000,129.23467661539715,1,1,0.0024150296887477385,None
2023-08-03,129.67811584472656,130.06851575051982,129.42436707513622,129.9026013751453,11863400,129.27794596354167,1,1,0.0015901378512048758,None
2023-08-04,129.2193603515625,130.517411664236,128.89730101803937,129.71711819691888,12631200,129.27664286295573,1,1,4.788862449967013e-05,None
2023-08-07,130.71263122558594,130.83951303872644,129.5414614567118,129.60978701524334,8165600,129.3394307454427,1,1,0.0023074391646966674,None
2023-08-08,131.7178955078125,131.88380985235705,130.8199833374536,131.5422118597924,12601200,129.4601262410482,1,1,0.0044355296361564545,None
2023-08-09,131.6788330078125,132.39129214513525,131.51291868225675,131.60075305009877,9833600,129.58927993774415,1,1,0.004746366435966154,None
2023-08-10,131.5910186767578,133.2501770771773,131.45438245301108,132.00092734799804,9541700,129.72916997273762,1,1,0.005140924215139897,None
2023-08-11,132.4108123779297,132.56697228925336,131.23964282745973,131.55194775787828,7674400,129.86873346964518,1,1,0.005128924021179815,None
2023-08-14,132.81097412109375,133.23063715289135,132.3132311291927,132.43034362323303,8723300,129.97771784464518,1,1,0.00400514884806169,None
2023-08-15,132.322998046875,132.86954292702916,132.1765925232566,132.4791579818422,9118500,130.10589574178059,1,1,0.004710506043263729,None
2023-08-16,131.31773376464844,132.53770525095652,131.28845564035544,132.10827290501928,9462400,130.20284245808918,1,1,0.003562767866005734,None
2023-08-17,130.27342224121094,131.3079556090963,130.21486599657274,130.84926006202085,11163800,130.29913787841798,1,1,0.00353883289970236,None
2023-08-18,130.32225036621094,130.6638483851509,129.9025872668244,130.01969977972632,9463000,130.44651107788087,1,1,0.005415928660085001,None
2023-08-21,130.45887756347656,130.61503749802264,129.86353084372186,130.273439502732,6872400,130.56525472005208,1,1,0.004363799504806698,None
2023-08-22,130.00018310546875,130.57600618140427,129.93187243331968,130.26370116600458,6939400,130.66773325602213,1,1,0.003766060871491783,None
2023-08-23,130.39053344726562,131.0737143703416,130.00990301210706,130.78091829124412,7276800,130.79460957845052,1,1,0.004662673494437497,None
2023-08-24,129.25845336914062,131.1616063815082,129.25845336914062,130.13682710031526,10241700,130.8821228027344,1,1,0.0032160893653856437,None
2023-08-25,130.20513916015625,130.66384969660214,129.23891624232152,129.67810306234378,8509100,130.93775431315103,1,1,0.002044444259657885,None
2023-08-28,130.50765991210938,131.08348283098397,130.02942576857708,130.6638198233316,6768400,131.02298889160156,1,1,0.003132349694129344,None
2023-08-29,131.6788330078125,131.6788330078125,130.5076634265648,130.6833321622488,10737000,131.11570638020834,1,1,0.0034073447931286527,None
2023-08-30,131.5812530517578,132.40107032437325,131.46412566121973,132.0009160988478,7892700,131.1853261311849,1,1,0.002558508643336177,None
2023-08-31,130.0099334716797,131.66909178564754,129.98064045390248,131.60076623121856,7540200,131.13099619547526,1,1,0.001996611710831875,None
2023-09-01,130.3612823486328,131.01518528855658,130.01968437017803,131.01518528855658,10183600,131.04413401285808,1,1,0.0031921637450260665,None
2023-09-05,129.01443481445312,130.52720252751715,129.01443481445312,130.4295988458107,11042600,130.92213745117186,1,1,0.004483343493092873,None
2023-09-06,128.31173706054688,128.98516378155395,127.68711218307674,128.85828196680427,12840000,130.77866923014324,1,1,0.005272421667658733,None
2023-09-07,128.8875274658203,129.4438415352899,128.60450067252688,128.7020894426638,11055700,130.6573221842448,1,1,0.0044594739484058454,None
2023-09-08,128.8875274658203,129.27792722305196,128.5849769616083,128.6142550818722,8716900,130.56850840250652,1,1,0.003263884530429806,None
2023-09-11,129.77569580078125,130.02944452394635,128.80947296448366,128.82899667925972,7179000,130.49628651936848,1,1,0.0026541363572087917,None
2023-09-12,129.60977172851562,129.95135480419071,128.6825963913549,129.38530114824573,6941700,130.4523681640625,1,1,0.001613988703999869,None
2023-09-13,129.62928771972656,130.14655439992535,129.25841165006366,129.29744418213028,6430300,130.43187255859374,1,1,0.0007532084359207492,None
2023-09-14,130.03921508789062,130.43935444517732,129.64881524973993,130.3612893697783,6433300,130.42211303710937,1,1,0.00035866000269080267,None
2023-09-15,129.01443481445312,130.34176446761347,128.9266004362559,129.72689403577104,9611900,130.39999033610027,1,1,0.0008130037949256597,None
2023-09-18,128.81842041015625,129.34761819927613,128.3284302108378,129.2202159623928,6559400,130.38662567138672,1,1,0.0004911481254279426,None
2023-09-19,128.9262237548828,129.2006170806705,128.06383618622735,128.602828416637,6252400,130.32707875569662,1,1,0.002188334435847983,None
2023-09-20,128.93603515625,129.8572042196954,128.91643136029563,129.49461623777205,6350700,130.2343500773112,1,1,0.0034077560147278696,None
2023-09-21,127.80905151367188,128.90662485853764,127.7502550778134,128.691042911495,7979500,130.10535736083983,1,1,0.004740450452495049,None
2023-09-22,127.54444122314452,128.29903030709468,127.39745014660866,127.64244524304443,7790300,129.9704714457194,1,1,0.004957024046468694,None
2023-09-25,128.24024963378906,128.27944227457635,127.06427601706427,127.41706959741327,6826300,129.8314526875814,1,1,0.005108905006019349,None
2023-09-26,127.15247344970705,128.06384816273746,127.0544694156255,127.6522581355641,8200700,129.64283599853516,1,1,0.00693161670981457,None
2023-09-27,126.51548767089844,127.51505700771308,125.58449423957752,127.38766971183412,9888600,129.44925231933593,1,1,0.007114152370450766,None
2023-09-28,127.12306213378906,127.48565010656743,126.73107594447808,126.73107594447808,9129000,129.30942993164064,1,1,0.005138438193649453,None
2023-09-29,126.16268920898438,127.51505206915635,125.96668115525608,127.3974591995714,12692300,129.1724054972331,1,1,0.005035614101780217,None
2023-10-02,125.98628997802734,126.02549757166337,124.51631923630492,125.76089865122496,16035100,129.02787348429362,1,1,0.005311515757488339,None
2023-10-03,124.8690948486328,125.63347832809812,124.33990456054374,125.36888692238196,11971100,128.84154739379883,1,1,0.006847437779122112,None
2023-10-04,125.3982925415039,125.57468931461652,124.3889139140596,124.9769006655492,10064300,128.68815104166666,1,1,0.005637278032186277,None
2023-10-05,126.08428955078124,126.30968086961435,124.9671049480478,125.6824939734545,9609700,128.54460957845052,1,1,0.005275113299949563,None
2023-10-06,127.40725708007812,127.80905266648897,125.66289301840456,125.73149882973514,10692100,128.48290303548177,1,1,0.0022677002046316286,None
2023-10-09,127.84825897216795,127.9658518437614,126.5448831498512,127.05446222896632,8047600,128.40434036254882,1,1,0.0028871588151790917,None
2023-10-10,128.4558563232422,129.03404127710724,127.368077280442,127.8090655511303,8154900,128.3359469095866,1,1,0.0025134424943631384,None
2023-10-11,127.88744354248048,128.81842194159043,127.31905311011616,128.61263442928615,9591800,128.20956726074218,1,1,0.004644420862969234,None
2023-10-12,126.78987121582033,128.23044362597645,126.69186719273324,127.98544852157325,10927700,128.04985453287762,1,1,0.005869403279392227,None
2023-10-13,127.58366394042967,128.3186493168866,126.86828236094004,127.26026858039076,11383800,127.96897888183594,1,1,0.0029721601890713156,None
2023-10-16,128.54403686523438,129.27902222007714,127.98545577127786,128.09325422145406,10545000,127.90840403238933,1,1,0.002226110747367338,None
2023-10-17,128.3676300048828,129.07321704531626,127.82863782770264,127.92662688962696,9149900,127.88684387207032,1,1,0.0007923305635850753,None
2023-10-18,127.2504653930664,128.9066197664818,127.02505912675912,128.54403179080057,10085700,127.85146814982096,1,1,0.0013000490503005668,None
2023-10-19,125.99608612060548,127.22106161005688,125.21209134003672,127.0838500000568,15492500,127.75508677164713,1,1,0.0035419918292645125,None
2023-10-20,125.4962921142578,126.397872320065,125.47668831862956,125.74128722300917,12296300,127.64204559326171,1,1,0.004154235369922432,None
2023-10-23,124.71231842041016,125.82948809678057,124.59471807079645,125.408103666478,12344200,127.47326634724935,1,1,0.006202595580725223,None
2023-10-24,125.0945053100586,125.48649898342292,124.31051796332996,124.31051796332996,9375900,127.32275746663412,1,1,0.0055311641675164225,None
2023-10-25,123.97732543945312,124.90830385088243,123.0561414490631,124.5261120839456,11427000,127.13435872395833,1,1,0.006923607234561535,None
2023-10-26,122.75235748291016,123.87933653450756,122.65436092987076,122.9581524872902,14699100,126.89146347045899,1,1,0.008926340539664679,None
2023-10-27,120.67478942871094,122.56615195574383,120.13579720209896,122.40935897496593,13566100,126.61347529093425,1,1,0.010215996898622182,None
2023-10-30,121.3509750366211,121.72336489797652,120.4297910657359,121.30197302583298,15224500,126.36456044514973,1,1,0.009147559068529487,None
2023-10-31,122.04676818847656,122.20356117524608,121.07658962015842,121.78216927560769,13917400,126.13524525960287,1,1,0.008427276398438321,None
2023-11-01,122.3015594482422,122.899348102778,121.68416699837164,121.89976388711013,13802600,125.91409606933594,1,1,0.008127178089954112,None
2023-11-02,124.24191284179688,124.34971128299765,122.44854693090087,122.7719422545032,11894000,125.79519144694011,1,1,0.0043697154882786915,None
2023-11-03,124.85929870605467,125.63347659518357,124.65349625520037,125.0944918941868,11635600,125.70568669637045,1,1,0.0032892774642248046,None
2023-11-06,125.6922836303711,125.88829167755972,124.87890556180216,125.38849209186913,8425100,125.62075449625651,1,1,0.0031212373649862624,None
2023-11-07,125.78050231933594,126.08429387978389,125.31010839273664,125.64330564838151,8241900,125.57502212524415,1,1,0.001680653332913895,None
2023-11-08,125.60408782958984,126.30967492371931,124.83970430316865,126.30967492371931,10021100,125.54464213053386,1,1,0.0011164572978286103,None
2023-11-09,123.00714111328124,125.63348898245644,122.88954824594904,125.48649789829118,13905500,125.40744476318359,1,1,0.005041969344688146,None
2023-11-10,123.74212646484376,123.91852324253382,122.10556092978769,123.47753503663736,10401300,125.3267593383789,1,1,0.0029651694218721936,None
2023-11-13,124.45751953125,124.7025146484375,123.15414371341468,123.86953274533153,11373800,125.27580032348632,1,1,0.0018727312038573363,None
2023-11-14,125.30029296875,126.13328227961593,124.85930478495028,125.17289820994624,11216900,125.2901735941569,1,1,0.0005282141450930755,None
2023-11-15,125.3982925415039,125.89808464476582,125.08469910893233,125.38849064392622,9262700,125.2901735941569,1,1,0.0,None
2023-11-16,125.9372787475586,126.2018776486358,125.2904955563892,125.77068387008468,7665900,125.28527323404948,1,1,0.00018008702292671153,None
2023-11-17,125.68248748779295,126.40767837383969,125.30029572631354,126.20187590843643,6766100,125.22778091430663,1,1,0.002112828542536249,None
2023-11-20,126.44686126708984,126.7212545642739,125.10429299491688,125.19248763615894,6910000,125.1810676574707,1,1,0.0017167006445246713,None
2023-11-21,127.21125793457033,127.46606241791144,126.72126771684016,126.87806817530937,8373000,125.13958104451497,1,1,0.0015246227735825624,None
2023-11-22,127.81884765625,128.12265416780167,127.46606903634908,127.6326639246297,6737700,125.13729451497396,1,1,8.402939556440003e-05,None
2023-11-24,128.50485229492188,128.53425051469637,128.06384909167224,128.07365846714123,3708800,125.19446055094402,1,1,0.0021008376945199636,None
2023-11-27,127.70124816894533,128.66162480889346,127.46606243452564,128.2304459780191,10530200,125.19838002522786,1,1,0.00014403971131615734,None
2023-11-28,127.044677734375,127.76005934799196,126.95648307378862,127.47587156833038,6261300,125.14840138753256,1,1,0.0018367025841368179,None
2023-11-29,127.08385467529295,127.76985293727392,126.84866894278714,126.9074653759136,6979000,125.10560887654623,1,1,0.0015726142034817592,None
2023-11-30,128.6812286376953,128.75962886696033,126.7408715616591,127.18185976712442,7743100,125.15330098470052,1,1,0.0017526731885724178,None
2023-12-01,129.19081115722656,129.32800780790535,128.40682388764205,128.50482790383265,9370900,125.25979181925456,1,1,0.003913511852898344,None
2023-12-04,129.43582153320312,129.68081664930477,128.8086346341156,128.84782727323318,6943900,125.39110946655273,1,1,0.004825891085822542,None
2023-12-05,129.26922607421875,129.47501359697313,128.46563491938508,129.17122204688752,6581000,125.54300638834636,1,1,0.005582174337796841,None
2023-12-06,129.36721801757812,129.79841182209512,129.11242847550693,129.55341670164825,6210400,125.68543014526367,1,1,0.005234037869685126,None
2023-12-07,129.2104034423828,129.70039357306564,128.6224093042386,129.38679271183884,6396700,125.85986607869467,1,1,0.006410477445429441,None
2023-12-08,129.42601013183594,129.7298016434159,128.6518172926678,129.29860790311665,6007600,126.08232116699219,1,1,0.00817516951985331,None
2023-12-11,130.27859497070312,130.52359006732223,129.48481325018747,130.12179452007155,9016800,126.40244801839192,1,1,0.011764582676344615,None
2023-12-12,130.837158203125,131.0233568437367,129.8473835307246,130.46477587521355,6779000,126.71865412394206,1,1,0.01162049623530148,None
2023-12-13,133.2479248046875,133.28711743788213,130.1021814098806,130.2785856425388,9074300,127.09202601114909,1,1,0.01372132458387565,None
2023-12-14,132.60113525390625,133.7771086520968,132.10135067183634,133.6987084317757,10098700,127.43534520467122,1,1,0.012616895517844728,None
2023-12-15,131.4741668701172,132.23855034409237,130.9841766968863,131.98374588389171,8296600,127.67642033894857,1,1,0.008859451608060676,None
2023-12-18,131.6887664794922,132.10219928930482,131.3442316278489,131.9643883527006,5944300,127.90406926472981,1,1,0.008366041763832488,None
2023-12-19,132.57467651367188,132.64358948416952,131.6493832003401,131.85609207130534,6358200,128.13348236083985,1,1,0.008430874587438408,None
2023-12-20,130.65516662597656,132.57468131288817,130.64532835280525,132.49594508698897,7299000,128.2959711710612,1,1,0.005971423619954619,None
2023-12-21,132.24986267089844,132.34829047054623,131.13752189099364,131.44267360435308,5606800,128.51749699910482,1,1,0.008141019435169206,None
2023-12-22,132.90939331054688,133.32282613575563,132.37782609223123,132.57469672038786,5355100,128.847572072347,1,1,0.01213017737056088,None
2023-12-26,133.20469665527344,133.5590547469068,132.6337613627558,132.80110213500433,3688600,129.16299107869466,1,1,0.011591570534125628,None
2023-12-27,133.76577758789062,133.85436711009294,133.02750152900825,133.05703136974236,5444100,129.47326634724934,1,1,0.011402539441399462,None
2023-12-28,134.1103057861328,134.56310666848913,133.85436048541789,133.8740520516877,5800200,129.7669334411621,1,1,0.010792193127669547,None
2023-12-29,134.2481231689453,134.48436189449313,133.69687944898064,134.11031223895415,5590000,130.06192779541016,1,1,0.010840969616986218,None
