Date,Close,High,Low,Open,Volume,Smoothed_Close,KMeans_Cluster,GMM_Cluster,DTW_Distance,Major_Event
2014-01-02,30.67843437194824,30.877813461628,30.626424448367008,30.877813461628,8552500,30.67843437194824,2,2,0.0,None
2014-01-03,30.53108024597168,30.756464384058592,30.51374249583612,30.756464384058592,5204800,30.60475730895996,2,2,0.0016158165654978074,None
2014-01-06,30.479061126708984,30.59175482747171,30.36636742594626,30.496398873506102,4524700,30.56285858154297,2,2,0.0009188837758695723,None
2014-01-07,30.75646209716797,30.799804815865286,30.557082945690347,30.61776341323408,7161800,30.61125946044922,2,2,0.0010614828923596331,None
2014-01-08,30.75646209716797,30.86048528340902,30.65243891092692,30.77379984601439,4696400,30.640299987792968,2,2,0.0006368897354158687,None
2014-01-09,30.55709648132324,30.886507241646733,30.479078230373965,30.886507241646733,6341900,30.62643273671468,2,2,0.000304123605114226,None
2014-01-10,30.617755889892575,30.70444130598702,30.46171949545326,30.64376085335358,12960100,30.625193187168666,2,2,2.7184643482947024e-05,None
2014-01-13,30.28835105895996,30.7391225825606,30.19299840603824,30.59175668608744,6445300,30.583087921142578,2,2,0.0009234133878335271,None
2014-01-14,30.79980087280273,30.81713861942953,30.37503765437577,30.40971314762937,6419400,30.607167137993706,2,2,0.000528082905238092,None
2014-01-15,31.17254066467285,31.25055883730357,30.929818930637563,30.97316162502449,9674000,30.663704490661623,2,2,0.0012399244392349296,None
2014-01-16,31.16390037536621,31.215910330834927,31.094549358956627,31.189905353100567,6931300,30.709176843816582,2,2,0.0009972571994574242,None
2014-01-17,30.99051856994629,31.17255998328955,30.921167570479717,31.11187951217513,6338700,30.732621987660725,2,2,0.000514177007976846,None
2014-01-21,31.14655494689941,31.23324038921404,30.886495313117887,31.23324038921404,6294200,30.76446298452524,2,2,0.0006983070186150631,None
2014-01-22,31.111860275268555,31.16387349270797,31.03384210252724,31.111860275268555,4215900,30.78927707672119,2,2,0.0005441995052704041,None
2014-01-23,31.05118560791016,31.051185607910156,30.84313931318932,30.973167420680785,6418000,30.806737645467123,2,2,0.00038292889372071315,None
2014-01-24,30.453048706054688,30.97316775531233,30.44437818135984,30.92115452765206,15496700,30.784632086753845,2,2,0.00048479847743365667,None
2014-01-27,30.166980743408203,30.51372897884127,30.01961489279271,30.496391236385996,8014000,30.748299654792337,2,2,0.0007968089802596889,None
2014-01-28,29.98494529724121,30.036958534823,29.81157114547217,29.89825987477514,13145500,30.70589107937283,2,2,0.0009300652863009073,None
2014-01-29,29.75089454650879,29.924268720761194,29.638200837219124,29.73355679839981,11219400,30.655628103958932,2,2,0.0011023206546370012,None
2014-01-30,30.11498260498047,30.219005793573636,29.950275640633954,30.106312076942476,8329900,30.62859582901001,2,2,0.0005928466186622128,None
2014-01-31,30.184324264526367,30.331693450191324,29.86358423479,29.87225145425882,10943500,30.607440040225075,2,2,0.0004639690100067817,None
2014-02-03,29.55150985717773,30.227665372337757,29.43881616903883,30.11497499103556,15975800,30.559443213722922,2,2,0.001052621592229297,None
2014-02-04,29.66420555114746,29.742223754851867,29.51683636333384,29.60352509347036,5725700,30.520519837089207,2,2,0.0008536311600784163,None
2014-02-05,29.690216064453125,29.77690150395009,29.40414816180557,29.603530624956164,9203100,30.485923846562702,2,2,0.0007587269677324926,None
2014-02-06,30.01962661743164,30.02829383862628,29.71622096621878,29.71622096621878,9139700,30.46727195739746,2,2,0.00040905582102013227,None
2014-02-07,30.427047729492188,30.4357182562646,30.080302715848248,30.21033085590083,10464800,30.465724871708797,2,2,3.39292390683088e-05,None
2014-02-10,30.48772430419922,30.539737537693927,30.349025655049967,30.427043851873712,6758700,30.466539665504737,2,2,1.786929689573391e-05,None
2014-02-11,30.86047744750977,30.94716616973041,30.58308015007697,30.617755638965228,7041400,30.480608872004918,2,2,0.00030855270289498193,None
2014-02-12,30.98185157775879,31.033861520906036,30.91250057777888,30.938505549352502,8047800,30.49789310323781,2,2,0.0003790616240015865,None
2014-02-13,31.20723533630371,31.233240307562586,30.76513429071464,30.808477011758644,6914300,30.521537844340006,2,2,0.0005185543887098465,None
2014-02-14,31.267906188964844,31.32858664112836,31.103202576926247,31.181220773541718,12376300,30.541186904907228,2,2,0.00043092485331608366,None
2014-02-18,31.285249710083008,31.363267921104157,31.198564278653844,31.302587457736287,5946500,30.566325887044272,2,2,0.0005513246881632128,None
2014-02-19,31.18122673034668,31.363268121614087,31.111875739290184,31.22456944633836,8611700,30.589731407165527,2,2,0.0005133080174766214,None
2014-02-20,31.285249710083008,31.35459739385889,31.042527856611557,31.18122653100056,6697000,30.607357660929363,2,2,0.0003865625428609576,None
2014-02-21,31.16390037536621,31.43262729685717,31.15522984489577,31.38061734138845,6372600,30.620938936869305,2,2,0.0002978518653471429,None
2014-02-24,31.285249710083008,31.441286132125292,31.12921328804072,31.12921328804072,7845200,30.645210711161294,2,2,0.0005323058952724224,None
2014-02-25,31.19855499267578,31.34592084361065,31.12053680487607,31.33725362578235,5611600,30.66457068125407,2,2,0.00042458479090590195,None
2014-02-26,31.22456932067871,31.34593024770191,31.103208393655507,31.21589879341291,5820700,30.695777956644694,2,2,0.0006844088308493035,None
2014-02-27,31.47596549987793,31.49330324966425,31.1898975886601,31.21590255992076,5449400,30.7183167775472,2,2,0.0004943003793034251,None
2014-02-28,31.51062774658203,31.597316468151163,31.15521225524009,31.458617820477155,9701000,30.729586346944174,2,2,0.00024715367550065537,None
2014-03-03,31.17254066467285,31.25055883730357,30.92114840765881,31.120530754142784,9027300,30.72987435658773,2,2,6.316358635904962e-06,None
2014-03-04,31.579986572265625,31.666672008541685,31.467292859636803,31.510635577774835,11604900,30.749523289998372,2,2,0.00043092206463679616,None
2014-03-05,31.623315811157227,31.683996252053284,31.56263537026117,31.6493207695881,8930800,30.765415318806966,2,2,0.0003485291400986412,None
2014-03-06,31.66666603088379,31.72734648618998,31.597318356321058,31.66666603088379,8665400,30.78390884399414,2,2,0.0004055827300910586,None
2014-03-07,31.571298599243164,31.770680944813147,31.441270516678443,31.75334320577073,7197400,30.80124594370524,2,2,0.00038022108611124317,None
2014-03-10,31.5192985534668,31.62332171344156,31.39793764902347,31.55397404240393,7557700,30.836787605285643,2,2,0.0007794665424714076,None
2014-03-11,31.44994735717773,31.684001945622956,31.36326194227356,31.57130826077823,9456600,30.87955315907796,2,2,0.0009378942027222781,None
2014-03-12,31.5019588470459,31.53663433382343,31.215891041385905,31.3199175017185,6356100,30.930120277404786,2,2,0.00110899083307614,None
2014-03-13,31.077207565307617,31.597330200256348,30.964517138547727,31.588659670912943,9397400,30.974330711364747,2,2,0.0009695819657158378,None
2014-03-14,30.8864860534668,31.120540645752797,30.860477783099466,31.0165141779568,8939800,31.000047492980958,2,2,0.0005639964469454917,None
2014-03-17,31.25058364868164,31.337272413117592,31.033866697849124,31.09454717953517,16444900,31.0355894724528,2,2,0.0007794735141697373,None
2014-03-18,31.65799331665039,31.692668801331425,31.267902381079324,31.267902381079324,6864000,31.105805587768554,2,2,0.0015399142920524689,None
2014-03-19,31.527978897094727,31.744695832914147,31.32859971296142,31.597329903839185,7789400,31.167931365966798,2,2,0.001362484570986755,None
2014-03-20,31.77069664001465,31.857382071215035,31.441286049146164,31.49329929196873,5895500,31.237280718485515,2,2,0.0015209052595395178,None
2014-03-21,31.61138153076172,31.98573854511464,31.550440000152115,31.916089183809756,9109700,31.290339215596518,2,2,0.0011636294267867164,None
2014-03-24,31.585250854492188,31.82902021691731,31.32407247859541,31.70713387517313,10354100,31.32894598642985,2,2,0.000846687657226397,None
2014-03-25,31.77679443359375,31.84644379632624,31.524320475285084,31.64620353900253,7626300,31.371914990743,2,2,0.0009423560896173466,None
2014-03-26,31.393718719482425,31.98572475100916,31.393718719482425,31.924779925618168,7513400,31.389689699808756,2,2,0.0003898183259547494,None
2014-03-27,31.280553817749023,31.428553729450847,31.115141565659155,31.376320029351074,12927400,31.399646441141766,2,2,0.00021836195597013663,None
2014-03-28,31.402427673339844,31.602664547503554,31.271836819246243,31.376310830946476,6355800,31.4061528523763,2,2,0.00014269253724696895,None
2014-03-31,31.64619445800781,31.768080807813924,31.55913610063833,31.602665279323077,7283500,31.4187624613444,2,2,0.0002765421724038042,None
2014-04-01,32.020565032958984,32.020565032958984,31.69844498799557,31.707149499020584,7024200,31.443272972106932,2,2,0.000537541640675876,None
2014-04-02,32.03797149658203,32.13373770560686,31.91608843821016,32.10762085625982,10504700,31.471831130981446,2,2,0.0006263108804553941,None
2014-04-03,31.88126564025879,32.151151943344686,31.78549942558107,32.08150257955563,7762600,31.49169832865397,2,2,0.0004357088326714109,None
2014-04-04,31.271846771240234,32.098914694559014,31.184788388181172,32.04668099314935,10095800,31.495296541849772,2,2,7.891265276005477e-05,None
2014-04-07,31.028085708618164,31.31538439754406,30.906202624006564,31.14126428192821,11181300,31.486724408467612,2,2,0.00018799602696928375,None
2014-04-08,31.3066520690918,31.35018123366985,30.993236770430027,31.08900292513917,7329700,31.490327644348145,2,2,7.902280559268782e-05,None
2014-04-09,31.72456169128418,31.73326952333266,31.315383253756806,31.41114947990093,6656900,31.50699405670166,2,2,0.0003655121970933539,None
2014-04-10,30.99324607849121,31.776784560462204,30.941012393735395,31.724547554643014,8086800,31.490903409322105,2,2,0.00035288505717989693,None
2014-04-11,30.64501190185547,31.02807334674309,30.618891736227376,30.78430727463857,14254400,31.462049547831217,2,2,0.0006327959541896355,None
2014-04-14,30.9497184753418,31.062896999842746,30.73206925495112,30.845247779452063,4992300,31.454622141520183,2,2,0.00016289094148547179,None
2014-04-15,31.106426239013672,31.184780091346244,30.58406943750557,31.00195554292476,8589300,31.43883679707845,2,2,0.0003461894381580066,None
2014-04-16,31.41114616394043,31.419850674005147,31.06290598219057,31.280555265518107,13999700,31.431764475504558,2,2,0.000155103554513758,None
2014-04-17,31.367603302001957,31.489486329084876,31.09772040519361,31.26313261036851,7881700,31.421795717875163,2,2,0.00021862548616491395,None
2014-04-21,31.48949432373047,31.52431900347081,31.306669736690047,31.393731436040905,3526000,31.419068908691408,2,2,5.98018334521111e-05,None
2014-04-22,31.620092391967773,31.689741767263232,31.445972274794126,31.506913817645152,5478500,31.422428703308107,2,2,7.368387905470897e-05,None
2014-04-23,31.280553817749023,31.56784913149083,31.271845987022825,31.56784913149083,11424100,31.416782251993816,2,2,0.00012383269907689787,None
2014-04-24,31.524316787719727,31.80290756393264,31.315375366092045,31.794203055141494,5010700,31.41752751668294,2,2,1.6344449432770247e-05,None
2014-04-25,31.12384796142578,31.411146613642234,31.054198595652863,31.332792737679977,6402000,31.41908219655355,2,2,3.4095787577292924e-05,None
2014-04-28,31.41984748840332,31.52431820391038,31.010665814493112,31.228315075753574,12069100,31.436860911051433,2,2,0.00038990616935308253,None
2014-04-29,31.63748550415039,31.707131516044765,31.437248653492453,31.49819015929865,5476100,31.449757639567057,2,2,0.0002828390102842526,None
2014-04-30,31.733259201049805,31.81161305867467,31.506902136327408,31.59396382316824,9165600,31.452266502380372,2,2,5.5022037115826095e-05,None
2014-05-01,31.7680778503418,31.92478221480567,31.689724007578288,31.72454535464629,4977700,31.46026980082194,2,2,0.00017552087007821626,None
2014-05-02,31.681020736694336,31.855140781330608,31.654903892371163,31.846436273577424,6720100,31.457280604044595,2,2,6.555627320725677e-05,None
2014-05-05,31.846439361572266,31.846439361572266,31.4894914088714,31.602669947018896,4082200,31.465115865071613,2,2,0.00017183563037059812,None
2014-05-06,31.48949432373047,31.78549745939488,31.480789814327512,31.78549745939488,4699900,31.46192398071289,2,2,7.000142802637832e-05,None
2014-05-07,31.506895065307617,31.58524890534771,31.149950532027862,31.541719732228334,6826900,31.452927335103354,2,2,0.00019730603284373593,None
2014-05-08,31.593957901000977,31.872548604543333,31.385013212812638,31.428542387541786,3787400,31.459601974487306,2,2,0.0001463819599734073,None
2014-05-09,31.62879753112793,31.64620655240436,31.40244040175766,31.56785267240153,7438500,31.471210098266603,2,2,0.0002545785341623308,None
2014-05-12,32.05538558959961,32.07279793047133,31.75938243690921,31.77679477778093,5593400,31.492975362141927,2,2,0.00047733544872397005,None
2014-05-13,32.072784423828125,32.159842770459875,31.98572607719638,32.09890126360504,5744100,31.507195027669272,2,2,0.0003118524298202363,None
2014-05-14,31.924785614013672,32.08149331622622,31.855139591398927,32.02055180103951,5111600,31.504002380371094,2,2,7.001816010232531e-05,None
2014-05-15,31.733259201049805,32.00314212759696,31.60266833132044,31.9770252820766,7288300,31.49384530385335,2,2,0.00022275552022232858,None
2014-05-16,31.933494567871094,31.95090690440428,31.628786981199344,31.72454985053645,5803700,31.495586268107097,2,2,3.818120276588566e-05,None
2014-05-19,32.142452239990234,32.185984763898404,31.82033215367461,31.82033215367461,3298500,31.524606450398764,2,2,0.0006364435467263174,None
2014-05-20,31.959613800048828,32.20338320866343,31.855143094107632,32.17726304138024,4237100,31.555657386779785,2,2,0.000680980149638355,None
2014-05-21,32.17726516723633,32.18597299726065,31.98573608053436,31.98573608053436,4161400,31.584677823384602,2,2,0.0006364491240848924,None
2014-05-22,32.23821258544922,32.34268663845168,32.13374185351145,32.1772710483968,3175000,31.601799519856772,2,2,0.00037549706336093003,None
2014-05-23,32.508087158203125,32.525499494076946,32.2643210980966,32.31655478465458,3312100,31.652294222513834,2,2,0.0011074026802091463,None
2014-05-27,32.786678314208984,32.79538282172676,32.57773360208356,32.58644143066486,5674500,31.72368310292562,2,2,0.0015656342813239466,None
2014-05-28,32.69962310791016,32.83021065965015,32.673502940711074,32.80409381351492,6776900,31.782013257344563,2,2,0.0012792424935987867,None
2014-05-29,32.891151428222656,32.89985925744425,32.734443712871766,32.81279757054721,4664000,31.841504096984863,2,2,0.0013046975583359544,None
2014-05-30,32.92597579956055,32.969504982076046,32.786680422872706,32.899858954264,6219200,31.8919984181722,2,2,0.0011073943141712839,None
2014-06-02,32.873741149902344,33.004332027895614,32.73444576320605,32.97821518072256,5461500,31.942203013102212,2,2,0.0011010403083648868,None
2014-06-03,32.821510314941406,32.899864184350704,32.71703959608377,32.821510314941406,5669300,31.98660354614258,2,2,0.0009737510412834993,None
2014-06-04,32.882442474365234,32.92597165139673,32.6822056031697,32.76926395723269,3499200,32.02868188222249,2,2,0.0009228227853941284,None
2014-06-05,33.10009002685547,33.1349146951661,32.795379160732175,32.995619342986735,5667600,32.089333089192706,2,2,0.0013301456513745702,None
2014-06-06,33.24810028076172,33.27422045069287,33.16104190382907,33.27422045069287,4798900,32.146792538960774,2,2,0.0012601470120272573,None
2014-06-09,33.352561950683594,33.4047956290484,33.23067561868545,33.291620445216004,6392000,32.22108300526937,2,2,0.001629269154486801,None
2014-06-10,33.36997604370117,33.41350521832182,33.30032670745762,33.352563709640286,3594700,32.28608729044596,2,2,0.0014256132988552661,None
2014-06-11,33.291629791259766,33.378688160349874,33.20456810110576,33.23068494762001,4254700,32.34122543334961,2,2,0.0012092382768928989,None
2014-06-12,33.00433349609375,33.41351516568207,32.89986278169014,33.30904113021433,4818000,32.383594576517744,2,2,0.0009292004949752464,None
2014-06-13,33.19586181640625,33.2568033357213,33.05656644067703,33.20456632442394,7331700,32.43118737538656,2,2,0.0010437608353479622,None
2014-06-16,33.19586181640625,33.291628009919535,33.08268328579385,33.1349202970912,7064400,32.48168207804362,2,2,0.0011074026802091463,None
2014-06-17,33.27421951293945,33.335161039287655,33.134924121134404,33.16974547828759,7037600,32.52927474975586,2,2,0.0010437580466686747,None
2014-06-18,33.448341369628906,33.4657537113965,33.100104497470795,33.343870640087935,13035300,32.59456965128581,2,2,0.0014319868254171197,None
2014-06-19,33.38740158081055,33.50058014768915,33.256813992318115,33.50058014768915,5918700,32.65725320180257,2,2,0.0013747171127778124,None
2014-06-20,33.31392288208008,33.42762321131163,33.243952422129844,33.410130596324066,5427200,32.714585367838545,2,2,0.0012573555440387185,None
2014-06-23,33.41013717651367,33.41013717651367,33.25270694699463,33.27894420645586,3767100,32.773963356018065,2,2,0.0013022226054486552,None
2014-06-24,33.235206604003906,33.567559604228954,33.15649150753942,33.39263679693288,8471300,32.813290723164876,2,2,0.0008624911028731752,None
2014-06-25,33.36640548706055,33.41888000313402,33.130260155603,33.165242054193435,5111900,32.856411425272626,2,2,0.0009456829840337466,None
2014-06-26,33.33141326904297,33.41012836303772,33.13899785341692,33.39263574921945,11352300,32.9032990137736,2,2,0.001028294819897635,None
2014-06-27,33.53257369995117,33.53257369995117,33.28768377649521,33.30517639050992,10883300,32.96327616373698,2,2,0.0013153628623550073,None
2014-06-30,33.54133605957031,33.65503644254943,33.480113546360805,33.50635414943398,4490400,33.01687088012695,2,2,0.0011753892874346583,None
2014-07-01,33.882423400878906,33.98737576127162,33.63753011146206,33.66377070384178,7488900,33.07486991882324,2,2,0.0012719807726770949,None
2014-07-02,33.91740798950195,33.96114120148172,33.86493347332727,33.94364858396494,4970000,33.140129725138344,2,2,0.001431217149927555,None
2014-07-03,34.06607818603516,34.08357079565231,33.92614064547211,34.03983760342236,2193000,33.20309015909831,2,2,0.0013807894619743966,None
2014-07-07,34.10108184814453,34.12731910857308,33.97863351460081,34.06609660998918,10482200,33.26518580118815,2,2,0.0013618236539905126,None
2014-07-08,33.79496765136719,34.0835908755273,33.61130014674317,34.0835908755273,6923900,33.308081817626956,2,2,0.0009407553876938923,None
2014-07-09,33.96113967895508,33.97862895931214,33.777468871450985,33.84743933838121,7118100,33.34723052978516,2,2,0.0008585730084433862,None
2014-07-10,33.864925384521484,34.01360759333712,33.42762006018159,33.42762006018159,4421900,33.386073939005534,2,2,0.0008518773894214959,None
2014-07-11,34.03984451293945,34.03984451293945,33.856177079239195,33.94364014507848,3261300,33.424363708496095,2,2,0.0008397354797080592,None
2014-07-14,34.28474426269531,34.328474135720505,34.1622992836746,34.19728118026948,4209100,33.469655990600586,2,2,0.0009933080492807722,None
2014-07-15,34.223533630371094,34.40720116253616,34.03111811874487,34.36347127436018,7414500,33.514649073282875,2,2,0.0009867462868657917,None
2014-07-16,34.538387298583984,34.62584705755242,34.468416822308484,34.54713193993045,8064800,33.571878306070964,2,2,0.001255098108137398,None
2014-07-17,34.092323303222656,34.547121249146024,33.987370957663394,34.50339138319424,5670700,33.61220766703288,2,2,0.0008844658958320206,None
2014-07-18,34.503387451171875,34.52962470047795,34.206019725663026,34.24974958663134,4770500,33.65898424784343,2,2,0.0010258603028605595,None
2014-07-21,34.459686279296875,34.55589071897146,34.31974860586975,34.48592355044655,6181600,33.6993704477946,2,2,0.000885712435483299,None
2014-07-22,34.74828338623047,34.77452064010057,34.599601165799726,34.660823649080044,4789800,33.74589449564616,2,2,0.0010203219857518597,None
2014-07-23,34.80952072143555,34.905728475174335,34.67833105973617,34.8270133436041,5473400,33.7938793182373,2,2,0.0010523583336590203,None
2014-07-24,34.78327178955078,34.914461407247224,34.71330132434568,34.914461407247224,11659600,33.84360071818034,2,2,0.0010904433269887104,None
2014-07-25,34.739540100097656,34.783269970376054,34.57336192211441,34.67831761443285,4749500,33.901440938313804,2,2,0.0012684977122197072,None
2014-07-28,34.80076599121094,34.870733123228,34.529635430752855,34.765780757014625,7762200,33.95493774414062,2,2,0.0011732420043661929,None
2014-07-29,34.730804443359375,35.05441293823016,34.71331182176827,35.05441293823016,7312400,34.00610249837239,2,2,0.0011220976258305981,None
2014-07-30,34.765769958496094,34.88821490377528,34.59959515224214,34.88821490377528,7762300,34.055820846557616,2,2,0.0010903763986853665,None
2014-07-31,34.10981369018555,34.582104218933424,34.057335852644215,34.54711899390587,17416500,34.0778699239095,2,2,0.0004835597809427217,None
2014-08-01,33.926151275634766,34.16229657489704,33.75997310038992,34.02235899048701,15507400,34.095828247070315,2,2,0.0003938451788776387,None
2014-08-04,34.17103958129883,34.25849931623489,33.85617919732896,34.03110200357612,6333700,34.12439880371094,2,2,0.0006265827766880339,None
2014-08-05,33.84743881225586,34.07483615349343,33.7075012169461,33.96113915106237,12293400,34.13897552490234,2,2,0.00031968304132123926,None
2014-08-06,33.74249267578125,33.908667558255615,33.57631445693082,33.620044337963435,9140900,34.15588506062826,2,2,0.00037084415193322506,None
2014-08-07,33.6025505065918,33.9436515736489,33.48885348728204,33.88242907513566,6865000,34.1637565612793,2,2,0.0001726304039737503,None
2014-08-08,33.821189880371094,33.84743046677987,33.48009228442858,33.585047957314444,6022800,34.18008244832357,2,2,0.00035804411390261137,None
2014-08-11,33.98737335205078,34.083581065747424,33.90865825324218,33.97862537641919,6507700,34.195242436726886,2,2,0.00033247471331376843,None
2014-08-12,33.969879150390625,34.057338884370324,33.80370432127919,33.952386536319686,6704900,34.2095272064209,2,2,0.000313280233626978,None
2014-08-13,34.30222702026367,34.30222702026367,34.04858915869084,34.04858915869084,5492700,34.22352066040039,2,2,0.00030689136932848804,None
2014-08-14,34.36344909667969,34.36344909667969,34.21476356918896,34.32846387416723,4614600,34.23838869730631,2,2,0.00032607190561950716,None
2014-08-15,34.36344909667969,34.52962389905219,34.118555875466924,34.44216417914549,8910900,34.248301060994464,2,2,0.00021738870689103074,None
2014-08-18,34.68706130981445,34.70455392472474,34.503393857819155,34.59960157163817,4248000,34.2678337097168,2,2,0.00042837181740829067,None
2014-08-19,34.90571212768555,34.914456766486154,34.73953729947418,34.78326716622717,5047800,34.30485852559408,2,2,0.0008119936979373854,None
2014-08-20,34.90571212768555,34.96693460841473,34.82699703298017,34.85323428575697,7005300,34.33634427388509,2,2,0.0006905160385368703,None
2014-08-21,35.071903228759766,35.12438109503732,34.905728323445615,34.905728323445615,3454500,34.376576868693036,2,2,0.0008823437108775867,None
2014-08-22,35.08062744140625,35.15059454599817,35.001912363506435,35.0981200516478,4407700,34.41126963297526,2,2,0.0007608493194015686,None
2014-08-25,35.115631103515625,35.255568722564554,35.04566062580316,35.24682074466249,3430700,34.43896586100261,2,2,0.0006074078177560338,None
2014-08-26,35.133113861083984,35.17684706971946,35.08938398882391,35.1680990934422,3352300,34.46928520202637,2,2,0.0006649354832313215,None
2014-08-27,35.12437057495117,35.168100448896695,35.02816285044571,35.14186319180448,4330700,34.48881797790527,2,2,0.0004283746060873561,None
2014-08-28,35.071903228759766,35.12438109503732,34.94071356763065,35.001936076766206,3528300,34.521470642089845,2,2,0.0007161077485602352,None
2014-08-29,35.22932434082031,35.23807231778265,35.036912220532386,35.13311661248852,7684000,34.545668538411455,2,2,0.0005306856725935116,None
2014-09-02,35.238067626953125,35.30803475145965,35.13311193563052,35.30803475145965,5688800,34.571614583333336,2,2,0.0005690244357405838,None
2014-09-03,35.04564666748047,35.369251657072056,35.00191680451533,35.369251657072056,6891600,34.58152669270833,2,2,0.0002173831295322337,None
2014-09-04,35.028160095214844,35.281798015074045,34.92320773872579,35.11562317260177,5213200,34.58881467183431,2,2,0.00015983315462286818,None
2014-09-05,35.238067626953125,35.246812266375734,35.01066696546268,35.09813004156485,7025200,34.60397453308106,2,2,0.000332471924634703,None
2014-09-08,35.2905387878418,35.378001855645394,35.141856577138014,35.22057166997381,6386100,34.62234115600586,2,2,0.00040279962814016024,None
2014-09-09,35.036903381347656,35.45671608748596,34.94069567728735,35.30803054401781,8562700,34.63021240234375,2,2,0.00017262482661539735,None
2014-09-10,35.24681854248047,35.29054842013056,34.9494507035337,35.04565843618939,7229800,34.647412872314455,2,2,0.0003772246501931864,None
2014-09-11,35.325523376464844,35.343015989709386,35.05439621211145,35.17684116844845,10322200,34.66607131958008,2,2,0.00040919964715535606,None
2014-09-12,35.17684555053711,35.31678313755111,35.06314521847097,35.29929052212746,5555700,34.701639048258464,2,2,0.0007800382217302282,None
2014-09-15,34.96692657470703,35.23805702448289,34.9057041080438,35.23805702448289,6882200,34.73633155822754,2,2,0.0007608437420427716,None
2014-09-16,35.22932434082031,35.273057552880694,34.800766888184086,34.86198938141783,11910600,34.77160771687826,2,2,0.0007736437800733853,None
2014-09-17,35.29928970336914,35.43047931144078,35.08938165952928,35.22057460397609,7654500,34.820002746582034,2,2,0.0010613546131115204,None
2014-09-18,35.50920104980469,35.52669366809311,35.3692634398731,35.3692634398731,7395300,34.878893025716145,2,2,0.0012915266259569957,None
2014-09-19,35.43364334106445,35.63566916449984,35.30188576673367,35.63566916449984,15726300,34.9399294535319,2,2,0.0013385939553427484,None
2014-09-22,35.19649124145508,35.44243520597209,35.09986944089905,35.44243520597209,6380400,34.9857728322347,2,2,0.001005394185408237,None
2014-09-23,35.1174430847168,35.275550902241015,35.055957083539134,35.14379327072558,5968500,35.023441823323566,2,2,0.0008261211473190588,None
2014-09-24,35.34581756591797,35.35459984310826,34.96811598276507,35.12622377807258,7144500,35.06930643717448,2,2,0.0010058598948530229,None
2014-09-25,34.57284927368164,35.22284506154303,34.57284927368164,35.20528050575051,9351500,35.07832717895508,2,2,0.0001978344875728233,None
2014-09-26,34.9505500793457,35.0208183530983,34.63433447062031,34.63433447062031,4881500,35.09789721171061,2,2,0.0004291916891252523,None
2014-09-29,34.94176483154297,34.99446855048314,34.55528094485496,34.669470660524226,4826400,35.11717440287272,2,2,0.0004227693606755345,None
2014-09-30,35.04717254638672,35.205280353721164,34.906632645504494,35.00325110488839,6759900,35.12917811075847,2,2,0.0002632541154941048,None
2014-10-01,34.502567291259766,34.97689057293828,34.40594550972512,34.93297249516832,13059200,35.11573994954427,2,2,0.0002947132067843139,None
2014-10-02,34.4849967956543,34.60797209518697,34.133648849192404,34.52013259552078,13376800,35.10171610514323,2,2,0.0003075578636837495,None
2014-10-03,34.76609420776367,34.87149830017742,34.57285057939207,34.69582257899739,6705100,35.091522471110025,2,2,0.00022355726552358846,None
2014-10-06,34.774879455566406,35.00325556708748,34.687043262843524,34.94176956203427,6947800,35.08133087158203,2,2,0.00022351264665476656,None
2014-10-07,34.23027038574219,34.70459027770849,34.23027038574219,34.67824010335877,9006700,35.05181884765625,2,2,0.0006472301582953754,None
2014-10-08,34.88029098510742,34.94177700325473,34.03705129274147,34.27421308448252,8670600,35.043391418457034,2,2,0.00018482250991480598,None
2014-10-09,34.30055236816406,34.9066334267561,34.26541655447324,34.84514407742935,15300100,35.015930811564125,2,2,0.0006022403949956789,None
2014-10-10,33.422176361083984,34.24785121013705,33.422176361083984,34.07217549646179,30182600,34.96093991597493,2,2,0.0012060089862528933,None
2014-10-13,33.053260803222656,33.70325659622642,33.00934271192277,33.37825869972454,28603900,34.88840446472168,2,2,0.001590779802657094,None
2014-10-14,33.1059684753418,33.4836701751622,33.01813227336621,33.32556233101709,21542100,34.817334493001304,2,2,0.0015586402736156302,None
2014-10-15,32.877593994140625,33.00935165447028,32.13097618756989,32.63164993564419,29067200,34.74506607055664,2,2,0.0015849235761073999,None
2014-10-16,32.684329986572266,32.903923716690166,32.23636025145488,32.32419640320828,27123100,34.666938400268556,2,2,0.0017134231300088842,None
2014-10-17,33.070831298828125,33.3079896805605,32.85123747440227,33.009345296047755,12785900,34.59469718933106,2,2,0.0015843267987352139,None
2014-10-20,33.307979583740234,33.325547486457154,32.719469921030125,32.88635997073863,9221400,34.52861188252767,2,2,0.0014493212560047208,None
2014-10-21,33.95798110961914,33.975549013644056,33.54514374187138,33.54514374187138,11572800,34.49264780680338,2,2,0.0007887305351377272,None
2014-10-22,33.79987716674805,34.15122858572037,33.77352698308253,34.072174683988365,12079200,34.4444164276123,2,2,0.0010577655828400978,None
2014-10-23,34.17759323120117,34.36205129638177,33.96678162046843,34.03705327429164,32216000,34.40615208943685,2,2,0.0008391777438461201,None
2014-10-24,34.47623443603516,34.50258462578889,34.13366856629172,34.32691222644904,6903200,34.38279838562012,2,2,0.000512171630657976,None
2014-10-27,34.5113525390625,34.599188693639874,34.33567687917324,34.37081268129799,5943500,34.36761258443197,2,2,0.00033304081521379203,None
2014-10-28,34.98569107055664,35.00325562854328,34.607989409860366,34.607989409860366,7745400,34.35949147542318,2,2,0.0001781045814583937,None
2014-10-29,34.9505500793457,35.064736443035606,34.73095627892368,34.94176445091695,13176100,34.34786682128906,2,2,0.0002549410624725912,None
2014-10-30,35.06473922729492,35.1262285789722,34.774877130104265,34.9241993178949,9188200,34.333051427205405,2,2,0.00032491739238516004,None
2014-10-31,35.60932922363281,35.61811150076945,35.424871247146086,35.495139516444965,9962900,34.338907623291014,2,2,0.00012843262559791846,None
2014-11-03,35.758670806884766,35.82015683243362,35.6005629266914,35.65326667033489,9529800,34.35764694213867,2,2,0.0004109732471966332,None
2014-11-04,35.74987030029297,35.84649210568129,35.530276506496,35.70595221168065,6433200,34.37872784932454,2,2,0.00046232677668034405,None
2014-11-05,35.84650802612305,35.987047982541434,35.68840015631025,35.969480069147025,7278100,34.39541753133138,2,2,0.00036602252540696156,None
2014-11-06,35.82892990112305,35.85528008833616,35.609336072384714,35.82892990112305,8589600,34.437286885579425,2,2,0.0009182395909490548,None
2014-11-07,35.87285232543945,35.90798814645398,35.69717657110311,35.86407004555398,7475700,34.468030293782554,2,2,0.0006742357287283784,None
2014-11-10,35.969459533691406,36.00459534042071,35.79378385077985,35.85526983718866,4820900,34.50228678385417,2,2,0.0007512813606906921,None
2014-11-11,35.98703384399414,36.004601750486486,35.83770831417697,35.99581612187254,3054300,34.53361549377441,2,2,0.0006870720195897295,None
2014-11-12,36.10122680664063,36.12758034656233,35.85528277227907,35.87285068198149,4516600,34.58690414428711,2,2,0.001168676936336821,None
2014-11-13,36.2944564819336,36.41742845174532,36.127566430151234,36.1890524150571,5396100,34.64721946716308,2,2,0.0013227793549785982,None
2014-11-14,36.54919052124024,36.54919052124024,36.30324655151844,36.30324655151844,4343300,34.706656010945636,2,2,0.0013035067922706478,None
2014-11-17,36.47892761230469,36.53163134014618,36.303255220971856,36.44379514447977,4132700,34.76345761617025,2,2,0.0012457197796198471,None
2014-11-18,36.60189437866211,36.68094828372181,36.44378991927832,36.45257219729135,4829900,34.84251174926758,2,2,0.0017337414474576374,None
2014-11-19,36.36472702026367,36.61067095262737,36.19783362267278,36.61067095262737,7167000,34.89199295043945,2,2,0.0010851755117731177,None
2014-11-20,36.54919052124024,36.54919052124024,36.17148893874732,36.24175720835271,4897400,34.96694755554199,2,2,0.0016438344265201632,None
2014-11-21,36.60189437866211,36.85662400060286,36.45257219729135,36.8390560938412,6462800,35.07293815612793,2,2,0.0023244869063396845,None
2014-11-24,36.79513931274414,36.80392494180567,36.5667632181802,36.6721673117685,3113200,35.19766743977865,2,2,0.002735446210139436,None
2014-11-25,36.81270599365234,36.96203152610181,36.7863558088171,36.84784180725641,4744600,35.32122535705567,2,2,0.002709756896340565,None
2014-11-26,37.1464958190918,37.16406372887222,36.82149451425816,36.82149451425816,10241000,35.463522084554036,2,2,0.003120718988819604,None
2014-11-28,37.32216262817383,37.40121652788567,37.1464869231769,37.216755194734446,5432500,35.618116505940755,2,2,0.003390420530877236,None
2014-12-01,36.90053939819336,37.27824098915584,36.74243495035208,37.23432290082575,11664700,35.74577344258626,2,2,0.002799652762560889,None
2014-12-02,36.90933227539063,36.97081828127585,36.76000672485794,36.88298208736439,5630600,35.86581853230794,2,2,0.0026327168417370483,None
2014-12-03,37.04108047485352,37.10256982136284,36.83027230383902,36.98838010746762,4271700,35.968588511149086,2,2,0.002253855236789004,None
2014-12-04,37.04108047485352,37.15527018874872,36.90054057726536,37.01473029116057,3766800,36.07662862141927,2,2,0.0023694348394498466,None
2014-12-05,36.997161865234375,37.137701760847655,36.909325687001854,37.06743348840872,7179500,36.17061424255371,2,2,0.0020612049040524827,None
2014-12-08,36.61946868896485,36.98838809400049,36.4613608511976,36.92690208495058,6689900,36.242055384318036,2,2,0.0015667804285199871,None
2014-12-09,36.61067199707031,36.663375705823846,36.01337670080308,36.13634867049312,8221700,36.31203269958496,2,2,0.0015346771523092606,None
2014-12-10,36.05730438232422,36.61946402242042,35.98703610268007,36.61946402242042,8270600,36.34775314331055,2,2,0.0007833874255807061,None
2014-12-11,36.21540451049805,36.62824187448479,36.118782714608805,36.118782714608805,9038200,36.389914957682294,2,2,0.0009246535533609102,None
2014-12-12,35.67960357666016,36.20663076457383,35.635685482017976,35.934333216614974,8983000,36.410410435994464,2,2,0.00044948769713948344,None
2014-12-15,35.46000671386719,36.066087760491286,35.301898906116165,35.91676223062174,10251100,36.40543301900228,2,2,0.00010916006289019009,None
2014-12-16,34.98569107055664,35.8464984935489,34.98569107055664,35.20528490348536,15651500,36.37966702779134,2,2,0.0005650756658381884,None
2014-12-17,35.64446258544922,35.75864893405904,35.02959935532272,35.091085343261874,15283000,36.37615343729655,2,2,7.705678667946358e-05,None
2014-12-18,36.663387298583984,36.680951856320775,36.17149591355562,36.27690001365601,10659300,36.40338274637858,2,2,0.0005971677873317649,None
2014-12-19,36.70398712158203,36.89823590750216,36.65984058882688,36.81877080127707,11694400,36.43255132039388,2,2,0.0006396979354803545,None
2014-12-22,37.14546585083008,37.14546585083008,36.78345882821616,36.84526465879669,6107000,36.474971771240234,2,2,0.0009303257270762977,None
2014-12-23,37.24258804321289,37.3661996970122,37.22492875436085,37.30439387011255,6699400,36.51740938822429,2,2,0.0009307021987832176,None
2014-12-24,37.207275390625,37.33088706410899,37.19844742887564,37.33088706410899,2655600,36.558084106445314,2,2,0.000892039948836576,None
2014-12-26,37.366207122802734,37.436844292248615,37.26025473679954,37.277914029161,2278500,36.60025011698405,2,2,0.0009247455797780635,None
2014-12-29,37.18079376220703,37.33089271181272,37.14547517353534,37.22494031396364,4638300,36.629794692993165,2,2,0.0006479440601987463,None
2014-12-30,36.91590118408203,37.16312450215612,36.88058260488143,37.1101466333552,5503400,36.64201838175456,2,2,0.00026807853069943377,None
2014-12-31,36.509742736816406,37.08365783631101,36.47442752725386,37.03951129823411,5955300,36.643045552571614,2,2,2.252695146176542e-05,None
2015-01-02,36.43911361694336,36.82760791721254,36.253696112371614,36.73931482974944,8495200,36.63761952718099,2,2,0.00011899852349395168,None
2015-01-05,35.88285827636719,36.30667116528112,35.77690589618006,36.30667116528112,7194700,36.62155723571777,2,2,0.00035226318169390147,None
2015-01-06,35.450218200683594,35.988811443170135,35.28245661287462,35.988811443170135,8745600,36.58492482503255,2,2,0.0008033878335882427,None
2015-01-07,35.75041961669922,35.83871270789857,35.49436493678936,35.72392899480699,6534600,36.55654233296712,2,2,0.0006224583199894163,None
2015-01-08,36.5362434387207,36.61570857645862,35.98881543734128,36.04179331855519,14211700,36.547912470499675,2,2,0.0001892620873755746,None
2015-01-09,36.42145919799805,36.73048841362382,36.15657653200941,36.64219531434955,9169900,36.53487091064453,2,2,0.0002860153160180179,None
2015-01-12,35.997642517089844,36.492092578862426,35.874030843688075,36.4037961206001,5628700,36.4965758005778,2,2,0.000839852604239022,None
2015-01-13,35.971153259277344,36.74814183969686,35.715098596832924,36.29784171623022,11679200,36.451542154947916,2,2,0.0009876358755653847,None
2015-01-14,35.768070220947266,35.92700045600228,35.441381790296425,35.67977714287894,8830700,36.41379318237305,2,2,0.0008278752266046574,None
2015-01-15,35.3089485168457,36.00647204249953,35.28245789413384,35.918178948568354,9327700,36.360447057088216,2,2,0.001169937419384759,None
2015-01-16,35.653289794921875,35.68860500515295,35.17649909106967,35.19415838026772,18821500,36.314187367757164,2,2,0.0010145243214674249,None
2015-01-20,35.953495025634766,36.032960151896354,35.503191520763984,35.86519856969667,12015800,36.27793451944987,2,2,0.0007950636258493571,None
2015-01-21,36.01530075073242,36.165399673120746,35.617975120637766,35.794564663809325,13919100,36.245205815633135,2,2,0.0007177753787874774,None
2015-01-22,36.60687255859375,36.63336317989195,35.81222465112211,36.11242586989996,8812200,36.244785944620766,2,2,9.208219079903657e-06,None
2015-01-23,36.59804153442383,36.765799737169054,36.47442987259417,36.59804153442383,6478800,36.24436492919922,2,2,9.233317193491075e-06,None
2015-01-26,36.447940826416016,36.6510176179235,36.33316048871526,36.55389657098409,9733500,36.257386144002275,2,2,0.0002855691273282446,None
2015-01-27,35.39725112915039,35.84755141835083,35.23832082280517,35.84755141835083,10792000,36.23011436462402,2,2,0.0005980992062208923,None
2015-01-28,35.3354377746582,36.14774506300707,35.3354377746582,36.03296470802245,13047200,36.218642171223955,2,2,0.00025159743598046624,None
2015-01-29,35.670955657958984,35.74158945960333,35.01757530987916,35.35309513014532,16817600,36.225673802693684,2,2,0.00015421117713487753,None
2015-01-30,35.2294807434082,35.75041804213792,35.15884357902738,35.57382849935125,13006300,36.23380012512207,2,2,0.00017821891731029105,None
2015-02-02,35.59147262573242,35.63561915057792,34.779162422286724,35.35307734977001,15623600,36.232033793131514,2,2,3.873754428806997e-05,None
2015-02-03,35.997642517089844,36.03296110039478,35.60031687532308,35.6974412953289,9883700,36.20984230041504,2,2,0.00048668310176935847,None
2015-02-04,36.06827163696289,36.33315760922489,35.93583201899695,35.93583201899695,5889400,36.18865178426107,2,2,0.0004647306182452571,None
2015-02-05,36.40378952026367,36.42144880871435,36.10358835293192,36.21837204377888,5091800,36.16392923990885,2,2,0.0005421917634247375,None
2015-02-06,36.289024353027344,36.62454426852547,36.1830719364051,36.4567859948597,4790300,36.13214378356933,2,2,0.0006970889556694448,None
2015-02-09,36.23603820800781,36.41262775785752,36.15657307898372,36.19189166258676,7165700,36.09976921081543,2,2,0.0007100089069103088,None
2015-02-10,36.77463150024414,36.8187780416807,36.35081527159058,36.48325826406547,11245700,36.08005002339681,2,2,0.0004324628099554584,None
2015-02-11,36.91590118408203,36.97770701360056,36.72165236664377,36.82760473608051,6250000,36.071220270792644,2,2,0.00019364589124992726,None
2015-02-12,37.41918563842773,37.44567289333912,37.14547165440258,37.19844953239104,6769200,36.08799641927083,2,2,0.00036791882733711034,None
2015-02-13,37.65757751464844,37.68406476708221,37.43684142925933,37.50747522513785,4315800,36.1262575785319,2,2,0.0008391080268634887,None
2015-02-17,37.67522811889648,37.73703731279199,37.57810708429472,37.6928874074145,5340300,36.16746139526367,2,2,0.0009036436434433082,None
2015-02-18,37.71055603027344,37.745874616051736,37.56928505532596,37.67523744449514,3749800,36.22838465372721,2,2,0.0013361120307571195,None
2015-02-19,37.84300231933594,37.87832090817215,37.613434860066576,37.684072037739,3125400,36.308144124348956,2,2,0.001749210251587252,None
2015-02-20,38.03723907470703,38.09021357292268,37.64874145757927,37.84299026614315,6933500,36.38437143961588,2,2,0.0016717463177287062,None
2015-02-23,38.06373977661133,38.090227035080495,37.86949089939444,38.08139907164615,4047000,36.43528798421224,2,2,0.0011166541238185612,None
2015-02-24,38.17851638793945,38.23149089499523,37.842996581202335,38.037245422181535,4655500,36.493856557210286,2,2,0.0012844712673043546,None
2015-02-25,37.94011306762695,38.11669921177239,37.86064795549559,38.072552675736034,5867400,36.55860557556152,2,2,0.0014200150251413302,None
2015-02-26,38.17851638793945,38.23149089499523,37.9489489634794,38.05490134575646,7559400,36.63218434651693,2,2,0.0016136609163917015,None
2015-02-27,38.04606628417969,38.249143049050126,38.010747707289646,38.16967793512997,6056000,36.70811754862468,2,2,0.0016652961024858914,None
2015-03-02,38.34627532958984,38.3727625836167,38.054902062632166,38.17851710714382,6844500,36.80936177571615,2,2,0.0022203938737546114,None
2015-03-03,38.09023284912109,38.31096901850002,37.9224745729331,38.31096901850002,8612100,36.89059321085612,2,2,0.0017814920032737103,None
2015-03-04,37.94011306762695,38.01074685165217,37.737036307327855,37.99308756360467,5882700,36.95681381225586,2,2,0.001452288410790148,None
2015-03-05,37.89596939086914,38.02841238890738,37.76352976099626,38.02841238890738,7704300,37.01950276692708,2,2,0.00137483563164853,None
2015-03-06,37.42800521850586,37.93128315810492,37.36619939211053,37.87830866014602,8076700,37.04687385559082,2,2,0.0006002771647617422,None
2015-03-09,37.60459899902344,37.76352924724101,37.44566875080587,37.4986466229335,6249300,37.08042577107747,2,2,0.0007358292886368023,None
2015-03-10,36.83644485473633,37.40152878412391,36.83644485473633,37.39269745313391,8797900,37.09337590535482,2,2,0.00028401025559454673,None
2015-03-11,36.59804153442383,36.92472997899724,36.57155091534235,36.92472997899724,11520200,37.133402252197264,2,2,0.0008778204730375272,None
2015-03-12,36.83644485473633,36.862932111374526,36.45677845814794,36.49209704577614,12334900,37.1834358215332,2,2,0.0010972895346934575,None
2015-03-13,36.63336181640625,36.87175382205903,36.43028165606224,36.78346073612581,15187700,37.215516026814775,2,2,0.000703553114308697,None
2015-03-16,37.06600570678711,37.0924929611163,36.71282996579065,36.827610313327554,8639400,37.276733525594075,2,2,0.0013425650346794438,None
2015-03-17,37.074832916259766,37.18078528996588,36.91590267161798,36.97770850362698,9533700,37.326178868611656,2,2,0.001084389104207828,None
2015-03-18,37.5781135559082,37.71055319035444,36.88058669606209,37.03068562206759,15855400,37.37886123657226,2,2,0.0011553805133890371,None
2015-03-19,37.47216033935547,37.65758122917784,37.445673084309,37.525138217614106,8992400,37.42565752665202,2,2,0.0010262925481534513,None
2015-03-20,37.71419906616211,37.90037553783733,37.63440866659384,37.69646749048557,19296100,37.46933784484863,2,2,0.0009579559616748057,None
2015-03-23,37.71419906616211,37.90037553783733,37.70533158734772,37.72306316302425,3753100,37.51684366861979,2,2,0.0010418533787002193,None
2015-03-24,37.59007263183594,37.84717196416901,37.59007263183594,37.74078591692941,7117400,37.56197814941406,2,2,0.0009898472982579065,None
2015-03-25,36.623722076416016,37.61666635730754,36.623722076416016,37.54574007483965,8174300,37.55694783528646,2,2,0.00011032015348289015,None
2015-03-26,36.65031814575195,36.83649456635745,36.29569349340225,36.41981448909058,9002400,37.548095067342125,2,2,0.00019415064220518197,None
2015-03-27,36.67692184448242,36.77444381433677,36.4818812867258,36.65919026978599,7909300,37.52335294087728,2,2,0.0005426212200381197,None
2015-03-30,37.12019729614258,37.14679634646188,36.88082613497916,36.95175242656168,6605400,37.50544026692708,2,2,0.0003928440430056579,None
2015-03-31,36.73897552490234,37.07586863309671,36.73897552490234,37.00494572618566,7963600,37.47423184712728,2,2,0.000684433928963113,None
2015-04-01,36.68578720092773,36.80990483467183,36.42868445562819,36.774441687330125,10427800,37.44007288614909,2,2,0.0007491424436603111,None
2015-04-02,36.67692184448242,36.82763853842607,36.60599892764876,36.74784814326816,5469300,37.4012035369873,2,2,0.000852446280000585,None
2015-04-06,37.03153991699219,37.10246282107536,36.384352775707725,36.41981591872504,7344700,37.36768023173014,2,2,0.0007352018357922319,None
2015-04-07,36.95174789428711,37.253177832637824,36.942880417951066,37.031538271554986,4684300,37.33061383565267,2,2,0.0008129055960712783,None
2015-04-08,37.06699752807617,37.182247652755166,36.88081774599674,36.95174402144623,7203500,37.29356320699056,2,2,0.000812559799837187,None
2015-04-09,37.164512634277344,37.226574810510506,36.87195023008126,37.06699408751241,7290100,37.26770985921224,2,2,0.0005669914885237937,None
2015-04-10,37.306373596191406,37.341833356681015,37.08473402886218,37.19998416886837,4316300,37.238638432820636,2,2,0.000637567384488058,None
2015-04-13,37.199974060058594,37.5368670577973,37.1911099678328,37.37728634212899,3887200,37.21043535868327,2,2,0.0006185234934836803,None
2015-04-14,37.084739685058594,37.26204866040416,36.9074273277611,37.21772141656777,5851300,37.16838417053223,2,2,0.0009222274023614752,None
2015-04-15,37.41277694702149,37.492567363445495,37.14681001959243,37.18226979648412,12583100,37.1458023071289,2,2,0.0004952443472496793,None
2015-04-16,37.2797737121582,37.39502723153053,37.173387669172925,37.26204214133544,9114300,37.12379099527995,2,2,0.00048273154318789757,None
2015-04-17,36.76557540893555,37.04927380692408,36.65032187789281,36.96948342111783,10159400,37.08611119588216,2,2,0.000826358185060494,None
2015-04-20,37.39502716064453,37.43935439664176,36.916284895191296,36.934016465980456,4845800,37.085011927286786,2,2,2.410813263020728e-05,None
2015-04-21,37.37730026245117,37.625535520628986,37.332973020912526,37.61667142510196,5001400,37.07743530273437,2,2,0.00016616345665543264,None
2015-04-22,37.75851440429688,37.793977544463885,37.3152352980628,37.43935290669615,6095100,37.108170954386395,2,2,0.0006740656192905092,None
2015-04-23,37.90922546386719,38.05994210980227,37.58119989135106,37.669857736592576,5899800,37.151877085367836,2,2,0.0009585220635746072,None
2015-04-24,38.23725891113281,38.28158614798643,38.02448343950349,38.210659863459526,6228800,37.19857088724772,2,2,0.00102404487262997,None
2015-04-27,38.34365463256836,38.50323543107511,38.26386423331498,38.37911778378147,9250700,37.25558064778646,2,2,0.001250284847649441,None
2015-04-28,38.46775817871094,38.60960734961339,38.077673804216936,38.37910371512853,9149800,37.30230573018392,2,2,0.0010247308877400219,None
2015-04-29,38.281585693359375,38.512089351431605,38.0422145588509,38.281585693359375,8571100,37.34253082275391,2,2,0.0008821791787982924,None
2015-04-30,37.74965286254883,38.20179609341924,37.59893619762442,38.08654257105956,8652600,37.34824879964193,2,2,0.00012540133118865704,None
2015-05-01,38.21066665649414,38.22839823077816,37.87377689095376,37.98016295470588,10548400,37.37286567687988,2,2,0.0005398743709184028,None
2015-05-04,38.24613952636719,38.44118351111518,38.2284079475762,38.29933426274015,7698800,37.39059702555338,2,2,0.00038886738630994344,None
2015-05-05,37.652130126953125,38.21065939192883,37.62553107960808,38.14860058470931,8104900,37.38852806091309,2,2,4.5374601044256835e-05,None
2015-05-06,37.33297729492188,37.86491101818675,37.11133767990282,37.793988099995765,9873900,37.37995821634929,2,2,0.00018794583074166482,None
2015-05-07,37.60779571533203,37.74078079278948,37.31523327965706,37.39502364974132,5640300,37.412760670979814,2,2,0.0007193928127866567,None
2015-05-08,38.14860153198242,38.17520057998794,37.92696196299446,37.98902077175498,9819200,37.462703450520834,2,2,0.0010952984176666458,None
2015-05-11,37.953556060791016,38.1663281253752,37.91809292270999,38.12200089374941,6046500,37.50525792439779,2,2,0.0009332649950684058,None
2015-05-12,37.74965286254883,37.91809771680419,37.42162386675216,37.74965286254883,7650500,37.52623977661133,2,2,0.0004601543954982912,None
2015-05-13,37.90922546386719,38.13086500404449,37.82943509412532,37.90922546386719,9306500,37.56524810791016,2,2,0.0008554943064860154,None
2015-05-14,38.52096176147461,38.538693334666746,38.17520453910743,38.21066430353992,6976200,37.62642059326172,2,2,0.0013415778422036784,None
2015-05-15,38.39684677124024,38.63621795286549,38.30818889918346,38.60075480404279,8468200,37.68375142415365,2,2,0.0012573262629058668,None
2015-05-18,38.58301544189453,38.65393834327259,38.29044959608776,38.343644308584814,3393300,37.735467274983726,2,2,0.001134183761957841,None
2015-05-19,38.485496520996094,38.67167295645551,38.4411692814036,38.62734571686302,4565400,37.78659222920736,2,2,0.001121224769206619,None
2015-05-20,38.512088775634766,38.71599676525231,38.370239592337725,38.512088775634766,11010900,37.83476193745931,2,2,0.0010564130733751176,None
2015-05-21,38.68052673339844,38.72485395729079,38.41456000809392,38.45888723198627,3713100,37.88529574076335,2,2,0.0011082601990969332,None
2015-05-22,38.65394592285156,38.75146789057672,38.5564273370784,38.5564273370784,3968500,37.93021481831868,2,2,0.0009851232755074824,None
2015-05-26,38.09540939331055,38.56528418739227,37.98015587293058,38.538688521901264,7924400,37.960062662760414,2,2,0.0006545950603517037,None
2015-05-27,38.81351089477539,38.84010993637733,38.2106511417077,38.23725018330963,12587100,38.01768836975098,2,2,0.0012637932102245175,None
2015-05-28,38.733734130859375,38.80466042409482,38.61848397727948,38.68940688856313,4664800,38.061720275878905,2,2,0.0009656666599653363,None
2015-05-29,38.45003128051758,38.75146122804691,38.35250932955935,38.73372965678619,7738400,38.100728861490886,2,2,0.0008554998838445904,None
2015-06-01,38.55642318725586,38.68940490733481,38.31705203277178,38.67167333493396,6936300,38.160423787434894,2,2,0.0013091733886274604,None
2015-06-02,38.47663116455078,38.65394011710835,38.22839254345751,38.41457235476533,5637800,38.19647725423177,2,2,0.0007906909766922654,None
2015-06-03,38.55642318725586,38.76919529216284,38.485496897652446,38.53869161485501,5657300,38.23578135172526,2,2,0.0008619807745595676,None
2015-06-04,38.2017936706543,38.56528240401176,38.11313920181636,38.34364284996572,8347300,38.250557327270506,2,2,0.0003240529017993765,None
2015-06-05,38.07767868041992,38.23725944086487,37.90923044331057,38.1574690606424,7727500,38.25617243448893,2,2,0.00012314528962720228,None
2015-06-08,37.652130126953125,38.077677683009,37.58120384330147,38.06881020657687,8379500,38.23666814168294,2,2,0.0004277499419221842,None
2015-06-09,37.563472747802734,37.70532193494998,37.31523751578291,37.59007179548443,7706700,38.210662078857425,2,2,0.0005703406923743826,None
2015-06-10,38.14860153198242,38.22839191209614,37.65213106189832,37.65213106189832,8964800,38.20002352396647,2,2,0.00023331485442756872,None
2015-06-11,38.16634368896485,38.37911922226628,38.11315234210376,38.281597243751136,5644700,38.19618212381999,2,2,8.424600193934761e-05,None
2015-06-12,37.82943344116211,38.0422088784935,37.79397368656591,37.980150080511606,6158800,38.19884147644043,2,2,5.8322439078439814e-05,None
2015-06-15,37.59894180297852,37.65213652475603,37.31524338406893,37.58121022905267,9179100,38.17845064798991,2,2,0.00044719261406778177,None
2015-06-16,37.84717178344727,37.89150240304093,37.51914616655316,37.58120497564255,9173300,38.16515172322591,2,2,0.0002916596029405305,None
2015-06-17,37.86490249633789,38.015619159245766,37.64326293120088,37.873769972836136,11023900,38.17224413553874,2,2,0.00015554416584484532,None
2015-06-18,38.2017936706543,38.26385247523109,37.83830493729683,37.84716903140014,8963200,38.20120468139648,2,2,0.0006351356561300481,None
2015-06-19,37.883880615234375,38.21338214465654,37.883880615234375,38.12432877902941,13434800,38.21040751139323,2,2,0.0002018278763442627,None
2015-06-22,38.19556427001953,38.311336343300674,38.10651091959868,38.20447164336215,5438000,38.21197293599447,2,2,3.433143097897329e-05,None
2015-06-23,38.2222785949707,38.28462001523413,38.13322524688147,38.27571264212473,3993300,38.220930353800455,2,2,0.00019644572527688364,None
2015-06-24,38.04417037963867,38.35586048267227,38.04417037963867,38.13322372417189,4846800,38.230747604370116,2,2,0.00021530277476755622,None
2015-06-25,37.95513534545898,38.275733004604376,37.94623136478018,38.24901766539869,4913800,38.232277933756514,2,2,3.3561755489630585e-05,None
2015-06-26,37.63451385498047,37.97292265836187,37.52764916865844,37.92839598882495,10174300,38.20272967020671,2,2,0.0006480249318986386,None
2015-06-29,36.83302307128906,37.456406627159126,36.82411569921212,37.23376988557461,13107400,38.15060221354167,2,2,0.0011432107168826144,None
2015-06-30,36.8686408996582,37.12689690396687,36.77068020274229,37.10908555933064,11382900,38.09345639546712,2,2,0.001253268734510482,None
2015-07-01,37.11799621582031,37.27829493456892,36.957697497071706,37.198145575194616,8149500,38.04787305196126,2,2,0.0009996913362203541,None
2015-07-02,37.171424865722656,37.29610087397133,37.02893751384326,37.22485549944841,5160700,38.00318425496419,2,2,0.0009800729772782013,None
2015-07-06,37.02004623413086,37.18924897641675,36.815220789100174,36.9131815230644,7509000,37.9478349049886,2,2,0.0012138702732261697,None
2015-07-07,37.0734748840332,37.12690553319387,36.37884587043775,37.09128623280923,19659900,37.895152537028,2,2,0.0011553805133891482,None
2015-07-08,36.46790313720703,36.85083864846376,36.45009178817562,36.77068927640614,16160000,37.84090232849121,2,2,0.0011897649292750279,None
2015-07-09,36.32540512084961,36.98440785648718,36.32540512084961,36.8864471640411,8993800,37.75796546936035,2,2,0.001818893770172747,None
2015-07-10,36.904273986816406,37.02895344587594,36.69944854268473,36.78850529915583,6748300,37.69698346455892,2,2,0.0013374004005979323,None
2015-07-13,37.46531677246094,37.49203209875753,37.12690791831107,37.13581529185503,7071500,37.6641596476237,2,2,0.0007198613109107299,None
2015-07-14,37.60780715942383,37.705767893176215,37.4564157688377,37.474227120171584,6126400,37.63253911336263,2,2,0.0006934720386051474,None
2015-07-15,37.6167106628418,37.73247933884733,37.50984256583545,37.58999194000644,6538500,37.603875096638994,2,2,0.000628632455980549,None
2015-07-16,38.09760665893555,38.11541800990847,37.83935056274784,37.91059256947168,5206600,37.58858121236165,2,2,0.00033541119262681107,None
2015-07-17,38.685359954833984,38.685359954833984,38.373669867747005,38.42710391003356,7775000,37.60470008850098,2,2,0.0003535041439866049,None
2015-07-20,38.89018249511719,39.014861917952096,38.68535711049592,38.81894050780701,9309500,37.63178354899089,2,2,0.0005939691721636997,None
2015-07-21,38.63194274902344,38.83676821995931,38.59632004177328,38.69428078812704,5975200,37.66444396972656,2,2,0.0007162778579981044,None
2015-07-22,38.0085563659668,38.1955704705101,37.84825759145308,37.87497292148266,8591300,37.67928009033203,2,2,0.0003253719471125738,None
2015-07-23,37.92840194702149,38.26681080356374,37.8393485939582,38.11541602675497,6322600,37.671940104166666,2,2,0.00016097372446033376,None
2015-07-24,37.723575592041016,38.16884914077206,37.69686026621078,38.11541509194401,9746100,37.65718116760254,2,2,0.0003236792187717441,None
2015-07-27,37.385162353515625,37.66123314428915,37.33172831096254,37.42078504855102,8653600,37.642372131347656,2,2,0.00032477795841967527,None
2015-07-28,37.723575592041016,37.794817593310846,37.287206019530856,37.54546549311508,7887500,37.64652659098307,2,2,9.111173039921816e-05,None
2015-07-29,37.97292709350586,38.053076466900414,37.58999157586162,37.72357499724171,8376300,37.650718434651694,2,2,9.193160211640183e-05,None
2015-07-30,38.04417037963867,38.1065084002454,37.6345161621508,37.81262624838457,6808200,37.65669403076172,2,2,0.0001310511954695226,None
2015-07-31,37.91949462890625,38.15103536476673,37.84824923500003,38.08869734368247,10912000,37.64728406270345,2,2,0.0002063706349393346,None
2015-08-03,37.71467208862305,37.96402761157321,37.48313131427782,37.901689580127645,9198300,37.64164377848307,2,2,0.00012369744813045536,None
2015-08-04,37.49202728271485,37.71466403236794,37.358447271223305,37.67904473427052,7382700,37.61819254557292,2,2,0.000514310547688579,None
2015-08-05,37.85715866088867,38.124325529333206,37.65233321967096,37.73248260077074,10392800,37.606021881103516,2,2,0.0002669156514272242,None
2015-08-06,37.48313903808594,38.00856212365901,37.34955557336603,37.85716730383187,6509900,37.58732083638509,2,2,0.0004101338547244371,None
2015-08-07,37.50984954833984,37.56328360678983,37.251593425418704,37.39408085078382,7912500,37.57247797648112,2,2,0.000325519747115921,None
2015-08-10,38.09760665893555,38.14213673495176,37.679051801159424,37.679051801159424,5572000,37.58791440327962,2,2,0.0003385373021325133,None
2015-08-11,37.52766036987305,38.04417940273928,37.42079565165415,37.99074534504576,27344500,37.61106897989909,2,2,0.0005078045588595703,None
2015-08-12,37.69685363769531,37.76809562643813,36.90426400670016,37.25158016725998,10035700,37.63867607116699,2,2,0.0006054529535599595,None
2015-08-13,37.58999633789063,37.83935186291151,37.51875432871891,37.723579776193525,6643900,37.654409408569336,2,2,0.00034504886832054105,None
2015-08-14,37.777000427246094,37.81262312098004,37.46531034999174,37.49202567170867,5953000,37.674595260620116,2,2,0.00044269726302093027,None
2015-08-17,37.99072647094727,37.999630444221886,37.50983038212309,37.63450639096644,5591700,37.706951268514,2,2,0.0007096017597312265,None
2015-08-18,37.7948112487793,37.955109971186886,37.7502845808143,37.901679328495696,4691900,37.73099581400553,2,2,0.0005273225253463742,None
2015-08-19,37.54547500610352,37.86607258596728,37.33174215380487,37.67905846343623,9227600,37.76691487630208,2,2,0.0007877433426621838,None
2015-08-20,36.62819290161133,37.30500701304103,36.62819290161133,37.14470830822435,13726900,37.777007802327475,2,2,0.00022134863151057615,None
2015-08-21,35.23002624511719,36.51241218168951,35.23002624511719,36.2363415007507,23666400,37.72119954427083,2,2,0.0012239346168543275,None
2015-08-24,33.840789794921875,35.27457116925354,27.89193489604115,32.95914667130044,36103900,37.600381978352864,2,2,0.0026496580685417825,None
2015-08-25,33.57362365722656,35.21223032571642,33.53800096076286,35.1498923054886,18605400,37.46590919494629,2,2,0.002949131550907591,None
2015-08-26,35.26565933227539,35.31909337448457,33.94765019895336,34.24153233535312,34388400,37.38754081726074,2,2,0.001718702099941627,None
2015-08-27,36.08496475219727,36.09386872742014,35.292378467840805,35.74655594188571,20105500,37.3204527537028,2,2,0.0014713127810392912,None
2015-08-28,36.15620803833008,36.21854605862082,35.84451793687634,35.92466730541692,13836100,37.23614768981933,2,2,0.001848899959542738,None
2015-08-31,35.826698303222656,36.218537682598864,35.73764497973559,35.86232099148409,11050300,37.13403155008952,2,2,0.002239515847779705,None
2015-09-01,34.67789840698242,35.37252736603838,34.50869570264639,35.06974125495429,21289000,37.00223007202148,2,2,0.0028905469759741287,None
2015-09-02,35.51500701904297,35.55062630887938,34.856000898156374,35.19440963035038,12685100,36.919111760457355,2,2,0.0018228732155471938,None
2015-09-03,35.541725158691406,35.995902563969004,35.43486048636139,35.7109278396445,11031100,36.83955586751302,2,2,0.001744745576012896,None
2015-09-04,34.998497009277344,35.24785248354546,34.82929429941137,35.069742401116024,13780500,36.74871991475423,2,2,0.001992129317556657,None
2015-09-08,35.97809982299805,36.004815145655144,35.577352997305724,35.6664063376075,9454600,36.70181783040365,2,2,0.0010286127293388514,None
2015-09-09,35.5061149597168,36.38775815880511,35.42596557798149,36.20964804415246,9652300,36.62790247599284,2,2,0.0016210425505238657,None
2015-09-10,35.86233901977539,36.06716448449629,35.43487673724896,35.45268809033359,14024400,36.557549540201826,2,2,0.0015429149109893459,None
2015-09-11,36.03154373168945,36.03154373168945,35.60408142598919,35.61298880159852,6859700,36.49046198527018,2,2,0.0014713016263221412,None
2015-09-14,35.94247817993164,36.21854558124705,35.85342143985629,36.18292628238418,7445400,36.424561436971025,2,2,0.001445269304968022,None
2015-09-15,36.40556335449219,36.50352407084623,35.96028984173185,36.058250558085895,8806000,36.380924479166666,2,2,0.0009570050220302218,None
2015-09-16,36.55696487426758,36.59258758050508,36.31651670291678,36.36104678429778,7718100,36.349755732218426,2,2,0.0006835638610185324,None
2015-09-17,36.30759811401367,36.86864362138922,36.18292208952285,36.40555881816128,16782600,36.298103713989256,2,2,0.0011327838449444183,None
2015-09-18,35.8361701965332,36.21188475840517,35.75565944577711,35.88089763306777,18115100,36.243204752604164,2,2,0.0012039927711120502,None
2015-09-21,36.19399642944336,36.30134638197908,35.86300927367068,35.898792591182584,6960600,36.19934298197428,2,2,0.0009619354070493635,None
2015-09-22,35.58568572998047,35.75565474393958,35.3620451642315,35.61252491835961,12288200,36.11561228434245,2,2,0.0018363034951016655,None
2015-09-23,35.675140380859375,35.80932265919164,35.478335610991415,35.71092027425765,5678200,36.05386161804199,2,2,0.0013542579670238197,None
2015-09-24,35.675140380859375,35.77354276579335,35.084729483739366,35.27258672089485,11028200,35.98647117614746,2,2,0.0014779442604373472,None
2015-09-25,35.61252975463867,36.0508634120424,35.45150825243352,36.00613597531534,10828900,35.920555623372394,2,2,0.0014455983691266105,None
2015-09-28,34.79848098754883,35.51413027158252,34.780589328887366,35.46045529559814,12583300,35.821271642049155,2,2,0.002177403593519589,None
2015-09-29,34.64639663696289,35.120513552575055,34.39592029097673,34.887928861657095,13103400,35.70979398091634,2,2,0.00244482399590229,None
2015-09-30,35.335201263427734,35.388876215359886,34.96843095643327,35.06683332873383,12466800,35.627806981404625,2,2,0.0017980623357307657,None
2015-10-01,35.35309600830078,35.460442509077005,34.87897916842904,35.33520435609079,13518000,35.554727681477864,2,2,0.0016027069840640618,None
2015-10-02,35.85406875610352,35.85406875610352,34.816372918815006,34.94161454270127,14917000,35.528923543294276,2,2,0.0005659122696308749,None
2015-10-05,36.56076049804688,36.65021877615542,36.00613282371142,36.07769944619825,8568900,35.57328135172527,2,2,0.0009728140450357969,None
2015-10-06,36.6054916381836,36.68600239039305,36.42658188881568,36.43552601129018,9857900,35.66543807983399,2,2,0.002021095329544087,None
2015-10-07,36.77544784545898,36.92752176185532,36.337110922493686,36.802283616003386,15218900,35.77216555277507,2,2,0.002340647302938148,None
2015-10-08,36.9454231262207,37.01698974979913,36.45341453281458,36.632327679276194,15374800,35.828157679239915,2,2,0.0012279670471355697,None
2015-10-09,37.10643768310547,37.13327345569065,36.90068879749025,37.05276272545132,11376500,35.86220677693685,2,2,0.0007467330247366011,None
2015-10-12,37.15117263793945,37.21379172831886,36.9901511448254,37.18695595029468,6343700,35.895372263590495,2,2,0.0007273544922152819,None
2015-10-13,37.07066345214844,37.29430404505772,36.94542526611678,36.954372800824544,8951800,35.93683776855469,2,2,0.0009093827454622616,None
2015-10-14,36.99909973144531,37.22274032129933,36.90069732591201,36.96331641807237,12756100,36.014211146036786,2,2,0.0016968806843451478,None
2015-10-15,37.47321701049805,37.49110866733757,37.13328235551637,37.15117401235588,8421900,36.07948481241862,2,2,0.001431521115972112,None
2015-10-16,37.5447883605957,37.571624142988334,37.321147740696965,37.571624142988334,7486300,36.14625358581543,2,2,0.0014643104072933344,None
2015-10-19,37.68791198730469,37.68791198730469,37.35692146761068,37.46427140439578,7092100,36.235900751749675,2,2,0.0019660579546922907,None
2015-10-20,37.58950424194336,37.696850750986,37.43742689268929,37.53582928118004,5928900,36.28961423238118,2,2,0.001177993913909825,None
2015-10-21,37.30324935913086,37.768422174188935,37.25852192570852,37.67001977316913,9417200,36.34951871236165,2,2,0.0013137691321294387,None
2015-10-22,38.14413833618164,38.224649084768174,37.57161897400388,37.57161897400388,14236000,36.4255786895752,2,2,0.0016680764157575023,None
2015-10-23,39.20867156982422,39.36074553959817,38.967139312696695,39.09237750250695,16691700,36.53148295084635,2,2,0.002322593393088601,None
2015-10-26,39.056602478027344,39.17289657003011,38.9134726003645,39.17289657003011,8288100,36.63528709411621,2,2,0.002276535565612914,None
2015-10-27,38.832950592041016,39.07448283053491,38.788223158057214,38.96713630647689,7679000,36.716200002034505,2,2,0.0017745063616037005,None
2015-10-28,39.41442489624024,39.41442489624024,38.89557700933017,39.0118710895833,14779600,36.811448669433595,2,2,0.002088904855633622,None
2015-10-29,39.30706787109375,39.3607428398243,39.065535630533056,39.18182968987365,7609000,36.911430994669594,2,2,0.0021927190202875035,None
2015-10-30,39.04764938354492,39.37863650976431,39.03870184872336,39.36968897494275,9339500,37.01848030090332,2,2,0.0023477054502702988,None
2015-11-02,39.39651870727539,39.41441036013779,39.02080082213262,39.11920320663391,13743300,37.12523104349772,2,2,0.0023411576312515336,None
2015-11-03,39.60227584838867,39.745405688628,39.19972210631415,39.2712887326761,6879000,37.259117380777994,2,2,0.0029362701619324305,None
2015-11-04,39.64699935913086,39.75434587556342,39.54859696386591,39.69172678993741,7298600,37.39151268005371,2,2,0.002903570108349074,None
2015-11-05,39.53071975708008,39.87960203484587,39.45020898720882,39.68279717238601,6728800,37.520031992594404,2,2,0.0028185655856380887,None
2015-11-06,39.66489791870117,39.682789576635166,39.34285490085893,39.48598475184606,6868900,37.655110931396486,2,2,0.0029624251851756433,None
2015-11-09,39.28023147583008,39.548599490297406,39.09237420695139,39.548599490297406,10146200,37.80450261433919,2,2,0.0032763189282506433,None
2015-11-10,39.02080535888672,39.06553279000104,38.859783876887775,39.05658866877187,17273300,37.95031623840332,2,2,0.0031978482811612086,None
2015-11-11,39.00291442871094,39.3070657434181,38.94029534149043,39.11026436036122,8201100,38.07257334391276,2,2,0.0026812287070047125,None
2015-11-12,38.66298294067383,39.0029141510266,38.65403540685785,38.81505689070255,8034000,38.1829029083252,2,2,0.0024196450104169154,None
2015-11-13,37.902610778808594,38.58248016485498,37.89366665563022,38.52880518832974,15044900,38.25118764241537,2,2,0.001497557042020814,None
2015-11-16,38.484073638916016,38.49301776113952,37.82209598238398,37.83998763931561,9079200,38.315298080444336,2,2,0.0014060102776491945,None
2015-11-17,38.49301910400391,38.788226334947545,38.412508351245165,38.56458573422712,9394400,38.37821566263835,2,2,0.0013798496770469626,None
2015-11-18,39.074493408203125,39.11027673007069,38.6272121223148,38.67193956840655,10166800,38.45485051472982,2,2,0.0016806840349156138,None
2015-11-19,39.25341033935547,39.441267678303525,39.10133291319343,39.11028045075423,9367500,38.53178342183431,2,2,0.001687220699217007,None
2015-11-20,39.53965377807617,39.5575454333189,39.36968475951246,39.41441560386142,7288200,38.612890625,2,2,0.0017787674635885153,None
2015-11-23,39.30706787109375,39.58438342414148,39.16393803363013,39.566491767897965,7227100,38.684753799438475,2,2,0.0015760360551480002,None
2015-11-24,39.316009521484375,39.44124768396153,38.92239996800305,39.01185823583244,11303400,38.75959866841634,2,2,0.0016414277962760737,None
2015-11-25,39.19077682495117,39.33390666095654,39.18182929067832,39.324959126683694,6576600,38.832654571533205,2,2,0.0016021938670710556,None
2015-11-27,39.28023147583008,39.35179809967973,39.17288495254004,39.23550404216626,3800700,38.89288838704427,2,2,0.0013209918115412167,None
2015-11-30,39.324954986572266,39.4501931533314,39.19077269896639,39.33390251990313,17025600,38.95222727457682,2,2,0.0013013650865609794,None
2015-12-01,39.67384338378906,39.68279091930121,39.40547533066858,39.48598608785322,7779000,39.01842498779297,2,2,0.0014517864485142917,None
2015-12-02,39.4233627319336,39.87064390966144,39.37863529665772,39.71856994722657,9697100,39.07955360412598,2,2,0.0013406157478419445,None
2015-12-03,38.91347122192383,39.64701224552218,38.72561390398688,39.53071815763893,11854300,39.13322766621908,2,2,0.0011771294233239304,None
2015-12-04,39.87064743041992,39.94221406316863,38.949249214932,39.029759970531856,12840200,39.190777969360354,2,2,0.0012621395233939348,None
2015-12-07,39.67384338378906,39.86170409220985,39.48598608785322,39.82592077513113,12814900,39.20628369649251,2,2,0.0003400571323562973,None
2015-12-08,39.57543182373047,39.68277832842189,39.21760559144725,39.33389962881188,11378300,39.22357800801595,2,2,0.00037928269552345295,None
2015-12-09,38.993988037109375,39.70069338561922,38.806130690032845,39.4054860580825,16253900,39.228945922851565,2,2,0.00011772409704968734,None
2015-12-10,39.10132598876953,39.39653325125479,38.98503532095878,39.10132598876953,9073400,39.21850929260254,2,2,0.0002288864316840611,None
2015-12-11,38.28726196289063,38.77032637601084,38.26042618854529,38.671923986765904,16960300,39.1845157623291,2,2,0.0007455143718787527,None
2015-12-14,38.58246612548828,38.59141024541207,37.88470533450096,38.27831486082298,21034200,39.169009653727215,2,2,0.0003400654983941598,None
2015-12-15,38.75244522094727,39.02081327455794,38.69877024523115,38.87768341846658,17021900,39.14754053751628,2,2,0.0004708406146123334,None
2015-12-16,39.28023147583008,39.35179809967973,38.600365611680544,38.993971805400335,18173800,39.13680572509766,2,2,0.00023542588466474168,None
2015-12-17,38.66298294067383,39.44125117093368,38.65403540685785,39.44125117093368,12108600,39.10400517781576,2,2,0.0007193509825971223,None
2015-12-18,37.91316986083984,38.63241702487743,37.85023624843025,38.55150189040443,22813900,39.05008684794108,2,2,0.001182486476277278,None
2015-12-21,38.29976272583008,38.32673672283229,37.97610562842444,38.22784006961478,11163300,39.00458234151204,2,2,0.000997962355048565,None
2015-12-22,38.57848358154297,38.64141721209743,38.26381542877065,38.44362384199732,9482600,38.98119074503581,2,2,0.0005130026570920876,None
2015-12-23,38.90214157104492,38.93810462309839,38.65939611412213,38.78526336668386,8045300,38.97723528544108,2,2,8.674744727998895e-05,None
2015-12-24,38.88416290283203,38.983059588434834,38.83921079927412,38.92911500638994,2432800,38.973276901245114,2,2,8.681158690415636e-05,None
2015-12-28,38.857181549072266,38.88415211780124,38.52452852983296,38.74030336853887,7177200,38.97975018819173,2,2,0.00014196608628691543,None
2015-12-29,39.38762664794922,39.48651988200292,39.01002151659678,39.09093665691338,6809200,39.02925071716309,2,2,0.001085599391028147,None
2015-12-30,39.05497360229492,39.369645116629165,39.05497360229492,39.369645116629165,7196500,39.04828071594238,2,2,0.00041734816809790853,None
2015-12-31,38.50654983520508,38.94708512247431,38.50654983520508,38.92011455416692,8834500,39.04873174031575,2,2,9.891445510556984e-06,None
2016-01-04,38.003074645996094,38.01206369154722,37.40969818051413,37.81427382280283,21638600,39.01301778157552,2,2,0.0007832452029357118,None
2016-01-05,37.90419387817383,38.20987299935369,37.73337450413614,38.119968787676136,16067200,38.968043899536134,2,2,0.0009863251962900499,None
2016-01-06,37.436668395996094,37.68840282456159,37.21190453345565,37.34676422282966,13858400,38.89794438680013,2,2,0.0015373570731257447,None
2016-01-07,36.330833435058594,37.14897382127726,36.31285191309916,36.67247549303853,16840700,38.798736572265625,2,2,0.0021757331746132813,None
2016-01-08,36.04313659667969,36.771372815934015,35.99818450577812,36.64550215993505,19233100,38.689640808105466,2,2,0.002392586455077117,None
2016-01-11,36.276885986328125,36.438716241478055,35.8273582619393,36.2948675068586,19135100,38.5925111134847,2,2,0.00213015778865866,None
2016-01-12,36.708438873291016,36.78935057841285,36.24092958693623,36.66348335316823,15841600,38.506784693400064,2,2,0.001880071816863893,None
2016-01-13,35.719486236572266,36.978165718349,35.656552605445995,36.978165718349,21962300,38.3866024017334,2,2,0.002635725826711899,None
2016-01-14,36.39376831054688,36.672476766156734,35.44076819136052,35.87231787411926,19795600,38.27726656595866,2,2,0.0023978514816132,None
2016-01-15,35.36884307861328,35.71048512476841,34.93729685539736,35.20701281620425,20177800,38.142115910847984,2,2,0.0029639980003064448,None
2016-01-19,35.40480041503906,35.84533561310949,35.09012898679337,35.782402013385145,19658800,38.025160217285155,2,2,0.0025649630892339292,None
2016-01-20,35.1260986328125,35.47672973428503,34.19108007580268,34.80243809926105,29631800,37.86700859069824,2,2,0.0034684338345599697,None
2016-01-21,35.32388687133789,35.83634816600563,34.88334822400774,35.32388687133789,22135700,37.7220100402832,2,2,0.0031799728467873933,None
2016-01-22,36.30385971069336,36.312848756079255,35.944236162019465,35.99818072320785,11248200,37.6129576365153,2,2,0.002391635515432533,None
2016-01-25,35.88129806518555,36.42072989106644,35.818364466486905,36.106061897573234,10480600,37.50920130411784,2,2,0.0022754870221928236,None
2016-01-26,36.2319450378418,36.312860190290806,35.8003987013222,36.02516263261108,11473700,37.41355527242025,2,2,0.002097619478475643,None
2016-01-27,35.4857177734375,36.15101684955961,35.32388752689447,35.93524547391834,18022400,37.32017046610515,2,2,0.002048028394315171,None
2016-01-28,35.944236755371094,36.079096445756086,35.51269054761325,36.007170362984255,17566800,37.232229487101236,2,2,0.001928639455717862,None
2016-01-29,37.07705307006836,37.10402363958238,36.169005027348405,36.24093111888555,16113300,37.17638308207194,2,2,0.001224771220646792,None
2016-02-01,37.21190643310547,37.38272917231622,36.897238381334944,36.92420894873683,14797300,37.10743891398112,2,2,0.0015120191329198729,None
2016-02-02,36.54661178588867,37.11301434880579,36.4297335967173,37.10402530177336,13951200,37.03689320882162,2,2,0.0015471425488224888,None
2016-02-03,36.501651763916016,36.79834172380089,35.935249270794145,36.78036020232685,21506200,36.98984260559082,2,2,0.001031869906772398,None
2016-02-04,36.53760528564453,36.78035061785104,36.15101124875532,36.42971961453841,18202900,36.931104024251304,2,2,0.0012881997315410398,None
2016-02-05,35.51268005371094,36.45668731858111,35.368831360298564,36.39375372956466,23777400,36.82891057332357,2,2,0.0022412113648000442,None
2016-02-08,35.00022506713867,35.099121704427304,34.397856198937,34.91930994841379,24821400,36.69884668986003,2,2,0.0028524396732099166,None
2016-02-09,34.838401794433594,35.33288165010707,34.523733730720835,34.57767486757178,24755300,36.563987986246744,2,2,0.0029575951926119615,None
2016-02-10,34.8923454284668,35.53966306075232,34.87436390678878,35.13509082668308,16975000,36.431826782226565,2,2,0.002898436149740391,None
2016-02-11,34.82041931152344,35.04518318786657,34.38887308049957,34.46079916714917,24627300,36.27958653767904,2,2,0.003338790922141621,None
2016-02-12,35.305908203125,35.33287876935151,34.90133256160535,35.09912585959815,10893400,36.15461769104004,2,2,0.0027407000819585914,None
2016-02-16,35.93525314331055,35.944242190203994,35.503706870302146,35.701496768582096,10293300,36.068907801310225,2,2,0.0018797092885536326,None
2016-02-17,36.67246627807617,36.74438891821673,36.09707143845661,36.14202351724743,11128700,36.02455418904622,2,2,0.0009727220186184216,None
2016-02-18,36.52861022949219,36.84327814743423,36.456684174177965,36.798326077674375,11578400,35.97870140075683,2,2,0.0010056005476770657,None
2016-02-19,36.55560302734375,36.66348874633408,36.30386853982459,36.39377273404567,8579300,35.94933255513509,2,2,0.0006440901053930137,None
2016-02-22,37.04107284545898,37.09501395947032,36.83429057262802,36.88823168663936,6590700,35.97300720214844,2,2,0.0005192102572353363,None
2016-02-23,36.45670318603516,36.92421250051047,36.38478052283696,36.88824945409893,8189500,35.986792755126956,2,2,0.0003023318786576912,None
2016-02-24,36.73540496826172,36.8073276183755,35.87231258915076,36.061113404026734,10144400,36.00207672119141,2,2,0.0003351936756406104,None
2016-02-25,37.19392776489258,37.21190928774811,36.57358065968854,36.86127816612735,9403400,36.01825968424479,2,2,0.00035490963835860256,None
2016-02-26,37.095027923583984,37.43666996929802,37.014112792483935,37.40070692667033,9772600,36.06411107381185,2,2,0.0010055698722049033,None
2016-02-29,36.83431243896485,37.409707527485,36.83431243896485,37.059076359769605,13601900,36.07879587809245,2,2,0.0003220534187342583,None
2016-03-01,37.93115234375,37.93115234375,37.095030409557175,37.14897497711388,12304200,36.164206186930336,2,2,0.0018731391601005676,None
2016-03-02,38.03903198242188,38.03903198242188,37.73335303516277,37.79628663345518,8748100,36.2520139058431,2,2,0.001925716919801479,None
2016-03-03,38.03903198242188,38.06600254465466,37.74234207936573,38.057013500451696,7883900,36.34911168416341,2,2,0.0021294578301520595,None
2016-03-04,38.13793182373047,38.326736081086416,37.895189862146864,38.04802764756058,7885900,36.4429131825765,2,2,0.0020571668964122214,None
2016-03-07,37.90419387817383,38.07501325221152,37.62548533457207,37.922175406434505,15813500,36.49625765482585,2,2,0.0011699011665535775,None
2016-03-08,37.6704216003418,37.98508960987575,37.53556192218491,37.67941064506102,11700500,36.55589510599772,2,2,0.0013079129055797445,None
2016-03-09,37.994083404541016,38.00307588000854,37.72436744413197,37.72436744413197,12160600,36.614633051554364,2,2,0.0012881857881446024,None
2016-03-10,37.95813751220703,38.3267502582536,37.49062807801675,38.15592745886872,12928400,36.69704704284668,2,2,0.001807426720851879,None
2016-03-11,38.54251480102539,38.55150727812615,38.24582821957775,38.33573241283458,8820100,36.78365631103516,2,2,0.0018994336173097093,None
2016-03-14,38.58746337890625,38.65938947065296,38.40765500878911,38.42563653172579,10060900,36.83400332132975,2,2,0.0011041636291913015,None
2016-03-15,38.73131561279297,38.76727522908829,38.41664410542892,38.434625628389,6321100,36.884650293986006,2,2,0.001110742123682451,None
2016-03-16,39.18084335327149,39.24377696874761,38.54251129260319,38.55150376888539,14756900,36.97245801289876,2,2,0.001925716919801479,None
2016-03-17,39.32469177246094,39.45055900234191,39.06396483649334,39.10891692864728,9367100,37.066559346516925,2,2,0.0020637426022240835,None
2016-03-18,39.38795852661133,39.50542759431983,39.21627561762464,39.47831722671728,9414400,37.16157112121582,2,2,0.002083709546079948,None
2016-03-21,39.52347946166992,39.54154843471998,39.27950696195423,39.29757938196595,8003500,37.295264434814456,2,2,0.0029320369467404905,None
2016-03-22,39.532508850097656,39.68611922994522,39.342753634887885,39.342753634887885,13112900,37.446340560913086,2,2,0.0033132605630632472,None
2016-03-23,39.30663299560547,39.52349869431406,39.225308789460165,39.4783158988174,10675100,37.59528160095215,2,2,0.003266435848777949,None
2016-03-24,39.4150505065918,39.4150505065918,39.08071930657512,39.13493657426518,6743200,37.74603843688965,2,2,0.0033062581893172904,None
2016-03-28,39.31565475463867,39.50541347216893,39.24336850978705,39.45119620330854,6408000,37.89587961832682,2,2,0.0032861769096096394,None
2016-03-29,39.93010711669922,39.957217477169806,39.19819287628183,39.24337221444941,10081500,38.05001958211263,2,2,0.003380453791025251,None
2016-03-30,40.165035247802734,40.36382497592391,40.07467314687339,40.13792489404308,10988300,38.19101231892903,2,2,0.0030921210825008982,None
2016-03-31,40.08372116088867,40.28251438596499,40.01143146196544,40.1108280745036,14594900,38.30472081502278,2,2,0.0024937485857076114,None
2016-04-01,40.39093780517578,40.40901022646928,39.76745133491679,39.803596177503785,9654900,38.433465067545576,2,2,0.002823498759336407,None
2016-04-04,40.2373275756836,40.418048357951456,40.156003396011165,40.32768969029864,7646200,38.5561892191569,2,2,0.002691471526108269,None
2016-04-05,39.84877395629883,40.07467404323241,39.76744978712427,39.97528090042952,10726100,38.64977925618489,2,2,0.0020525293227205976,None
2016-04-06,40.2373275756836,40.2373275756836,39.71324109876524,39.85781703518708,11138500,38.77580006917318,2,2,0.0027637708258859695,None
2016-04-07,39.65901565551758,40.02949163167154,39.50540526277737,39.94816746876157,10630900,38.87325375874837,2,2,0.002137263343539031,None
2016-04-08,39.65901565551758,40.02045714555332,39.52347768197531,39.8668433058516,8762800,38.95542335510254,2,2,0.001802066879219355,None
2016-04-11,39.550594329833984,40.06564633948328,39.550594329833984,39.83071172596139,8138600,39.037275568644205,2,2,0.0017951063356627106,None
2016-04-12,39.8216552734375,39.8578001039295,39.35178281792381,39.62286215269228,9592000,39.13685366312663,2,2,0.002183853808762737,None
2016-04-13,40.228294372558594,40.29154613132822,40.01142873751823,40.05661151974996,7876600,39.21342506408691,2,2,0.0016792924839400536,None
2016-04-14,40.21925354003906,40.34576049542741,40.08371554399466,40.174074208024265,6502700,39.286099116007485,2,2,0.001593819463104662,None
2016-04-15,40.065650939941406,40.27347866533327,39.98432674766087,40.16504755794681,6460900,39.35365308125814,2,2,0.0014815305020291492,None
2016-04-18,40.2373275756836,40.2373275756836,39.88492394609049,39.948175702839904,7112900,39.42363293965658,2,2,0.0015347329258955655,None
2016-04-19,40.01142501831055,40.35479413897275,39.78552491599947,40.30961480790293,6471000,39.49387397766113,2,2,0.001540460873196925,None
2016-04-20,40.092750549316406,40.27347132667126,39.93010219439324,40.04757121671822,6877800,39.57461827596028,2,2,0.0017708085728392886,None
2016-04-21,39.94817352294922,40.11985980786811,39.84877692577765,40.029497698183945,11277900,39.63975461324056,2,2,0.001428509342318196,None
2016-04-22,39.25239944458008,39.51444438324116,39.044571769871546,39.31565119571042,14924400,39.682896677653,2,2,0.0009461514821577088,None
2016-04-25,39.26144409179688,39.27951651620448,39.04457844586808,39.14397505662868,9357500,39.70686098734538,2,2,0.0005255628687020897,None
2016-04-26,39.07169342041016,39.39698675727743,38.94518643461616,39.306628071530334,7367400,39.72300198872884,2,2,0.0003539893741865141,None
2016-04-27,38.89096832275391,38.93614766065634,38.43013011404652,38.57470606351182,12779600,39.728323745727536,2,2,0.0001167118064602235,None
2016-04-28,38.40301132202149,39.089746007822825,38.27650783623925,38.95420803603962,22669600,39.70239601135254,2,2,0.0005686228659197434,None
2016-04-29,38.06869125366211,38.24941204886287,37.7885738487528,38.18615684062451,11896200,39.66052932739258,2,2,0.0009181810286835734,None
2016-05-02,38.34880447387695,38.39398725702979,37.98736633739102,38.15001470524653,12552700,39.6258908589681,2,2,0.0007596585533363731,None
2016-05-03,37.99640655517578,38.16809288433474,37.86990301598261,38.08676868814442,12531200,39.57498842875163,2,2,0.0011163445804149852,None
2016-05-04,37.87892532348633,37.98735984817487,37.7704942457596,37.82471150810387,11245700,39.51986897786458,2,2,0.0012088283410347511,None
2016-05-05,37.89699935913086,38.07772012768413,37.8066406983352,37.98736146688847,13559900,39.4728811899821,2,2,0.0010304922991934973,None
2016-05-06,38.17712020874024,38.17712020874024,37.73435445770328,37.73435445770328,9229900,39.43161684672038,2,2,0.0009049710547944789,None
2016-05-09,38.17712020874024,38.35784099379536,38.15001329741876,38.19519263194197,7541200,39.39366569519043,2,2,0.0008323092267069621,None
2016-05-10,38.67409896850586,38.67409896850586,38.24940909657071,38.29458843014311,13920200,39.35179875691732,2,2,0.0009181866060421484,None
2016-05-11,38.39398193359375,38.791564862690976,38.39398193359375,38.57469925329854,7152100,39.29276364644368,2,2,0.001294702931690872,None
2016-05-12,38.285552978515625,38.53856346746368,38.0415804250456,38.53856346746368,9336500,39.23282470703125,2,2,0.001314524864222455,None
2016-05-13,38.14097213745117,38.51144816435677,38.09579280674795,38.27651357652282,10921300,39.15782585144043,2,2,0.0016448048869197596,None
2016-05-16,38.67409896850586,38.76446108261285,38.17711940528512,38.17711940528512,6394200,39.10571823120117,2,2,0.0011427756829103242,None
2016-05-17,38.285552978515625,38.746391172946495,38.16808739300083,38.55663244449485,9940100,39.05361086527507,2,2,0.0011427701055516382,None
2016-05-18,38.35784149169922,38.65602786099286,38.131941369188574,38.186155192535246,10903500,38.99096132914225,2,2,0.0013739711410627464,None
2016-05-19,38.15000915527344,38.31265749946725,37.92410906022224,38.26747472288749,8634800,38.940661112467446,2,2,0.0011031373952054002,None
2016-05-20,38.61083221435547,38.70119429336276,38.33071493987415,38.35782528705677,5873000,38.90572166442871,2,2,0.0007662593572618226,None
2016-05-23,38.53853988647461,38.75540194777931,38.502395060603725,38.59275367832063,8427700,38.87198651631673,2,2,0.0007398477755218291,None
2016-05-24,39.26144409179688,39.324695853742256,38.692174787325975,38.692174787325975,9461500,38.85331281026205,2,2,0.00040953428867263053,None
2016-05-25,39.532508850097656,39.659012326904175,39.36986053792893,39.42407779097225,9814700,38.83011995951335,2,2,0.0005086439513315444,None
2016-05-26,39.65901565551758,39.72226739922961,39.45118800518355,39.532512168093525,6517100,38.81144536336263,2,2,0.00040955380942797603,None
2016-05-27,39.84877395629883,39.902991218069126,39.604804895736926,39.64998422373129,7788000,38.804216130574545,2,2,0.0001585447847817223,None
2016-05-31,39.93010711669922,39.98432439067784,39.69517249005028,39.88492777853164,12371400,38.7939754486084,2,2,0.00022458907686806473,None
2016-06-01,39.83072662353516,39.93915775902688,39.73132997976623,39.7945817627167,6885500,38.78795216878255,2,2,0.00013209695021065837,None
2016-06-02,39.79456329345703,39.79456329345703,39.46926659099335,39.66805978626827,7764500,38.77801259358724,2,2,0.00021798548426332776,None
2016-06-03,39.704193115234375,39.79455520698001,39.48733098896756,39.74033795193263,8304700,38.76987991333008,2,2,0.00017835835127555377,None
2016-06-06,39.776485443115234,39.92106135259517,39.69516127859767,39.73130611770805,8635600,38.787349446614584,2,2,0.00038312549561192455,None
2016-06-07,39.93914031982422,40.0294989854521,39.893960987010274,39.902995474788206,4409400,38.80993932088216,2,2,0.0004954200340459014,None
2016-06-08,40.02047348022461,40.08372524975335,39.866859577824165,39.930111347352906,8158500,38.84156532287598,2,2,0.0006935919518156197,None
2016-06-09,40.02949523925781,40.07467456784361,39.830705504087945,39.85781241184706,12919500,38.879516220092775,2,2,0.000832303649348165,None
2016-06-10,39.722267150878906,39.85780857053526,39.58672917818405,39.722267150878906,8282600,38.92349141438802,2,2,0.0009644229089932344,None
2016-06-13,39.279518127441406,39.60481488619695,39.270480191385616,39.36987680622344,11783100,38.96385231018066,2,2,0.0008851574883008695,None
2016-06-14,39.36985397338867,39.43310570124533,39.0897367164802,39.18913327367226,8420600,38.99788729349772,2,2,0.0007464234813334691,None
2016-06-15,39.270469665527344,39.51444216920084,39.22529033824596,39.43311800130967,7078100,39.04035606384277,2,2,0.0009313854252139819,None
2016-06-16,39.35180282592773,39.41505458796804,38.85482321834145,39.0716888645957,9596300,39.08945198059082,2,2,0.0010767258134654067,None
2016-06-17,39.0893783569336,39.3617775181897,38.91685969634482,39.27097895235208,11465200,39.129197947184245,2,2,0.0008716714351600929,None
2016-06-20,39.25282287597656,39.59786369895496,39.24374440388876,39.434423491425385,6856000,39.16505470275879,2,2,0.0007863768898004331,None
2016-06-21,39.52522277832031,39.616024819550034,39.334543687353445,39.37086450384533,5743900,39.209991455078125,2,2,0.0009855109019316632,None
2016-06-22,39.38903045654297,39.67959010189024,39.34363116140949,39.5343102792166,6495200,39.23382250467936,2,2,0.0005226403327857065,None
2016-06-23,39.92475509643555,39.961072458520505,39.49799405229978,39.6432738918734,9763400,39.28484827677409,2,2,0.0011190495993455007,None
2016-06-24,38.39023208618164,39.171112501954525,38.30851196211833,38.51735150944802,23623000,39.288337580362956,2,2,7.652414893133397e-05,None
2016-06-27,37.61842727661133,38.10874793846107,37.464065528809485,38.10874793846107,18409000,39.27091941833496,2,2,0.00038199886917100745,None
2016-06-28,38.36298370361328,38.36298370361328,37.972543592370506,38.03610328827108,13244700,39.26054890950521,2,2,0.00022743631844301948,None
2016-06-29,38.95318984985352,39.01674955393126,38.61722745544934,38.62630939245707,10504200,39.282803471883135,2,2,0.00048806628670683416,None
2016-06-30,39.37994384765625,39.39810425630412,38.953186367534485,39.04398494703006,13355300,39.31687355041504,2,2,0.0007471931568229229,None
2016-07-01,39.47075653076172,39.588794023175794,39.35271557460293,39.407196815232695,7474700,39.36089846293132,2,2,0.0009655132826034141,None
2016-07-05,39.18017578125,39.316373613997634,39.0621348885411,39.261895866395726,8680700,39.3798765818278,2,2,0.0004162103869396194,None
2016-07-06,39.45259475708008,39.46167323166637,38.916874699129714,39.05307260039158,7850800,39.41034507751465,2,2,0.0006682066040613055,None
2016-07-07,39.45259475708008,39.63419542250716,39.30731491748733,39.41627393124574,6166100,39.416716766357425,2,2,0.00013973793151866865,None
2016-07-08,40.07004165649414,40.09728054856247,39.59788123275372,39.64328054078267,12748000,39.43463452657064,2,2,0.00039295559017782367,None
2016-07-11,40.30610275268555,40.39690479332618,40.16082295140421,40.19714376766047,5831800,39.456204096476235,2,2,0.0004730436712666597,None
2016-07-12,40.63299179077149,40.68747302671269,40.45139113471189,40.57851055483028,16042800,39.48234469095866,2,2,0.0005732911150840847,None
2016-07-13,40.64207458496094,40.77827595741934,40.61483569596717,40.751037068425575,10609400,39.506076939900716,2,2,0.0005204735289622286,None
2016-07-14,40.90538024902344,40.99618228496493,40.77826086244885,40.86905943464684,15488300,39.54189872741699,2,2,0.0007856100029903779,None
2016-07-15,40.86906051635742,41.04158265734077,40.75102306212456,41.04158265734077,4864800,39.57771530151367,2,2,0.0007854956671385915,None
2016-07-18,41.1414680480957,41.186867340781845,40.85998689145119,40.93262853074423,4107200,39.62562446594238,2,2,0.0010506990694699736,None
2016-07-19,41.0506706237793,41.15055115718784,40.98711091410921,41.06883103564852,4457900,39.66809730529785,2,2,0.0009314746629518478,None
2016-07-20,41.586387634277344,41.65902927648506,41.3139884034867,41.36846963514248,5384900,39.723005549112955,2,2,0.0012041963447015913,None
2016-07-21,41.368465423583984,41.6499430991224,41.26858490758889,41.59546533675693,5473400,39.7679386138916,2,2,0.000985430030231771,None
2016-07-22,41.61362457275391,41.61362457275391,41.250423336415,41.34122191362788,4707300,39.82074292500814,2,2,0.0011580548568469462,None
2016-07-25,41.55914306640625,41.64086317084125,41.43202367367262,41.54098265833806,4244800,39.88197212219238,2,2,0.0013428215931756693,None
2016-07-26,41.64993667602539,41.77705605359935,41.45017913858484,41.60453739314087,9057700,39.960986073811846,2,2,0.0017328602247959068,None
2016-07-27,41.99499130249024,42.10395031007529,41.79523023546396,42.10395031007529,10910100,40.04849065144857,2,2,0.001919068708327698,None
2016-07-28,42.022220611572266,42.14934000207501,41.85878040557056,42.04946295506829,6329300,40.140215682983396,2,2,0.0020116277632885593,None
2016-07-29,42.17658233642578,42.276462847154455,42.049462945950594,42.20382121617229,10589700,40.234375,2,2,0.0020650142399892824,None
2016-08-01,42.25830459594727,42.34002470310076,42.10394285410453,42.176584488793765,7841700,40.34000587463379,2,2,0.002316597732573089,None
2016-08-02,41.94049835205078,42.26737874724647,41.74074080456497,42.176580176911415,11112200,40.4295950571696,2,2,0.001964786316927314,None
2016-08-03,42.08578872680664,42.08578872680664,41.89510960290389,41.90419154046744,7980900,40.514947255452476,2,2,0.0018718647336561922,None
2016-08-04,42.31278991699219,42.33095032890868,42.05855107765012,42.094871901483096,8376200,40.612405904134114,2,2,0.0021373721020321312,None
2016-08-05,42.72138595581055,42.739546365784406,42.40358744062812,42.44898673369075,6063100,40.70562693277995,2,2,0.002044436575364683,None
2016-08-08,42.71230316162109,42.87574337110703,42.62150112093797,42.76678092228728,5219600,40.84969596862793,2,2,0.0031595876010351853,None
2016-08-09,42.80311584472656,42.91207486571109,42.7123172378636,42.7123172378636,14918400,41.022518920898435,2,2,0.0037901916532874225,None
2016-08-10,42.66690826416016,42.8394269635971,42.61242703414342,42.82126655359152,3556200,41.16598307291667,2,2,0.003146321853560119,None
2016-08-11,42.821266174316406,42.939307106435145,42.75770647173186,42.80310576447168,5259300,41.29491895039876,2,2,0.0028277012990556294,None
2016-08-12,42.77585983276367,42.81218064646801,42.685057798502825,42.81218064646801,3468700,41.40811614990234,2,2,0.0024825353062042366,None
2016-08-15,42.984710693359375,43.06643081395252,42.80311004051414,42.830348926130405,8280700,41.525247955322264,2,2,0.0025688254100775243,None
2016-08-16,42.66690826416016,42.912065139875374,42.66690826416016,42.912065139875374,4539000,41.64147237141927,2,2,0.0025489253945250034,None
2016-08-17,42.64875030517578,42.703228074579314,42.403589951627175,42.685067663530056,5287500,41.74801088968913,2,2,0.002336503325484185,None
2016-08-18,42.66690826416016,42.71230755730208,42.51254651098476,42.63966591727977,3543200,41.85515467325846,2,2,0.002349777438997225,None
2016-08-19,42.69414138793945,42.730462203051005,42.44898108155185,42.54886159123683,4788100,41.94262466430664,2,2,0.0019183101875556163,None
2016-08-22,42.69414138793945,42.73954067495711,42.50346230421918,42.57610047069871,4628700,42.02222595214844,2,2,0.0017457411345264129,None
2016-08-23,42.84850311279297,42.94838363053451,42.812185758495566,42.82126423113395,8315300,42.096076329549156,2,2,0.0016196175353966336,None
2016-08-24,42.61243438720703,42.848512830528406,42.5125538468133,42.83035241738912,6824400,42.16175498962402,2,2,0.0014404030595729367,None
2016-08-25,42.70322036743164,42.75770159074655,42.4671419938876,42.53978016123053,5912700,42.221682993570965,2,2,0.0013142850378019544,None
2016-08-26,42.72138595581055,43.03010599787806,42.494386026753375,42.67598666274792,12113600,42.283427174886064,2,2,0.0013541157443789364,None
2016-08-29,42.88482666015625,42.94838636390166,42.703226022136185,42.703226022136185,6982400,42.34153912862142,2,2,0.0012744571199040378,None
2016-08-30,42.73954391479492,42.893905658848496,42.59426410707948,42.80310361418644,5718200,42.397834904988606,2,2,0.0012346264133266116,None
2016-08-31,42.66690826416016,42.73046796730766,42.53070692099033,42.6850652104217,11161200,42.43385225931804,2,2,0.0007898989917682897,None
2016-09-01,42.80311584472656,42.83943667296968,42.467156842839806,42.65783599549892,9239600,42.48167394002279,2,2,0.0010487804581050808,None
2016-09-02,42.99378967285156,43.11183061815058,42.80311054380696,43.011950084724056,6907200,42.527679443359375,2,2,0.0010089497515277657,None
2016-09-06,43.21170425415039,43.21170425415039,42.96654392862065,43.02102515554187,15107400,42.58276481628418,2,2,0.0012080809749797083,None
2016-09-07,43.32065963745117,43.32974157305382,43.09365973979476,43.21170065642429,11585000,42.63845558166504,2,2,0.0012213578771721467,None
2016-09-08,42.96653747558594,43.17537695180313,42.8575785018516,43.16629848055165,8302600,42.670840454101565,2,2,0.000710234789934483,None
2016-09-09,41.91325759887695,42.73045855031196,41.91325759887695,42.576096831155,16809200,42.66720835367838,2,2,7.965583579605529e-05,None
2016-09-12,42.61243438720703,42.7032329891588,41.64087479859565,41.70443451271081,19010300,42.68173675537109,2,2,0.00031862334318366603,None
2016-09-13,42.30370330810547,42.60334138774759,42.131184623689926,42.448983111756384,17358800,42.68325004577637,2,2,3.318807246222022e-05,None
2016-09-14,42.50346374511719,42.76678100424364,42.3037027189752,42.31278119118906,17108700,42.70201555887858,2,2,0.0004115477151340752,None
2016-09-15,43.20262908935547,43.28434574037819,42.50346887718234,42.59426746525922,16286300,42.739243570963545,2,2,0.00081645000747399,None
2016-09-16,43.043975830078125,43.21721159907089,42.85250801199565,43.21721159907089,15883100,42.76361643473307,2,2,0.0005345228953234082,None
2016-09-19,42.96192932128906,43.363104071233685,42.84340357978007,43.15340066924996,7121300,42.77163454691569,2,2,0.0001758457512178735,None
2016-09-20,42.9345703125,43.18986076138897,42.87986372570743,43.10780262023587,5001100,42.779043451944986,2,2,0.0001624851886459222,None
2016-09-21,43.41780471801758,43.44515975363896,42.93457531826025,43.09869161970084,12047600,42.79953308105469,2,2,0.0004493594178914817,None
2016-09-22,43.68220520019531,43.73691178146726,43.57279551572257,43.67308917568556,10498500,42.83337631225586,2,2,0.0007422181529347371,None
2016-09-23,43.29927062988281,43.67309024925244,43.226328519727154,43.67309024925244,11986500,42.84930979410807,2,2,0.0003494382495534687,None
2016-09-26,43.043975830078125,43.18985656929399,42.96191769688976,43.11691793872164,9620400,42.85824699401856,2,2,0.0001960023252667309,None
2016-09-27,43.51810836791992,43.53634390315384,42.98929175842707,43.09870149175788,8784500,42.8760269165039,2,2,0.0003899326618063137,None
2016-09-28,43.60016250610352,43.61839803965135,43.32663645903073,43.55457541127012,9048400,42.90713539123535,2,2,0.0006822420270259366,None
2016-09-29,43.335750579833984,43.65486718577024,43.20810532868838,43.545453989297805,11406900,42.93003540039062,2,2,0.0005022216228817156,None
2016-09-30,43.56369018554688,43.70045494418432,43.39957386641085,43.43604493245715,9255300,42.95992813110352,2,2,0.0006555794641480706,None
2016-10-03,43.436031341552734,43.5454410273856,43.33573768034294,43.44515084424701,6231400,42.984657796223956,2,2,0.0005423479294658362,None
2016-10-04,43.28103256225586,43.65485215968667,43.1260323263074,43.58191005381186,8902200,43.00422083536784,2,2,0.00042903831176333007,None
2016-10-05,43.436031341552734,43.53632500276253,43.35397320766028,43.399560286918046,9007600,43.02380510965983,2,2,0.00042950402120789377,None
2016-10-06,43.53633117675781,43.58191826248039,43.281040714254,43.47250856113186,5005900,43.05460166931152,2,2,0.0006754013966796535,None
2016-10-07,43.41780471801758,43.62750810806457,43.20810132797059,43.57280499296565,6073900,43.078421147664386,2,2,0.0005223865629686575,None
2016-10-10,43.71867370605469,43.818967360171655,43.61838005193771,43.64573160194381,6657800,43.111664072672525,2,2,0.0007290527979147976,None
2016-10-11,43.22632598876953,43.77337787062138,43.03485817792848,43.71867476927882,8727300,43.1230473836263,2,2,0.000249648149143078,None
2016-10-12,43.29927062988281,43.41779634177889,43.043976722409255,43.26279957480498,5520400,43.1417049407959,2,2,0.00040918012640045465,None
2016-10-13,43.02574157714844,43.16250629586981,42.66104145734357,43.01662555233361,9669200,43.15366605122884,2,2,0.00026231990792535687,None
2016-10-14,43.18986129760742,43.48162280798044,43.15339371736446,43.19898080122183,9448300,43.16655756632487,2,2,0.00028272467443279936,None
2016-10-17,43.09869003295898,43.28104185874297,43.071338476416514,43.18986420681508,5075100,43.170054244995114,2,2,7.668589233134071e-05,None
2016-10-18,43.335750579833984,43.52722193462464,43.281047459670006,43.4178087381522,5058900,43.1741891225179,2,2,9.068227378561389e-05,None
2016-10-19,43.41780471801758,43.46339180662398,43.22633685902753,43.30839500974783,5035000,43.17742729187012,2,2,7.101650729524067e-05,None
2016-10-20,43.21721267700195,43.32662236462497,43.00750584845688,43.30838683700926,6148000,43.18578313191732,2,2,0.00018325248346373613,None
2016-10-21,43.335750579833984,43.36310561798822,43.162518235860986,43.281047459670006,8076900,43.23319956461589,2,2,0.0010398929371457921,None
2016-10-24,43.75515365600586,43.78250521157408,43.52721475141295,43.56368233281335,5393100,43.27129020690918,2,2,0.0008353684079092094,None
2016-10-25,43.60016250610352,43.81898543060517,43.51810434417444,43.81898543060517,4362400,43.31450551350911,2,2,0.0009477577614399602,None
2016-10-26,43.35397338867188,43.59103176671593,43.21721215032758,43.23544419964985,6279700,43.34285583496094,2,2,0.0006217527841241299,None
2016-10-27,43.29927062988281,43.55456105928512,43.24456404726607,43.54544155648004,8821100,43.34607721964519,2,2,7.064840162640529e-05,None
2016-10-28,43.253684997558594,43.70044677795935,43.14427529793721,43.417801286026496,10418900,43.35306752522787,2,2,0.00015330485635922653,None
2016-10-31,43.23543930053711,43.42691057743699,43.23543930053711,43.363087977827306,5880000,43.36218452453614,2,2,0.0001999455178102183,None
2016-11-01,42.86162567138672,43.372210017152746,42.5698641818265,43.32662293654733,9065300,43.35975303649903,2,2,5.332512575584314e-05,None
2016-11-02,42.58810424804688,42.98927894749648,42.48781057318448,42.86163023889872,8167300,43.33209635416667,2,2,0.0006065405384907407,None
2016-11-03,42.17781448364258,42.56075366201675,42.15958243149921,42.46957948901287,10125700,43.28194999694825,2,2,0.0010997630932410019,None
2016-11-04,42.10487365722656,42.44222225353159,41.99546395968172,42.14134471576537,8154000,43.24213676452637,2,2,0.000873146646514833,None
2016-11-07,43.01663589477539,43.03487142686068,42.62458065012208,42.724874337555086,13226000,43.24122543334962,2,2,1.9986464610877164e-05,None
2016-11-08,43.22632598876953,43.408677775410496,42.88897744422992,42.93456452137241,9780000,43.2314993540446,2,2,0.00021330329170277107,None
2016-11-09,43.171634674072266,43.2445768057481,42.34193705565716,42.56987600003573,27129400,43.21721509297689,2,2,0.000313269078909606,None
2016-11-10,42.47869110107422,43.41779820210318,41.88604860391588,43.41779820210318,39515500,43.1886464436849,2,2,0.0006265409464982774,None
2016-11-11,42.606327056884766,42.69750467866028,42.241627003994616,42.241627003994616,14091600,43.15673433939616,2,2,0.0006998664802619903,None
2016-11-14,41.95899200439453,42.670160240344295,41.75840466478962,42.64280868606053,18971000,43.10749969482422,2,2,0.0010797682625919292,None
2016-11-15,42.55164337158203,42.69752764489138,42.22341419085352,42.24164972501719,17370800,43.08318672180176,2,2,0.000533209427368786,None
2016-11-16,42.94369125366211,42.97104628922546,42.39663923540182,42.45134582845661,10124200,43.06677538553874,2,2,0.0003599181063984602,None
2016-11-17,43.21721267700195,43.25368025416212,42.898096160833866,42.98015429606894,8524100,43.056138102213545,2,2,0.00023328696763436074,None
2016-11-18,43.18075180053711,43.40869073235745,43.0986936459589,43.31751307278607,8823000,43.04823633829753,2,2,0.00017329410964961323,None
2016-11-21,43.61838150024414,43.654852553510565,43.271913450355264,43.33573605453597,8975500,43.04489326477051,2,2,7.331716772551733e-05,None
2016-11-22,43.75515365600586,43.82809229687832,43.65485998149352,43.76426968183805,8488800,43.062520853678386,2,2,0.00038659182399358727,None
2016-11-23,43.581912994384766,43.72779373790626,43.42691622604936,43.72779373790626,8116800,43.07194226582845,2,2,0.00020662161607709617,None
2016-11-25,43.76427459716797,43.773390624024,43.56368722561456,43.60927779411092,3109500,43.09656003316243,2,2,0.0005398938916736373,None
2016-11-28,43.80073547363281,44.00131932046271,43.700441811182245,43.72779336346103,7487800,43.116922505696614,2,2,0.00044657073858189733,None
2016-11-29,43.828086853027344,44.03779020183713,43.67309008663059,43.773380270614304,5928400,43.14123573303223,2,2,0.000533215004727583,None
2016-11-30,43.30839538574219,43.89191847234278,43.29927935917053,43.89191847234278,11816600,43.14032389322917,2,2,1.9997619328249172e-05,None
2016-12-01,42.41485977172852,43.36308618102554,42.29633060104872,43.253673033596186,21865600,43.106892395019536,2,2,0.0007331884093307872,None
2016-12-02,42.56985855102539,42.670152201934044,42.27809710005705,42.37839075096571,10052700,43.08531392415365,2,2,0.0004732388788184494,None
2016-12-05,42.98016357421875,43.0895732854601,42.63369543087047,42.80693124158061,9005000,43.07346102396648,2,2,0.0002599467418329393,None
2016-12-06,43.1077995300293,43.18074164052383,42.907215682311865,43.08044797762948,9254800,43.05188255310059,2,2,0.0004732388788185604,None
2016-12-07,43.92837905883789,43.96485011257088,43.05309463767274,43.08044618893693,9972900,43.062823104858396,2,2,0.00023993796778742915,None
2016-12-08,44.037784576416016,44.22925237329655,43.82808125439389,43.94661042877885,9677100,43.08561681111654,2,2,0.0004998902869791655,None
2016-12-09,44.356910705566406,44.356910705566406,44.12897180878152,44.20191044715549,12307500,43.120871480305986,2,2,0.0007731724932699136,None
2016-12-12,44.22014999389648,44.32044367408548,44.08338525217116,44.22014999389648,9585100,43.15308698018392,2,2,0.0007065202690943462,None
2016-12-13,44.77631378173828,44.99513315704952,44.38425863306179,44.411610185457874,13967000,43.20444946289062,2,2,0.0011264340221567304,None
2016-12-14,44.62131881713867,44.976906430729606,44.5301446463133,44.80367063686107,17915000,43.263105901082355,2,2,0.0012863982447071098,None
2016-12-15,44.8218994140625,45.04983828485779,44.60307656774772,44.67601867587637,11570000,43.33756573994955,2,2,0.0016329836753269378,None
2016-12-16,44.49771499633789,44.95560463264784,44.43361072672816,44.94644837702675,10565700,43.41489575703939,2,2,0.001695929744700564,None
2016-12-19,44.81824493408203,44.964769506046736,44.497723524603416,44.53435554094993,6627000,43.5053414662679,2,2,0.0019835708607557345,None
2016-12-20,44.98307800292969,45.05634202338906,44.87318546566139,44.93728973685297,5706500,43.57088953653972,2,2,0.001437539085922368,None
2016-12-21,44.89150619506836,44.98308273685914,44.79992615985644,44.96476672981676,4623700,43.62639554341634,2,2,0.001217305926135448,None
2016-12-22,44.799930572509766,44.91898288330098,44.6625657462936,44.89151061674204,11105200,43.680672073364256,2,2,0.0011903421858919794,None
2016-12-23,44.84572219848633,44.85487845616965,44.67172186171001,44.754142154545775,6358700,43.75957310994466,2,2,0.001730383877569075,None
2016-12-27,45.02886581420898,45.23949812419189,44.87318501243636,44.89150101736621,6840700,43.84032440185547,2,2,0.0017709619502013219,None
2016-12-28,44.62592315673828,45.14791705822689,44.60760715223088,45.083812789161314,7777600,43.929222106933594,2,2,0.0019496214788423671,None
2016-12-29,44.63508987426758,44.75413868202095,44.525193830065874,44.6259301238735,4796500,43.99867032368978,2,2,0.0015230734577025284,None
2016-12-30,44.28709030151367,44.73582023051341,44.14972200047726,44.73582023051341,8501600,44.043450291951494,2,2,0.0009820724603429865,None
2017-01-03,44.68087005615234,44.83655085045239,44.41529323754813,44.57097403184818,13940600,44.09223887125651,2,2,0.0010699855755743615,None
2017-01-04,44.836551666259766,44.9006559348933,44.69002712460875,44.717502877895,7223100,44.14743220011393,2,2,0.00121044856371344,None
2017-01-05,44.90981674194336,45.019709277415714,44.73581644290636,44.79076445735289,5502900,44.1904800415039,2,2,0.0009440850707892467,None
2017-01-06,45.23949813842773,45.30360240899201,44.7816084952996,44.90981703642816,8750600,44.23995819091796,2,2,0.0010851085834695517,None
2017-01-09,45.23033142089844,45.3768559443885,45.20285916443786,45.26696342512601,8313500,44.29490547180175,2,2,0.0012050524692496234,None
2017-01-10,45.23949813842773,45.39517894024935,45.08381384318538,45.23949813842773,7735800,44.344079589843744,2,2,0.0010784408512407584,None
2017-01-11,45.45013046264648,45.45013046264648,45.1021333288548,45.15708134790223,7586500,44.399059422810865,2,2,0.0012057663711527722,None
2017-01-12,45.34023284912109,45.39518086625925,44.90981894184531,45.27612857583702,6862700,44.449464289347326,2,2,0.001105432478277213,None
2017-01-13,45.47760009765625,45.56002037475445,45.34023180468565,45.34023180468565,4832900,44.52177111307779,2,2,0.0015857657572587724,None
2017-01-17,45.303619384765625,45.43182797393538,45.20288306658309,45.35856392674006,4825800,44.61806310017903,2,0,0.0021117859693677854,None
2017-01-18,45.42265319824219,45.486757471625225,45.31276065721711,45.43181294782313,6157700,44.713156255086254,2,0,0.002085494300838042,None
2017-01-19,45.35855484008789,45.58749970157579,45.27613455021539,45.42265912183079,7250000,44.79243596394856,2,0,0.0017386885645527261,None
2017-01-20,45.60581588745117,45.724868194046856,45.48676358085549,45.56002761365941,8755400,44.875703175862625,2,0,0.001826138759018714,None
2017-01-23,45.688236236572266,45.70655224479687,45.36771482619513,45.56002767242141,11977600,44.9343650817871,2,0,0.001286518157917249,None
2017-01-24,45.97211837768555,46.04537890003754,45.633281038288914,45.6515935488115,6510900,44.99884287516275,2,0,0.0014140667721742606,None
2017-01-25,46.41169357299805,46.41169357299805,46.18274875604104,46.21938076517512,9197800,45.06733563741047,2,0,0.0015021193213711204,None
2017-01-26,46.283485412597656,46.439166212558455,46.15527687300154,46.40253420312508,7126500,45.136113484700516,2,0,0.001508371540382969,None
2017-01-27,46.46664810180664,46.54906838720417,46.365911809273975,46.44833209467151,6023000,45.19245796203612,2,0,0.0012356944775020473,None
2017-01-30,46.09117889404297,46.3109639937996,45.88054655776287,46.3109639937996,8446600,45.241453297932935,2,0,0.001074519968131682,None
2017-01-31,45.86222076416016,45.99042928413115,45.66074823653707,45.94463753263852,9557800,45.276130676269524,2,0,0.0007605118892050067,None
2017-02-01,46.21022033691406,46.35674487787588,45.95380326358603,46.28348435410528,11681100,45.33321418762206,2,0,0.0012519022816487313,None
2017-02-02,46.118648529052734,46.201068810118194,45.88054394223207,46.072860260332135,8598900,45.376560974121084,2,0,0.0009506412558459854,None
2017-02-03,46.42085647583008,46.48496075428383,46.28349166203825,46.292647918922576,6833600,45.42448692321776,2,0,0.001051067175138809,None
2017-02-06,46.44832229614258,46.457478551068,46.23769349865356,46.35674227978621,6726500,45.476380793253576,2,0,0.0011380879129911925,None
2017-02-07,46.6314811706543,46.68642918733627,46.503272625150544,46.53990463627186,10053100,45.53743247985839,2,0,0.0013389285968595788,None
2017-02-08,46.713897705078125,46.78716172144901,46.5032688981427,46.63147743337117,6353100,45.599704996744784,2,0,0.0013657027069100547,None
2017-02-09,46.86042785644531,46.97948015059552,46.71390329957622,46.71390329957622,4869600,45.66075706481933,2,0,0.0013389369628977743,None
2017-02-10,46.997802734375,47.07106676977359,46.851278156999314,46.97033046781127,4177900,45.73981971740722,2,0,0.0017339282889714536,None
2017-02-13,47.20841979980469,47.263367812623486,47.01610699506981,47.080211263314766,6579700,45.82559738159179,2,0,0.0018811956546256337,None
2017-02-14,47.3641242980957,47.3641242980957,47.01612705527246,47.153495399219615,6233800,45.92816518147786,2,0,0.0022494212366870325,None
2017-02-15,47.51978302001953,47.55641502712726,47.281681960660265,47.32747022283469,5947500,46.02279561360677,2,0,0.0020753462968309266,None
2017-02-16,47.62968444824219,47.75789649707757,47.51979189980442,47.58389617751155,7061500,46.11590003967285,2,0,0.002041879356437848,None
2017-02-17,47.79451370239258,47.79451370239258,47.50146464698964,47.57472865755052,7087700,46.21205660502116,2,0,0.002108816025903293,None
2017-02-21,48.04177474975586,48.060090752492094,47.82198970376162,47.89525022128626,7618700,46.30546582539876,2,0,0.0020485638207425882,None
2017-02-22,48.09672927856445,48.13336128900323,47.89525671457197,47.99599299656821,6884800,46.4010124206543,2,0,0.0020954387312556166,None
2017-02-23,48.08757781982422,48.19747387008727,47.8769489636188,48.160841853332926,6702700,46.49594841003418,2,0,0.002082047493211503,None
2017-02-24,48.19746398925781,48.21577999388008,47.77620286978715,47.80367862343088,7772100,46.58752619425456,2,0,0.0020083984726482207,None
2017-02-27,48.16999816894531,48.188314177344594,48.06010561197103,48.188314177344594,7975600,46.68185170491537,2,0,0.0020686590438466768,None
2017-02-28,47.9410514831543,48.13336781733134,47.86779094576121,48.08757605136174,7621500,46.763966751098636,2,0,0.0018008705357954735,None
2017-03-01,48.61872100830078,48.68282527696801,48.12419936993587,48.23409190287675,9095300,46.8744701385498,2,0,0.0024234571350328915,None
2017-03-02,48.29821395874024,48.58210337730582,48.27073819730813,48.57294711910957,7170100,46.97032216389974,2,0,0.0021021371389570165,None
2017-03-03,48.40810012817383,48.40810012817383,48.16083926848483,48.26157556244196,7857000,47.071973673502605,2,0,0.002229326013583055,None
2017-03-06,48.33484649658203,48.417266800875616,48.12421760636997,48.20663791066356,6715200,47.16294136047363,2,0,0.001995018389321257,None
2017-03-07,48.33484649658203,48.5363191278379,48.26158594466661,48.2982179673353,6980400,47.25116170247396,2,0,0.0019347661841607744,None
2017-03-08,48.3897819519043,48.5363065110688,48.325677675608645,48.3897819519043,5680900,47.33175048828125,2,0,0.0017673980180438198,None
2017-03-09,48.38063430786133,48.45389485377461,48.14252967344439,48.3989468242734,7650200,47.39738184611003,2,0,0.0014393656708699964,None
2017-03-10,48.63704299926758,48.73777928912128,48.43557041956018,48.60957073600605,7354500,47.47583376566569,2,0,0.0017205342622479414,None
2017-03-13,48.68282699584961,48.73777501097046,48.59125046406896,48.637038729959286,7461200,47.54970639546712,2,0,0.0016201055542757192,None
2017-03-14,48.57294464111328,48.64620518321087,48.38978804573708,48.64620518321087,7239900,47.63243192036946,2,0,0.0018142589851601887,None
2017-03-15,48.902618408203125,48.98503868896946,48.49967326071395,48.646197816140656,8933600,47.73377850850423,2,0,0.002222638760598916,None
2017-03-16,48.93009185791016,49.10408868000725,48.875143838259,49.08577267345687,10978000,47.82444089253743,2,0,0.0019883227702992556,None
2017-03-17,49.03581619262695,49.19209663772705,49.01742963904873,49.11855393029068,6895400,47.92167981465658,2,0,0.0021325532641855993,None
2017-03-20,49.08177947998047,49.19209529155441,48.94388559223215,49.04500637383035,4541800,48.01037724812826,2,0,0.001945229308929819,None
2017-03-21,48.36471176147461,49.32998280996438,48.34632521208066,49.21047199234162,14905500,48.074256896972656,2,0,0.0014009488247025415,None
2017-03-22,48.668094635009766,48.74164085310088,48.30956558900729,48.37391677639867,11383300,48.14214401245117,2,0,0.001488836841819885,None
2017-03-23,48.53939437866211,48.74164298036286,48.465851664238016,48.59455404463782,11359400,48.202993901570636,2,0,0.0013345029627956917,None
2017-03-24,48.57615661621094,48.87033442181338,48.410681162200056,48.7048589678025,13140900,48.260184860229494,2,0,0.001254258715665424,None
2017-03-27,48.57615661621094,48.67728089442604,48.10731183443082,48.1716630102266,6845000,48.31279665629069,2,0,0.0011538327963723782,None
2017-03-28,48.92549896240234,49.03581477380322,48.44745910382999,48.53019683909975,8453900,48.37003262837728,2,0,0.0012552459081409673,None
2017-03-29,49.00822067260742,49.03579873972086,48.79678064202877,48.90709641735779,5705100,48.424835840861,2,0,0.0012018928955918051,None
2017-03-30,49.10015869140625,49.16450986410871,48.93468324534967,48.97145634600133,8754200,48.477515029907224,2,0,0.0011553107964064058,None
2017-03-31,49.00822067260742,49.17369608903859,48.95306103150528,49.05418528675491,6103500,48.52346623738607,2,0,0.0010077589854627922,None
2017-04-03,48.96227645874024,49.12775195596929,48.668098576305695,49.054209238799146,13017900,48.562391662597655,2,0,0.0008536760875760274,None
2017-04-04,48.99904251098633,48.99904251098633,48.7416377776622,48.76002433102485,7520800,48.59430058797201,2,0,0.0006997967632791369,None
2017-04-05,48.79680252075195,49.3759632310605,48.75083437911874,49.045012249811705,10477900,48.617636362711586,2,0,0.0005117784268752201,None
2017-04-06,48.80598068237305,48.95306957744809,48.686469859225866,48.85194530454477,6935100,48.64158312479655,2,0,0.0005251780309575294,None
2017-04-07,48.77840423583984,48.90710658495964,48.60373375614069,48.73243610526049,6469400,48.66094779968262,2,0,0.0004246879720404273,None
2017-04-10,48.68647766113281,48.92549934572992,48.585353372024535,48.805988503431365,4843600,48.67816378275553,2,0,0.0003775648690688138,None
2017-04-11,48.50260925292969,48.67727973181158,48.10731068542957,48.60373352872953,8457100,48.69688237508138,2,0,0.0004105186924689974,None
2017-04-12,48.3371467590332,48.51181376518425,48.24521398720896,48.45665410208971,8684200,48.68749656677246,2,0,0.00020584078587049248,None
2017-04-13,48.14407730102539,48.60373052121778,48.14407730102539,48.28197466983341,9766600,48.68235867818196,2,0,0.00011267937617887025,None
2017-04-17,48.585357666015625,48.60374422083091,48.291179802724606,48.291179802724606,7066000,48.68826726277669,2,0,0.00012958156147357958,None
2017-04-18,48.57615661621094,48.668085865383176,48.3831030888236,48.456645786786176,6243600,48.696310933430986,2,0,0.00017640627575898904,None
2017-04-19,48.53939437866211,48.824380725888,48.44746510891278,48.64971020373668,7260500,48.70312919616699,2,0,0.0001495317732534973,None
2017-04-20,48.98066329956055,49.063401048656175,48.59455614169898,48.66809885929676,7581900,48.72282524108887,2,0,0.0004319552703210272,None
2017-04-21,48.879520416259766,49.008226260172215,48.78759117748368,48.99903123216921,7616500,48.73945477803548,2,0,0.00036470348009343123,None
2017-04-24,49.45870971679688,49.49548283385131,49.30242922963171,49.41274507391756,8105000,48.76684366861979,2,0,0.0006006675798650996,None
2017-04-25,49.71610641479492,49.81722720275494,49.57820901149464,49.66094675209948,10044800,48.80128631591797,2,0,0.0007553639871997753,None
2017-04-26,49.660945892333984,49.8356128941973,49.61498126098854,49.71610555407447,8147200,48.83755302429199,2,0,0.0007953675918941361,None
2017-04-27,49.86317825317383,49.89994784215952,49.74366744506288,49.78963206145157,8591700,48.869571685791016,2,0,0.0007022033935231153,None
2017-04-28,49.99187850952149,50.093002765510015,49.87236770636456,50.01945657683643,11418400,48.90496457417806,2,0,0.000776203787679397,None
2017-05-01,50.36882400512695,50.433175205165256,50.08383761433064,50.17577040501206,7563000,48.94939816792806,2,0,0.0009744760979040201,None
2017-05-02,50.4791259765625,50.552672188898825,50.29526395259811,50.46993445345867,7535100,48.99597638448079,2,0,0.0010215099631376567,None
2017-05-03,50.387203216552734,50.42397282058672,50.15737653367517,50.31365699473101,7154500,49.06339276631673,2,0,0.0014785131510164362,None
2017-05-04,50.35042953491211,50.433167280085264,50.184954044565806,50.405589200653154,7579900,49.11947059631348,2,0,0.0012298466169902156,None
2017-05-05,50.534278869628906,50.55266542025115,50.31364376903785,50.433154594644506,6825800,49.18596674601237,2,0,0.0014583314788535473,None
2017-05-08,50.75491714477539,50.78249872777761,50.47912586288808,50.57105512122504,6070100,49.25859209696452,2,0,0.0015927513989292263,None
2017-05-09,50.81926727294922,50.957164664470966,50.71814298675012,50.810075750056725,7694300,49.33336245218913,2,0,0.0016397936302006144,None
2017-05-10,51.0123291015625,51.04909870345357,50.76411587769522,50.874431697121786,5302000,49.4029234568278,2,0,0.0015255470162500728,None
2017-05-11,50.94796371459961,50.97554529382481,50.6537859199543,50.85603446885143,9098000,49.467581558227536,2,0,0.001418021119435009,None
2017-05-12,51.07667922973633,51.10425730730216,50.93878182815399,50.99394149016225,4653800,49.53346557617188,2,0,0.0014449067766579837,None
2017-05-15,51.36166000366211,51.36166000366211,51.11344679482712,51.14102837817087,9949300,49.6119135538737,2,0,0.001720447813189363,None
2017-05-16,51.600677490234375,51.600677490234375,51.30649967560081,51.48116665714068,9061100,49.6998602549235,2,0,0.0019287649462866874,None
2017-05-17,50.194122314453125,51.24213443674134,50.16654424779759,51.19616631648183,18545000,49.7396962483724,2,0,0.0008736458201112907,None
2017-05-18,50.488311767578125,50.68136879960442,49.98269388923768,50.065431615284375,16822200,49.79607988993327,2,0,0.0012365533907293669,None
2017-05-19,50.78249740600586,50.938777842486296,50.70895119574942,50.76411085344175,10219100,49.86196378072103,2,0,0.0014449039879784742,None
2017-05-22,51.18698120117188,51.25133236933668,50.89280343045398,50.90199495153082,10510300,49.942249679565435,2,0,0.001760755383928836,None
2017-05-23,51.27891159057617,51.453582056838016,51.1410177300742,51.39842240851179,6610500,50.02866414388021,2,0,0.0018951613606075224,None
2017-05-24,51.4903564453125,51.49955147432794,51.29730291850085,51.41681374756923,9321900,50.12825571695964,2,0,0.0021841494087694313,None
2017-05-25,51.85808563232422,51.96840144339141,51.55471627517033,51.65583705630402,6113500,50.245620346069344,2,0,0.0025739314818932213,None
2017-05-26,51.83050155639648,51.89485273097612,51.70179920723723,51.81211500553431,36282200,50.36850115458171,2,0,0.002694907179017436,None
2017-05-30,52.05113220214844,52.10629185372735,51.784535986706864,51.84888716011096,5925300,50.4840269724528,2,0,0.002533604390398736,None
2017-05-31,51.96839904785156,52.2625768683879,51.79373206280693,52.24419382312109,14246100,50.59710172017415,2,0,0.0024798498080291775,None
2017-06-01,52.09709548950195,52.09709548950195,51.775339630729775,52.07871244632284,8436200,50.71569175720215,2,0,0.002600805984398713,None
2017-06-02,52.575138092041016,52.58433312099992,52.124679865583616,52.29015531808357,8491000,50.83550758361817,2,0,0.002627688852941845,None
2017-06-05,52.62110900878906,52.759002888588284,52.51078969669822,52.5751408753131,6765800,50.96022720336914,2,0,0.0027352342705120325,None
2017-06-06,52.51998519897461,52.78658143840373,52.45563401978038,52.5567547964597,7685200,51.06226971944173,2,0,0.00223790120245948,None
2017-06-07,52.68545150756836,52.777380745622665,52.40965677965417,52.63948338166556,8703700,51.161247889200844,2,0,0.0021706968197805487,None
2017-06-08,52.80496597290039,52.84173907585663,52.5107881630027,52.77738789912127,7102400,51.26604855855306,2,0,0.002298390445361509,None
2017-06-09,51.49955749511719,52.97044669070412,50.76411289732373,52.87851743105861,35142500,51.320594533284506,2,0,0.001196251397348913,None
2017-06-12,51.19618225097656,51.27891998356999,50.35042187946706,50.96635560564772,35706400,51.36073799133301,2,0,0.0008803888466816234,None
2017-06-13,51.56390380859375,51.72937926582947,51.1869882686404,51.44439297683992,18293400,51.4005739847819,2,0,0.0008736458201111796,None
2017-06-14,51.31568908691406,51.77534234172832,50.89280893413519,51.76615081965749,16180600,51.42845942179362,2,0,0.0006115573725684609,None
2017-06-15,51.08585739135742,51.1594035881318,50.51588839385877,50.73651997043053,14750500,51.45174789428711,2,0,0.0005107410381723909,None
2017-06-16,50.99633407592773,51.10709435862728,50.78404206700114,51.08863372467637,21611300,51.4732780456543,2,0,0.00047217918068076514,None
2017-06-19,51.75320053100586,51.79012179752945,51.35630571839165,51.38399490778146,9929200,51.513908767700194,2,0,0.0008910750657954436,None
2017-06-20,51.33784484863281,51.76243236968666,51.33784484863281,51.73473965941865,10957700,51.53333969116211,2,0,0.0004261408739607564,None
2017-06-21,51.62398147583008,51.65167066621573,51.35630756541581,51.51322119328159,12293200,51.560163497924805,2,0,0.0005882746890136792,None
2017-06-22,51.64244842529297,51.81781918752528,51.47630622064917,51.78089791515858,8792800,51.581167475382486,2,0,0.0004606396256982004,None
2017-06-23,51.96549606323242,52.09471698384021,51.513222841105154,51.59629393592531,16423600,51.615085220336915,2,0,0.0007438523190101964,None
2017-06-26,51.68858337402344,52.3531520012683,51.63320148141793,52.24238821605728,9727900,51.63548202514649,2,0,0.0004473236819955151,None
2017-06-27,50.83942413330078,51.50398935265359,50.83942413330078,51.4116897036064,12895500,51.61807416280111,2,0,0.0003817729861469443,None
2017-06-28,51.47629928588867,51.522449109626685,50.691738198319,51.03325464019319,12976000,51.61392822265625,2,0,9.092488888551298e-05,None
2017-06-29,50.55328750610352,51.23631333134323,50.14716413760979,51.23631333134323,20973400,51.62590039571126,2,0,0.00026256252302525596,None
2017-06-30,50.50714492797852,50.84865788958333,50.46099157772937,50.76558678854364,15371900,51.626528167724615,2,0,1.3767709751033586e-05,None
2017-07-03,50.15639877319336,50.81173548849362,50.101016866729005,50.71943583205923,16552600,51.605658213297524,2,0,0.0004577003577062033,None
2017-07-05,50.654815673828125,50.75634738907812,50.17484980601351,50.3409919726034,14809400,51.58791936238607,2,0,0.0003890319183893487,None
2017-07-06,50.19331741333008,50.47021988912583,50.073325049449714,50.21177804785059,12757400,51.5517328898112,2,0,0.0007936079352498515,None
2017-07-07,50.77480316162109,50.94094532383153,50.340990645632,50.37791190856886,8818200,51.52788111368815,2,0,0.0005230948875133423,None
2017-07-10,51.14401626586914,51.26400862754709,50.71020016511451,50.78404270184123,5594200,51.50407880147298,2,0,0.0005220100912619596,None
2017-07-11,51.2547721862793,51.33784327252147,50.89479865289843,51.08863001379495,6856500,51.48488782246908,2,0,0.00042087863610362763,None
2017-07-12,51.91934585571289,51.965495681161215,51.5778329221881,51.6055221132559,16551900,51.48049494425456,2,0,9.634050410445294e-05,None
2017-07-13,52.020877838134766,52.20548066183481,51.90088547457884,51.99318864693186,8125100,51.482244237264,2,0,3.836386126043756e-05,None
2017-07-14,52.48238754272461,52.53776592977938,52.16856377239115,52.24240279546628,6689600,51.49508730570475,2,0,0.0002816621876158276,None
2017-07-17,52.49160385131836,52.63928538401343,52.39007213740197,52.528525114743495,9837100,51.492302831013994,2,0,6.106649951898024e-05,None
2017-07-18,52.73159408569336,52.73159408569336,52.26085673005289,52.39007764461903,9920200,51.495985666910805,2,0,8.076851884042391e-05,None
2017-07-19,52.99925994873047,53.04541328942799,52.76850732926507,52.814660669962585,6673600,51.51196149190267,2,0,0.00035036687976353065,None
2017-07-20,53.11003494262695,53.16541332953494,52.80543973060783,53.146956214569805,10372900,51.526114273071286,2,0,0.0003103855845035808,None
2017-07-21,53.0454216003418,53.05465015732386,52.82389750170519,52.87927940661587,5805000,51.53412946065267,2,0,0.0001757816115937061,None
2017-07-24,53.17464447021485,53.22079429882636,52.90697053485938,53.01773082772825,5378100,51.589965693155925,2,0,0.0012245481263021274,None
2017-07-25,53.07309341430664,53.18385366685512,52.84234083424444,53.00848297356962,6880300,51.65252939860026,2,0,0.001372088782528702,None
2017-07-26,53.27616882324219,53.36846846767517,53.10079456941149,53.35923991163416,10602600,51.70960489908854,2,0,0.001251726594852287,None
2017-07-27,53.07309341430664,53.7192013426818,52.41775693197117,53.65459090194478,23047200,51.76818504333496,2,0,0.0012847250371214036,None
2017-07-28,53.017723083496094,53.119254804214535,52.75928126421695,52.8054310860874,10293100,51.83258056640625,2,0,0.0014122624966611541,None
2017-07-31,52.75927734375,53.22078257017224,52.70389544901737,53.10079022542093,10982800,51.891345342000335,2,0,0.001288774199478926,None
2017-08-01,53.026954650878906,53.07310447230586,52.83312328828228,53.026954650878906,8307200,51.93380381266277,2,0,0.0009311595421898078,None
2017-08-02,53.17464447021485,53.58076789140483,52.84236007060203,53.57153933408502,12573900,51.995030466715505,2,0,0.0013427658195896974,None
2017-08-03,53.05464172363281,53.24847307849914,52.89773163283784,53.24847307849914,10687800,52.04271914164226,2,0,0.0010458634995472726,None
2017-08-04,53.17464447021485,53.34078667002125,53.05465209901995,53.16541239188881,4756900,52.093792343139654,2,0,0.0011200897767277285,None
2017-08-07,53.4976921081543,53.4976921081543,53.2300181962318,53.248478830261554,7683000,52.14486554463705,2,0,0.0011200897767277285,None
2017-08-08,53.42385482788086,53.83921030452331,53.2761732718531,53.42385482788086,10460700,52.202707926432296,2,0,0.0012685451197678166,None
2017-08-09,53.39615631103516,53.4330775762801,53.05464341003356,53.08233259846444,6972800,52.28793233235678,2,0,0.0018690621109501704,None
2017-08-10,52.34393310546875,53.16541202043528,52.31624391269654,53.11003363489088,14911900,52.31685345967612,2,0,0.0006342711655442645,None
2017-08-11,52.70390701293945,52.87928129090278,52.36239405633614,52.42700452053119,14968100,52.388540776570636,2,0,0.001572179311662869,None
2017-08-14,53.54383850097656,53.617681032362825,53.07310468690909,53.18386496298279,9758500,52.48976389567057,2,0,0.002219930952989335,None
2017-08-15,53.626914978027344,53.74690734308694,53.46077278671593,53.65460769058328,7052600,52.60544776916504,2,0,0.0025370707187805097,None
2017-08-16,53.78382873535156,53.97766011865565,53.60845798679159,53.70998619637512,9055900,52.70974820454915,2,0,0.002287419780957922,None
2017-08-17,52.73159408569336,53.66383319863896,52.73159408569336,53.580762107702746,12968900,52.79435742696126,2,0,0.0018555704804509299,None
2017-08-18,52.676212310791016,53.04541794272566,52.473148861126376,52.73159421188297,16696500,52.8577377319336,2,0,0.0013899976810543002,None
2017-08-21,52.657752990722656,52.7685132746638,52.30700798373545,52.7131348931962,7978600,52.908195622762044,2,0,0.0011065953575490894,None
2017-08-22,53.44231033325195,53.479228077961096,52.89773398747802,52.93465173218716,8461200,52.981113560994466,2,0,0.0015991681500201471,None
2017-08-23,53.313087463378906,53.46076900955425,53.12848817141408,53.14694880481172,8923700,53.02757161458333,2,0,0.0010188746611902166,None
2017-08-24,53.266937255859375,53.49768989015543,52.99926335503456,53.44231151136807,8093900,53.06910692850749,2,0,0.0009109137304031956,None
2017-08-25,53.25771331787109,53.59922626036128,53.14695302968624,53.44231614551657,8333100,53.09495112101237,2,0,0.00056679070361354,None
2017-08-28,53.35923767089844,53.4607658671089,53.211556133403874,53.38692685886442,5993300,53.12387224833171,2,0,0.0006342711655441535,None
2017-08-29,53.589988708496094,53.66382771455696,52.86080959824055,52.92542004892086,8689800,53.15248540242513,2,0,0.0006275169842566708,None
2017-08-30,53.977664947509766,54.01458622030097,53.52539167933976,53.64538053440163,7654000,53.18509890238444,2,0,0.0007152488353329156,None
2017-08-31,54.30071258544922,54.39301223245291,54.042267236028366,54.10687769313212,9425800,53.224788157145184,2,0,0.000870427684188102,None
2017-09-01,54.25456619262695,54.48531886070857,54.1899557272446,54.4391690312935,6013100,53.26509297688802,2,0,0.000883927680725205,None
2017-09-05,53.77459716796875,54.19918472910189,53.41462358955643,54.09765299754845,11901700,53.285091400146484,2,0,0.00043858674971886114,None
2017-09-06,53.82075119018555,54.01458257775857,53.58999853231116,53.94074003715582,9113700,53.31001332600911,2,0,0.0005465644125818292,None
2017-09-07,54.005348205566406,54.11611201176535,53.80228826954697,53.99611964888615,7693800,53.334319305419925,2,0,0.0005330560500068637,None
2017-09-08,53.562313079833984,53.99612926216667,53.52539532553428,53.92228671155404,6259200,53.350626627604164,2,0,0.000357636966723196,None
2017-09-11,54.31917190551758,54.37455380857396,53.98689105019725,53.98689105019725,7037300,53.394008255004884,2,0,0.0009514053539768641,None
2017-09-12,54.44839859008789,54.54992680170013,54.19918529757176,54.476087782254304,7861700,53.45031229654948,2,0,0.0012348076774816308,None
2017-09-13,54.374549865722656,54.39301049873615,54.16225786757606,54.38377842172654,8128300,53.49523213704427,2,0,0.0009851400075834293,None
2017-09-14,54.18994903564453,54.43916230891954,54.06996019818334,54.17148840195684,7626700,53.529075622558594,2,0,0.0007422237302935342,None
2017-09-15,54.41133117675781,54.457645868084825,54.05006810380441,54.14270102004289,13123800,53.57429860432943,2,0,0.0009917882190573213,None
2017-09-18,54.4576530456543,54.66143842106917,54.25386413665452,54.49470621703333,10412000,53.617065556844075,2,0,0.0009379248781946625,None
2017-09-19,54.698486328125,54.80964229797926,54.40206805279061,54.54101566529685,5616100,53.657092030843096,2,0,0.0008778232617167037,None
2017-09-20,54.476173400878906,54.70775039513494,54.0963872716424,54.68922381156432,8950800,53.6921693166097,2,0,0.0007692822856334436,None
2017-09-21,54.17975997924805,54.4576516905058,54.00375918636978,54.4576516905058,8104600,53.71828943888347,2,0,0.0005728421377151349,None
2017-09-22,54.20755386352539,54.28165667874666,53.97597682388298,54.0037649378928,4824800,53.78041013081869,2,0,0.0013623730238144782,None
2017-09-25,53.568397521972656,54.03155155816366,53.327555444345805,54.03155155816366,13573100,53.809226481119794,2,0,0.0006319732937931644,None
2017-09-26,53.7629280090332,53.98523999505371,53.59619225272517,53.85555741427753,9053300,53.81652946472168,2,0,0.00016016221878134562,None
2017-09-27,54.30944061279297,54.47617634034091,53.92038940398621,54.00375726776018,7635500,53.83928031921387,2,0,0.0004989505020518425,None
2017-09-28,54.37428665161133,54.40207476410683,54.05934175351726,54.17049773708428,5589200,53.85896224975586,2,0,0.0004316457269175622,None
2017-09-29,54.744815826416016,54.79113406550089,54.40208276541819,54.46692405983439,12428700,53.92606964111328,2,0,0.0014717366602942095,None
2017-10-02,54.82817459106445,55.00417538971036,54.559547930410346,54.88375434857131,7571900,53.99780171712239,2,0,0.0015731609267799485,None
2017-10-03,54.95785903930664,54.985647150432,54.80964635707852,54.87449117234574,6466000,54.074471918741864,2,0,0.0016814592877637535,None
2017-10-04,54.92081832885742,55.00418621473233,54.67997619918073,54.865238560412266,6649600,54.12375551859538,2,0,0.0010808419041261619,None
2017-10-05,55.44881057739258,55.45807210480878,55.05975928778904,55.08755093720849,6422700,54.1949462890625,2,0,0.0015612895189595077,None
2017-10-06,55.532169342041016,55.5599574533132,55.245012569083904,55.26353915446032,5926400,54.270454025268556,2,0,0.001655965181516339,None
2017-10-09,55.67111206054688,55.79153309573459,55.57848266953157,55.6155358393716,6949200,54.350900650024414,2,0,0.001764280274575758,None
2017-10-10,55.72669982910156,55.893435583774426,55.4395430219238,55.84712088160647,5472900,54.42981605529785,2,0,0.001730698998331004,None
2017-10-11,55.91196060180664,55.9304871888708,55.65259545007872,55.65259545007872,4980900,54.507215118408205,2,0,0.0016974439975656619,None
2017-10-12,55.77301788330078,56.04164811903934,55.70817658965154,55.78228294444238,6106400,54.567060216267905,2,0,0.0013124668188920774,None
2017-10-13,56.041648864746094,56.14354333714659,55.97680757023406,55.97680757023406,5950000,54.6250914255778,2,0,0.0012726863085423812,None
2017-10-16,56.24542999267578,56.25469151906798,56.05090260258915,56.18058870717525,8306400,54.691453552246095,2,0,0.0014553922108614392,None
2017-10-17,56.24542999267578,56.24542999267578,56.06016766256639,56.226903406306334,5131700,54.773814646403,2,0,0.00180626663025929,None
2017-10-18,56.384376525878906,56.45848287455808,56.20837924814366,56.4121681734262,6091300,54.85926882425944,2,0,0.0018741012544623015,None
2017-10-19,56.2176399230957,56.28248121041487,55.84711878606975,56.143537109124566,6872600,54.93301188151042,2,0,0.0016172638900594505,None
2017-10-20,56.5974235534668,56.66226483784519,56.46774098471001,56.56037391495413,7407400,55.03418223063151,2,0,0.0022187736510758116,None
2017-10-23,56.32880401611328,56.73637835999638,56.26396272353155,56.69006365580734,7054900,55.101169967651366,2,0,0.0014691125130641414,None
2017-10-24,56.48626327514648,56.57889619834614,56.25468626752441,56.43994858033901,8035800,55.16909879048665,2,0,0.0014897515286335095,None
2017-10-25,56.18059539794922,56.52332845263879,55.81007069360314,56.3565926890416,9225900,55.229300308227536,2,0,0.0013202834869965319,None
2017-10-26,56.41217041015625,56.653008985742375,56.37511723434751,56.50479981609276,9436400,55.3033743540446,2,0,0.001624522822302188,None
2017-10-27,57.93131256103516,58.08878325044683,57.3199493232522,57.3199493232522,14539200,55.42070706685384,2,0,0.002573231523386399,None
2017-10-30,58.06098937988281,58.28330133507862,57.3199436399221,57.3199436399221,8574700,55.540818277994795,2,0,0.002634166954977868,None
2017-10-31,58.31108474731445,58.4315057673023,58.05171612475722,58.28329310664999,10111300,55.661238225301105,2,0,0.0026409378683411866,None
2017-11-01,58.32035827636719,58.66309482429744,58.01467843481201,58.58898847871737,9550700,55.789377721150714,2,0,0.002810235800540295,None
2017-11-02,58.34814834594727,58.40372457004538,57.90351735165268,58.320356700313255,10224600,55.92832400004069,2,0,0.003047240077694302,None
2017-11-03,58.81129455566406,58.86687077235637,58.31108740392637,58.65382036333872,7659700,56.08178202311198,2,0,0.003365498103888531,None
2017-11-06,58.94097518920898,58.95950177203207,58.73718631173941,58.77423947738559,6000200,56.26086794535319,2,0,0.003927545263996524,None
2017-11-07,58.96876525878906,59.02434500910769,58.727926741243984,59.00581842566815,5775600,56.43439585367839,2,0,0.0038056520913793968,None
2017-11-08,59.29299545288086,59.30225344739109,58.811314719422086,58.96878543215258,9100500,56.60051434834798,0,0,0.0036431557480157695,None
2017-11-09,58.820560455322266,58.922454904949134,58.22772387594927,58.83908704012576,10245400,56.74872347513835,0,0,0.0032503842106726966,None
2017-11-10,58.820560455322266,58.86687515053864,58.60751003045914,58.74645411610827,5983200,56.884581629435225,0,0,0.00297951421198428,None
2017-11-13,58.802032470703125,58.87613880815298,58.58898205091179,58.59824357630069,4300300,57.01704355875651,0,0,0.0029050313763074875,None
2017-11-14,58.681617736816406,58.74645902225143,58.35741130964131,58.62604151134927,7370800,57.1411688486735,0,0,0.002722199983419382,None
2017-11-15,58.24625778198242,58.47783482075699,58.08878355815142,58.39446694545474,8492500,57.25201683044433,0,0,0.002431014455961611,None
2017-11-16,59.06139755249024,59.18181858398842,58.67234988184405,58.67234988184405,7641100,57.372436396280925,0,0,0.002640929502303435,None
2017-11-17,58.681617736816406,59.02435428392727,58.6445680977,58.978036051257945,8302100,57.47741800944011,0,0,0.002302358736018917,None
2017-11-20,58.903934478759766,58.9502491788185,58.73719873168021,58.82056660521999,6579900,57.585178756713866,0,0,0.0023633081110068233,None
2017-11-21,59.52456665039063,59.56161982628901,59.08920066754802,59.13551537062832,8174000,57.711774317423504,0,0,0.0027763756563646824,None
2017-11-22,59.41339492797852,59.54307748341991,59.31150048196468,59.52455443285795,12115800,57.82848879496257,0,0,0.0025596729645838145,None
2017-11-24,59.74687194824219,59.77466006026163,59.48750681316754,59.50602986545721,4339100,57.96095059712728,0,0,0.002905028587628089,None
2017-11-27,59.74687194824219,59.82097829174063,59.54308303720643,59.64497749272431,6889100,58.08445803324381,0,0,0.0027086497906546603,None
2017-11-28,59.94138717651367,59.99696339255748,59.59865068751612,59.8394927356541,11311600,58.20765660603841,0,0,0.002701876088612054,None
2017-11-29,58.61677169799805,59.848763088528194,58.20919743208843,59.83949802931164,33640200,58.28670132954915,0,0,0.0017335350851888087,None
2017-11-30,59.135501861572266,59.29297605637392,58.66308634433635,58.87613675670428,21047500,58.378405507405596,0,0,0.002011170419881747,None
2017-12-01,58.82982635498047,59.12624820029094,57.97762459216603,58.77425013002258,19211800,58.465478388468426,0,0,0.0019096011420720593,None
2017-12-04,57.884986877441406,59.22813061350969,57.82940712688468,59.20034250502358,16805500,58.50839716593425,0,0,0.000941254561290239,None
2017-12-05,57.90351486206055,58.5704577912419,57.53299376085908,57.78309735930209,13927100,58.56088752746582,0,0,0.0011511696076318412,None
2017-12-06,58.27404022216797,58.40372278588185,57.53299447695664,57.67193856654229,13262100,58.620480092366535,0,0,0.0013069285017833776,None
2017-12-07,58.63529586791992,58.7464518388473,58.2740363122175,58.52413989699255,11685500,58.70230344136556,0,0,0.0017944733054595652,None
2017-12-08,58.913185119628906,59.20034186066977,58.77424104512613,59.02434461953247,10059000,58.785670598347984,0,0,0.0018283306609560013,None
2017-12-11,59.422664642333984,59.422664642333984,58.8483510895493,58.88540426074539,11421600,58.83538233439128,0,0,0.0010902313873610847,None
2017-12-12,59.40413665771485,59.61719063295555,59.16329810345603,59.385613605036106,8397000,58.88015391031901,0,0,0.0009818884075085688,None
2017-12-13,59.422664642333984,59.70981788514143,59.34855829994181,59.60792343114464,10356100,58.917206573486325,0,0,0.0008126044187060089,None
2017-12-14,59.34856414794922,59.68203565440338,59.32077603360645,59.49677684733795,10946000,58.951480102539065,0,0,0.0007516550437182135,None
2017-12-15,60.025428771972656,60.10911103547595,59.383894308116936,59.53265607713103,21305200,59.00738945007324,0,0,0.0012261516169050912,None
2017-12-18,60.55538177490234,60.62046481532862,60.35084014321934,60.45310741230114,10760800,59.065525690714516,0,0,0.0012749897576519453,None
2017-12-19,60.18347930908203,60.47170317260659,60.03471402886356,60.43451185255197,11976800,59.10694249471029,0,0,0.0009083146812868259,None
2017-12-20,60.16487884521485,60.44381019303702,59.87665498771242,60.44381019303702,8965200,59.146812947591144,0,0,0.0008744015522039739,None
2017-12-21,60.04402542114258,60.36944066861293,59.9882348833474,60.267166291762194,15941900,59.17184727986653,0,0,0.0005490296050914001,None
2017-12-22,60.00684356689453,60.062627019975714,59.84878572081685,59.941760507125984,5485500,59.21139005025228,0,0,0.0008672151256235994,None
2017-12-26,59.607032775878906,59.67211582164345,59.39318797597253,59.634924496418,6219100,59.237605794270834,0,0,0.0005749392245558704,None
2017-12-27,59.67211151123047,59.78368547884728,59.56983714762825,59.61632807418179,5346600,59.26660842895508,0,0,0.0006360587089816461,None
2017-12-28,59.77438354492188,59.88595750818971,59.67210918530615,59.84876618710043,9658000,59.30303395589193,0,0,0.0007988506523516348,None
2017-12-29,59.458274841308594,59.830177477174,59.41178745517044,59.81158536012691,6693200,59.343434524536136,0,0,0.000886027556245339,None
2018-01-02,60.19277572631836,60.19277572631836,59.55124492090899,59.70000311726499,13722800,59.381147130330405,0,0,0.0008270776643222177,None
2018-01-03,60.6948471069336,60.73203842889237,60.23926582659743,60.30434886664545,11331800,59.44825477600098,0,0,0.0014717422376530065,None
2018-01-04,61.00168228149414,61.15974011100133,60.79713351694565,60.93659922854878,10746600,59.518179702758786,0,0,0.0015335282164335995,None
2018-01-05,61.64322280883789,61.69900625834232,61.19693393223937,61.3178004373393,9678000,59.588801574707034,0,0,0.0015488129677291296,None
2018-01-08,61.87565612792969,61.98722301399504,61.57813260922171,61.615316842230015,6733900,59.67087694803874,0,0,0.001800000467850782,None
2018-01-09,61.71758270263672,62.01510618030024,61.61530834217245,61.99651406636095,10606400,59.73656730651855,0,0,0.0014406596180693843,None
2018-01-10,61.50376510620117,61.52235722728506,61.206241514205104,61.38289149182898,10407800,59.79513041178385,0,0,0.0012843513540939933,None
2018-01-11,61.75478363037109,61.7826753523784,61.494451433609136,61.643216742341885,7887800,59.85557696024577,0,0,0.0013256572720260484,None
2018-01-12,62.11739349365234,62.20107575762697,61.59672907255062,61.68040424300452,8154300,59.97226435343425,0,0,0.002559078975890805,None
2018-01-16,61.87565612792969,62.72173575251292,61.7175912168034,62.49859488686199,18221800,60.06360282897949,0,0,0.0020031501781876404,None
2018-01-17,62.8054313659668,62.861214820861655,62.02442752983011,62.22897632247357,14688100,60.19612299601237,0,0,0.0029063085914312614,None
2018-01-18,62.916969299316406,63.0843266804462,62.749611918186616,62.80540244090886,14922900,60.3638557434082,0,0,0.003678558031849799,None
2018-01-19,63.0378532409668,63.14012760703821,62.71243093427431,63.0378532409668,11947200,60.53500035603841,0,0,0.0037533838750817283,None
2018-01-22,63.6514892578125,63.660788861600736,62.86119318027505,62.991359259233256,9002100,60.71424865722656,0,0,0.003931106407474738,None
2018-01-23,63.930423736572266,64.06058982186926,63.725875004385664,63.85604108968266,10230100,60.89075291951497,0,0,0.00387092670797623,None
2018-01-24,63.43765640258789,64.20935337445543,63.223808048334334,64.09778648834072,18509500,61.04156862894694,0,0,0.0033075493478375573,None
2018-01-25,63.326080322265625,63.89323561960214,63.16802250983282,63.83745217839527,12975900,61.17168248494466,0,0,0.0028535356241785603,None
2018-01-26,64.33021545410156,64.33021545410156,63.62359456316162,63.76306023938277,10048600,61.33588511149089,0,0,0.003601138716860186,None
2018-01-29,63.744476318359375,64.14427423618659,63.660801148673066,64.14427423618659,27589900,61.479945500691734,0,0,0.003159397970842137,None
2018-01-30,63.16802215576172,63.539921219749615,63.000664739559184,63.22380559665592,14831200,61.60726076761882,0,0,0.0027921595812563926,None
2018-01-31,63.6422004699707,63.74447484846493,63.22381044414559,63.53992609147648,15067900,61.72781982421875,0,0,0.002643988683505738,None
2018-02-01,63.697998046875,64.14427984459695,63.40047448388661,63.409766996761576,16325000,61.83257369995117,0,0,0.002297364211375552,None
2018-02-02,61.810577392578125,63.03786287956964,61.80127778691708,62.98207233912408,21964700,61.886810302734375,0,0,0.0011894665405889904,None
2018-02-05,59.22582244873047,62.312627537770815,59.19792718525141,61.15042538432932,49279800,61.855508422851564,0,0,0.0006864836082555725,None
2018-02-06,60.92728805541992,61.029562418276754,58.091515347548174,58.426230154439736,45134700,61.88495051066081,0,0,0.000645696384675154,None
2018-02-07,60.14629364013672,61.401470662455885,60.14629364013672,60.77853195342989,23712600,61.88959884643555,0,0,0.00010194296083732013,None
2018-02-08,57.65452194213867,60.42521140586933,57.635929829130326,60.31364454078148,27814300,61.824515151977536,0,0,0.001427354829084071,None
2018-02-09,59.06776428222656,59.495457393188246,56.68757641413914,58.58428773483138,36350200,61.80437024434408,0,0,0.00044179930828325276,None
2018-02-12,60.1276969909668,60.49960314876719,59.263021735586825,59.70000739222832,17814800,61.81614735921224,0,0,0.0002582846889644941,None
2018-02-13,60.276466369628906,60.42522458670165,59.60703665900047,59.783693691949765,9542000,61.84342041015625,0,0,0.0005981270930141003,None
2018-02-14,61.38286209106445,61.48513644184408,59.904544446462026,59.94173576433813,16058800,61.88308995564778,0,0,0.0008699954388950437,None
2018-02-15,62.55435943603516,62.55435943603516,61.24339926608686,61.968612180549925,12152500,61.94507369995117,0,0,0.0013593696161983138,None
2018-02-16,62.46141815185547,63.13084799871302,62.30336029732574,62.36844336057456,10167100,61.99373156229655,0,0,0.0010671188132442277,None
2018-02-20,62.51717758178711,63.00995017036696,62.08018842783316,62.14527146606976,16917600,62.02286338806152,0,0,0.0006388920071599968,None
2018-02-21,62.11739349365234,63.28889553465194,62.10810098150462,62.75893150788177,14551200,62.03092130025228,0,0,0.00017671860784168603,None
2018-02-22,62.19175338745117,62.75890853577444,62.01509641201727,62.33121904734541,10979400,62.04672698974609,0,0,0.00034663562684733584,None
2018-02-23,63.4934196472168,63.4934196472168,62.55435845786945,62.70312371672438,10386200,62.11304880777995,0,0,0.0014545081995203657,None
2018-02-26,64.48828125,64.48828125,63.7630681558345,63.7630681558345,10797200,62.20416539510091,0,0,0.001998283932792666,None
2018-02-27,63.83746337890625,64.81370923891231,63.83746337890625,64.51618567774076,12790600,62.26150105794271,0,0,0.0012574322327196241,None
2018-02-28,63.38186264038086,64.46968228575926,63.3725701293577,64.20005759569032,15232000,62.31170794169108,0,0,0.0011010905045922836,None
2018-03-01,62.33122634887695,63.77235275388379,61.85704588709791,63.53061981483632,21486800,62.29590110778808,0,0,0.00034666072496131184,None
2018-03-02,62.92628860473633,63.05645470931347,61.45726303191351,61.624620465444224,19196100,62.29621175130208,0,0,6.812743553075151e-06,None
2018-03-05,63.567813873291016,63.78165510500848,62.48928683039147,62.62875251263114,10888900,62.31387710571289,0,0,0.0003874200617485779,None
2018-03-06,63.707252502441406,64.01407548853676,63.428328318868665,63.93040036152005,10151900,62.31573588053386,0,0,4.076491414606309e-05,None
2018-03-07,64.06061553955078,64.12569860832743,63.23312776788087,63.23312776788087,11109800,62.320075607299806,0,0,9.517483615312239e-05,None
2018-03-08,64.33953094482422,64.39532149135141,63.939732980066594,64.25585576531567,7624000,62.350138092041014,0,0,0.0006593023510260698,None
2018-03-09,65.55751037597656,65.55751037597656,64.71142368311773,64.79510593869016,12342500,62.42451909383138,0,0,0.0016312546941550377,None
2018-03-12,65.7620620727539,66.02239426885879,65.57610543730733,65.7527624676015,13506200,62.47224731445313,0,0,0.0010467307788127322,None
2018-03-13,65.00896453857422,66.32922502237392,64.78582362004289,66.09678449662657,13809400,62.51439692179362,0,0,0.0009243858401470906,None
2018-03-14,64.95315551757812,65.39014466895323,64.62774032831554,65.33435414113742,13881400,62.5739013671875,0,0,0.0013049959470220474,None
2018-03-15,64.99036407470703,65.37156279936598,64.67424131164061,64.9717648626626,11501400,62.61884015401204,0,0,0.0009855555208004851,None
2018-03-16,64.92321014404297,65.33358754264712,64.8392660780953,65.10041985993348,12202300,62.65968055725098,0,0,0.0008956735979769315,None
2018-03-19,63.63612747192383,64.41956747491373,63.113827020884216,64.31697312465843,19868400,62.7205322265625,0,0,0.001334542004305772,None
2018-03-20,63.608154296875,63.85065072999678,63.25374190670814,63.477580936512766,9382800,62.86660995483398,0,0,0.0032036403680870684,None
2018-03-21,63.22575759887695,64.06516278467635,63.05787656171707,63.46825401159985,10933500,62.94322560628255,0,0,0.0016802629443399275,None
2018-03-22,61.59357452392578,62.8246995761303,61.54693814215456,62.46095856859575,21195100,62.991468302408855,0,0,0.0010580137752987384,None
2018-03-23,59.95207214355469,61.71481921746988,59.92409316074855,61.55626690442652,20950800,63.068053309122725,0,0,0.0016795908726263131,None
2018-03-26,62.22779083251953,62.31172778077325,60.32514173259426,61.17386837747074,25125800,63.17338752746582,0,0,0.002310091743744025,None
2018-03-27,60.23186874389648,62.64748216984694,59.76553344631112,62.61017449215468,29748600,63.17685991923015,0,0,7.61532545832666e-05,None
2018-03-28,59.83081817626953,60.81944669828021,59.47640236532027,60.09196479599223,26811000,63.162004979451496,0,0,0.00032578467165056413,None
2018-03-29,61.01530456542969,61.62154183506511,59.84014481707835,60.259843710673614,17684100,63.14975306193034,0,0,0.0002686976175060307,None
2018-04-02,59.560359954833984,61.04330316351731,58.89816451739863,60.772834883819925,26017100,63.049953079223634,0,0,0.002188720054157711,None
2018-04-03,60.14793395996094,60.28783599394017,59.140651412022606,60.0080319259817,18050700,62.97283693949382,0,0,0.0016912391861019227,None
2018-04-04,60.98733901977539,61.15522003732983,58.91680884184164,59.04738573382794,18149200,62.92184232076009,0,0,0.0011183663729145144,None
2018-04-05,61.23916244506836,61.64020402066537,60.8287850542268,61.5469383724867,16369100,62.89256795247396,0,0,0.0006420181166659211,None
2018-04-06,59.737552642822266,61.16453747134512,59.476402464806895,60.60493655447306,20238900,62.810761260986325,0,0,0.0017941079884701283,None
2018-04-09,60.20391082763672,61.37907106538356,60.12929544614708,60.17592472279228,10929700,62.701110967000325,0,0,0.0024047478855456217,None
2018-04-10,61.686824798583984,61.93864981224998,60.81944097007753,61.15520291115816,15648900,62.60772908528646,0,0,0.0020479642546910592,None
2018-04-11,61.32309341430664,61.87336566590459,61.22049907659988,61.304443132774566,8657800,62.523916753133136,0,0,0.0018380938272184455,None
2018-04-12,62.05991744995117,62.33039284265345,61.62156102438933,61.70550509867595,10628000,62.47985191345215,0,0,0.0009663889279064031,None
2018-04-13,61.85469818115234,62.51689328490742,61.55624394966118,62.48891431253483,11210800,62.463967641194664,0,0,0.0003483590306607165,None
2018-04-16,62.330379486083984,62.56354714199568,61.92000213465152,62.28374310861678,9738700,62.44410400390625,0,0,0.0004356307496509171,None
2018-04-17,63.48689651489258,63.69208521468027,62.768743181348654,62.88065911525977,15222800,62.4414067586263,0,0,5.915346551266243e-05,None
2018-04-18,63.31900405883789,63.56150039802321,62.93661282753767,63.42159839019661,9882200,62.42846514383952,0,0,0.00028382341408073053,None
2018-04-19,62.61950302124024,62.98324398311664,62.39566407140366,62.917957326259646,12905800,62.380428059895834,0,0,0.001053504480855283,None
2018-04-20,61.75212097167969,62.4796029176536,61.49097433627492,62.43297365602397,16238500,62.29418106079102,0,0,0.00189148866995692,None
2018-04-23,61.52827453613281,62.1624907660452,61.23914895575157,61.9852810925412,18960300,62.15987319946289,0,0,0.002945514633843127,None
2018-04-24,60.45570755004883,61.98528675322123,60.0173512328509,61.88269241874036,17423800,61.98299471537272,0,0,0.0038791337911840973,None
2018-04-25,60.46504974365234,60.67023845841044,59.69093127096083,60.54898670020965,15290800,61.83153088887533,0,0,0.0033217632462778646,None
2018-04-26,61.56558990478516,61.80807914379963,60.96868127446741,61.22049921212465,16543400,61.71861203511556,0,0,0.0024764308871958463,None
2018-04-27,61.45366668701172,62.2277850106986,61.127233392599216,62.18114863333447,13156500,61.60072212219238,0,0,0.0025854515161206626,None
2018-04-30,61.052616119384766,61.99461541002735,60.97800076422831,61.61221705163441,8686100,61.471702321370444,0,0,0.0028295418273998063,None
2018-05-01,61.81740951538086,61.85471719524938,60.81945220496307,60.968682924437154,9273900,61.411078389485674,0,0,0.0013295474796627405,None
2018-05-02,61.75212097167969,62.44229523892261,61.640197935486725,62.20912758363804,13293700,61.34921061197917,0,0,0.0013568263406678605,None
2018-05-03,61.892032623291016,62.12520031487493,60.93138287247941,61.47233362472527,15545400,61.304753112792966,0,0,0.0009750003696142873,None
2018-05-04,63.067195892333984,63.17911182333667,61.5842457651332,61.658861129610194,10841300,61.353873825073244,0,0,0.0010772696059307973,None
2018-05-07,63.50554275512695,63.80400420178764,63.26305350328395,63.36564784664542,13457400,61.47232284545898,0,0,0.002597713339044294,None
2018-05-08,63.64542770385742,63.70139276794768,63.11380584711911,63.402938517071966,15147400,61.51957740783691,0,0,0.001036342948384783,None
2018-05-09,64.42890930175781,64.42890930175781,63.5988327465412,63.80402148885802,14413300,61.659478759765626,0,0,0.0030681858479878477,None
2018-05-10,65.268310546875,65.31493982089897,64.66207305885116,64.72735973505594,11566300,61.840728505452475,0,0,0.0039750002198059575,None
2018-05-11,65.1750259399414,65.4268510136849,64.96051566378794,65.20301203813392,8760600,61.97938588460286,0,0,0.0030409041983030516,None
2018-05-14,65.16568756103516,65.67865204428728,65.10040091350449,65.38952647889589,10130900,62.1662301381429,0,0,0.0040976937433850336,None
2018-05-15,64.55014038085938,64.76465777971111,64.21437834874281,64.70869269721638,14262600,62.312970352172854,0,0,0.0032181693872895822,None
2018-05-16,64.83924865722656,64.98847934961054,64.50349383078473,64.65271740745766,6680500,62.44136734008789,0,0,0.0028158828761420396,None
2018-05-17,64.50349426269531,65.0444377369317,64.24234054927469,64.60608146975738,10800100,62.550178400675456,0,0,0.002386342602103131,None
2018-05-18,64.23304748535156,64.57813116451305,64.17708239263041,64.28900546235845,7882900,62.70002822875976,0,0,0.003286366539802632,None
2018-05-21,64.79261779785156,65.10972233774686,64.46618456098555,64.82059677305281,11289200,62.85298512776693,0,0,0.003354507918729932,None
2018-05-22,64.6993637084961,65.20300669902986,64.55946169184024,65.10973394411786,7391000,62.953403091430665,0,0,0.0022022730356017206,None
2018-05-23,65.1750259399414,65.1750259399414,64.15841829270816,64.16774699210568,14693800,63.081800842285155,0,0,0.0028158996082178755,None
2018-05-24,65.10042572021484,65.23099906503154,64.44755188041775,65.15638369207525,11200700,63.18315111796061,0,0,0.002222719632298864,None
2018-05-25,65.05377960205078,65.28694727087534,64.8952272950211,65.1470452464381,9391400,63.289787165323894,0,0,0.0023386422425145104,None
2018-05-29,64.6993637084961,65.06310468237402,64.27033607560706,64.72734268868483,29330400,63.368753306070964,0,0,0.001731811681375539,None
2018-05-30,65.1750259399414,65.25897000309348,64.83926391875858,65.025802328145,9965200,63.42502428690592,0,0,0.0012340826208612765,None
2018-05-31,65.19367980957031,65.62270745436518,65.04444909013957,65.17502241178529,15284000,63.487513478597,0,0,0.0013704546164532982,None
2018-06-01,66.30355834960938,66.31288704924843,65.52011835703894,65.63204140556883,12722900,63.61031532287598,0,0,0.0026931754091664706,None
2018-06-04,66.8351821899414,66.90046885080841,66.40614742914406,66.47143409001107,9933000,63.779750696818034,0,0,0.003715898447803734,None
2018-06-05,67.0683364868164,67.18958108548958,66.81651147671938,67.00304272324901,17274800,63.96441942850749,0,0,0.004049982229079263,None
2018-06-06,67.50669860839844,67.50669860839844,66.83518172234119,67.18026530634721,17689500,64.1994524637858,0,0,0.005154525118656439,None
2018-06-07,66.96574401855469,67.46937982125571,66.48075137902693,67.46937982125571,19523600,64.41614227294922,0,0,0.004752238607509229,None
2018-06-08,66.85382843017578,66.97507304568077,66.32220647648168,66.46210848865633,9904800,64.59241689046225,0,0,0.0038658903531434974,None
2018-06-11,66.92843627929688,67.14294650695665,66.74189791208063,66.89112860585362,7323500,64.77490921020508,0,0,0.004002251194018092,None
2018-06-12,67.2548828125,67.31084077586299,66.93777108344719,67.04969412588568,7813400,64.98165143330893,0,0,0.004534077436449457,None
2018-06-13,66.90979766845703,67.55334276352247,66.88181868444777,67.25488840790183,14639000,65.15139770507812,0,0,0.003722716768715273,None
2018-06-14,67.38545227050781,67.55333326667528,67.06834767536489,67.17093489707246,11327400,65.33917541503907,0,0,0.0041181654381959865,None
2018-06-15,67.12806701660156,67.23102474412339,66.72559784744786,67.14678335755278,16820600,65.51370989481607,0,0,0.0038277272767928694,None
2018-06-18,67.20295715332031,67.24975158346149,66.4541748618899,66.66009034907913,8290200,65.65156860351563,0,0,0.0030233885035605423,None
2018-06-19,66.85663604736328,66.88471413025209,66.00489611484916,66.37928721550463,12956700,65.76327171325684,0,0,0.00244976832431798,None
2018-06-20,66.99703216552734,67.3152599526624,66.92215251881927,67.01574850674629,11465600,65.87499186197917,0,0,0.002450142007345335,None
2018-06-21,66.48223114013672,67.29653107938547,66.32311727619961,67.25909126300354,14817100,65.94343592325846,0,0,0.0015010512571954626,None
2018-06-22,66.2669448852539,66.66941388660261,65.99551163867798,66.65069041254189,15692900,65.97672373453776,0,0,0.0007300372017109424,None
2018-06-25,64.89109802246094,65.79899420927971,64.32015314499587,65.73347629584521,18027700,65.96725947062174,0,0,0.0002075614010044191,None
2018-06-26,65.15315246582031,65.58369966050498,64.93787529802043,65.09699630940082,13859500,65.96684163411459,0,0,9.163600210804201e-06,None
2018-06-27,64.26399230957031,65.65859187483954,64.2452688265668,65.35908041503173,22054600,65.95730336507161,0,0,0.00020918441236272844,None
2018-06-28,65.05020141601562,65.26547860587016,64.1797451977618,64.1797451977618,17799000,65.96433512369792,0,0,0.00015421396581433156,None
2018-06-29,65.0221176147461,65.5837006098151,64.98467779628614,65.302905541823,10009600,65.98162256876627,0,0,0.00037913210684054066,None
2018-07-02,65.6024169921875,65.62114047188753,64.36693154584849,64.46053466251821,12545600,66.02726821899414,0,0,0.0010010577890820493,None
2018-07-03,64.82555389404297,65.84576201080357,64.77875234298011,65.7989676006548,6361400,66.02836608886719,0,0,2.407745715810039e-05,None
2018-07-05,65.74281311035156,65.78025292803005,65.04083259593875,65.2280316843312,13660000,66.0631477355957,0,0,0.0007627986062388459,None
2018-07-06,66.51029968261719,66.61325737767932,65.62112737898659,65.78024122011395,12801900,66.10765686035157,0,0,0.0009761325734138904,None
2018-07-09,67.01573181152344,67.03445528899407,66.51966677226744,66.8659796963303,8727600,66.17150039672852,0,0,0.0014001568397785658,None
2018-07-10,67.17484283447266,67.36204189671784,67.02509072559059,67.02509072559059,11493100,66.24220250447591,0,0,0.0015505726243732476,None
2018-07-11,66.91278076171875,67.17485234505189,66.59455302221853,66.69751073580156,12974900,66.31598307291667,0,0,0.001618086550455644,None
2018-07-12,67.97044372558594,68.00788354760455,67.12806558245687,67.2029452264941,11853300,66.40916366577149,0,0,0.0020435497753442666,None
2018-07-13,67.89556121826172,68.06403683978259,67.67092943653908,67.97979545856435,9258400,66.49922637939453,0,0,0.0019751713586756425,None
2018-07-16,67.73643493652344,68.05466264062937,67.60539915943109,67.91426512491205,6666000,66.54698893229167,0,0,0.001047483722226239,None
2018-07-17,68.24185943603516,68.35417173213747,67.21228244900361,67.2497222613424,7451600,66.59387817382813,0,0,0.001028331072728761,None
2018-07-18,68.12955474853516,68.23251246952786,67.88619948610555,68.2231507291879,7082000,66.62925211588542,0,0,0.0007757882744623412,None
2018-07-19,67.8862075805664,68.22315886382539,67.7645335053015,67.96108723038317,7455000,66.64190241495768,0,0,0.00027743454978268467,None
2018-07-20,67.90491485595703,68.27929873385014,67.82067348479076,68.14826294840461,7219800,66.67320810953775,0,0,0.0006865672686346969,None
2018-07-23,68.25122833251953,68.28866815270221,67.49309161133803,67.76452495197579,12575500,66.71978810628255,0,0,0.0010215490046481257,None
2018-07-24,68.6256103515625,69.20591677656158,68.34481530764675,68.93448347168692,10778600,66.77636057535807,0,0,0.001240694579503987,None
2018-07-25,69.48672485351562,69.48672485351562,68.54139602243384,68.64434661811684,15233100,66.85075531005859,0,0,0.0016315558715204737,None
2018-07-26,68.41970825195312,68.64434004624812,68.17635297593255,68.29803418440083,12547200,66.9010856628418,0,0,0.0011037983122018091,None
2018-07-27,67.24971771240234,68.55072075428741,66.8285323486806,68.50392634771475,31775100,66.89656117757161,0,0,9.922678718982114e-05,None
2018-07-30,66.2014389038086,67.31524301952012,65.81768616664984,67.21228531642457,17847700,66.86567357381185,0,0,0.0006773980910653177,None
2018-07-31,66.3792724609375,66.80981963166998,66.0142431826879,66.4073505375852,14977000,66.8382174173991,0,0,0.0006021427912196176,None
2018-08-01,66.97830200195312,67.19357917953474,66.61327268681009,66.85662794387726,14661400,66.84227294921875,0,0,8.894213789645278e-05,None
2018-08-02,67.82069396972656,67.90493536633757,66.36057641036022,66.36057641036022,13104900,66.86972834269206,0,0,0.0006021260591437816,None
2018-08-03,68.06404113769531,68.06404113769531,67.53053615934358,67.83940934178828,7245700,66.92245534261068,0,0,0.001156359339826829,None
2018-08-06,68.4290771484375,68.46651697488774,67.87684863444233,68.03596968208505,7500200,66.99452641805013,0,0,0.0015805955458190746,None
2018-08-07,68.6911392211914,68.93449448875029,68.56946515786983,68.6724228810326,10272700,67.1211944580078,0,0,0.0027779652035709868,None
2018-08-08,68.87833404541016,69.00937699562401,68.4758720175069,68.6537022496019,7098600,67.24536717732748,0,0,0.002723240160802165,None
2018-08-09,68.90641021728516,69.1684818014575,68.85024692002315,68.9438500351548,11723100,67.40011444091797,0,0,0.003393772523407279,None
2018-08-10,68.35419464111328,68.68178418272709,68.15764091614501,68.39163446600007,11569200,67.51024754842122,0,0,0.002415336500883547,None
2018-08-13,68.26058959960938,68.98128649561231,68.24187326010555,68.45714329851927,12064400,67.61819661458334,0,0,0.00236743814506446,None
2018-08-14,68.6817855834961,68.76602697643857,68.11084073893198,68.49459359616083,9179500,67.72084223429361,0,0,0.0022511279084241886,None
2018-08-15,68.06404113769531,68.50395012949545,67.53053615934358,68.25123311079851,17792200,67.82879180908203,0,0,0.00236744929978161,None
2018-08-16,68.36354064941406,68.77537148747369,68.21378138433245,68.58817240612167,9104400,67.91614939371745,0,0,0.001915844995045879,None
2018-08-17,68.46649169921875,68.65368362144787,67.93298686586023,68.157618600718,9024100,67.98135579427084,0,0,0.0014300459046177605,None
2018-08-20,68.36354064941406,68.64432856006988,68.09210733713974,68.62561222239208,10619800,68.02628275553386,0,0,0.0009852961736246946,None
2018-08-21,68.47586822509766,68.90641545193341,68.3916268432626,68.5507407256097,8002300,68.06965026855468,0,0,0.0009510958105732326,None
2018-08-22,68.6817855834961,68.78474331880545,68.16700404786583,68.26996178317519,6371200,68.12861709594726,0,0,0.0012932054109015545,None
2018-08-23,68.83153533935547,69.20592640301558,68.56010199672478,68.56010199672478,9367500,68.15732014973959,0,0,0.0006294885805286921,None
2018-08-24,69.5241470336914,69.54287051245733,69.00936562226657,69.01872022073466,6557600,68.21160634358723,0,0,0.001190554125519383,None
2018-08-27,70.16060638427734,70.19804619915998,69.71134288751486,69.89853482101347,8207500,68.29241205851237,0,0,0.0017721555049458604,None
2018-08-28,70.28229522705078,70.44141625903839,70.08574151321247,70.30101870889216,7385200,68.36042658487956,0,0,0.0014916310984882108,None
2018-08-29,70.91874694824219,70.96554850468091,70.35716397555218,70.36652571502292,11182300,68.45339965820312,0,0,0.002038998650710999,None
2018-08-30,70.7034912109375,71.16211656484964,70.48821400510816,70.72220755274527,10520300,68.54730911254883,0,0,0.002059534485146175,None
2018-08-31,70.75963592529297,70.94683501765553,70.51628067567925,70.63796187094373,10268900,68.6424664815267,0,0,0.0020869025838893274,None
2018-09-04,70.4881820678711,70.591139753456,70.01084058842812,70.43202592697502,11073800,68.71703160603842,0,0,0.001635292701795299,None
2018-09-05,69.6083984375,70.4507694395729,69.25272369884036,70.39461327701228,16426600,68.74979120890299,0,0,0.0007184530278592227,None
2018-09-06,69.10297393798828,69.65519526467956,68.56010721143622,69.50544311237465,13978800,68.73699951171875,0,0,0.0002805355611747995,None
2018-09-07,68.86897277832031,69.42119404391356,68.57881596503667,68.65369560336248,14231000,68.751974995931,0,0,0.0003284283396359222,None
2018-09-10,69.08423614501953,69.2152719289857,68.70985227135314,69.12167596056909,16654500,68.81312561035156,0,0,0.0013410981893624552,None
2018-09-11,69.67390441894531,69.82365654045496,68.71920697327693,68.88768257304696,13594900,68.92887446085612,0,0,0.0025384957339075753,None
2018-09-12,69.38374328613281,69.53350253917428,68.82216036905574,69.52414080063063,16268200,69.02902348836263,0,0,0.002196374978862048,None
2018-09-13,70.19806671142578,70.37590409885472,69.79559750997694,69.81431385243002,12727400,69.13634897867838,0,0,0.002353762461730635,None
2018-09-14,70.14189910888672,70.4507651249702,69.82366421172904,70.26357316728837,9439200,69.21372248331706,0,0,0.0016968834730243243,None
2018-09-17,69.26207733154297,70.16061153190724,69.18719769628385,70.03893748029745,14792100,69.25365702311198,0,0,0.0008758070465761936,None
2018-09-18,69.70199584960938,70.03894711370585,69.17785261253312,69.17785261253312,9651000,69.29608764648438,0,0,0.0009305488214211288,None
2018-09-19,69.5241470336914,69.92661613618021,69.13103967058557,69.69262263801032,10435300,69.32385457356771,0,0,0.0006089583234521467,None
2018-09-20,70.34781646728516,70.42268896785254,69.72070839600934,69.93598558004415,13700900,69.37283732096354,0,0,0.0010742438888797778,None
2018-09-21,70.06983947753906,70.7272402736368,70.04166618129649,70.6145470886665,23020500,69.41161829630533,0,0,0.0008505081478804022,None
2018-09-24,70.41732025146484,70.42670657257864,69.4593852781917,69.73173905823482,17256800,69.48038914998372,0,0,0.0015082181630209357,None
2018-09-25,70.3327865600586,70.47366017989177,70.04165300016533,70.3327865600586,10550500,69.5494623819987,0,0,0.0015148496424187696,None
2018-09-26,70.06983947753906,70.71785395164346,69.94775280544414,70.40793336271255,13320600,69.59573084513346,0,0,0.001014716740339816,None
2018-09-27,70.4830551147461,70.68027532051643,70.32339452091574,70.32339452091574,14233200,69.67636464436849,0,0,0.0017683852105194742,None
2018-09-28,70.74602508544922,70.81176516304956,70.24827776002785,70.2858373771157,11710600,69.75578079223632,0,0,0.0017416808174516296,None
2018-10-01,71.0841064453125,71.37523999983873,70.8680992768664,71.19679960699759,10334100,69.84303461710611,0,0,0.0019135694327293562,None
2018-10-02,71.09349822998047,71.49733214236235,70.7741913604894,70.9995848663143,14007000,69.934033203125,0,0,0.001995696038393613,None
2018-10-03,71.30950927734375,71.62881616412935,71.17802912806371,71.33768257145651,13292400,70.02848790486654,0,0,0.0020714923420252496,None
2018-10-04,70.02287292480469,71.01837468189376,69.56269240882229,70.9620209293332,23292400,70.0731908162435,0,0,0.0009803825206816108,None
2018-10-05,69.14006805419922,70.2106960417226,68.4638804483677,69.99468888119826,22288500,70.08347524007162,0,0,0.00022554838255062215,None
2018-10-08,68.36058044433594,69.02737463198575,67.58108592273804,68.8113674498678,19973000,70.0446896870931,0,0,0.0008506085403358621,None
2018-10-09,68.6047592163086,69.0085931131891,68.19153183388295,68.33240545653987,15138900,69.99282811482747,0,0,0.0011373795884463966,None
2018-10-10,65.2801742553711,68.20092487454335,65.23321399308175,68.19153138905948,44143000,69.82609074910482,0,0,0.00365672825021518,None
2018-10-11,64.45372009277344,66.20053582218856,63.92779954288677,65.09234097412015,68269500,69.61058985392252,0,0,0.004726164455965798,None
2018-10-12,66.51984405517578,66.73584404859308,65.22381543415405,66.27566360749887,35909400,69.47113494873047,0,0,0.00305839479493214,None
2018-10-15,65.43045043945312,66.33203181119639,65.39288365332234,66.27568521456614,19152500,69.2934954325358,0,0,0.003895824036851181,None
2018-10-16,67.40262603759766,67.61863315728428,66.09721133179923,66.25687188336246,20999300,69.19064356486003,0,0,0.00225565114626447,None
2018-10-17,67.09270477294922,67.53410527779135,66.49165090064892,67.48714503318492,24164900,69.106787109375,0,0,0.0018390614989385878,None
2018-10-18,65.77792358398438,66.8391581929771,65.38348316277967,66.79220509433668,22960300,68.99595209757487,0,0,0.002430730010672233,None
2018-10-19,65.74976348876953,66.87673839416435,65.5055829653857,66.16298379934406,22141700,68.89197845458985,0,0,0.0022802528751326157,None
2018-10-22,66.29446411132812,66.72647856331173,65.6652365738568,66.05967707509568,15981000,68.79898605346679,0,0,0.0020394225299663615,None
2018-10-23,66.0408935546875,66.38838092823714,64.25651074654098,64.91391871013776,24066100,68.67788569132487,0,0,0.002655860091326012,None
2018-10-24,63.082557678222656,66.03148127516656,63.007424132600434,65.8718278645663,34165400,68.4678461710612,0,0,0.004606390679623651,None
2018-10-25,65.25200653076172,65.59009322059335,63.88084413834208,63.98415099208781,23377200,68.3029774983724,0,0,0.003615745819083027,None
2018-10-26,63.94657897949219,65.11112756912831,63.02621802250726,63.62727212322846,42743600,68.09646682739258,0,0,0.004528999251426968,None
2018-10-29,62.86655807495117,65.28955403246817,61.5987027715025,64.8293736016976,34055300,67.88328285217285,0,0,0.004675351930267468,None
2018-10-30,63.570919036865234,63.79631251029464,62.27489044310516,62.81020442070583,30560800,67.67891362508138,0,0,0.004482035103176074,None
2018-10-31,65.08294677734375,65.59947377914948,64.49127906519475,64.5194523533677,21144100,67.53087361653645,0,0,0.0032466752671909682,None
2018-11-01,65.84365844726562,65.89061870732269,64.62276333707922,65.17686431220771,15553100,67.38073501586913,0,0,0.003292699630514595,None
2018-11-02,64.55702209472656,65.72157060370996,64.01232177969902,65.33651654062766,20213100,67.19697443644206,0,0,0.004030065481450629,None
2018-11-05,64.49127197265625,64.62275207975644,63.56151773955387,64.5194452577308,14208200,66.9994394938151,0,0,0.004332151956329577,None
2018-11-06,64.89512634277344,65.20504690706493,64.37859923408502,64.43494582209048,9133800,66.81818415323893,0,0,0.003975122921695551,None
2018-11-07,66.80157470703125,66.80157470703125,65.56190000392529,65.64642702454513,16314800,66.70924199422201,0,0,0.0023892177304710716,None
2018-11-08,66.74522399902344,66.82975101440327,66.32261041750841,66.54800384997456,10409700,66.58464762369792,0,0,0.0027324874213922046,None
2018-11-09,65.59008026123047,66.22870106496529,65.0359864871006,66.17235448864815,12941800,66.41278279622396,0,0,0.0037691789546904775,None
2018-11-12,63.279781341552734,65.10173051487418,63.2046549569284,64.98903019024317,16431100,66.15263862609864,0,0,0.005705239086051028,None
2018-11-13,63.35492706298828,64.44434224832963,63.16710031764786,63.430060627176864,15703500,65.89468625386556,0,0,0.005657170620793572,None
2018-11-14,62.594200134277344,64.1907484729089,62.27488616747373,64.05926835867471,19496700,65.60417594909669,0,0,0.006371200803267918,None
2018-11-15,64.1625747680664,64.31284184914244,62.331239499507134,62.697506553218986,26301100,65.40883267720541,0,0,0.0042840862797512425,None
2018-11-16,64.05926513671875,64.44431914127259,63.279770809301326,63.41125091692252,17972900,65.23947257995606,0,0,0.003714247549652605,None
2018-11-19,61.61749649047852,63.82449270118943,61.4484495758424,63.75875263244927,19198600,65.01470311482747,0,0,0.004929434079512907,None
2018-11-20,60.29328918457031,61.11035039460947,59.52319181571048,59.89884880667395,28064800,64.73765411376954,0,0,0.006075980056849284,None
2018-11-21,60.73469161987305,61.354532659321976,60.48112484518101,61.11035220452728,16503300,64.5861380259196,0,0,0.0033229093934742937,None
2018-11-23,60.18061065673828,60.84740493339797,60.05852040327934,60.08669369924463,5338100,64.44370104471842,0,0,0.003123794902098076,None
2018-11-26,61.54236602783203,61.54236602783203,60.650178312233976,60.96948518640407,12534600,64.27778511047363,0,0,0.003638713381875991,None
2018-11-27,61.66445541381836,61.75836877210299,60.762867111922006,61.11974790458555,11538200,64.15225194295247,0,0,0.0027530762407338982,None
2018-11-28,63.82451248168945,63.82451248168945,62.04952291047029,62.2843099666118,16609600,64.03298149108886,0,0,0.0026157282073837607,None
2018-11-29,63.20465469360352,63.72118172446857,62.866560886248735,63.627268370232166,14115400,63.90337982177734,0,0,0.002842302823919951,None
2018-11-30,63.80571746826172,63.85267056922413,62.93230954089788,63.24222293566779,16509800,63.83763961791992,0,0,0.0014417527803588515,None
2018-12-03,65.21443939208984,65.46800619935169,64.51007839231399,65.40226612597783,16231700,63.81979548136393,0,0,0.00039134094485759885,None
2018-12-04,62.74447250366211,64.89512217778687,62.59421255691436,64.75424855168382,20991100,63.70146242777506,0,0,0.002595170063514174,None
2018-12-06,62.885345458984375,62.885345458984375,60.96009647321272,61.270009849177406,21577900,63.59627749125163,0,0,0.002306817834234698,None
2018-12-07,60.66894912719727,62.86655880215004,60.387209073828046,62.584811583651415,19937500,63.51582387288411,0,0,0.0017644336519378467,None
2018-12-10,61.504791259765625,61.739578224439626,59.983372731796216,60.33085643639561,20447800,63.390916697184245,0,0,0.002739347572493389,None
2018-12-11,61.57994079589844,62.58482897899394,61.0821934479817,62.46274230511312,15813100,63.31202875773112,0,0,0.0017300966436001874,None
2018-12-12,62.05890274047852,63.03561753887897,62.03072944636334,62.57542985122854,16928800,63.2851069132487,0,0,0.0005904247607613766,None
2018-12-13,62.162208557128906,62.81960929260258,61.80532773061695,62.35942877777101,12819300,63.238149897257486,0,0,0.0010298174388005954,None
2018-12-14,60.64077758789063,61.75836584434755,60.58443100861703,61.4202720384468,15516200,63.090077590942386,0,0,0.0032473835917354865,None
2018-12-17,59.354148864746094,60.82860722014436,58.8751814225034,60.41538701038807,23263500,62.8737606048584,0,0,0.004744062199773913,None
2018-12-18,59.8237190246582,60.34024962791731,59.34475161281512,59.81432553988063,19626600,62.71598383585612,0,0,0.0034602128079554983,None
2018-12-19,58.6403923034668,60.800431709701066,58.001771458832,59.739197185363246,33606100,62.5209545135498,0,0,0.0042772010305362484,None
2018-12-20,57.58855056762695,58.978489068969374,56.75270948623418,58.3868248721433,39501800,62.27740198771159,0,0,0.005341366632391487,None
2018-12-21,55.8388671875,58.31011331086983,55.59362690766324,57.60269523906396,41613700,61.91197840372721,0,0,0.008014128909012763,None
2018-12-24,54.34857177734375,55.989783298826815,54.3014112918427,55.31066079364562,21117000,61.498756663004556,0,0,0.00906239346144544,None
2018-12-26,57.6309928894043,57.6309928894043,54.41459875082975,54.72586444074721,29060100,61.23345375061035,0,0,0.005818375805636433,None
2018-12-27,58.0460205078125,58.06488542435856,55.72568974437127,56.82926037645371,23438800,61.05899505615234,0,0,0.0038260652239247017,None
2018-12-28,57.91396331787109,58.87604876905796,57.414052079692766,58.47046570134598,19842900,60.87762959798177,0,0,0.003977537917977503,None
2018-12-31,58.461029052734375,58.67797016309419,57.9705520909196,58.41386856754561,16860100,60.739857228597,0,0,0.003021494990309237,None
2019-01-02,58.49876403808594,58.847755976991365,57.18768300441999,57.26313906775224,15442900,60.551063537597656,0,0,0.004140446985878621,None
2019-01-03,55.54647445678711,57.04620112986185,55.47101838923327,57.00847129702748,24946700,60.2673038482666,0,0,0.006223152607407245,None
2019-01-04,58.00828170776367,58.25351838872373,56.38593511673531,56.56514999716224,20767800,60.146996688842776,0,0,0.002638464309793642,None
2019-01-07,58.52706527709961,58.923221341812,57.87624182564039,58.0082926478395,11908600,60.08812255859375,0,0,0.0012911724636849309,None
2019-01-08,59.01753616333008,59.30050269535096,58.31955229088621,59.092995824196805,13002600,60.03088404337565,0,0,0.0012553016817271612,None
2019-01-09,59.78153991699219,60.09280197529032,59.272198078198016,59.33822347232532,14022400,60.017581685384116,0,0,0.00029173489728173685,None
2019-01-10,60.04563522338867,60.0739307898845,59.03638590641488,59.30992170958707,10934100,59.96769065856934,0,0,0.0010941634251874222,None
2019-01-11,59.93246841430664,59.97019824703946,59.5646115404489,59.69666235689887,7725600,59.90995775858561,0,0,0.001266144066882413,None
2019-01-14,59.37596130371094,59.5834681711868,59.16845083812047,59.40425687697706,7241900,59.76167271931966,0,0,0.0032520490522203183,None
2019-01-15,60.272010803222656,60.39462732396286,59.46083764453509,59.56459285294123,14327000,59.66391792297363,0,0,0.002143866936144101,None
2019-01-16,60.32861328125,60.696470108873626,60.21542739539221,60.3380475373049,9468500,59.54801445007324,0,0,0.002541886767947865,None
2019-01-17,60.71534729003906,61.06433565538212,59.95133435565428,60.11168075033784,10128400,59.398044713338216,0,0,0.003288996264391608,None
2019-01-18,61.63969802856445,61.762321776168285,60.92284564490508,61.31900526517143,13651600,59.36121889750163,0,0,0.0008076294148178231,None
2019-01-22,60.60215377807617,61.24354651058047,60.1211110277553,61.13979127471732,14992500,59.28511250813802,0,0,0.0016690942837054301,None
2019-01-23,60.80965423583984,61.30956181927744,60.13053178429133,60.856811119502346,9576100,59.289802678426106,0,0,0.0001028604363301211,None
2019-01-24,61.31899642944336,61.53593392724872,60.99829651603209,61.02659208563903,14170900,59.283609517415364,0,0,0.00013582262576816717,None
2019-01-25,62.1867561340332,62.37539804803774,61.5547978062675,61.78116954231849,10030800,59.30383669535319,0,0,0.00044360358379658127,None
2019-01-28,61.35673522949219,61.37559654657972,60.8473933133768,61.26240705536652,9662400,59.28043111165365,0,0,0.0005133094118162651,None
2019-01-29,60.69646453857422,61.48877646120914,60.602143575367926,61.47934220602005,8573900,59.23157297770182,0,0,0.0010715109831566094,None
2019-01-30,62.582916259765625,62.76213113773305,61.432181730934325,61.70571757764248,16995300,59.29631093343099,0,0,0.001419772410041431,None
2019-01-31,62.51689529418945,62.85645656271233,62.06415173364505,62.26222794091186,18250900,59.40173581441243,0,0,0.0023120800720917156,None
2019-02-01,62.88475036621094,63.22431162517894,62.45086813446937,62.54518910724293,9737800,59.503770192464195,0,0,0.0022377227269838595,None
2019-02-04,63.89398956298828,63.903423817609934,62.9224700275635,62.96963410444399,7604300,59.67889010111491,0,0,0.0038405663563338965,None
2019-02-05,64.43164825439453,64.59200185110554,64.03549578394887,64.11095545343285,12060700,59.9069933573405,0,0,0.005002547673648716,None
2019-02-06,64.64857482910156,64.82778969468207,64.26184952889692,64.50708978765527,10189600,60.20065027872722,0,0,0.006440209461460511,None
2019-02-07,63.76194381713867,64.32787680324552,63.328061621249134,64.05434816367276,14632000,60.51442934672038,0,0,0.006881509596147306,None
2019-02-08,64.12981414794922,64.12981414794922,63.14886007349696,63.18658990669472,8488800,60.731056722005206,0,0,0.004750869365968247,None
2019-02-11,64.10151672363281,64.52597193769537,63.95060459142344,64.32788852006172,7434700,60.93290659586589,0,0,0.004426783000017309,None
2019-02-12,64.95040893554688,65.03529564621905,64.45050133831258,64.54482230446894,9709100,61.16745478312175,0,0,0.005143891884449581,None
2019-02-13,65.03531646728516,65.50692864528209,64.99759382572846,65.27112255628363,9120900,61.38659769694011,0,0,0.004806037808747665,None
2019-02-14,65.14849090576172,65.38429694019639,64.74290423868491,64.79006832406348,9742000,61.608255259195964,0,0,0.004861186730771794,None
2019-02-15,65.66728210449219,65.73330752141126,65.2994251821958,65.6389793290434,7356000,61.94561551411947,0,0,0.007398670174090183,None
2019-02-19,65.68614196777344,65.88421821413571,65.33714637395575,65.40317178940984,8319100,62.201544189453124,0,0,0.005612788789583045,None
2019-02-20,65.7615737915039,66.03510959575159,65.41257834548564,65.7427052829475,9852100,62.4426944732666,0,0,0.005288682902876929,None
2019-02-21,65.78987884521484,66.0539804332686,65.38429220749556,65.60123690981318,9754100,62.66843922932943,0,0,0.004950823249816549,None
2019-02-22,66.62934112548828,66.66707094809631,66.0728424335324,66.0917037467225,12246600,62.89669926961263,0,0,0.0050059861152372265,None
2019-02-25,66.9500503540039,67.41222815199241,66.90288627011108,67.12925804109317,20170500,63.12684644063314,0,0,0.005047372904869174,None
2019-02-26,67.09153747558594,67.28018664097246,66.65765518954171,66.7142535372726,14134000,63.365482076009116,0,0,0.005233533980852745,None
2019-02-27,67.02549743652344,67.1103913414743,66.33694792279037,66.83685550854327,9777500,63.62046661376953,0,0,0.005592082845710167,None
2019-02-28,66.83686065673828,67.09152799875041,66.66708002998725,66.78026951323088,9438300,63.83929494222005,0,0,0.004799138616136012,None
2019-03-01,67.28961944580078,67.468834369158,66.75198187195957,67.36507911839651,12334000,64.0713284810384,0,0,0.00508874296242523,None
2019-03-04,67.0349349975586,67.74235305671232,66.28978711170255,67.57257243466628,15826500,64.2819814046224,0,0,0.0046198432686126445,None
2019-03-05,66.83686065673828,67.08210093898506,66.62935020223937,66.99720702749514,8953800,64.45522015889486,0,0,0.003799310634629516,None
2019-03-06,66.48788452148438,66.86517571267511,66.4029977814877,66.78971603519078,13122100,64.65141118367514,0,0,0.004302678404707605,None
2019-03-07,65.85591888427734,66.35582660084424,65.63897413372541,66.29923544688728,18498300,64.8196200052897,0,0,0.003688998847184155,None
2019-03-08,65.84646606445312,65.9030643986852,64.93153762017268,65.06359560256209,12890700,64.97053565979004,0,0,0.0033097412497750667,None
2019-03-11,67.26131439208984,67.32733979725205,66.0822841597437,66.0822841597437,14576900,65.13968760172526,0,0,0.003709682481622678,None
2019-03-12,67.65747833251953,67.88385013661716,67.2424573614823,67.4499678470009,18050600,65.34971237182617,0,0,0.004606067192823693,None
2019-03-13,68.10078430175781,68.50637099525115,67.91214234041514,67.94987217192958,17833600,65.59652303059896,0,0,0.0054128209623383605,None
2019-03-14,68.24227142333984,68.44978190479561,68.05362945632356,68.21397584791038,10656600,65.7851682027181,0,0,0.00413718980844513,None
2019-03-15,69.06835174560547,69.38062305963564,68.43435160098296,68.48166806170691,21024500,66.00355008443196,0,0,0.0047893475630804705,None
2019-03-18,69.3617172241211,69.54150393457323,68.93589063525235,69.11568456518448,14837600,66.21944897969564,0,0,0.004734893022204367,None
2019-03-19,69.50363159179688,69.83483235809197,69.22921923834677,69.64557374599794,16153100,66.4064370473226,0,0,0.00410084773968411,None
2019-03-20,69.31438446044922,69.8821458926801,68.89802270772336,69.42793963468671,13704300,66.56919492085775,0,0,0.003569453742545803,None
2019-03-21,71.05554962158203,71.20695658265696,69.31441288610793,69.32387762604543,27274100,66.78276074727377,0,0,0.0046837263342339175,None
2019-03-22,69.38060760498047,70.97980832411172,69.35222062266067,70.68645932802816,26747400,66.97004954020183,0,0,0.004107442966250985,None
2019-03-25,69.07781982421875,69.54149083994099,68.63307106201474,69.15352327724894,21946900,67.13498306274414,0,0,0.0036171680455308053,None
2019-03-26,69.45634460449219,70.12819664883608,69.04944748248333,69.6834477922822,13965100,67.31347732543945,0,0,0.003914569539169521,None
2019-03-27,69.05889892578125,69.82537654918548,68.45327850913489,69.56042167785951,15831200,67.4504269917806,0,0,0.0030034522351770065,None
2019-03-28,69.34276580810547,69.62665011086608,68.91694657344227,69.26706236477229,10539700,67.59400863647461,0,0,0.0031488985932419666,None
2019-03-29,70.02409362792969,70.05248061887845,69.57934485112216,69.92000318146499,14347200,67.75652872721354,0,0,0.003564238912236839,None
2019-04-01,70.97982788085938,71.06498885128279,70.30797597609725,70.70540827703056,12590500,67.93361358642578,0,0,0.0038836598177033888,None
2019-04-02,71.2258529663086,71.3204858923404,70.81895593059923,71.03660155320227,11787100,68.11827061971029,0,0,0.0040497256705828155,None
2019-04-03,71.80309295654297,72.16268081779974,71.5192157823445,71.65169324086645,13869000,68.31965459187826,0,0,0.004416565279027451,None
2019-04-04,71.50028228759766,71.96396058584713,71.07446294048977,71.77470192753727,11503100,68.51000137329102,0,0,0.0041745079149645425,None
2019-04-05,71.8409423828125,71.91664584795919,71.61383920685223,71.73685192310575,6709800,68.68372141520182,0,0,0.003809865785815658,None
2019-04-08,72.11534881591797,72.15320054155588,71.36779347839591,71.67060006402068,7309900,68.85589803059896,0,0,0.0037760167963577507,None
2019-04-09,71.77468872070312,72.06803778223612,71.61382430534915,71.80307570935638,13440100,69.01200307210287,0,0,0.003423550041073864,None
2019-04-10,72.27621459960938,72.29514407252489,71.80307884942201,71.84093057577444,8617400,69.18702697753906,0,0,0.003838460903455132,None
2019-04-11,72.18159484863281,72.44654973548062,72.03019515021087,72.42762748048257,7697300,69.36518478393555,0,0,0.0039071906937167,None
2019-04-12,72.68311309814453,72.68311309814453,72.18159034795661,72.58848739009603,8555000,69.54496790568034,0,0,0.003942835592650407,None
2019-04-15,72.65470886230469,72.86288970228469,72.26674138555046,72.68309584603341,9910700,69.73229370117187,0,0,0.0041082544719299174,None
2019-04-16,73.02377319335938,73.09947664942531,72.67365734314257,72.88183101810549,9609300,69.93852411905924,0,0,0.004522853002228766,None
2019-04-17,73.43064880371094,73.52527448642331,73.07106832161318,73.48742998891981,12247900,70.16994959513346,0,0,0.005075407497967421,None
2019-04-18,73.63886260986328,73.65778486708764,73.09002329711595,73.59154613758228,11491900,70.429381052653,0,0,0.005689608538521518,None
2019-04-22,73.80918884277344,73.83757583721159,73.2319625575985,73.29820128444743,8084400,70.69480514526367,0,0,0.005821033417018284,None
2019-04-23,74.61351013183594,74.70813584276036,73.84703248802555,73.92273594455666,16692800,70.93987833658854,0,0,0.005374716448253547,None
2019-04-24,74.64191436767578,74.9825727812891,74.5283663761251,74.6703085850441,10938300,71.17269287109374,0,0,0.0051058710307441135,None
2019-04-25,74.62297058105469,75.19073203345745,74.22553828632061,74.98255114969811,11387600,71.39009908040364,0,0,0.00476795002673891,None
2019-04-26,74.3390884399414,74.3580179132849,73.54422382700523,74.16875927724382,11050200,71.59332631429037,0,0,0.004456989974297554,None
2019-04-29,74.35802459716797,74.5945924988748,74.27285639842421,74.34855985964546,10613200,71.76964874267578,0,0,0.0038669388965636986,None
2019-04-30,74.48102569580078,74.58511613388293,73.9037995280646,74.32016128039321,18842900,71.94029235839844,0,0,0.0037423964786023056,None
2019-05-01,74.2917709350586,75.41782901151208,74.28230619943923,75.22857761599259,15446800,72.09989700317382,0,0,0.0035003000730292333,None
2019-05-02,73.90381622314453,74.8122361629575,73.50638385312884,74.2728615980848,24988800,72.25287806193033,0,0,0.0033550377677986076,None
2019-05-03,74.60403442382812,74.67028035316014,74.06466000945109,74.16875044200437,13288300,72.37116088867188,0,0,0.0025940685351871218,None
2019-05-06,74.0268325805664,74.14984529310328,72.54118641447823,72.8250635709817,13022500,72.52603505452474,0,0,0.0033965556253580387,None
2019-05-07,72.43708038330078,73.4779775056372,71.77468605492088,73.1940931906918,20625600,72.63801040649415,0,0,0.0024557388867196273,None
2019-05-08,72.35191345214844,72.9764560680368,72.07749386815004,72.20051377584342,13667300,72.73452936808268,0,0,0.0021167637619349255,None
2019-05-09,71.85985565185547,72.09642351247444,70.64862936060278,71.45295864281168,19300900,72.82789459228516,0,0,0.0020475989377018167,None
2019-05-10,72.08695220947266,72.40868100525545,70.36473862983928,71.39617094282502,19596200,72.91936747233073,0,0,0.0020060978122178608,None
2019-05-13,69.37116241455078,70.46884083666976,69.17244626285242,70.05247906007584,25461200,72.89760309855143,0,0,0.00047731592796906863,None
2019-05-14,70.48775482177734,70.92303880102848,69.66450332123887,69.72127729521314,18404300,72.88120066324869,0,0,0.00035972289884689257,None
2019-05-15,71.25423431396484,71.47187267780414,69.8821365484411,69.99569170749464,15048600,72.88214670817057,0,0,2.0747774062523927e-05,None
2019-05-16,71.90718078613281,72.42763308232284,71.20694178537877,71.30156750664611,15444700,72.88561630249023,0,0,7.609190363855323e-05,None
2019-05-17,71.3299331665039,72.29513400538943,71.15960403137574,71.16906876651552,13543900,72.87993799845377,0,0,0.0001245312632441875,None
2019-05-20,70.09031677246094,70.67700759312753,69.74965851781289,70.1281684918082,14674600,72.82158381144205,0,0,0.0012797695539883969,None
2019-05-21,70.95145416259766,71.17855734568641,70.66756976912669,70.82843422300289,14841100,72.78278732299805,0,0,0.0008508483667561684,None
2019-05-22,70.5823974609375,71.00822402639426,70.44992001021218,70.48777174177364,11521100,72.74304428100587,0,0,0.00087160729553587,None
2019-05-23,69.34276580810547,69.66450183253268,68.831778394823,69.62665011086608,16085700,72.6452626546224,0,0,0.002144455347478369,None
2019-05-24,69.3617172241211,70.08087850488963,69.28601375683598,69.72129786450536,11750000,72.55126673380533,0,0,0.0020614307870767123,None
2019-05-28,69.16299438476562,70.02410508836486,69.12514987029274,69.5793562387679,25772800,72.43392944335938,0,0,0.002573331915841498,None
2019-05-29,68.75608825683594,69.08728182638673,68.29241003998646,68.65199781790878,14754800,72.30397542317708,0,0,0.002850030254286734,None
2019-05-30,69.18191528320312,69.32385746305637,68.7087794966784,68.91696039786595,11420500,72.17591349283855,0,0,0.002808534706161353,None
2019-05-31,68.02745819091797,68.6709231056891,67.9990712007702,68.34919425804287,12039800,71.99580713907878,0,0,0.003949924415455192,None
2019-06-03,66.83516693115234,68.51007186700174,66.38096056241628,68.13156174673499,19703700,71.76901728312174,0,0,0.004973743405061154,None
2019-06-04,69.06835174560547,69.06835174560547,67.34613797963672,67.68679628230994,15096200,71.61098937988281,0,0,0.0034657204495918137,None
2019-06-05,69.96732330322266,70.12818773999325,69.17245141771515,69.98624555835127,14395800,71.4561164855957,0,0,0.003396527738565025,None
2019-06-06,70.78112030029297,70.92305526818359,69.83484867713119,70.15657756365601,11922500,71.32742335001628,0,0,0.0028223777102537873,None
2019-06-07,72.09642791748047,72.52224720482042,71.00821424824895,71.15015641718847,11992100,71.24320526123047,0,0,0.0018469925028948286,None
2019-06-10,72.83451080322266,73.51582736624657,72.61686520468197,72.61686520468197,13463800,71.19305267333985,0,0,0.0010998997385270881,None
2019-06-11,72.83451080322266,73.64830478467034,72.41814907704631,73.57260134000595,11550100,71.14226888020833,0,0,0.001113742742619439,None
2019-06-12,72.42761993408203,72.6831100570711,72.25729077892983,72.48439391263994,7596900,71.07382202148438,0,0,0.001501112608140398,None
2019-06-13,72.645263671875,72.90076103312478,72.38030879315596,72.68311540018901,9867400,71.01893844604493,0,0,0.0012036553409154327,None
2019-06-14,72.01126098632812,72.24782886553386,71.69898965310166,71.98287399594004,8441700,70.95585327148437,0,0,0.0013835251563770745,None
2019-06-17,72.06803131103516,72.42761183415242,71.90715969064803,72.05856657584118,9351100,70.87131983439127,0,0,0.0018539084275824291,None
2019-06-18,73.3739013671875,73.73348197929592,72.60742367476824,72.83452683928516,16181200,70.84955546061198,0,0,0.0004773159279687911,None
2019-06-19,73.63886260986328,73.82811406002716,73.06163630153937,73.5631591420057,12371200,70.88961486816406,0,0,0.0008785455296578815,None
2019-06-20,74.71760559082031,74.96363823130775,74.09307008124999,74.71760559082031,13891900,70.96847127278646,0,0,0.0017294050511315606,None
2019-06-21,74.36433410644531,75.01007247272148,74.33584682109264,74.44030503070984,20715200,71.05195388793945,0,0,0.0018308627817687495,None
2019-06-24,74.50679016113281,74.75369208353423,74.39283375579662,74.49729198277463,8215900,71.13261515299479,0,0,0.0017689875652502351,None
2019-06-25,73.13933563232422,74.53527067967546,73.05387376982678,74.46879792718191,13122700,71.25822092692057,0,0,0.0027546685766197676,None
2019-06-26,73.9275131225586,74.4498041774491,73.83255308848383,73.85154219730431,9069200,71.37287953694661,0,0,0.002514585597508112,None
2019-06-27,74.11744689941406,74.37383973827434,73.95600685792309,74.17442147583039,6837500,71.46831995646158,0,0,0.002093110184032132,None
2019-06-28,74.10794830322266,74.43081389440783,73.88004275385742,74.34535203026591,17783400,71.54167887369792,0,0,0.00160883928986566,None
2019-07-01,75.28546905517578,75.90272019689947,74.97209439545635,75.80776015470816,14276600,71.67353006998698,0,0,0.002891637349584031,None
2019-07-02,75.48489379882812,75.5323774464944,75.07655906185549,75.24749005047165,7784200,71.85334930419921,0,0,0.003943627577574105,None
2019-07-03,76.06413269042969,76.06413269042969,75.5228526249298,75.6747944478697,5341800,72.02377192179362,0,0,0.00373754975396276,None
2019-07-05,75.92169952392578,76.05464501485935,75.17151021579457,75.44689212916705,5923900,72.20174865722656,0,0,0.0039032196143798104,None
2019-07-08,75.34243774414062,75.43740502389788,74.99108489098928,75.33294681215389,7459900,72.40173772176107,0,0,0.004385973467002369,None
2019-07-09,75.60832977294922,75.66530434013389,74.83913689102802,74.953093270383,9249800,72.60995814005534,0,0,0.004566495833422168,None
2019-07-10,76.20661163330078,76.66243006824806,75.96920785874221,76.02618244624004,10108600,72.84474538167318,0,0,0.005149134601551364,None
2019-07-11,76.49147033691406,76.78584858842639,76.23507029947999,76.39650306676188,11352200,73.10259145100912,0,0,0.0056548392848908,None
2019-07-12,77.05175018310547,77.09923382473004,76.59593910145027,76.72888460401525,7753400,73.36491928100585,0,0,0.005753129075832392,None
2019-07-15,77.30815124511719,77.4031112845949,77.0897366338305,77.26066760288502,6286000,73.67427571614583,0,0,0.006784516541084473,None
2019-07-16,76.58645629882812,77.22269665239786,76.45351076957438,77.21319847316889,8005700,73.99931869506835,0,0,0.007128539175418919,None
2019-07-17,76.38703155517578,76.89982451542286,76.37753337674879,76.72889352867384,6708000,74.2432746887207,0,0,0.005350215111840723,None
2019-07-18,76.95680236816406,77.07075877917121,76.15912198108929,76.2161038090867,8022000,74.47625732421875,0,0,0.005109557664791237,None
2019-07-19,76.62444305419922,77.75448007178387,76.52947575029475,77.72599277860776,11679700,74.67103474934896,0,0,0.004271676656824153,None
2019-07-22,77.50758361816406,77.6975037317101,76.90932149501697,76.91881967419066,6924700,74.85140660603841,0,0,0.003955747177853186,None
2019-07-23,77.93488311767578,78.01085403732525,77.35561753407352,77.95387222509531,5505400,75.02141901652018,0,0,0.0037285534745102045,None
2019-07-24,78.58063507080078,78.60912235936267,77.8304384103941,77.8304384103941,9257100,75.21295649210612,0,0,0.004200621108018471,None
2019-07-25,78.25775909423828,78.40969369474587,77.83992626411697,78.40969369474587,9923400,75.40729446411133,0,0,0.0042620389811306725,None
2019-07-26,78.42868041992188,78.58062226079875,78.21977125619478,78.29573493164747,11120200,75.60007502237956,0,0,0.004227883236947949,None
2019-07-29,78.38121795654297,78.51416346844147,77.77346497501068,78.46667982348328,8473200,75.81240692138672,0,0,0.004656664990214915,None
2019-07-30,77.8779296875,78.21029349494214,77.6690132242542,77.83994421736553,7364000,76.00607020060221,0,0,0.004247242248714228,None
2019-07-31,76.70040130615234,78.38122393403111,75.89322999521603,78.29575481558575,16869300,76.11695353190105,0,0,0.0024317897088098894,None
2019-08-01,76.3110580444336,78.45718986235957,75.93121061502384,76.83334916549538,28833000,76.20602671305339,0,0,0.0019534698562894137,None
2019-08-02,75.06706237792969,75.72229174660939,74.38333847584053,75.69380445818682,22371900,76.2176752726237,0,0,0.00025546533418246975,None
2019-08-05,71.93333435058594,73.16783671598365,71.35406863628256,73.06337848914289,27826600,76.13664194742839,0,0,0.0017771472409096045,None
2019-08-06,73.1298599243164,73.39575098964501,72.29419401044005,72.90194708690204,19150800,76.09074427286784,0,0,0.0010065849514734049,None
2019-08-07,73.58563995361328,73.7850581681777,71.89532697255626,72.29416340168508,20582400,76.10562108357747,0,0,0.0003262643244917318,None
2019-08-08,75.38990783691406,75.40890418744648,73.98448218688257,74.17440222229712,15991600,76.154367574056,0,0,0.001069062522723041,None
2019-08-09,74.53529357910156,75.15254489617175,73.96552591910941,74.94362839701056,15572600,76.16829579671224,0,0,0.0003054607768429307,None
2019-08-12,73.55718994140625,74.29788861221616,73.2153279018034,74.02249934448115,10893400,76.14993718465169,0,0,0.00040262394134396584,None
2019-08-13,75.39942169189453,75.6843018042587,73.32926099744121,73.49069378561289,26042800,76.15373560587565,0,0,8.330342833282045e-05,None
2019-08-14,73.08238983154297,74.34537987117533,72.89246967678164,74.01301597784826,23569300,76.07365214029947,0,0,0.0017563158064681228,None
2019-08-15,72.94942474365234,73.32927219646892,72.33217353844884,73.14884302625885,15662300,75.96982854207357,0,0,0.0022769622335472584,None
2019-08-16,74.33584594726562,74.48778779400855,73.59514755685888,73.69960576524814,10847000,75.91696675618489,0,0,0.0011593153398950506,None
2019-08-19,75.46589660644531,75.69380215186867,75.07655102323486,75.50388207151364,7878100,75.92108205159505,0,0,9.025281717200961e-05,None
2019-08-20,75.0860366821289,75.75076409753234,75.04805122339364,75.37092400015064,8337700,75.90367228190104,0,0,0.00038181481633653425,None
2019-08-21,75.96919250488281,76.15911258815031,75.6273305590119,75.80775970960677,8401300,75.89575831095378,0,0,0.00017356182286309974,None
2019-08-22,75.78877258300781,76.33955103453276,75.11454678682561,76.16862004078321,7594100,75.87233505249023,0,0,0.0005136970382405848,None
2019-08-23,73.28177642822266,76.06414823583171,72.9778999652238,75.3709334507029,20398900,75.74666926066081,0,0,0.002755984833253622,None
2019-08-26,74.29785919189453,74.3263464764163,73.68060812897457,74.18391005380745,10358500,75.64632619222006,0,0,0.0022006305034883433,None
2019-08-27,74.18390655517578,74.91510672169827,73.75657557254516,74.782161236876,10033000,75.56624120076498,0,0,0.0017563492706196837,None
2019-08-28,74.25038146972656,74.37382878210559,73.25328305940462,73.78506501425059,7139500,75.49501953125,0,0,0.0015619671680320024,None
2019-08-29,75.54187774658203,75.76978332280838,74.99109929612968,75.25699034255837,8120600,75.44785537719727,0,0,0.0010343601973955008,None
2019-08-30,75.52287292480469,76.13062588995315,74.9815927138135,76.03566584758374,10075400,75.41113637288412,0,0,0.0008052869241980953,None
2019-09-03,74.60173797607422,75.56085097332378,74.3358469855463,74.89612349700396,11837500,75.31427485148112,0,0,0.002124276463995045,None
2019-09-04,75.87422180175781,75.91220726207114,75.33294167101815,75.40891259164478,7729400,75.24558614095052,0,0,0.0015064166761868947,None
2019-09-05,77.4600830078125,77.7734576470409,76.83334097434204,76.87131919274577,10043300,75.20823440551757,0,0,0.0008191633924420905,None
2019-09-06,77.39362335205078,77.66901257448113,77.18470689055276,77.63102710466444,9150100,75.17942988077799,0,0,0.0006317139466174848,None
2019-09-09,76.81436157226562,77.79246392421133,76.40602680694006,77.75447845243826,12610700,75.12561925252278,0,0,0.0011801244649021214,None
2019-09-10,76.42503356933594,76.46301180129119,75.56088027008119,76.46301180129119,9858500,75.06041310628255,0,0,0.0014300403272588802,None
2019-09-11,77.22269439697266,77.24168350988802,76.50098494139691,76.66242500362242,9409300,75.03857192993163,0,0,0.00047900029027195257,None
2019-09-12,77.6405258178711,78.26726796169233,77.31765294470021,77.69750040049459,12771000,75.0699094136556,0,0,0.0006872644384622872,None
2019-09-13,77.07075500488281,77.51706795824855,76.9852858895661,77.51706795824855,16533600,75.09523264567058,0,0,0.0005553654844827616,None
2019-09-16,76.8808364868164,77.05176749208182,76.3585525365524,76.43451623723514,7725900,75.15569178263347,0,0,0.001325933351277564,None
2019-09-17,77.19418334960938,77.19418334960938,76.7573614371046,76.93778331173526,7701300,75.33105341593425,0,0,0.0038458676357012445,None
2019-09-18,77.1846923828125,77.24166695433473,76.14011751664967,77.07074323976802,8630700,75.46621449788411,0,0,0.0029642266720095456,None
2019-09-19,77.35563659667969,78.03936055204238,77.25117836766664,77.42210935650732,8193500,75.591881052653,0,0,0.0027560015653297076,None
2019-09-20,76.45353698730469,77.64425364180862,76.25349746145496,77.60614983675757,15013600,75.62733535766601,0,0,0.0007775507197858855,None
2019-09-23,76.69168090820312,76.92029647271049,76.30112235409352,76.463058076138,7824200,75.69921493530273,0,0,0.001576395794779084,None
2019-09-24,75.94869232177734,77.49185682118477,75.62481353572085,77.19656134637164,17724100,75.7789316813151,0,0,0.0017482732553393,None
2019-09-25,76.85363006591797,77.063197398169,75.14852263335432,75.84390448422738,11956600,75.82740529378255,0,0,0.0010630780169247622,None
2019-09-26,76.93936920166016,77.20609592386546,76.33925042870837,76.82506501684652,9089300,75.95597127278646,0,0,0.002819589030944397,None
2019-09-27,75.91058349609375,77.10130035470956,75.339033589911,76.93935733859301,12782100,76.0546765645345,0,0,0.002164712313982381,None
2019-09-30,76.71073913574219,76.89173041773407,76.12966874703442,76.2344524084446,11001400,76.13383967081705,0,0,0.0017361313456258909,None
2019-10-01,75.99632263183594,77.5680705664355,75.9677465858985,77.05367993688147,11022300,76.15152053833008,0,0,0.00038776028062431633,None
2019-10-02,74.56744384765625,75.51048946936183,74.00542903567317,75.4914411992769,19754800,76.13423411051433,0,0,0.0003791097974061297,None
2019-10-03,75.48191833496094,75.51049437572419,73.6148752403219,74.53887265198011,17472200,76.1179916381836,0,0,0.0003562147402755289,None
2019-10-04,76.72979736328125,76.8250532585668,75.93915962404918,76.0153672473012,10938400,76.14935913085938,0,0,0.0006879225667793532,None
2019-10-07,76.40589904785156,77.04412137727422,76.34874697881584,76.47257888424562,10619400,76.25349655151368,0,0,0.00228384469408327,None
2019-10-08,75.00563049316406,76.13919521030446,74.99610999142371,75.91057962004002,14366800,76.27708892822265,0,0,0.000517405981721758,None
2019-10-09,76.12014770507812,76.40591537889402,75.67243702178538,75.78674118428827,10251500,76.34163029988606,0,0,0.0014154611118289973,None
2019-10-10,76.64408874511719,76.94891207705345,75.98681048318275,76.04396985436934,9398100,76.42142054239909,0,0,0.0017498851119804315,None
2019-10-11,77.70142364501953,78.3872777590822,77.46328025916775,77.5871122034893,15970600,76.49340540568033,0,0,0.00157870482124714,None
2019-10-14,77.6537857055664,77.97766446294918,77.61568916240023,77.62520966441238,5662800,76.56443583170572,0,0,0.0015577729943502538,None
2019-10-15,78.51109313964844,78.70161216867105,77.8919190135512,77.96812662516025,8102900,76.69474767049154,0,0,0.002857877597863656,None
2019-10-16,77.96812438964844,78.12053960849646,77.68235675564486,78.08243580378445,10033000,76.76454442342123,0,0,0.0015307172276898262,None
2019-10-17,77.81571960449219,78.4539420073813,77.40611277161928,78.23484693826224,6865900,76.77639897664388,0,0,0.0002599829946638432,None
2019-10-18,77.07272338867188,77.81572953672872,76.58690888126591,77.70141810335119,8726300,76.76570231119791,0,0,0.00023458928087188857,None
2019-10-21,77.90144348144531,77.93954728563548,77.25369334532735,77.52994047503799,6339300,76.80193837483723,0,0,0.0007946955201805772,None
2019-10-22,76.85363006591797,78.33012189400732,76.79647798168915,78.05387470763633,9458000,76.8162249247233,0,0,0.00031331927513705837,None
2019-10-23,76.92028045654297,76.9298082227846,76.45352165649022,76.61545734481682,8808500,76.80614446004232,0,0,0.00022107534093801506,None
2019-10-24,78.0443344116211,78.11101425503894,77.45373632166459,77.73951123205984,7254100,76.81960474650064,0,0,0.00029519843698394554,None
2019-10-25,78.98739624023438,79.08265214077997,77.99671888592962,78.0443504699821,8152700,76.88349278767903,0,0,0.0014011328775369591,None
2019-10-28,79.98757934570312,80.02568314894394,79.6446523840932,79.68275618733401,7229900,76.98705088297525,0,0,0.002271139471149264,None
2019-10-29,79.26364135742188,80.06380688962084,79.23506531476461,79.92091940877539,7760400,77.05603281656902,0,0,0.0015128473706748913,None
2019-10-30,79.74946594238281,79.84472185243932,78.96835585182328,79.50179476218781,12779300,77.14152526855469,0,0,0.0018749406469343866,None
2019-10-31,79.70181274414062,79.95901162587536,79.18742224822928,79.87327624277775,11230900,77.21973114013672,0,0,0.0017151381677841249,None
2019-11-01,80.65440368652344,80.65440368652344,79.84471759289794,79.96854954260922,9920600,77.35976003011068,0,0,0.0030709828933352668,None
2019-11-04,81.07355499267578,81.32122621037908,80.90209142158291,81.27359461435726,10181600,77.5058224995931,0,0,0.003203305726569794,None
2019-11-05,80.978271484375,81.33071901166113,80.70202431018181,81.30214297080643,7899800,77.67347513834635,0,0,0.003676801163884802,None
2019-11-06,80.94015502929688,81.0163626380431,80.53054821673287,80.96873106568732,8538600,77.80969263712565,0,0,0.002987395019713013,None
2019-11-07,81.57839965820312,82.03563816787482,81.34978403714706,81.48314375505973,14042500,77.96432698567709,0,0,0.0033912961761806276,None
2019-11-08,82.03562927246094,82.03562927246094,81.0449519985612,81.36882348764215,6286500,78.16849517822266,0,0,0.0044776262011875095,None
2019-11-11,82.07373809814453,82.18804226948285,81.46408435825029,81.56886802701655,4244000,78.34726181030274,0,0,0.003920542890250581,None
2019-11-12,82.34998321533203,82.65480647071587,81.98800787067613,82.18804745068805,8281200,78.55905049641927,0,0,0.004644751752204634,None
2019-11-13,82.53097534179688,82.60718297329025,82.00705695972957,82.02611250138278,7686100,78.82450154622396,0,0,0.005821624617031881,None
2019-11-14,82.4356918334961,82.50237167183583,81.97845346519696,82.20707628312519,6091300,79.05629399617513,0,0,0.005083455626454542,None
2019-11-15,83.10250091552734,83.10250091552734,82.75957391204382,83.01677279843558,7062400,79.26871744791667,0,0,0.004658672839317729,None
2019-11-18,83.35018157958984,83.47401351875826,82.7595833909332,83.0739343913904,6511100,79.50019353230795,0,0,0.005076517392332544,None
2019-11-19,83.51212310791016,83.75979427093853,83.20729985632121,83.68358664115141,7043700,79.78374328613282,0,0,0.006218548497867293,None
2019-11-20,83.00727081298828,83.56929306954333,82.37857595635776,83.32162187508379,12379900,80.01331405639648,0,0,0.005034731821559155,None
2019-11-21,82.5881118774414,82.94056665604907,82.41664837265368,82.84531076840219,9377700,80.2114481608073,0,0,0.004345292213235791,None
2019-11-22,82.48333740234375,82.95962416115408,82.15946589478114,82.82626445009193,5890000,80.37084528605143,0,0,0.003495748948396271,None
2019-11-25,83.68358612060547,83.68358612060547,82.82626845973208,82.85485177139414,7369900,80.5718386332194,0,0,0.004407998456188542,None
2019-11-26,83.75978088378906,83.96934819842917,83.59784514704295,83.73120484407603,9727200,80.74679489135742,0,0,0.003836977326062717,None
2019-11-27,84.2265396118164,84.2265396118164,83.76930844243972,84.01697229770275,9348500,80.95540873209636,0,0,0.0045751240072056665,None
2019-11-29,83.97888946533203,84.14082522810585,83.83600197624234,84.00746550963804,5680100,81.16084772745768,0,0,0.0045054962622064,None
2019-12-02,82.77862548828125,84.01696648154629,82.41664296439502,84.01696648154629,11583800,81.35104446411133,0,0,0.004171217273379456,None
2019-12-03,82.04515838623047,82.10231774196583,81.1211681346299,81.47361570179356,11247200,81.48916829427084,0,0,0.0030292028999207993,None
2019-12-04,82.37853240966797,82.6452517392195,82.25469324412143,82.57857190683161,6914500,81.67333170572917,0,0,0.004038900017503219,None
2019-12-05,82.68338775634766,82.75006761471731,82.2928291090686,82.67385998584928,7810300,81.86543528238933,0,0,0.004213036308304434,None
2019-12-06,83.59786987304688,83.6740702456335,83.24541498803652,83.31209485627517,9203500,82.05055313110351,0,0,0.004059831844400102,None
2019-12-09,83.15967559814453,83.72169051621948,83.15967559814453,83.45497107933241,5685100,82.18962910970052,0,0,0.0030500845305899797,None
2019-12-10,83.22634887695312,83.66453181255912,83.01678154523744,83.29302873090276,6175400,82.29758809407552,0,0,0.002367655662050397,None
2019-12-11,83.78837585449219,83.86458348931743,83.27398522076193,83.44544876533868,4939500,82.4484125773112,0,0,0.0033077417667099623,None
2019-12-12,84.68377685546875,84.80760878135536,83.35017263972155,83.55021218194989,12094700,82.61288960774739,0,0,0.0036071566868097135,None
2019-12-13,85.24579620361328,85.43631525459107,84.43611022274408,84.59804596540619,13128100,82.79768905639648,0,0,0.0040528489914093135,None
2019-12-16,86.00785064697266,86.30314606673238,85.87449095627096,85.89353922598917,9872300,82.97613728841146,0,0,0.003913560037259791,None
2019-12-17,85.80780792236328,86.19835921131761,85.69349650562754,86.16025540573902,7459700,83.13394571940104,0,0,0.003460907189103488,None
2019-12-18,85.79828643798828,86.13168567677195,85.76971039860086,85.91259786309625,6485100,83.29461288452148,0,0,0.003523602277339362,None
2019-12-19,86.41748046875,86.42700823992186,85.82688220461444,85.85545825057002,6862000,83.47719039916993,0,0,0.004004119609155637,None
2019-12-20,86.91919708251953,87.02432259160322,86.6993945026307,86.92875593550946,11700400,83.65521697998047,0,0,0.0039043127766691045,None
2019-12-23,87.16767883300781,87.38748871075086,87.06255332077444,87.18679653956045,7765200,83.82628529866537,0,0,0.0037517106674961765,None
2019-12-24,87.19632720947266,87.32057039849019,86.99563508636774,87.32057039849019,2445400,83.99703826904297,0,0,0.0037447947428085656,None
2019-12-26,87.84619140625,87.86530910841005,87.32057125712113,87.37790978106722,4134600,84.18024520874023,0,0,0.004017923571737244,None
2019-12-27,87.836669921875,88.19982618332398,87.6168600193733,88.19982618332398,9666100,84.35710169474284,0,0,0.0038786513496635137,None
2019-12-30,87.33014678955078,87.82710510439149,86.66117285565255,87.8175462506875,8245600,84.52025019327799,0,0,0.0035780205653843725,None
2019-12-31,87.60728454589844,87.70285119749077,86.91919298840453,87.03387734507623,5800900,84.6704096476237,0,0,0.003293156973921494,None
2020-01-02,89.25106048583984,89.25106048583984,88.22848196451294,88.40050486021599,13283500,84.86710561116537,0,0,0.004313752250245592,Pandemic
2020-01-03,88.2475814819336,88.8592240398923,87.94176384858801,87.95132270029904,15011800,85.02495422363282,0,0,0.0034617884117654277,Pandemic
2020-01-06,88.45783996582031,88.55341390849237,87.20590006251224,87.36836409902573,7815000,85.20663986206054,0,0,0.003984559812478583,Pandemic
2020-01-07,88.41961669921875,88.85923644408449,88.28582192165736,88.61075730378397,7681800,85.4010233561198,0,0,0.004263037328323484,Pandemic
2020-01-08,89.36573791503906,89.7575633579732,88.35271103391102,88.51518235538893,11627200,85.63043670654297,0,0,0.005031279436574096,Pandemic
2020-01-09,90.3787612915039,90.43609982427029,89.72889785216844,90.1876279881039,7777400,85.85360921223959,0,0,0.004894411056065223,Pandemic
2020-01-10,90.16851806640624,90.89483780630536,90.015612868741,90.77060187749804,7665300,86.06723378499349,0,0,0.0046850147040748,Pandemic
2020-01-13,91.29621124267578,91.40133674343792,90.53167076317688,90.57945044180735,7762200,86.30288950602214,0,0,0.005168181281235175,Pandemic
2020-01-14,90.86617279052734,91.49691860873097,90.72281914825908,91.41091079813148,8067300,86.53246561686198,0,0,0.0050348489460903395,Pandemic
2020-01-15,90.97128295898438,91.41089537416626,90.66546530967229,90.92349598920178,7208500,86.80555419921875,0,0,0.005989123851076333,Pandemic
2020-01-16,92.19457244873048,92.21368286579887,91.43002452314526,91.55426775353276,5771600,87.14386800130208,0,0,0.0074195824802319316,Pandemic
2020-01-17,92.81576538085938,92.90177319332402,92.12767371606516,92.62462475660028,10830500,87.49177576700846,0,0,0.00762998833413206,Pandemic
2020-01-21,92.77753448486328,93.3127136342651,92.50994491016236,92.52905532638285,8987500,87.82824732462565,0,0,0.007379180094396184,Pandemic
2020-01-22,93.11203002929688,93.76189360968418,93.0355737748349,93.36050921066342,7745800,88.14538599650065,0,0,0.006955189292183153,Pandemic
2020-01-23,93.55162811279295,93.62808435545142,92.8061979750446,93.20758231209857,7478200,88.4917844136556,0,0,0.0075968867107284455,Pandemic
2020-01-24,93.11203002929688,94.44998531730248,92.78709459346835,94.23973426316692,11808700,88.82130711873373,0,0,0.007226784347492021,Pandemic
2020-01-27,90.89482879638672,91.61158961186158,90.5125549032132,90.94261576725891,17787300,89.05818888346354,0,0,0.005195069727137042,Pandemic
2020-01-28,92.63417053222656,92.88264966304764,91.49690767507266,91.6880482723459,15592200,89.32320200602213,0,0,0.005812020405489962,Pandemic
2020-01-29,92.87307739257812,93.53249959818164,92.50036239582845,93.39870484505444,10563300,89.57744471232097,0,0,0.005575813690619019,Pandemic
2020-01-30,93.67585754394533,93.76187263378964,92.27101246165692,92.834860806816,9966800,89.83304494222006,0,0,0.005605585630926724,Pandemic
2020-01-31,91.10508728027344,93.17891366003327,90.7801518924608,93.13112668523864,13482300,90.00962092081706,0,0,0.003872499523106643,Pandemic
2020-02-03,92.30924224853516,92.53861098287032,91.1050892039852,91.21021471773828,12537800,90.22665278116862,0,0,0.004759740154851838,Pandemic
2020-02-04,94.72711181640624,94.92780396940228,93.68541564178716,93.91477706074434,9548900,90.50364049275716,0,0,0.006074635913422111,Pandemic
2020-02-05,95.28141021728516,96.33266534264892,94.59332589604988,96.28487836739828,16348500,90.78238093058268,0,0,0.006113075069024143,Pandemic
2020-02-06,96.15106964111328,96.17973890559816,95.24317557317625,95.6732291229848,6752800,91.08182729085287,0,0,0.0065671780304212835,Pandemic
2020-02-07,95.27184295654295,96.07461151133988,95.080702378305,95.70189649786025,8299000,91.35101114908854,0,0,0.005903489086840741,Pandemic
2020-02-10,96.56201934814452,96.58112976201213,94.69843682589033,94.71755453102604,8173800,91.6415387471517,0,0,0.006371580063654486,Pandemic
2020-02-11,96.2370834350586,97.38390512483316,95.95038348106604,97.29789003474772,7552900,91.92155253092447,0,0,0.0061410009036290125,Pandemic
2020-02-12,97.27877044677734,97.31699856195809,96.3517587046301,96.89649658623748,6076400,92.2531733194987,0,0,0.007272797556098415,Pandemic
2020-02-13,97.02075958251952,97.52727678164472,96.37089602552535,96.51424967466384,7401400,92.5669558207194,0,0,0.006881584890488707,Pandemic
2020-02-14,97.44125366210938,97.60371771517954,96.90607452669286,97.21189221711214,6196200,92.83996225992838,0,0,0.00598732236424257,Pandemic
2020-02-18,97.0781021118164,97.28835315122537,96.55247451329404,96.6576000329985,10316600,93.13431294759114,0,0,0.006455424495772882,Pandemic
2020-02-19,98.23445892333984,98.37781254335292,97.64193402987748,97.70883141371452,8307800,93.46020024617513,0,0,0.007147056006034047,Pandemic
2020-02-20,97.21190643310548,98.26315444194891,95.88350996252936,98.02423410851767,13162300,93.75327657063802,0,0,0.006427476351733297,Pandemic
2020-02-21,95.0329360961914,96.80094476928848,94.4404111570442,96.7149296741415,14949500,93.94218317667644,0,0,0.004142923333105564,Pandemic
2020-02-24,91.10508728027344,92.42392466414334,89.64289626328821,90.47433421107348,21182600,93.96639404296874,0,0,0.0005309701178830006,Pandemic
2020-02-25,88.19025421142578,92.26145789917082,87.86532612444952,91.92697095926336,31467200,93.9004519144694,0,0,0.001446181203102137,Pandemic
2020-02-26,88.59162902832031,90.51254995023235,87.92265522032491,88.52473164752078,27879800,93.81029917399088,0,0,0.001977145743626868,Pandemic
2020-02-27,83.813232421875,87.50216217742455,83.75589388711849,85.68637385829645,33912900,93.57520116170248,0,0,0.00515595013378356,Pandemic
2020-02-28,84.45354461669922,85.25631327116385,80.33455396230488,80.47790759096455,55927200,93.35794321695964,0,0,0.004764698426663994,Pandemic
2020-03-02,89.33708953857422,89.35619995607468,84.46310916249996,85.97308733946987,35004300,93.2626937866211,0,0,0.0020889215877093747,Pandemic
2020-03-03,85.94440460205078,90.46477957033557,85.03651044199992,89.84358537548941,47494600,93.03364842732748,0,0,0.005023208998652606,Pandemic
2020-03-04,89.63333892822266,89.66200819707757,86.58471362465805,87.79843280882042,22363800,92.92884190877278,0,0,0.0022985187246099548,Pandemic
2020-03-05,86.80452728271484,88.90702305796304,86.24067156937494,87.24413977058423,24509500,92.71859181722006,0,0,0.004611008732559735,Pandemic
2020-03-06,84.96961975097656,85.47612962489899,82.6568656849487,83.89925417255648,28815900,92.43252487182617,0,0,0.006273753193477782,Pandemic
2020-03-09,78.51876068115234,82.18857251211733,77.888007671367,77.9644639073291,29559900,91.94608256022136,0,0,0.010668198668222245,Pandemic
2020-03-10,83.75590515136719,83.76546400553498,78.95838842812411,81.88277075429818,35582300,91.7081184387207,0,0,0.005218806965419404,Pandemic
2020-03-11,79.79937744140625,82.01655745710954,78.66211451951438,81.51004760522217,31652100,91.28029200236003,0,0,0.00938269001221484,Pandemic
2020-03-12,72.01056671142578,78.27028059689644,71.67607979729199,74.00794392656962,32745300,90.58487497965494,0,0,0.015251236947308344,Pandemic
2020-03-13,80.45878601074219,80.64036044332926,72.91846347709664,76.5404880637254,32924800,90.14430592854818,0,0,0.009662149143176146,Pandemic
2020-03-16,69.34420776367188,75.69948757286566,68.03492952169357,68.54143926125602,40622400,89.41894327799479,0,0,0.01590797650204903,Pandemic
2020-03-17,74.0652847290039,74.96362728989052,68.75170018358696,70.9784315895597,50407300,88.81081136067708,0,0,0.013336981499468603,Pandemic
2020-03-18,71.27469635009766,72.45973884198644,67.15570595724282,69.1435243438916,53706200,88.0290641784668,0,0,0.01714454941353341,Pandemic
2020-03-19,71.53271484375,73.96014523649879,68.9237100356841,70.61526204268434,61727100,87.23744099934896,0,0,0.017361140558141974,Pandemic
2020-03-20,68.25474548339844,73.62567613193421,68.0253840506328,72.88024600699451,45222000,86.30756352742513,0,0,0.02039320464303422,Pandemic
2020-03-23,67.63126373291016,69.3796852767538,65.42171672142678,67.90985930074697,42479200,85.38621088663737,0,0,0.02020624600476812,Pandemic
2020-03-24,74.55770111083984,74.61533904417102,71.4355193468326,71.72372367216946,37664500,84.65273361206054,0,0,0.016085938860862636,Pandemic
2020-03-25,74.46165466308594,77.90085327736729,73.03024876165037,75.12451305549104,28740400,83.92688598632813,0,0,0.01591861252493504,Pandemic
2020-03-26,79.07286071777344,79.26499939569196,75.22057367460648,75.40309625695267,28212900,83.32002232869466,0,0,0.013309167212036004,Pandemic
2020-03-27,75.49916076660156,78.06415893952334,75.17253601319024,76.62315185939828,29242700,82.60263570149739,0,0,0.015733053803682676,Pandemic
2020-03-30,78.67900085449219,78.86152346374874,76.2677132288277,76.50788111462937,23740100,81.97722727457682,0,0,0.013715873779888785,Pandemic
2020-03-31,77.20915985107422,79.90864402761072,76.80567230952653,78.49645595554587,19994400,81.31492919921875,0,0,0.014524903111719972,Pandemic
2020-04-01,73.52978515625,76.13320360505334,72.98220278627056,74.53848566445389,27492400,80.49144007364909,0,0,0.01805999474781459,Pandemic
2020-04-02,75.24939727783203,75.34546295803646,72.97260327734473,73.27040908478097,22111800,79.75935643513998,0,0,0.016055374935630543,Pandemic
2020-04-03,74.08695983886719,75.7297065839902,73.15510767441599,74.9227390272949,15786000,79.0611572265625,0,0,0.015312253250599636,Pandemic
2020-04-06,80.40819549560547,80.93656771210948,76.85371414799714,77.3436586279062,17993600,78.70459416707357,0,0,0.007819808157369629,Pandemic
2020-04-07,79.68769836425781,83.27100630085071,79.60124144693941,83.24218732841125,22149400,78.42117563883464,0,0,0.006215670580819732,Pandemic
2020-04-08,81.82998657226562,82.16622008171657,79.97589055804659,80.73482181043063,13714300,78.19578755696615,0,0,0.004943001004353326,Pandemic
2020-04-09,81.84918975830078,83.22294997573205,81.27278845874602,82.80025959837333,19629900,78.13031946818033,0,0,0.0014357850066367972,Pandemic
2020-04-13,82.03173065185547,82.14701385896946,80.36016446007903,81.52257598011572,12650800,78.04959233601888,0,0,0.0017704321011324659,Pandemic
2020-04-14,85.4709243774414,85.62462796994713,83.5207628648977,83.85699634476038,15889500,77.92072016398112,0,0,0.0028263041707215636,Pandemic
2020-04-15,83.60723876953125,84.28931464927692,82.98280083391168,83.77055116411644,12929100,77.84281463623047,0,0,0.0017085513072550434,Pandemic
2020-04-16,84.62554168701172,84.83689057165003,83.24217982915043,84.7023971594877,11833800,77.67588806152344,0,0,0.0036608778050277735,Pandemic
2020-04-17,85.74954223632812,86.14341374968919,84.51027509154262,86.12420354413048,14142400,77.64072189331054,0,0,0.0007712315724707763,Pandemic
2020-04-20,84.37577056884766,85.71110322450913,84.26048736262942,84.58711944891053,10203500,77.62092692057291,0,0,0.00043412486282362606,Pandemic
2020-04-21,80.84049987792969,83.38628055701197,80.35055541109561,83.18453311293707,16382500,77.69831822713216,0,0,0.001697273888127751,Pandemic
2020-04-22,83.95305633544922,84.41418174049899,82.50244075820936,82.80025381683429,12016000,77.70488993326823,0,0,0.00014412452407253085,Pandemic
2020-04-23,83.37666320800781,85.09626571868422,83.30941651001892,84.14519585226081,10584800,77.82413279215494,0,0,0.002615123063973171,Pandemic
2020-04-24,85.1443099975586,85.16352753144635,83.18453931348283,83.72252032221492,8442500,78.26192423502604,0,0,0.009601233232340245,Pandemic
2020-04-27,85.87442779541016,86.16263218720437,85.35566428778584,85.91285553627219,7799300,78.4424456278483,0,0,0.00395902666472106,Pandemic
2020-04-28,84.73121643066406,86.99840157137945,84.61594055088139,86.94076363148811,12633800,78.95534591674804,0,0,0.011248450326862669,Pandemic
2020-04-29,88.20885467529297,88.51626925458619,86.22987377917676,86.53728835846997,11462900,79.42679824829102,0,0,0.010339452419145287,Pandemic
2020-04-30,87.81497955322266,88.39138094941633,87.16172268304545,88.39138094941633,15430600,79.97814102172852,0,0,0.012091535010421178,Pandemic
2020-05-01,85.40369415283203,87.08486920572503,85.07706204558377,85.88402988223004,11995100,80.44050699869791,0,0,0.010140178973048267,Pandemic
2020-05-04,86.53728485107422,86.62374176236737,84.61594197602909,85.0098134541558,10729000,81.04992497762045,0,0,0.013365186202004928,Pandemic
2020-05-05,87.72850799560547,88.84289028739671,87.37305695508431,87.52676789023101,8687300,81.71983311971029,0,0,0.014691799991033636,Pandemic
2020-05-06,88.41059875488281,89.26559582077432,88.01672724319917,88.57391115413354,8470500,82.18159637451171,0,0,0.010126960633121341,Pandemic
2020-05-07,89.73631286621094,90.24546750075878,89.47692750148691,89.6114209019584,10544400,82.69075164794921,0,0,0.011166318143839834,Pandemic
2020-05-08,91.05242919921876,91.17732116524844,90.0629388833812,90.59131105656664,7610800,83.09007059733072,0,0,0.008757490420464344,Pandemic
2020-05-11,91.65765380859376,92.19562740034644,90.24546580090242,90.42798836705252,10384400,83.62868703206381,0,0,0.011812432830411723,Pandemic
2020-05-12,89.76513671875,92.29169982721142,89.69789001485456,92.03232177771214,13521000,83.99822489420573,0,0,0.008104359416750074,Pandemic
2020-05-13,88.21846771240234,90.50486329848252,87.05605604914254,89.81317862925705,16971100,84.36520182291666,0,0,0.008048195415456977,Pandemic
2020-05-14,89.3424301147461,89.40006804685058,86.64294613086147,87.60361742241788,15237600,84.89228998819986,0,0,0.01155960558685553,Pandemic
2020-05-15,89.79395294189453,89.81316314413108,87.68047155817429,87.93024816329431,14016400,85.37710851033529,0,0,0.010632587233440433,Pandemic
2020-05-18,91.99390411376952,92.51266759890082,91.24458152280496,91.56159754482256,10016700,85.97400665283203,0,0,0.0130906128371934,Pandemic
2020-05-19,91.65765380859376,93.0794432523232,91.61922607641992,92.03231503561302,10046400,86.3489885965983,0,0,0.008223753932706024,Pandemic
2020-05-20,93.66545867919922,93.83837981916524,92.87770844809651,92.92574494838632,9096000,86.81491394042969,0,0,0.01021823968427947,Pandemic
2020-05-21,92.35896301269533,93.8480068595406,92.31092650305166,93.56941122816052,10290800,87.16587982177734,0,0,0.007697056071524794,Pandemic
2020-05-22,92.69517517089844,92.81045836979658,91.8497870336673,92.22444826841048,9244800,87.52741266886393,0,0,0.007928800899501334,Pandemic
2020-05-26,92.59913635253906,94.61654527749592,92.5222808643225,94.54929855764212,13000700,87.87965952555338,0,0,0.00772514922688855,Pandemic
2020-05-27,93.12749481201172,93.16592255040074,90.62014168452671,92.58951380390724,19428400,88.13487854003907,0,0,0.005597225170357184,Pandemic
2020-05-28,92.9449691772461,94.64535453573328,92.71441006561132,92.78165677856072,10573700,88.44613622029622,0,0,0.006826212874119678,Pandemic
2020-05-29,94.11697387695312,94.3379241843012,92.44540777049332,93.22354922310826,17777500,88.76251729329427,0,0,0.006938574340857151,Pandemic
2020-06-01,94.08817291259766,94.2899130563471,93.26199480238056,93.67508385748911,13359700,89.04047164916992,0,0,0.006095835453532969,Pandemic
2020-06-02,94.97199249267578,94.97199249267578,93.38688292802676,94.28030778596766,11207600,89.39367904663087,0,0,0.007746214910392707,Pandemic
2020-06-03,95.7116928100586,96.01910737730408,94.9431600566156,95.35624906847748,11017900,89.88938547770182,0,0,0.010871370687993431,Pandemic
2020-06-04,94.92393493652344,95.99988950055666,94.39557008501296,95.3370239153688,7569400,90.25508143107096,0,0,0.008020102260093559,Pandemic
2020-06-05,97.42169952392578,97.70028780679104,95.43310249927433,95.59642222321769,10378200,90.72324930826822,0,0,0.010267420832581142,Pandemic
2020-06-08,97.91163635253906,97.9500640916015,96.35535323188962,97.2487780094017,8065100,91.14882685343424,0,0,0.009333369429947586,Pandemic
2020-06-09,98.37274169921876,98.8530773448894,97.33521494552846,97.42167917300613,7353900,91.56543731689453,0,0,0.009136711765043048,Pandemic
2020-06-10,100.01551818847656,100.76484084374891,98.9011356441846,99.0836655886944,12194800,92.07491404215494,0,0,0.011173367925134126,Pandemic
2020-06-11,94.28028106689452,98.42077203641767,94.25146210050607,98.27667720447542,19871000,92.277294921875,0,0,0.004438428524813659,Pandemic
2020-06-12,95.50035095214844,97.28719307976456,93.83838614328356,96.80685736185858,21643500,92.53347396850586,0,0,0.005618279699143552,Pandemic
2020-06-15,96.42259216308594,96.85489136631044,93.45411369176298,93.76152825011717,14962000,92.90077056884766,0,0,0.008055206155241357,Pandemic
2020-06-16,98.47842407226562,99.32381223828436,96.9509527845487,98.72819335103924,13967900,93.29880854288737,0,0,0.008729397265100608,Pandemic
2020-06-17,98.45921325683594,99.39106572087393,98.2959008720342,99.0356146515924,8662100,93.65649871826172,0,0,0.00784452701076871,Pandemic
2020-06-18,98.90111541748048,99.00678985539078,98.0653360095329,98.27668488535352,6858600,94.00618260701498,0,0,0.007668940606726959,Pandemic
2020-06-19,98.21903228759766,100.20762159813503,97.74830539980408,100.09234573217604,15640000,94.2889399210612,0,0,0.006201169448410565,Pandemic
2020-06-22,100.06957244873048,100.1562749782169,98.19110338783044,98.34523060202558,7369000,94.58951136271159,0,0,0.006591852264951237,Pandemic
2020-06-23,100.79206085205078,101.94804802195344,100.64756888666084,100.96545856005916,9514000,94.8939915974935,0,0,0.006677576266924695,Pandemic
2020-06-24,98.51863861083984,100.9365715480508,97.97918228045,100.37784472040916,12712800,95.18577499389649,0,0,0.00639912106051449,Pandemic
2020-06-25,99.78058624267578,99.88655192325024,97.59384794304754,98.66313264736004,10267200,95.5711789449056,0,0,0.00845231966626947,Pandemic
2020-06-26,97.81541442871094,99.73241722565596,97.51678788358257,99.58791790236964,22137800,95.85361175537109,0,0,0.006194052738812794,Pandemic
2020-06-29,98.88469696044922,98.89433220833432,96.63052667548428,97.80577703308114,9273600,96.15663655598958,0,0,0.006645657043548248,Pandemic
2020-06-30,100.65721130371094,101.06181091378458,98.75947148942352,98.89434292580908,8250000,96.44541346232096,0,1,0.006333185526921248,Pandemic
2020-07-01,100.82098388671876,101.40860179568264,100.26225702624758,100.72464609388172,10854600,96.75085779825847,0,1,0.006698720033449235,Pandemic
2020-07-02,101.40858459472656,102.32374202465697,101.1966605952402,101.77465050651492,9572300,97.0089619954427,0,1,0.005660500303888871,Pandemic
2020-07-06,103.1811065673828,103.6627661042114,102.66091338566298,102.71871017822922,8023100,97.3697001139323,0,1,0.007911371653817167,Pandemic
2020-07-07,102.10218811035156,104.10589357789188,101.99622242267596,103.065507198645,7931800,97.68326721191406,0,1,0.00687686086773831,Pandemic
2020-07-08,103.76873016357422,103.77836541203128,102.36228522002746,102.9113767894227,6663500,98.05558700561524,0,1,0.008165370142683093,Pandemic
2020-07-09,104.1444091796875,104.63570388746882,102.65126191171336,104.61643339329852,8883900,98.42281748453776,0,1,0.008053756042000204,Pandemic
2020-07-10,104.1155242919922,104.1636858345844,102.8824770886074,103.90359292587148,7362300,98.79516932169597,0,1,0.008166072889868925,Pandemic
2020-07-13,101.95767974853516,105.69536218383703,101.69758685152615,105.00177132575872,14455200,99.05652618408203,0,1,0.005731834720625439,Pandemic
2020-07-14,103.1329345703125,103.27743389692093,100.06957971428632,101.14849969014938,15026600,99.35801823933919,0,1,0.006612042303151711,Pandemic
2020-07-15,103.69165802001952,104.5875449965116,102.47787400519849,104.07698709530852,11889600,99.64867375691732,0,1,0.006374385475039657,Pandemic
2020-07-16,102.41043853759766,102.87283488236284,101.6205172670101,102.58383624819204,8590300,99.87196528116861,0,1,0.0048970212598985485,Pandemic
2020-07-17,102.91139221191406,103.20038356306492,101.96733615925314,103.01735791219872,6355200,100.13821385701497,0,1,0.005839115213661206,Pandemic
2020-07-20,105.54122924804688,105.7916942505694,102.62237379977026,103.2003637405954,8509200,100.408864847819,0,1,0.005935664868713664,Pandemic
2020-07-21,104.4815902709961,106.3311612068447,104.09626115530892,106.29262756032182,9397400,100.62786331176758,0,1,0.0048028698690523175,Pandemic
2020-07-22,105.31967163085938,105.64719657426576,104.491216674602,104.57791185978336,7514000,100.85942764282227,0,1,0.005078452735773287,Pandemic
2020-07-23,102.58383178710938,105.45452545999096,102.12144281199276,104.7609346477758,11674800,100.94503809611003,0,1,0.0018775285413336062,Pandemic
2020-07-24,101.34114074707033,102.00583310979704,99.67460324134564,100.86911656533518,11455800,101.18040008544922,0,1,0.005161739432030299,Pandemic
2020-07-27,102.94027709960938,103.04624278598445,101.7553914017524,101.95768752586626,8454000,101.42839762369792,0,1,0.005438850495013026,Pandemic
2020-07-28,101.73611450195312,102.94026318477188,101.65904722236304,102.62236616861804,8912700,101.60551503499349,0,1,0.0038843737196064265,Pandemic
2020-07-29,103.20999145507812,103.48935483181933,102.1214436901544,102.1214436901544,6593500,101.7632339477539,0,1,0.0034589439588697535,Pandemic
2020-07-30,103.78799438476562,103.85542642558056,101.72649216609032,102.2755837411666,10778400,101.94085998535157,0,1,0.0038955284368445975,Pandemic
2020-07-31,106.37932586669922,106.4178595116878,103.7109352597256,105.4256420392408,12592900,102.19013366699218,0,1,0.005466837680562775,Pandemic
2020-08-03,108.9995574951172,109.34635295863576,107.776138123943,107.8243070186978,12163500,102.54948450724284,0,1,0.007880947162550667,Pandemic
2020-08-04,109.2789077758789,109.28853567403904,108.29631829754356,108.7683498908504,8985800,102.85646235148111,0,1,0.006732351505921275,Pandemic
2020-08-05,109.68351745605467,109.93398248938487,109.13442584230044,109.62572065972532,6480100,103.15284423828125,0,1,0.00649997085906262,Pandemic
2020-08-06,111.22481536865234,111.33078105091292,109.35597408101056,109.59680384077714,8199700,103.57638346354166,0,1,0.009288666900616416,Pandemic
2020-08-07,109.5679168701172,110.79133629303963,108.70092817464888,110.78170104377284,13738100,103.9026278177897,0,1,0.0071548866175348835,Pandemic
2020-08-10,109.25965118408205,109.96287736490922,107.78577412856453,109.7798443830073,8240600,104.28410237630209,0,1,0.008366143898248302,Pandemic
2020-08-11,107.2944793701172,109.36561691772611,107.07292009150176,108.9032278626339,9422200,104.56442845662436,0,1,0.006147849900013436,Pandemic
2020-08-12,109.73167419433594,110.02066549350408,108.02659539612613,108.16145947231276,7098400,104.86691055297851,0,1,0.0066337549602552,Pandemic
2020-08-13,109.77984619140624,110.69500376644962,109.3848891733989,109.88581188272224,5726800,105.1655392964681,0,1,0.006549246822461108,Pandemic
2020-08-14,109.70276641845705,110.02066345624227,109.09587808685492,109.82800259369772,4167100,105.44201202392578,0,1,0.0060633417622190655,Pandemic
2020-08-17,110.43489837646484,110.68536339430456,110.23260225228164,110.36746633507045,4087300,105.68380508422851,0,1,0.005302779676786162,Pandemic
2020-08-18,110.84912109375,111.14774764282846,109.91470045361818,110.64682497828966,4465000,105.97536951700846,0,1,0.006394318954743683,Pandemic
2020-08-19,110.71424865722656,111.619770833855,110.53121570249348,111.12847610509483,7119700,106.2068868001302,0,1,0.005077420924428866,Pandemic
2020-08-20,112.18814086914062,112.40970749468494,110.1844353885904,110.30003632577107,6401500,106.47501118977864,0,1,0.005880253810834457,Pandemic
2020-08-21,113.61385345458984,113.7390822878406,112.23630689066658,112.29410368300674,7644300,106.79162216186523,0,1,0.006943616273048847,Pandemic
2020-08-24,114.59642028808594,115.29001110122172,113.64273659479436,115.25147746165412,8220300,107.2129135131836,0,1,0.009239368627783628,Pandemic
2020-08-25,115.1744155883789,115.2225844774843,114.16293506303096,114.33633277445357,9314100,107.6142962137858,1,1,0.008802750685657168,Pandemic
2020-08-26,117.51529693603516,117.82355875926024,116.11848715725876,116.37858008485364,8231500,108.075084177653,1,1,0.010105571462817875,Pandemic
2020-08-27,117.61162567138672,118.54604637653928,116.55197612877078,118.00659003110748,9087100,108.58179041544597,1,1,0.011112608180339212,Pandemic
2020-08-28,118.64237213134766,119.0276938535454,117.91988287791573,118.07401009688668,6546300,109.10615641276041,1,1,0.011499905540198085,Pandemic
2020-08-31,119.01806640625,119.78871720310704,118.37263708508698,119.11439683716452,9520000,109.55538431803386,1,1,0.009852047049434765,Pandemic
2020-09-01,121.29150390625,121.44563113095484,119.33596008059604,120.08735510573308,12806300,110.11571477254232,1,1,0.012288644441373675,Pandemic
2020-09-02,122.37042236328124,123.0351148847169,120.2318528156547,123.0254796359818,20197500,110.68407313028972,1,1,0.012464704920898462,Pandemic
2020-09-03,115.3959732055664,120.51119427001238,114.4422895417548,120.4148638488413,27081000,111.11114451090495,1,1,0.009366130834475128,Pandemic
2020-09-04,113.78724670410156,116.3882051506492,108.90321950591073,114.75056573608823,31272100,111.52601470947266,1,1,0.009098545900013577,Pandemic
2020-09-08,108.6431121826172,112.0628974634764,108.4504513285718,109.4619318366208,23930200,111.71610921223959,1,1,0.00416897517521464,Pandemic
2020-09-09,112.18814086914062,113.28632404896229,110.07846970022676,111.29225381722912,18391900,112.06451009114583,1,1,0.007640802832494131,Pandemic
2020-09-10,109.65460968017578,113.9028428865337,108.98991718106586,113.7294451628329,16054900,112.27933069864909,1,1,0.004711245021659871,Pandemic
2020-09-11,108.81651306152344,111.10920962944104,107.42933135345056,110.68535426828376,18583200,112.44694798787435,1,1,0.0036760259110367732,Pandemic
2020-09-14,111.09957885742188,111.69683191663964,110.10736149171706,110.6275472692485,12365100,112.60428975423177,1,1,0.0034506727360378298,Pandemic
2020-09-15,112.19776916503906,112.99732572785535,111.44638149378171,112.79502226294056,9130200,112.71089680989583,1,1,0.002338006423631911,Pandemic
2020-09-16,110.46379089355467,112.85282531066534,110.3578252127832,112.69869073880102,9818500,112.75039291381836,1,1,0.0008661916803170966,Pandemic
2020-09-17,109.54863739013672,110.3096602788458,107.70869458018043,107.8820922934248,15201800,112.74589691162109,1,1,9.860212302470472e-05,Pandemic
2020-09-18,107.6605453491211,109.9243437784114,106.3311602790766,109.7316828970196,20918800,112.62708791097005,1,1,0.002605608090169409,Pandemic
2020-09-21,108.55552673339844,108.60379495903932,105.34056679970668,105.71709284248271,19190900,112.59334157307943,1,1,0.0007400931793009047,Pandemic
2020-09-22,110.27400207519533,110.55398422559712,107.91829526893112,109.781619164777,12768700,112.62715326944986,1,1,0.0007415265604658883,Pandemic
2020-09-23,106.83702087402344,110.43815604676298,106.50876305956491,110.33195563906943,11853900,112.61190465291341,1,1,0.0003344184227924707,Pandemic
2020-09-24,107.43558502197266,108.76791458294063,105.70742364832851,105.84258644932234,15919300,112.53536834716797,1,1,0.0016785228084505999,Pandemic
2020-09-25,110.0036849975586,110.33193538594064,106.8176880832332,107.49350203920784,9663300,112.54282964070639,1,1,0.00016363412452158332,Pandemic
2020-09-28,112.1083755493164,112.11802477338884,110.90155961647083,111.82839336899784,8736600,112.62301661173503,1,1,0.0017585857914256264,Pandemic
2020-09-29,111.73185729980467,112.43663372850057,111.49049409653232,111.96356391251643,10425500,112.66624857584635,1,1,0.000948123078429508,Pandemic
2020-09-30,112.6683349609375,113.81722611071326,111.62565157061589,111.67391978947316,11159200,112.72688903808594,1,1,0.0013299100079730009,Pandemic
2020-10-01,113.85584259033205,114.38684454677306,113.13175303108692,114.23236857187388,13538200,112.83160883585612,1,1,0.002296616845320454,Pandemic
2020-10-02,110.96915435791016,112.90006008265084,110.52504692511827,111.05604157992953,18625800,112.79097595214844,1,1,0.000891122473343442,Pandemic
2020-10-05,113.40209197998048,113.46967338550488,111.69324365982236,111.7608250653468,6135300,112.78391723632812,1,1,0.00015480516582799808,Pandemic
2020-10-06,111.64495086669922,114.20340202300312,111.24911908557168,113.1317489249506,13431100,112.6855349222819,1,1,0.0021576290685362265,Pandemic
2020-10-07,113.69172668457033,113.91377670936345,112.72627385999373,112.81316107861176,6496200,112.63611195882162,1,1,0.0010838982966493438,Pandemic
2020-10-08,114.2806625366211,114.68615098722115,113.89447990307866,114.68615098722115,5054800,112.52829081217448,1,1,0.0023646327336789286,Pandemic
2020-10-09,116.02811431884766,116.0570767234478,114.792335950441,114.82129835504114,7212700,112.47550710042317,1,1,0.00115760309079882,Pandemic
2020-10-12,119.19479370117188,119.9768080589476,117.14803125261663,117.73695800984667,9581900,112.49392115275064,1,1,0.00040383980552272103,Pandemic
2020-10-13,118.43207550048828,119.79336728054454,117.97831157380286,119.58096651777102,8806900,112.4743881225586,1,1,0.0004283801834460421,Pandemic
2020-10-14,117.80455017089844,119.34928057969132,116.92599193257246,118.72173477184676,7267000,112.35815633138021,1,1,0.002549087137924788,Pandemic
2020-10-15,117.2735366821289,117.50524325986468,115.54537552366534,115.85432008258611,6592500,112.18826014200846,1,1,0.003726004621621537,Pandemic
2020-10-16,116.93562316894533,118.39345131156831,116.82942279222192,117.92038159350344,5772100,112.23958180745443,1,1,0.0011255388560985624,Pandemic
2020-10-19,114.79234313964844,117.9686838392133,114.4351229402945,117.52457642061736,8308200,112.27308502197266,1,1,0.0007347612244613666,Pandemic
2020-10-20,115.18815612792967,116.4046285590716,114.48337980107412,115.22677511877126,7283300,112.49125315348307,1,1,0.004784659793161117,Pandemic
2020-10-21,115.01438903808594,116.11500463723928,114.753720023895,114.90818864116584,6085900,112.58546142578125,1,1,0.002066087881523293,Pandemic
2020-10-22,114.47372436523438,115.43917704854267,113.1607081266695,115.062651091318,6743200,112.74609858194987,1,1,0.0035229441490223223,Pandemic
2020-10-23,114.34822082519533,114.6571653964001,113.3924173431202,114.63785221742629,5156400,112.93048884073893,1,1,0.004043875021391474,Pandemic
2020-10-26,111.86702728271484,113.99102066147704,110.47677278559289,113.08349260187566,9094600,112.95607045491536,1,1,0.0005610320808393521,Pandemic
2020-10-27,112.42698669433594,112.90006391635248,111.78979161376134,112.40768087739411,9532400,112.96371103922526,1,1,0.00016756616234792077,Pandemic
2020-10-28,107.65765380859376,110.3609174806558,107.47421540246124,110.29333607299976,16378300,112.87017313639323,1,1,0.0020513859642036225,Pandemic
2020-10-29,109.453369140625,110.71810974996048,108.00519017146742,108.072771562062,9704500,112.86699752807617,1,1,6.964447707513699e-05,Pandemic
2020-10-30,107.03009033203124,108.59412640771411,105.78465542532784,107.9183050766226,12924300,112.84598236083984,1,1,0.00046088502947738696,Pandemic
2020-11-02,107.30044555664062,108.72931923395224,106.27706773631778,107.85075347060202,12019900,112.80414632161458,1,1,0.000917508956969959,Pandemic
2020-11-03,109.19270324707033,110.15815598553392,107.69625592194362,108.1403632977385,10485100,112.76810302734376,1,1,0.0007904678823472677,Pandemic
2020-11-04,113.44068908691406,114.2902847875296,111.38427754494838,112.51385540465547,15381900,112.98822530110677,1,1,0.004827516216789007,Pandemic
2020-11-05,116.96461486816406,117.30252189428386,115.94122983300316,116.42395626055163,11094900,113.30585962931315,1,1,0.006966059564131544,Pandemic
2020-11-06,117.37974548339844,117.75627146140612,115.09161984596572,116.6846183345166,9727600,113.55172831217448,1,1,0.0053921624260137024,Pandemic
2020-11-09,116.5301513671875,121.029165003038,116.42395096868836,119.87062457590947,19884100,113.69912083943684,1,1,0.0032324753121470984,Pandemic
2020-11-10,114.3578872680664,116.32741196823643,113.43105341489591,115.51643510889504,11769200,113.78665517171224,1,1,0.001919721259286189,Pandemic
2020-11-11,117.07080841064452,117.38940223613184,115.28472220655148,115.51642881576596,7244300,113.93340428670247,1,1,0.003218364594840928,Pandemic
2020-11-12,116.02811431884766,117.65007526883645,115.48746312412476,117.07080507937332,7176400,114.00581334431966,1,1,0.0015880078554239008,Pandemic
2020-11-13,117.01286315917967,117.25422633183956,115.80604729588032,116.9066627739438,5925800,114.20727030436198,1,1,0.0044181659809510165,Pandemic
2020-11-16,118.1424789428711,118.35487240242315,116.78118676160749,117.02254999665524,7432100,114.365283203125,1,1,0.0034653913854332252,Pandemic
2020-11-17,117.48594665527344,118.12314163544087,116.98390710404344,117.55352805265213,4969700,114.55998306274414,1,1,0.0042699755624452385,Pandemic
2020-11-18,116.2308578491211,117.84316219970708,116.18258226451816,117.28320519374108,4771400,114.64462076822916,1,1,0.0018561951446161018,Pandemic
2020-11-19,117.16735076904295,117.37975156062258,115.48746498281729,115.99915378117532,6077600,114.7408437093099,1,1,0.0021102717165029095,Pandemic
2020-11-20,115.96052551269533,117.3025041894656,115.92190652042184,117.2735417867154,4957900,114.73859074910482,1,1,4.940982000545269e-05,Pandemic
2020-11-23,115.93157958984376,117.08046346856268,114.92750774546118,116.3177622016556,4903500,114.62981694539388,1,1,0.0023855255190653457,Pandemic
2020-11-24,117.54387664794922,117.77558325406582,115.53573308608472,116.37567966126022,6817000,114.60021031697592,1,1,0.000649304935701589,Pandemic
2020-11-25,117.79488372802734,118.28725929218474,117.35077637845156,117.94935232683572,6093200,114.59988810221354,1,1,7.06651337034625e-06,Pandemic
2020-11-27,118.42243957519533,118.92447177154573,118.20038219850068,118.42243957519533,3512900,114.63818486531575,1,1,0.0008398888570698704,Pandemic
2020-11-30,119.214111328125,119.38789312142714,117.04184259475832,118.38382135632811,16114600,114.71413447062174,1,1,0.0016656558421168643,Pandemic
2020-12-01,120.7395248413086,121.40568963053866,119.69684141506976,120.1988736302351,11340600,114.91237386067708,1,1,0.004347601239703902,Pandemic
2020-12-02,120.5561065673828,120.69126938444528,119.32032066509284,120.2278487503589,8019400,115.09130554199218,1,1,0.003924162595994152,Pandemic
2020-12-03,120.47886657714844,121.2898434661263,120.160265356841,120.69126739068672,6887700,115.27345479329428,1,1,0.003994727337241488,Pandemic
2020-12-04,121.68565368652344,121.7049594986894,120.39194329682807,120.65261963889336,5179400,115.51385243733723,1,1,0.005272176710043874,Pandemic
2020-12-07,122.03324127197266,122.39045411105596,121.540858257823,121.7532590625864,4452700,115.77001978556315,1,1,0.005618023140647077,Pandemic
2020-12-08,122.4290542602539,122.81523681256716,121.39602016816224,121.91736550891216,3943400,116.12208735148111,1,1,0.007721217189062157,Pandemic
2020-12-09,120.08302307128906,122.71871259801756,119.66787805032658,122.35184316597984,8635900,116.37728856404622,1,1,0.005596834755253743,Pandemic
2020-12-10,120.2567901611328,120.82641110428249,119.06928742345674,119.34926960014796,4998700,116.79725977579753,1,1,0.009210416559192636,Pandemic
2020-12-11,120.00579833984376,120.00579833984376,118.65416280754098,119.53272111575409,6511600,117.14900741577148,1,1,0.00771420087191943,Pandemic
2020-12-14,120.44022369384766,121.52153336387622,120.29540431644266,120.37264229983458,5527900,117.59601186116537,1,1,0.009803284203029117,Pandemic
2020-12-15,122.4483642578125,122.4483642578125,120.96156625781684,121.74358056571494,4549600,118.10094248453775,1,1,0.0110736670624616,Pandemic
2020-12-16,123.2786636352539,123.71311442512445,122.20701049669869,122.61249888268716,5154600,118.5704744974772,1,1,0.010297337784213378,Pandemic
2020-12-17,124.2537841796875,124.5241098107543,123.66485732665436,124.1765461805767,5752500,118.93091100056967,1,1,0.00790475690649517,Pandemic
2020-12-18,123.8193130493164,124.4565153889064,123.02764210262023,124.43720220938074,8846700,119.1594009399414,1,1,0.0050110280474287006,Pandemic
2020-12-21,123.94319915771484,124.00125888013405,121.15621435397892,122.24972167937982,7616100,119.37818272908528,1,1,0.004798117959508574,Pandemic
2020-12-22,125.01731872558594,125.57858718602483,124.0592892346034,124.63022939117204,7167100,119.66108830769856,1,1,0.006204421048485509,Pandemic
2020-12-23,124.06900787353516,125.24959004331949,123.8851422377472,125.16250045772058,5650400,119.98479232788085,1,1,0.007099174382290019,Pandemic
2020-12-24,124.89151763916016,125.20118911857564,124.1947715764242,124.28186114277898,2192300,120.24548263549805,1,1,0.005717216463685393,Pandemic
2020-12-28,126.30435180664062,126.55594877709926,125.539859668104,126.13015793021005,4085500,120.58802388509115,1,1,0.007512294912554784,Pandemic
2020-12-29,125.7043914794922,127.15594341235446,125.48182431758592,126.99143596521073,4420700,120.87774149576823,1,1,0.006353816176452809,Pandemic
2020-12-30,125.63668060302734,126.4011582489382,125.45281496559312,126.1398894898022,4070700,121.12754821777344,1,1,0.0054785278242281965,Pandemic
2020-12-31,125.82051849365234,126.17856322488538,124.80442924545297,125.69471260821416,5529200,121.40536727905274,1,1,0.006092868298747889,Pandemic
2021-01-04,123.76898193359376,126.48822725959992,122.1625944370014,126.4591826396367,10508600,121.6566380818685,1,1,0.005510636677797609,None
2021-01-05,124.57219696044922,124.77542075126058,123.4109582348242,123.4883761186594,6180700,121.9034662882487,1,1,0.005413205800082865,None
2021-01-06,122.42390441894533,124.8141206408386,122.04650146901608,122.79162828778068,13629000,122.11891225179036,1,1,0.004724959746503998,None
2021-01-07,125.72377014160156,125.96569550319624,123.55612096894669,123.60450899445604,9826000,122.44531860351563,1,1,0.007158439394975291,None
2021-01-08,126.53660583496094,126.87530716733268,125.10441216808796,126.34306854472656,6193800,122.74507624308268,1,1,0.006574004717370352,None
2021-01-11,125.49147033691406,126.38176833426778,124.96891824502516,125.3076195331019,8926600,123.00162913004557,1,1,0.005626478416313363,None
2021-01-12,124.89151763916016,125.50117413554132,123.70124926779826,125.33666669933268,8544600,123.21726506551107,1,1,0.004729126033392372,None
2021-01-13,125.68505096435548,126.07212558227243,124.814110925117,125.05603625280266,6802600,123.43296305338542,1,1,0.004730486908895326,None
2021-01-14,124.58187103271484,126.25599015201892,124.39800542263896,125.99470666580844,7812400,123.56104125976563,1,1,0.0028088916571131772,None
2021-01-15,123.30450439453124,124.94959373833495,123.0529073589686,124.39801164646084,6320600,123.65265452067057,1,1,0.002009176514175315,None
2021-01-19,124.910888671875,125.12378414442767,123.72061279486458,124.15608282044286,5784800,123.80038859049479,1,1,0.003239965704772474,None
2021-01-20,127.38818359375,127.83333263653464,125.69470651746104,125.8689004093153,5885000,123.99047292073568,1,1,0.004168752080869975,None
2021-01-21,129.03326416015625,129.45905501670626,127.38817520471537,128.075249498866,4472600,124.22380701700847,1,1,0.0051172655744026185,None
2021-01-22,128.5397186279297,129.18807649083928,128.23004723707726,128.49133062736593,5621800,124.42749582926432,1,1,0.004467112880190638,None
2021-01-25,129.61392211914062,130.43645941302017,126.4785644067181,129.9913250577326,9102600,124.74519246419271,1,1,0.0069674260169934055,None
2021-01-26,129.70103454589844,130.27197490327853,129.2075120826306,130.0687658514432,4296700,125.06000061035157,1,1,0.00690407837779905,None
2021-01-27,127.25270080566406,129.49777455392078,126.10113407840718,129.08165538249918,12242300,125.3015640258789,1,1,0.005297743321953319,None
2021-01-28,127.77527618408205,129.904230907312,127.46561943903517,127.90108208116844,8090800,125.54606577555339,1,1,0.005362184123436919,None
2021-01-29,124.7657241821289,127.63979828569812,124.08833621087275,127.1366042304509,9511600,125.62331110636393,1,1,0.001694072484280218,None
2021-02-01,127.8913803100586,128.51070842046784,125.31729185250424,126.24629140109154,5616300,125.77706832885742,1,1,0.003372059866303845,None
2021-02-02,129.62356567382812,130.00096853048052,128.9461778241889,129.1300434046512,4297500,125.95606104532878,1,1,0.0039255011620628055,None
2021-02-03,129.17845153808594,130.15582453296324,128.79136215945883,129.88486935089924,5787400,126.13469899495443,1,1,0.0039177207467893105,None
2021-02-04,131.23960876464844,131.23960876464844,129.49775872604434,129.87516153653468,4067100,126.37791264851889,1,1,0.0053339348020318145,None
2021-02-05,130.9493408203125,131.6557586014899,130.5719231558219,131.63640044193798,4706900,126.5756467183431,1,1,0.0043365190281278165,None
2021-02-08,132.32350158691406,132.38156131136088,131.2977256465283,131.48159128457814,5856600,126.85079650878906,1,1,0.006034328342683248,None
2021-02-09,132.1686553955078,132.79765538204973,131.93640175007098,131.9751180739527,5276100,127.09336776733399,1,1,0.005319846394160499,None
2021-02-10,131.97508239746094,132.86536564870735,130.85254556356224,132.7008582315588,4732200,127.28239212036132,1,1,0.00414550565014582,None
2021-02-11,133.4266357421875,133.51372529954622,132.35248690358787,132.8653673181857,3782900,127.53980026245117,1,1,0.005645235073348909,None
2021-02-12,134.11370849609375,134.20079806204015,132.71054468070074,133.078275869295,3377800,127.82236785888672,1,1,0.006197008738881071,None
2021-02-16,133.67822265625,134.74269971922018,133.32984968709124,134.645923707697,4861100,128.08429133097331,1,1,0.005744261075628532,None
2021-02-17,132.49766540527344,132.78797875981584,131.1622328339487,132.44927738519127,7637400,128.37524744669597,1,1,0.006380977912927022,None
2021-02-18,131.84927368164062,132.07184079816105,130.18482662342967,131.1234978632096,5477400,128.61781667073566,1,1,0.005319801775291011,None
2021-02-19,131.65577697753906,132.64283652916706,131.06547853938278,132.52670232159522,5842800,128.92554575602213,1,1,0.006748827023282056,None
2021-02-22,128.75265502929688,130.46549038642115,128.67523715692383,130.039699471344,7131300,129.026508585612,1,1,0.0022142225264430992,None
2021-02-23,128.3946075439453,129.18812973559557,124.4560707426601,126.61404061051884,12099200,129.08844197591145,1,1,0.0013582652991912525,None
2021-02-24,130.3590545654297,130.47517400162167,126.45920456389145,127.43659237167611,8236100,129.25069478352864,1,1,0.0035583771083287363,None
2021-02-25,125.80117797851562,130.05905809602342,125.23990941254353,129.19780446819317,17156900,129.2810167948405,1,1,0.0006649940454968029,None
2021-02-26,126.46887969970705,128.41395391145537,125.34634269722818,127.04949159461208,17755800,129.30714441935223,1,1,0.0005730066697946512,None
2021-03-01,130.5428466796875,130.62026452429822,127.80426610204616,128.61713132154276,12386900,129.50584360758464,1,1,0.004357685104086739,None
2021-03-02,128.47203063964844,130.81386622094342,128.28817977977906,130.72677664006562,12401400,129.67809448242187,1,1,0.003777645385073969,None
2021-03-03,125.2398910522461,128.22041260393445,125.10441347107611,127.852681412495,14944800,129.68906122843424,1,1,0.0002405124357252042,None
2021-03-04,122.47227478027344,125.76246807636062,120.9239541690957,124.8528264872421,38477800,129.52519760131835,1,1,0.0035937040978208934,None
2021-03-05,124.7850570678711,125.13343006337584,120.6820063666718,124.00122151947224,23042900,129.3835906982422,1,1,0.003105590403565728,None
2021-03-08,121.76585388183594,125.26892779169918,121.64004799028292,124.66895772296894,17621200,129.15779520670574,1,1,0.004951935932860696,None
2021-03-09,125.90763092041016,126.6817950008299,124.44640710850726,124.6109145761293,11493600,129.03425216674805,1,1,0.002709430620861708,None
2021-03-10,125.40438079833984,127.28172327682468,125.3076195488392,127.26236512054584,9229500,128.89103037516276,1,1,0.003141006630796195,None
2021-03-11,128.08494567871094,128.87845307273645,127.0204683338534,127.2914235187353,6681400,128.91877187093098,1,1,0.0006084005875901521,None
2021-03-12,127.16561126708984,127.20431281595164,125.74308939976883,126.5559548193958,6221100,128.89844970703126,1,1,0.00044568672724043523,None
2021-03-15,128.5203857421875,128.5978036051213,126.759177349773,127.2623713099214,8292500,129.02360509236652,1,1,0.002744791074505093,None
2021-03-16,129.4881134033203,130.72676993208324,128.93653132011286,129.50747156450583,6553400,129.0768295288086,1,1,0.0011672686532855359,None
2021-03-17,129.3816375732422,130.15580142711335,127.4655934785202,128.44296629988983,9683200,129.06876525878906,1,1,0.00017685804180711528,None
2021-03-18,125.7914810180664,127.8333310873712,125.63664528628308,127.61074918570212,8792400,128.95586624145508,1,1,0.002475995853223223,None
2021-03-19,125.4140853881836,126.37210015624004,124.81410058438524,125.8205181331089,13612400,128.76168212890624,1,1,0.004258664679166357,None
2021-03-22,127.8801498413086,128.50078547395464,125.88247936113912,126.0861321330464,7992100,128.65937576293945,1,1,0.002243687712026765,None
2021-03-23,127.0849609375,128.7917051415663,126.74554460054956,128.22925181591356,6464600,128.48475774129233,1,1,0.0038295594390991283,None
2021-03-24,125.5430679321289,127.87044767225956,125.52366890844397,127.8510486485746,7104700,128.26390482584637,1,1,0.004843539968101385,None
2021-03-25,125.46548461914062,126.02793792001331,123.85570601289658,124.79635888539345,11286500,128.0469182332357,1,1,0.004758747385017581,None
2021-03-26,128.65597534179688,128.7917389527946,125.34914370598796,125.39763388072797,7441600,127.88789621988933,1,1,0.0034875223444333914,None
2021-03-29,127.98681640625,128.62685103471165,127.0170723499578,128.26805046896197,8658900,127.6836664835612,1,1,0.00447897592197366,None
2021-03-30,126.7746353149414,127.22072408797617,126.00854402737286,127.08496051307338,6617700,127.45354690551758,1,1,0.005046767761458848,None
2021-03-31,128.7917022705078,129.5771925673525,127.6377045071455,127.74437694234167,7715200,127.33001480102538,1,1,0.0027091907944409854,None
2021-04-01,131.3809356689453,131.39064258077815,130.0717899211009,130.1978466008324,7175800,127.31440353393555,1,1,0.00034237173618312244,None
2021-04-05,134.09619140625,134.32893527979635,131.9724498011341,132.1470114055735,6433400,127.39575068155925,1,1,0.001784029701445644,None
2021-04-06,133.52407836914062,134.31926090138802,133.0779895360834,133.88287898027843,5657800,127.5547981262207,1,1,0.0034880800802951084,None
2021-04-07,134.23196411132812,134.47440011386928,132.9325106890162,133.4173826940985,5042600,127.7493766784668,1,1,0.0042673151623841,None
2021-04-08,136.1714630126953,136.20055415155528,135.25990120276143,135.49264511076174,7072300,127.94312362670898,1,1,0.004249077199699913,None
2021-04-09,137.48062133789062,137.51940459006798,135.43446075248949,135.6768967706786,4700500,128.33243840535482,1,1,0.008538088287112,None
2021-04-12,136.82119750976562,137.2575794144528,136.152071683922,136.91817784286113,7953500,128.6775156656901,1,1,0.00756791233270282,None
2021-04-13,138.1109161376953,138.21758855215035,137.09268214464595,137.3448250136033,5657900,128.9297846476237,1,1,0.005532527810377386,None
2021-04-14,136.6466522216797,138.15945073360783,136.38481715703935,138.0915615402442,5608100,129.2022720336914,1,1,0.005975938975301021,None
2021-04-15,138.99343872070312,139.10011117517055,137.8782240063396,137.89762303363975,5514400,129.66072362263998,1,1,0.010054332269185506,None
2021-04-16,138.96432495117188,139.22615998716216,138.38247260388675,139.10008852592242,5847800,130.2104586283366,1,1,0.012056274949232337,None
2021-04-19,137.81031799316406,138.9837147231318,136.9860296889032,138.34368014314938,5127000,130.644633992513,1,1,0.00952192877013669,None
2021-04-20,136.58843994140625,138.12062234596735,135.82233394200748,137.5193858379214,4936700,131.1387201944987,1,1,0.010835837336232279,None
2021-04-21,137.9654998779297,138.01399004327735,135.9678293614207,136.3460289757392,4627100,131.54064915974934,1,1,0.008814730851970598,None
2021-04-22,136.34600830078125,138.31458737899845,135.7447569764589,137.72304296454627,5826100,131.9053700764974,1,1,0.007998718667149074,None
2021-04-23,138.3824920654297,138.81887398870455,136.56907517684735,136.59816631859087,4443000,132.24862162272134,1,1,0.007527872475177055,None
2021-04-26,139.0903778076172,139.23584828901608,138.33397865512526,138.43095897605787,3867500,132.64611384073893,1,1,0.008717428253504744,None
2021-04-27,138.75100708007812,139.42013297054237,138.2564428466198,139.31346051268395,5411000,132.98713455200195,1,1,0.007478947885371845,None
2021-04-28,137.46124267578125,138.1303685526421,137.13153319351204,137.94611478398505,5345600,133.25290552775064,1,1,0.005828640934174567,None
2021-04-29,137.3448486328125,138.76066659856644,135.948414893299,138.5861197796869,6708300,133.518345896403,1,1,0.005821390367970247,None
2021-04-30,135.47325134277344,136.68543149937864,135.15323400577515,135.94843129112624,5291700,133.84107157389323,1,1,0.007077718283682977,None
2021-05-03,135.09503173828125,136.47206641679583,134.7556302229194,136.20053928565883,5402900,134.16376978556315,1,1,0.007077115928951994,None
2021-05-04,132.67068481445312,134.1253009300367,131.19666967413477,134.08651767768745,9959800,134.32345428466797,1,1,0.003502051363635905,None
2021-05-05,132.35064697265625,133.81496977212694,132.09851887867703,133.75677270694587,5622900,134.4989771525065,1,1,0.0038494036810656773,None
2021-05-06,133.67918395996094,133.7567504397201,131.3420979343762,132.2924426811388,7169300,134.77018102010092,1,1,0.005947790046351598,None
2021-05-07,134.82351684570312,135.61871408558738,134.2416644849527,135.01746270024654,9598300,135.082115427653,1,1,0.00684105422540493,None
2021-05-10,131.4197235107422,134.24166757307376,131.3712333467108,134.17379318112629,10140500,135.17424036661785,1,1,0.002020398159716885,None
2021-05-11,131.0220947265625,131.29362182610086,128.5977350541719,128.90804539773697,13523400,135.27541631062826,1,1,0.0022188963529652383,None
2021-05-12,127.33709716796876,129.80025550248826,126.99769560653806,129.0923316457517,14707300,135.2941650390625,1,1,0.00041117960946546184,None
2021-05-13,129.02444458007812,130.18813444248653,128.16137299577062,128.73351841519616,11305200,135.3019231160482,1,1,0.0001701429020299905,None
2021-05-14,131.86578369140625,132.32156455073292,130.2172218668999,130.46934997747934,8411500,135.31808471679688,1,1,0.0003544411402343073,None
2021-05-17,130.8960418701172,131.12878575866844,129.70326088517032,131.08998771201695,8133600,135.21141306559244,1,1,0.0023394230727213916,None
2021-05-18,129.84873962402344,131.54579193694371,129.76146619923963,131.27426475064624,5868600,135.08890177408855,1,1,0.0026868032769435946,None
2021-05-19,130.30450439453125,130.40148471922106,127.52134368195036,127.8316688832617,15290600,134.9579864501953,1,1,0.0028711126698668377,None
2021-05-20,132.79676818847656,133.24284221753777,130.80878969281065,130.82818871928512,8414100,134.84549662272136,1,1,0.002467021883205467,None
2021-05-21,132.06942749023438,133.6016246671211,131.95306295433247,133.47555322181532,7074200,134.66512349446614,1,1,0.003955775064646394,None
2021-05-24,134.4162139892578,134.88168695760584,133.09736158133938,133.16525076272288,6614500,134.5849573771159,1,1,0.0017581284480188142,None
2021-05-25,134.45498657226562,135.2695826986559,134.1543683291139,134.95925754629434,5622900,134.46309305826824,1,1,0.0026726144766175963,None
2021-05-26,134.44529724121094,135.03684162765848,134.00891543415378,134.64894997630054,6655700,134.38971455891928,1,1,0.0016092687464792643,None
2021-05-27,133.73739624023438,134.88168703750082,133.70830510451532,134.3289406617199,5677300,134.21451314290366,1,1,0.003842353899771389,None
2021-05-28,134.21253967285156,134.98833769349855,134.14466529949507,134.41619238715404,4611300,134.05612030029297,1,1,0.0034737239592099733,None
2021-06-01,133.55316162109375,134.95928763810085,133.31072559067456,134.81383193869777,6453700,133.91421508789062,1,1,0.003112132645225918,None
2021-06-02,134.4744110107422,135.01746533290063,133.57255611082633,133.8246842469369,5049100,133.8437474568685,1,1,0.0015454302997264246,None
2021-06-03,133.2234344482422,133.92165130673493,132.40883824858795,133.388289151342,6360600,133.68567860921223,1,1,0.0034666184043299353,None
2021-06-04,135.78355407714844,135.93870186568648,134.03801198130765,134.03801198130765,5591300,133.66693013509115,1,1,0.00041117403210644277,None
2021-06-07,135.75445556640625,135.90960334651507,135.09502201175198,135.66716736851765,5892000,133.57932891845704,1,1,0.0019211881046028445,None
2021-06-08,135.76417541503906,136.97635555267334,135.385975803982,136.40421007901895,4451300,133.46845550537108,1,1,0.002431572191823994,None
2021-06-09,135.86114501953125,136.65632743254196,135.7835637211927,136.42358353752633,4881700,133.37212677001952,1,1,0.0021125918976880875,None
2021-06-10,136.8599853515625,137.19938689783348,135.65749737764648,136.14236941270806,5637700,133.35208485921223,1,1,0.0004395404780428436,None
2021-06-11,137.674560546875,137.674560546875,136.90845447999322,137.03452593844403,6050300,133.36307525634766,1,1,0.0002410311300771184,None
2021-06-14,139.07101440429688,139.08070651899354,137.2478906370471,137.81034402900974,5713300,133.48300069173177,1,1,0.0026300926945068692,None
2021-06-15,138.2176055908203,138.96431258405514,137.9654774878988,138.96431258405514,7539800,133.58708648681642,1,1,0.002282712490283778,None
2021-06-16,137.47091674804688,138.74129393438784,136.12297305604156,138.4794588871291,9601400,133.7470942179362,1,1,0.0035091401864399963,None
2021-06-17,139.0613250732422,139.6334854493583,137.07336111921308,137.07336111921308,7932100,133.97078348795574,1,1,0.004905744248779209,None
2021-06-18,137.79095458984375,138.9352604799036,137.6260998457997,138.39220607667087,10408300,134.10784250895182,1,1,0.003005850499382623,None
2021-06-21,139.2676239013672,139.3453325821426,136.95539780586498,137.84919587721004,6138000,134.2559794108073,1,1,0.003248800240824856,None
2021-06-22,140.53060913085938,140.60833264640783,139.02476234287283,139.18019454972494,4626600,134.55967559814454,1,1,0.006660381270302329,None
2021-06-23,140.3751678466797,140.87063854898625,140.0642738045897,140.5500346271724,4135500,134.87144470214844,1,1,0.006837428942302548,None
2021-06-24,141.25924682617188,141.68671873871526,140.97751206067434,141.2786814106269,6139500,135.33551635742188,1,1,0.010177586317305698,None
2021-06-25,141.09410095214844,141.49242843127982,140.86094521743397,141.38556044478713,7192900,135.7378382364909,1,1,0.008823347871037113,None
2021-06-28,142.5708465576172,142.73600351066509,141.64790366740905,141.67704814004995,6278700,136.09467366536458,1,1,0.007825781508450369,None
2021-06-29,143.6103515625,143.6783503760902,142.31822586183213,142.6485396975455,4914600,136.51848398844402,1,1,0.009294612364904475,None
2021-06-30,143.4548797607422,143.8046281217808,143.00797331220954,143.3868661346478,5506800,136.9720219930013,1,1,0.009946572123308517,None
2021-07-01,143.6977996826172,143.6977996826172,142.72627783740862,143.26061781712272,5818300,137.41846516927083,1,1,0.009790974972556876,None
2021-07-02,145.59222412109375,145.73794642794553,144.34867768848252,144.3875320288954,6390000,137.84498036702473,1,1,0.009353933151175386,None
2021-07-06,146.14602661132812,146.83581365614106,144.74704758216393,145.9031461457844,5935300,138.31420033772787,1,1,0.01029049436518803,None
2021-07-07,146.94268798828125,147.24385740665858,145.76713996170596,147.078700461879,7441900,138.73174947102865,1,1,0.009157297795705732,None
2021-07-08,145.5533905029297,145.96142784444922,143.97951524364584,144.6304330139921,8543100,139.10169626871746,1,1,0.008113327809409654,None
2021-07-09,146.89407348632812,147.03008592710944,145.1647661002895,145.3785020535522,4887900,139.51665547688802,1,1,0.009100497975529809,None
2021-07-12,147.01068115234375,147.54500626572133,146.53463014896192,147.47700745052148,4809800,139.95909830729167,1,1,0.009703243121480742,None
2021-07-13,147.61300659179688,148.68167154641378,146.6317602064121,146.75806276870782,7601400,140.40578053792316,1,1,0.009796217689658437,None
2021-07-14,148.70111083984375,149.45889658912657,148.0501930718313,148.79826894072406,6443400,140.91071217854818,1,1,0.011073689371896567,None
2021-07-15,147.4770050048828,148.642828143117,146.6900747571809,148.52625027656725,6253100,141.34413197835286,1,1,0.009505358437680078,None
2021-07-16,146.01974487304688,148.46798421750665,145.87400769316068,147.7684872619467,7540200,141.7706756591797,1,1,0.009354557815340891,None
2021-07-19,144.00865173339844,144.67900405171267,143.17314251153843,144.28067661267897,12127000,142.0448455810547,1,1,0.006012838779924312,None
2021-07-20,146.14602661132812,146.9523915358429,143.89210359969093,144.72761299413122,7357800,142.39123128255207,1,1,0.007596607842797365,None
2021-07-21,147.55474853515625,147.58389300574623,145.81571606063454,146.08774100230596,6117000,142.78425038655598,1,1,0.008619328092755785,None
2021-07-22,148.64283752441406,148.7594153983214,147.86561710845672,147.86561710845672,4788900,143.2103068033854,1,1,0.00934387159622685,None
2021-07-23,150.11953735351562,150.19726086848647,148.76912278241738,149.30344785844423,6288100,143.65229187011718,1,1,0.009693203875966727,None
2021-07-26,150.0418243408203,150.31384925013643,149.17717055958423,149.74065496438072,4496700,144.06453399658204,1,1,0.009040909476045522,None
2021-07-27,148.62339782714844,149.905813693021,146.74836790645872,149.85723463914778,9044900,144.38294677734376,1,1,0.006983131858864233,None
2021-07-28,148.43881225585938,149.22575738190017,147.02039870118602,148.67198282923218,6970600,144.7236536661784,1,1,0.0074720654248361384,None
2021-07-29,149.12860107421875,149.63379657718107,148.2639472375075,148.2833818249186,6015300,145.11224314371745,1,1,0.008522181660330475,None
2021-07-30,149.03143310546875,149.1868801459841,148.13763485887398,148.17650403112566,5074400,145.444580078125,1,1,0.00728850339796927,None
2021-08-02,148.49708557128906,149.90578895567364,148.29305950838815,149.7017628927727,6102600,145.80145111083985,1,1,0.007826562338657084,None
2021-08-03,149.44920349121094,149.5269270157942,147.56444878674444,148.76914118141542,5412400,146.14083709716797,1,1,0.007443096624169421,None
2021-08-04,149.7503662109375,150.11954923019562,148.8565679544273,149.33261896219457,5661400,146.4481623331706,1,1,0.0067399701777950405,None
2021-08-05,150.57615661621094,150.6247208427816,149.57549043123714,150.02238212055332,3337300,146.78819529215494,1,1,0.007457285424495641,None
2021-08-06,150.44989013671875,150.62475697250574,150.01270822300273,150.0515625784281,3801400,147.09455006917318,1,1,0.006718686977305266,None
2021-08-09,149.96409606933594,150.89676346047568,149.8183737383353,150.62472373553243,3599100,147.3902165730794,1,1,0.0064842817492669624,None
2021-08-10,148.88571166992188,150.37213879624963,148.45823971804407,150.23612634103813,5210700,147.60071207682293,1,1,0.004616390883627863,None
2021-08-11,148.90512084960938,149.67261639644104,148.14733518211972,149.4005915324316,5415800,147.77720438639324,1,1,0.003870664572121152,None
2021-08-12,149.7600860595703,149.84753429180418,148.13764636185277,148.74970986625553,3473900,147.9873779296875,1,1,0.004609329947615759,None
2021-08-13,150.57615661621094,150.6150109623165,149.69206829379874,149.85722520717604,2815400,148.21665649414064,1,1,0.005028323436506055,None
2021-08-16,151.25624084472656,151.27567543272727,148.94401407280012,150.2167053382732,4746900,148.40545705159505,1,1,0.004140597574560978,None
2021-08-17,150.00294494628906,150.57615401722822,149.07029241340402,150.33327359158704,9526300,148.53402099609374,1,1,0.0028195444120753255,None
2021-08-18,147.93360900878906,150.32354401811187,147.76845210361182,149.6531916931756,6740600,148.56705169677736,1,1,0.0007243984921476709,None
2021-08-19,149.3811798095703,149.93495432591962,146.9038111920998,147.1175323400334,9645500,148.69464467366535,1,1,0.002798250056867735,None
2021-08-20,151.30477905273438,151.44079148352375,149.58518167299206,149.94463992059758,7384700,148.84166819254557,1,1,0.003224382564791295,None
2021-08-23,153.257568359375,153.4713043474641,151.69341762340295,151.70312750495367,5401200,149.04989776611328,1,1,0.0045666966183322,None
2021-08-24,153.08270263671875,153.62675249236867,152.94667534855952,153.45187085348306,4768500,149.2322209676107,1,1,0.003998542250536863,None
2021-08-25,152.9952392578125,153.85018313161652,152.7426489424819,153.44214578027697,4715200,149.37535858154297,1,1,0.003139160525093221,None
2021-08-26,152.03346252441406,153.1215622732756,151.90715993776146,152.8106681597453,6028300,149.52724049886066,1,1,0.0033309324238470772,None
2021-08-27,153.5004425048828,153.60731049453327,151.90714736552349,152.1694623990739,7044400,149.77659708658854,1,1,0.005468655899472985,None
2021-08-30,155.1520233154297,155.33661482314653,153.9570556921124,153.9570556921124,5013400,150.14804280598958,1,1,0.008146200761109501,None
2021-08-31,154.33596801757812,155.2977800252777,154.04450848576786,155.2492009659347,10985500,150.4210408528646,1,1,0.005987138311408513,None
2021-09-01,154.3748016357422,155.5697840732361,154.24851388750983,154.87028722054305,10144900,150.64837595621745,1,1,0.004985701261939868,None
2021-09-02,154.2096405029297,155.15201776972427,153.5878671868818,154.94800650740513,10884800,150.8339360555013,1,1,0.0040695308710387845,None
2021-09-03,154.8217010498047,155.22973839107522,153.97648190176182,154.0250461281016,10602400,150.9906748453776,1,1,0.003437448818752298,None
2021-09-07,154.8605499267578,155.19087856452103,154.13190866645454,155.00628707336512,9860900,151.15129903157552,1,1,0.0035226597037325558,None
2021-09-08,154.2679443359375,154.8897177120432,153.17013475227617,154.84115348010647,5733200,151.33945058186848,1,1,0.004126364155365492,None
2021-09-09,153.6850128173828,154.90912476468895,153.55871025860534,154.3747848901428,5580500,151.51432393391926,1,1,0.003835159107153041,None
2021-09-10,152.16944885253906,154.91885704674468,152.01400182247744,154.5399641761224,8540100,151.61568552652994,1,1,0.0022229678247573936,None
2021-09-13,152.21803283691406,153.72389463458478,151.2173665403983,153.32558195168528,11318900,151.72190551757814,1,1,0.002329517683814286,None
2021-09-14,152.0237579345703,153.17987148284064,151.61572047475417,152.86899215242087,9215800,151.83946126302084,1,1,0.0025781228668950718,None
2021-09-15,153.35472106933594,153.48100882203295,151.68370239818765,152.5386314961791,8169600,151.96964518229166,1,1,0.0028550721864779582,None
2021-09-16,153.44215393066406,153.59760097492992,151.8682933741491,152.81065587242637,8074300,152.09270477294922,1,1,0.0026988280621269567,None
2021-09-17,151.0522003173828,153.0535327873123,150.82875446156189,153.04382290636207,11331500,152.10857289632162,1,1,0.0003480048683883741,None
2021-09-20,148.30088806152344,149.5952865806766,146.3252310718478,148.83615302744195,17834700,152.0369394938151,1,1,0.001570996911635758,None
2021-09-21,148.35926818847656,149.57580638229402,147.78506572507146,149.2059740192712,9227500,151.9834452311198,1,1,0.001173186230780443,None
2021-09-22,150.39329528808594,150.97723947894534,148.50522590133392,149.1670303076624,13995300,152.03369801839193,1,1,0.0011020972178230615,None
2021-09-23,152.4079132080078,152.7680037668193,150.70475971044212,151.17190622597053,9767000,152.15045776367188,1,1,0.002560665734418155,None
2021-09-24,152.51498413085938,152.76801875778395,151.4152287266967,151.48334715111733,5826200,152.2422876993815,1,1,0.002013928423718614,None
2021-09-27,151.03565979003906,151.58066655215282,150.0721561460962,151.2303029407482,7507500,152.25760447184246,1,1,0.0003359131549027783,None
2021-09-28,146.5587921142578,149.4395612170147,146.4420091946597,149.09892456775967,19095300,152.10102284749348,1,1,0.0034340020111260916,None
2021-09-29,146.37384033203125,147.93101484952135,146.12080578432375,147.16216939858757,12506000,151.98005269368488,1,1,0.002653004483713639,None
2021-09-30,145.3227996826172,147.86291728116598,145.2449394529203,147.23032333406937,16707800,151.89302571614584,1,1,0.0019085944288408374,None
2021-10-01,147.51255798339844,147.8337109887615,144.3690126915615,145.84832724946597,22741900,151.83073832194012,1,1,0.0013660289823891336,None
2021-10-04,144.0965118408203,146.84102910062018,142.94810692807198,146.66583988068933,25386500,151.59046274820963,1,1,0.005269499577907233,None
2021-10-05,146.1500701904297,146.98704928811398,144.25227306496063,144.38852478549882,16483500,151.35354614257812,1,1,0.005195833825268004,None
2021-10-06,147.10377502441406,147.2108309667966,143.98944058735538,144.46632884893546,20002400,151.1542485555013,1,1,0.004370808628917144,None
2021-10-07,148.44686889648438,149.5952887782247,148.17436550427232,148.3787504735919,9947800,151.0026362101237,1,1,0.003325020423711189,None
2021-10-08,147.89212036132812,149.1281124629946,147.6488127247343,149.02105650888055,9213200,150.86459147135417,1,1,0.003027468341390227,None
2021-10-11,147.0745849609375,149.0502416416089,146.9675290144338,147.23030540136443,7485300,150.65039621988933,1,1,0.004697530296815966,None
2021-10-12,146.31549072265625,147.83372814364694,146.07218306287385,147.648826796482,8926700,150.35584513346353,1,1,0.006459819454365023,None
2021-10-13,147.21084594726562,147.53201380709595,145.99430777381113,146.94808439402948,9760800,150.11834106445312,1,1,0.005208717523677686,None
2021-10-14,150.52955627441406,150.59768953603793,148.49550813914362,148.70962003236352,7598600,149.99016621907552,1,1,0.0028110110533883237,None
2021-10-15,151.73638916015625,151.76558489065977,150.59771111955723,151.05513069787318,6389600,149.90772450764973,1,1,0.001808034652941659,None
2021-10-18,153.02101135253906,153.09887156643398,150.47115246132924,150.88963440440742,5815100,149.8477015177409,1,1,0.0013163681812458083,None
2021-10-19,154.53929138183594,154.53929138183594,153.1183829214096,153.42980901329312,6600700,149.8369928995768,1,1,0.00023485141672718868,None
2021-10-20,154.11106872558594,154.90911008131067,153.43953724740672,154.68527120535765,6012700,149.8317637125651,1,1,0.00011468164792272084,None
2021-10-21,154.7047576904297,154.7826030776856,153.32275703632655,153.64392494746417,5011600,149.86575520833333,1,1,0.0007454697530093757,None
2021-10-22,154.1694793701172,155.28868873948238,153.52714354146073,154.64635291082593,6245000,149.93242289225262,1,1,0.0014620934072426817,None
2021-10-25,154.67555236816406,155.23030101090322,154.07215406931576,154.75341260839005,5168400,150.01434020996095,1,1,0.0017965341394692302,None
2021-10-26,155.1134796142578,156.36894040708572,155.0356193933378,155.71687776348935,6594800,150.1173309326172,1,1,0.00225869638407028,None
2021-10-27,154.9772491455078,156.16459168894204,154.82152868236088,155.3762624131309,8724000,150.17141520182292,1,1,0.0011861257027760974,None
2021-10-28,156.534423828125,156.6512216115409,155.6293263960039,155.92129857906048,6378400,150.2744908650716,1,1,0.002260559221848979,None
2021-10-29,157.2059326171875,157.30326161421218,154.81179373370827,154.9966950675432,10065900,150.4796152750651,1,1,0.0044985970695949895,None
2021-11-01,156.9723663330078,157.28380727179808,156.17432491542002,157.20594703710051,12210600,150.76866455078124,1,1,0.00633915887800196,None
2021-11-02,158.35435485839844,158.74364115187433,157.18646627733037,157.18646627733037,13407300,151.10183410644532,1,1,0.00730676367008809,None
2021-11-03,159.27894592285156,159.6098408092323,157.70230203127275,158.62688311134036,12989300,151.3980224609375,1,1,0.0064957264891536415,None
2021-11-04,161.7703857421875,162.15967202815546,159.6000857397923,159.88231606957106,14345700,151.7101048787435,1,1,0.0068443002481208826,None
2021-11-05,162.6073455810547,163.52218458130403,161.59517759555058,162.9577091375264,12111800,152.04651692708333,1,1,0.007377874992479105,None
2021-11-08,163.48326110839844,163.76550627972247,162.753338207161,163.13289752179168,6390500,152.46143697102863,1,1,0.0090996390623026,None
2021-11-09,162.81175231933594,163.9017807684177,161.98451515967736,163.72659152557608,8411500,153.00320231119792,1,1,0.01188149168483199,None
2021-11-10,160.1256103515625,162.36404343492504,159.638995109541,161.55626035113113,12894400,153.4615946451823,1,1,0.010053032744626877,None
2021-11-11,160.875,161.34214646849503,160.6122236144572,161.2740280576171,5051900,153.9800013224284,1,1,0.01136921129568047,None
2021-11-12,162.83119201660156,163.10369536763494,161.13778045665396,161.41028380768734,6122100,154.4906224568685,1,1,0.011198466038919497,None
2021-11-15,162.66575622558594,163.71684701902296,161.74119015784558,163.48326633704144,6245100,155.109597269694,1,1,0.013574777761546253,None
2021-11-16,164.378662109375,164.60251586644645,162.37380920903828,162.4711382208365,6769400,155.71721700032552,1,1,0.013325748699209994,None
2021-11-17,163.88229370117188,164.91391572058893,163.36648269146335,164.05748292445543,7708900,156.27650095621746,1,1,0.012265693610657102,None
2021-11-18,165.51731872558594,165.75088454203438,163.63897613317226,164.82631853451505,9982000,156.84551595052082,1,1,0.012479105660851975,None
2021-11-19,166.72412109375,167.35672985366074,165.55624741817874,166.1109811026893,8857300,157.47324930826824,1,1,0.013766861992383861,None
2021-11-22,164.86524963378906,169.58542375298128,164.76793548874247,167.37618624097917,14225800,158.06627146402994,1,1,0.01300560831448161,None
2021-11-23,164.4856719970703,165.0112247530172,162.40295944088828,164.23263742774057,14619900,158.67194417317708,1,1,0.013283048441623313,None
2021-11-24,165.68276977539062,165.72169246221569,162.70467189725974,163.5027280552063,9120500,159.2876749674479,1,1,0.013503632975003121,None
2021-11-26,161.54653930664062,164.58301377591832,160.90420359957983,163.31781113027955,12383900,159.6549077351888,1,1,0.008053806238227823,None
2021-11-29,165.58543395996094,166.03312651675796,163.4345880561,163.95041387493254,12489900,160.11654256184895,1,1,0.010124144067018781,None
2021-11-30,164.20347595214844,166.47110514172851,162.80202144439758,164.9625946687933,27033400,160.48929138183593,1,1,0.008174779146673083,None
2021-12-01,161.95530700683594,167.19127751388243,161.8093135072776,165.9358165794749,19542100,160.73649190266926,1,1,0.005421371053101254,None
2021-12-02,163.44436645507812,164.19375825364017,160.10617742535405,160.4565410720551,23436200,161.04760182698567,1,1,0.006822972428762286,None
2021-12-03,160.7095489501953,164.4175545884043,158.68522783228823,163.911470596348,24235000,161.24776153564454,1,1,0.004389715874635991,None
2021-12-06,162.2375030517578,162.7241182467843,159.5027280317599,161.17668549067628,18900200,161.51669565836588,1,1,0.005898012120676865,None
2021-12-07,167.9017333984375,168.10610349137346,165.44918833097137,165.46865709945263,14345500,161.957568359375,1,1,0.009668808509367244,None
2021-12-08,168.67059326171875,168.78737618185977,166.80199228786014,167.9601390803268,11630800,162.4094721476237,1,1,0.009910732016823243,None
2021-12-09,166.85064697265625,169.3518417505675,166.71439529040023,168.25210133318657,8600500,162.8052520751953,1,1,0.008679875897923184,None
2021-12-10,170.1985626220703,170.41267453019762,168.10610803815698,168.6024651207792,12388300,163.26072336832684,1,1,0.00998897120353015,None
2021-12-13,167.66815185546875,170.87981552348666,167.42484422683586,170.54892071262253,10487000,163.60946400960287,1,1,0.007648254183608927,None
2021-12-14,164.91392517089844,166.70466594308215,162.92854124527227,165.64384813404817,13547400,163.87418263753256,1,1,0.0058055618242094376,None
2021-12-15,169.28370666503906,169.44915405932105,163.4832466552042,165.0501482720137,14135400,164.23849436442057,1,1,0.00798974469713043,None
2021-12-16,164.4856719970703,170.1888029930182,163.51244155305406,169.9162996567191,15637800,164.41205190022785,1,1,0.003806301853658045,None
2021-12-17,163.38595581054688,164.9820533803168,161.82878093014293,162.67548678931544,22410800,164.46590423583984,1,1,0.001181039151715968,None
2021-12-20,161.44264221191406,161.94966882648663,160.2627988082815,160.88684415410629,16324800,164.4270807902018,1,1,0.0008514395667700292,None
2021-12-21,165.52816772460938,165.66467716853575,161.6571318551956,163.16849597764607,8405400,164.49524434407553,1,1,0.001494899430639185,None
2021-12-22,167.69285583496094,167.80987457654308,164.86515336672818,165.30393273201727,6688100,164.65794779459637,1,1,0.003568260187801542,None
2021-12-23,168.62892150878906,169.30172343945972,167.89761764995836,167.91712325215008,4896300,164.94139149983724,1,1,0.006216222739322763,None
2021-12-27,172.2464141845703,172.2854253854627,169.26269708809434,169.30170828898673,6633300,165.32043863932293,1,1,0.008312908010230435,None
2021-12-28,171.34934997558594,172.62669155409864,170.92031603627186,172.5681896311765,5711100,165.60437723795573,1,1,0.006227076279195387,None
2021-12-29,171.49563598632812,172.18792864469262,170.60831706177316,171.40786821517634,4843900,165.8987065633138,1,1,0.006454955997648781,None
2021-12-30,170.36453247070312,172.13915526809913,170.15976086256595,171.56386652289592,5263200,166.09823557535807,1,1,0.00437588402526079,None
2021-12-31,169.53573608398438,170.6083210595042,169.45772855136337,170.19879267205542,5121500,166.28668365478515,1,1,0.004132867355515435,None
2022-01-03,171.14462280273438,171.30062299799738,169.01895833949837,169.76002250026704,10151400,166.47426045735676,1,1,0.004113759324887001,None
2022-01-04,169.33099365234375,171.61265838044557,168.05365181426325,171.4371525760147,8324000,166.5611562093099,1,1,0.0019057165117939423,None
2022-01-05,164.1240997314453,168.4729118186779,164.06558292300477,168.34614771801338,11814200,166.5364512125651,1,1,0.0005418069256797331,None
2022-01-06,163.29525756835938,164.98212743079137,162.3201858756497,162.81746708270285,11883600,166.49677073160808,1,1,0.0008702352653155998,None
2022-01-07,161.79367065429688,163.96809166920298,160.73084587100618,163.18803118591563,15244300,166.36713409423828,1,1,0.0028430697107304503,None
2022-01-10,161.8228759765625,162.02763266381567,157.26927888598107,159.38519717700143,16250700,166.376345316569,1,1,0.00020201192917834732,None
2022-01-11,163.76327514648438,163.9972976908599,160.20426969477742,161.40360361807635,9603800,166.31560668945312,1,1,0.0013320628683997082,None
2022-01-12,164.53358459472656,166.11319580119658,163.7145131558054,164.9821091918768,9072000,166.32661031087238,1,1,0.00024132115272479382,None
2022-01-13,160.27256774902344,165.85974059863128,159.86303932542785,165.38194999856134,10471300,166.27051900227863,1,1,0.00123014221699691,None
2022-01-14,161.62786865234375,161.72538176708258,159.18044420788738,159.18044420788738,11175700,166.20996907552083,1,1,0.001327924468304209,None
2022-01-18,157.7471160888672,160.2238068159398,157.308336750447,159.27798597082196,12347100,166.11122131347656,1,1,0.002165643732871647,None
2022-01-19,155.54344177246094,160.19452306967625,155.38742672961916,158.24437966939408,12480700,165.8880859375,1,1,0.004893596761706753,None
2022-01-20,153.53480529785156,158.6929283423225,153.3300336825205,156.92805084391574,18804500,165.40918833414713,1,1,0.010502735170073718,None
2022-01-21,150.48281860351562,154.92914321506797,150.4438074032523,153.16426580269783,24008300,164.8029291788737,1,1,0.013295909830598251,None
2022-01-24,151.26287841796875,151.370136900698,142.59449155220392,147.97687665348926,33706700,164.28333689371746,1,1,0.011395212941561761,None
2022-01-25,147.76235961914062,150.5705708904418,146.06574437474072,148.2986520325368,24443100,163.53546346028645,1,1,0.016401661977564874,None
2022-01-26,148.6302032470703,153.55431934000734,146.86532548064085,151.77969621076377,26798100,162.90086517333984,1,1,0.013917417210943306,None
2022-01-27,147.6063690185547,151.83817692136043,147.07007657040776,151.03861092986605,19723400,162.32394663492838,1,1,0.012652438812012612,None
2022-01-28,154.0613555908203,154.1003519191504,147.21634689165143,149.43950956686595,22118000,161.81653493245443,1,1,0.011128079773147892,None
2022-01-31,157.93234252929688,158.13709922597943,153.34950915075666,154.10030354314122,14560500,161.59809061686198,1,1,0.004790716804621509,None
2022-02-01,158.3419189453125,158.60519251379324,156.05049412012357,158.14690754875545,11694900,161.4299560546875,1,1,0.0036873702584678814,None
2022-02-02,159.62899780273438,159.89225645463534,157.61059220101149,158.6831770442092,12752400,161.36950124104817,1,1,0.0013258385361811786,None
2022-02-03,154.99742126464844,158.43942355924597,154.4221175898933,157.36683861826018,13932700,161.0184763590495,1,1,0.007698350018724209,None
2022-02-04,155.62147521972656,156.9865698759774,153.51531642572593,154.16861278824712,14860700,160.61609700520833,1,1,0.00882460835408505,None
2022-02-07,154.58786010742188,156.6647675805922,153.99306577784046,155.73845244525413,7311300,160.14806162516277,1,1,0.010264515028740595,None
2022-02-08,156.49900817871094,156.91828186895316,153.73955347650536,154.10032524517086,10569900,159.6231480916341,1,1,0.011511913593305279,None
2022-02-09,159.9702606201172,160.01901718076897,157.86410217863215,158.51741331022208,8897800,159.24384511311848,1,1,0.00831851883300061,None
2022-02-10,155.78720092773438,159.45346495765023,154.96812943812986,156.79152353207007,15846100,158.72023061116536,1,1,0.011483424445479118,None
2022-02-11,151.0288543701172,156.62577126034145,150.45356564040375,155.94320917053815,17439400,158.0757080078125,1,1,0.014135068053689581,None
2022-02-14,150.9801025390625,152.1989421970149,149.22497045592826,150.62907612243563,20515200,157.45718688964843,1,1,0.013564827753770548,None
2022-02-15,154.9486846923828,155.05594320032154,152.7157616303178,153.25205417001138,12218700,156.91732228597004,1,1,0.011839806506513062,None
2022-02-16,154.79263305664062,155.3289254696849,152.21844435244154,153.89556887409995,10159100,156.43271026611328,1,1,0.01062805841824166,None
2022-02-17,150.1610565185547,153.50554563573792,149.87829224434046,153.3495454560412,12453200,155.96727549235027,1,1,0.010207480959502968,None
2022-02-18,148.63992309570312,150.8923362022472,147.49909106297608,150.67781925129898,12655400,155.47876434326173,1,1,0.010713570480587409,None
2022-02-22,147.26510620117188,149.62477838707423,145.65624353573455,147.07984016172057,13446800,154.99447886149088,1,1,0.010620897089775427,None
2022-02-23,143.57928466796875,149.19569139790377,143.42326965031225,148.79592337297413,18939700,154.38635915120443,1,1,0.013336713786254561,None
2022-02-24,148.4839324951172,148.59119098824036,138.1871766689541,138.64546160516983,25483900,153.87704772949218,1,1,0.011169742642032077,None
2022-02-25,150.50233459472656,150.5510762808007,146.88481175883726,148.7081912190798,14150800,153.40933939615886,1,1,0.010257342545556547,None
2022-02-28,150.2292938232422,150.86308443410897,147.65509042567126,148.9031958055901,17411100,153.0745635986328,1,1,0.007341990267125231,None
2022-03-01,147.22607421875,150.4340534100966,146.07548193162256,149.66375335085348,14962500,152.5945037841797,1,1,0.010528223698962114,None
2022-03-02,150.41455078125,151.03859605625473,147.15781496726956,148.3084072771172,12796200,152.35008494059244,1,1,0.0053603659045273755,None
2022-03-03,148.6204071044922,151.69189148097607,147.85985246919023,151.68213124308025,11725300,152.11931711832682,1,1,0.00506098444857872,None
2022-03-04,146.01699829101562,148.07440033118755,144.85666049834035,147.46010035190898,13365600,151.86872355143228,1,1,0.005495784171795304,None
2022-03-07,140.67361450195312,146.56304170071576,140.59560697157292,145.89023976979965,16432100,151.5417500813802,1,1,0.007170876904695422,None
2022-03-08,139.99105834960938,144.33987002457596,137.92389612139482,140.29332821169368,18449200,151.16602274576823,1,1,0.008240101170818193,None
2022-03-09,145.52947998046875,146.1925217258421,142.64326063167286,143.79385320179577,17663700,151.09159342447916,1,1,0.001632314392292722,None
2022-03-10,142.98451232910156,143.38429529366692,140.81985198244683,142.95526136861272,13724200,150.90340372721354,1,1,0.0041272007591584,None
2022-03-11,140.4688262939453,144.61288100633314,140.25430933032513,144.2521092395234,10728900,150.66548563639324,1,1,0.005217797463509255,None
2022-03-14,137.8654022216797,141.4146630046689,137.46561920991732,139.8252911978769,13926200,150.12562052408853,1,1,0.011839817661230878,None
2022-03-15,142.4970245361328,142.7797888756837,138.49922329916123,138.95750833924788,11496900,149.6111099243164,1,1,0.011283766161637843,None
2022-03-16,147.12857055664062,147.18707247902444,142.00944405026624,144.30086853305642,13588000,149.23733164469402,1,1,0.008197356294362024,None
2022-03-17,148.1719207763672,148.2694190316225,145.54897519183066,146.33878098795037,9259400,148.85542907714844,1,1,0.008375530592803937,None
2022-03-18,151.20437622070312,151.4773951074413,146.9237971585709,147.6453555754724,13948900,148.72899424235027,1,1,0.0027728507657176493,None
2022-03-21,150.91720581054688,151.71823440075522,148.93415362155682,150.3896857262976,11170700,148.57218526204426,1,1,0.0034389881697314273,None
2022-03-22,153.08583068847656,153.8770957245337,150.81947734015557,151.0246273041985,8742900,148.5221176147461,1,1,0.0010980369007482782,None
2022-03-23,150.7315673828125,153.05651592000436,150.5850274304539,151.6595941241302,6180300,148.32986958821616,1,1,0.004216204247999622,None
2022-03-24,154.64883422851562,154.68791751401093,151.06371043847756,151.57168880857492,7131700,148.1524887084961,1,1,0.0038901518631360155,None
2022-03-25,154.56089782714844,155.1079445012066,152.6266928278989,154.89303117841175,7437300,148.11161193847656,1,1,0.0008964711602594821,None
2022-03-28,156.39743041992188,156.46580380384236,153.45703207553802,153.8477903618854,9296500,148.29056447347006,1,1,0.003924619939401186,None
2022-03-29,159.71878051757812,159.86530554651736,157.09098902197744,158.224165598785,9414900,148.58185373942058,1,1,0.0063882842527180905,None
2022-03-30,157.5892333984375,159.34759369810195,156.75888499678013,158.8982402547321,9340100,148.66987202962238,1,1,0.0019303349727375352,None
2022-03-31,155.2545166015625,157.86278227290265,155.02007647355595,157.56971720698604,9712000,148.68526814778645,1,1,0.0003376532907914953,None
2022-04-01,154.79534912109375,155.7722224175881,153.06627921264572,155.41076916187075,14104800,148.8397445678711,1,1,0.0033878326364784606,None
2022-04-04,157.73574829101562,157.81389995132815,155.13726148276837,155.19587150152648,11524100,149.14293874104817,1,1,0.006649371564388273,None
2022-04-05,154.41441345214844,157.41340758209583,153.87713000368325,157.051969128541,11794100,149.3812489827474,1,1,0.005226397750500045,None
2022-04-06,150.7608642578125,152.1968692591981,149.42255255272826,151.8451942607791,17112700,149.62063496907552,1,1,0.005249989977458069,None
2022-04-07,150.99533081054688,152.01127260287004,148.93412731003716,149.95983247037788,11600100,149.7043482462565,1,1,0.0018359214460359485,None
2022-04-08,148.88528442382812,150.67296460600792,148.5629144002312,150.3212895717118,13177300,149.65044657389322,1,1,0.00118212115928773,None
2022-04-11,145.1340789794922,147.20504568613427,144.93869238717153,147.01943736697217,10797700,149.48060607910156,1,1,0.003724783180083513,None
2022-04-12,144.48936462402344,148.04518360867857,143.94231784267757,146.93154840210818,11086100,149.389382425944,1,1,0.002000632000771496,None
2022-04-13,146.8143310546875,147.26369948235453,144.0400135274297,144.57729700423528,7223400,149.26937510172527,1,1,0.002631888603981558,None
2022-04-14,143.24868774414062,147.23433225263025,143.18031437011555,146.97057231075678,8703500,149.09031778971354,1,1,0.003926917811152286,None
2022-04-18,143.71763610839844,144.64567793276024,142.5063224107605,142.5453907953036,7030300,149.0136723836263,1,1,0.0016809154952981409,None
2022-04-19,146.413818359375,146.66780012650983,142.82869407473592,143.35619925444917,6781100,149.20501251220702,1,1,0.004196293077729951,None
2022-04-20,146.2770538330078,148.22102269879045,145.8472270769832,147.83027923289956,7826300,149.41454569498697,1,1,0.004595286158613154,None
2022-04-21,143.79574584960938,149.09039731268683,143.35615584863072,147.7032390243591,9254600,149.35675455729168,1,1,0.0012674212820056319,None
2022-04-22,139.7710418701172,144.47956370523912,139.57567017967187,143.63945202101013,11047400,149.24963887532553,1,1,0.0023491611408699153,None
2022-04-25,141.87132263183594,141.96901593621112,138.28619896866724,139.15561571634677,14353800,149.2963887532552,1,1,0.0010252746802050794,None
2022-04-26,136.58645629882812,140.7967785871102,136.51806800080846,140.58186523034306,12976600,149.25375722249348,1,1,0.00093495493473017,None
2022-04-27,138.6085662841797,141.27542649549724,137.80753784635797,138.11036621575053,20024300,149.1241419474284,1,1,0.002842601212605489,None
2022-04-28,144.1572265625,144.97779670807793,140.03481928545511,140.78700113261502,13881200,149.0250971476237,1,1,0.0021721580877387403,None
2022-04-29,138.14944458007812,144.2451404096553,137.88568456906353,142.58445848893484,14794900,148.6910146077474,1,1,0.007326786387529705,None
2022-05-02,140.24974060058594,140.43533405130802,136.43016150061555,137.99315021335877,18502200,148.32586008707682,1,1,0.008008228063594247,None
2022-05-03,140.4939422607422,141.35358073335672,139.1946988248992,140.2301822639862,13734900,147.97841796875,1,1,0.007619776190500804,None
2022-05-04,145.42713928222656,145.69089927568302,138.70626038029923,141.04098722602285,14325200,147.72312825520834,1,1,0.005598775676052714,None
2022-05-05,138.43275451660156,143.4636472345274,136.7818358656976,143.28780224802813,18221100,147.31316782633465,1,1,0.008990869414515767,None
2022-05-06,137.31910705566406,139.51707230270728,135.25790349442283,137.17256709565103,17431100,146.73551025390626,1,1,0.012668646616159185,None
2022-05-09,132.00491333007812,135.70725712627208,131.39924165844968,134.83784035687103,20562300,145.9836441040039,1,1,0.016489226507882426,None
2022-05-10,134.01727294921875,135.9124098548627,132.02444273478457,135.1504497451985,18185200,145.23763885498047,1,1,0.016360690701149094,None
2022-05-11,129.78741455078125,135.326285538847,129.38689283606598,132.80595010567993,17390900,144.23992665608725,1,1,0.021880892548978625,None
2022-05-12,128.44911193847656,130.31492914107784,125.45986627346204,127.86298183022087,18253300,143.26858927408855,1,1,0.02130246468660668,None
2022-05-13,132.71803283691406,133.37253628595926,129.3575856491725,130.19769744610792,12247700,142.51737314860026,1,1,0.016474970779252418,None
2022-05-16,131.5457763671875,133.31391484626675,130.42236300727546,131.61414975450444,8711700,141.7423873901367,1,1,0.016996264179931275,None
2022-05-17,135.3555908203125,135.56074081549568,132.85479702594566,134.37871731276877,9301100,140.9963821411133,1,1,0.016360690701149316,None
2022-05-18,129.16220092773438,133.95865285411645,128.67376423232045,133.56789455424232,11835100,140.1546417236328,1,1,0.018460265043821478,None
2022-05-19,127.7457504272461,129.94371577916613,127.14007872758948,128.19510388521988,10437400,139.38747126261393,1,1,0.016824866372212144,None
2022-05-20,128.02906799316406,129.8753587368836,124.10203889858973,129.52368359970322,10126300,138.62192916870117,1,1,0.016789154544974982,None
2022-05-23,130.9694061279297,131.13547279469552,128.0290080529908,128.42952967008063,8609800,138.02473322550455,1,1,0.0130971439241363,None
2022-05-24,129.0254364013672,129.7971598044893,126.7688613033074,129.14265643578963,8561000,137.4877784729004,1,1,0.011775990369194744,None
2022-05-25,130.52984619140625,131.49695642545484,128.0778988115906,128.17559213435,6828300,137.02246119181316,1,1,0.010204904219821342,None
2022-05-26,133.6656036376953,134.2419554289169,129.49434959270346,129.767872981958,7778300,136.58417027791342,1,1,0.00961218716466794,None
2022-05-27,138.18853759765625,138.21784261139865,134.9062419053417,135.16022365974493,8140900,136.41549860636394,1,1,0.0036991496398708357,None
2022-05-31,137.20187377929688,138.54996391714306,135.8635619157809,137.65124212721426,9710400,136.19830652872722,1,1,0.0047632538907818045,None
2022-06-01,136.79156494140625,139.61472813954924,135.77562328334136,138.67693813301295,6652400,135.87756474812826,1,1,0.007034209309096484,None
2022-06-02,140.1031951904297,140.11295855927605,135.18952269161045,135.82448450247634,6934200,135.67176946004233,1,1,0.004513310141631699,None
2022-06-03,136.7525177001953,138.39365791818176,136.11754102311988,137.4460894925923,5631900,135.43699518839517,1,1,0.005148850156262208,None
2022-06-06,136.7622833251953,139.33146527469424,136.0882382581476,138.47181186676025,6294800,135.3367032368978,1,1,0.0021995094544058347,None
2022-06-07,138.3936767578125,138.65743679514677,135.03322929486887,135.3067527017682,5508300,135.22078170776368,1,1,0.0025422827604097975,None
2022-06-08,136.8306884765625,138.64765901202856,136.44969347355575,137.98339213745916,4407100,135.22892278035482,1,1,0.0001785424041100825,None
2022-06-09,133.1771697998047,137.16281558092365,133.1478647864507,135.83426698721732,4882600,135.04787623087566,1,1,0.003970543910269297,None
2022-06-10,128.05833435058594,131.29178301867094,128.01926597198766,130.8814979668139,10443200,134.51124649047853,1,1,0.011768862504880184,None
2022-06-13,122.38270568847656,125.20586938730692,121.93334479192067,124.0238533968756,18166300,133.98568852742514,1,1,0.011526046620045305,None
2022-06-14,123.15443420410156,123.97501176871349,122.01149406873952,123.30096671059864,9125200,133.41584498087565,1,1,0.012497276695233372,None
2022-06-15,125.75293731689452,127.60900614416562,122.99816145106844,124.68814864522768,12534800,132.92447814941406,1,1,0.010776198640519707,None
2022-06-16,120.63409423828124,122.6659927016698,119.6376866482662,122.55853603129188,16345400,132.0980433146159,1,1,0.018124597292697553,None
2022-06-17,121.73796844482422,122.89067938007022,119.76467996015514,120.61456251974462,13842100,131.54155044555665,1,1,0.012204482099813507,None
2022-06-21,124.83584594726562,125.71731819458977,123.51364131243947,123.51364131243947,8622500,131.12544174194335,1,1,0.009125707636488345,None
2022-06-22,124.30697631835938,126.03073615635178,123.13168484042627,123.47447756546336,7581700,130.86884384155275,1,1,0.005627465608788462,None
2022-06-23,126.16785430908205,126.41270729607096,124.22860789198867,125.37451807774003,8021100,130.60719655354816,1,1,0.005738204064168917,None
2022-06-24,130.70252990722656,130.73191107199162,127.61738804976731,127.61738804976731,12746100,130.63770039876303,1,1,0.0006689818569098893,None
2022-06-27,129.821044921875,131.51542325373973,129.23339182851757,131.1236644879274,6958600,130.68343149820964,1,1,0.0010029317815778427,None
2022-06-28,125.93279266357422,131.23141499821048,125.87403033662515,129.9385840267686,7630400,130.45725682576497,1,1,0.004960251774561941,None
2022-06-29,126.18744659423828,126.94159806715264,124.75750587911776,125.77609532118738,6803600,130.27864583333334,1,1,0.003917129546775477,None
2022-06-30,124.50285339355467,126.0699110646478,122.53423322457374,124.51264213326874,7860200,129.91688791910806,1,1,0.00793373686187926,None
2022-07-01,124.78689575195312,125.1003073162804,122.65177713487316,123.71933270725258,6965300,129.7710444132487,1,1,0.003198503620799098,None
2022-07-05,126.35394287109376,126.38332403694815,122.38732856201116,123.09250643180032,7170500,129.72465082804362,1,1,0.0010174608007800234,None
2022-07-06,127.44109344482422,128.45969036405586,126.00135650998254,126.6281796354166,8083500,129.7050516764323,1,1,0.0004298302966869727,None
2022-07-07,130.07571411132812,130.36954072009496,127.99936531342206,127.99936531342206,6541100,129.67526194254557,1,1,0.0006533206339074393,None
2022-07-08,130.13449096679688,130.55564597344556,128.28340255302422,128.6849651316641,6313500,129.71223042805988,1,1,0.0008107583130028129,None
2022-07-11,128.34213256835938,129.5566087400855,127.46066781033626,128.99835171190816,5708300,129.639306640625,1,1,0.001599296429268371,None
2022-07-12,126.5890121459961,129.53703714549502,125.84466434052804,128.81228176625157,8276700,129.40342025756837,1,1,0.005173239945502006,None
2022-07-13,126.2560043334961,127.06891808573776,123.66056104259282,124.20902937069776,7581300,129.00566914876302,1,1,0.008723106004578707,None
2022-07-14,127.41172790527344,127.8622640872379,123.63120373546288,125.24722786723538,6864400,128.67933095296223,1,1,0.007156944662865539,None
2022-07-15,129.65457153320312,129.7133338648664,128.097295020917,128.63597463556678,6764600,128.4414311726888,1,1,0.005217395893688748,None
2022-07-18,128.4009246826172,131.3979231399609,127.91121866162268,130.9277945996641,4948800,128.05135548909504,1,1,0.008554775744099796,None
2022-07-19,132.3185577392578,132.45567481169127,129.04731053467643,129.8308430677134,6165300,127.90355682373047,1,1,0.0032413823538612885,None
2022-07-20,134.38510131835938,134.94335828006308,131.98553042292383,132.3381192730771,6268600,127.8243174235026,1,1,0.001737804553211597,None
2022-07-21,136.275390625,136.30477179062376,133.1510638267804,134.5516308149596,6478800,127.75370788574219,1,1,0.0015485424658360225,None
2022-07-22,134.3949432373047,136.774907709127,133.6211992305473,136.21665052651753,5291800,127.67251637776693,1,1,0.0017806163579707768,None
2022-07-25,133.54283142089844,134.48305856656995,132.53403826218786,134.3361527452591,6975600,127.68470509847005,1,1,0.00026731164388926754,None
2022-07-26,131.3783416748047,133.47428302172855,130.88863561295665,133.43511311242364,5083900,127.79537200927734,1,1,0.0024270433766251376,None
2022-07-27,137.02952575683594,137.74449227624777,133.3469273611631,133.5428217015082,8538100,128.28359934488932,1,1,0.010707346148368657,None
2022-07-28,139.11569213867188,139.4291111931804,135.9619988343776,137.18626399484572,6204000,128.81564127604167,1,1,0.011668246955394368,None
2022-07-29,141.2508087158203,141.69154115460034,138.9589880784505,139.54662634860986,5088700,129.33223698933918,1,1,0.011329494924954053,None
2022-08-01,140.9471893310547,142.35754505047092,139.63478079284744,139.9775660377956,6257900,130.00934015909831,1,1,0.014849594621081819,None
2022-08-02,139.94818115234375,141.56420498684443,138.7435085676316,139.73270931512485,7960900,130.61634724934896,1,1,0.013312312842296947,None
2022-08-03,143.66995239257812,144.07151490969355,140.60438797088668,140.63376913607644,7121600,131.24415079752603,1,1,0.01376840134336188,None
2022-08-04,144.326171875,144.3947229527908,142.70034415473398,143.62099394680374,5839900,131.91145731608074,1,1,0.014634743612362389,None
2022-08-05,143.99314880371094,144.39469634453192,141.89720783242356,142.01473248391844,3960500,132.50563379923503,1,1,0.01303092394525307,None
2022-08-08,142.76889038085938,144.98235610460813,141.9951465375164,143.8658270305556,5551100,132.9078458150228,1,1,0.008820938452113847,None
2022-08-09,141.33892822265625,141.89720017641628,140.5749881398769,141.61316235777502,4282800,133.29177525838216,1,1,0.008419982140996485,None
2022-08-10,145.1977996826172,145.31532431660224,143.54259134568338,144.69830504354266,9636600,133.93394215901694,1,1,0.014083404980802516,None
2022-08-11,144.6297607421875,146.96076596352296,144.36531533140936,146.10866740538015,5512900,134.54868596394857,1,1,0.013481987246202642,None
2022-08-12,147.5092315673828,147.51902030662515,145.1292528031674,145.57978886719633,4046800,135.3155652364095,1,1,0.016818480296593163,None
2022-08-15,148.43971252441406,148.65518440671974,146.7551223234667,146.9216206062221,3581300,136.1039924621582,1,1,0.017291049892377952,None
2022-08-16,148.0381317138672,148.73352087476377,146.65717202220682,147.76389752370466,5495300,136.82679875691733,1,1,0.015851912893211306,None
2022-08-17,146.98037719726562,148.10669510511147,145.92261036342248,146.68655058597994,6316400,137.47810821533204,1,1,0.014283911023153628,None
2022-08-18,147.74429321289062,148.3319313945391,146.55919822124386,147.1272589247519,4988400,138.0670608520508,1,1,0.012916359421861312,None
2022-08-19,145.06069946289062,146.7061043081886,144.73749173728427,146.52981733675233,5073100,138.5646011352539,1,1,0.010911589020994539,None
2022-08-22,141.0157470703125,143.1312807494728,140.6631581237858,143.08230715655253,5372100,138.98705495198567,1,1,0.009264862734030821,None
2022-08-23,140.6435546875,142.1322500139797,140.45746403553014,140.74148691062547,7388600,139.45553970336914,1,1,0.010274370221420748,None
2022-08-24,140.7317352294922,141.32917724304377,139.9579912564672,140.54564452852054,4491600,139.938064066569,1,1,0.010582273881338589,None
2022-08-25,143.1116943359375,143.12149802171885,140.90801706372287,141.09410775785275,3563300,140.46139628092448,1,1,0.011477233577412038,None
2022-08-26,137.0001678466797,143.3957275948493,136.9022206598833,143.0529273857045,7160900,140.7062494913737,1,1,0.005369892033048718,None
2022-08-29,135.188232421875,136.51044455334676,134.66914527565643,135.52122890347923,6615800,140.9324930826823,1,1,0.004961763238747308,None
2022-08-30,133.7778778076172,136.18723783687983,132.56341652564672,135.9521735832852,6634400,140.98113708496095,1,1,0.0010668148471995043,None
2022-08-31,132.4752655029297,135.01195401291235,132.40671443219586,134.58101032952868,7085700,140.91747589111327,1,1,0.0013961578736492175,None
2022-09-01,131.82884216308594,131.99534038571358,129.06689354803703,131.18242674960993,7994300,140.76925760904948,1,1,0.003250584995582617,None
2022-09-02,130.11488342285156,133.94437278611372,129.4292831027321,133.19023634540684,8303300,140.6265889485677,1,1,0.00312887587580013,None
2022-09-06,129.2530059814453,130.8494523625862,128.40092230299172,130.29118033557074,7495000,140.4835947672526,1,1,0.00313601489483184,None
2022-09-07,131.31954956054688,131.84842541177213,129.0668991979276,129.5076315647219,5828500,140.48163503011068,1,1,4.2979125517650374e-05,None
2022-09-08,131.7700653076172,132.45566556657116,129.76228294668888,130.34992109697072,5605300,140.3063196818034,1,1,0.003844852556432743,None
2022-09-09,134.3753204345703,134.73771302889904,132.61237588469243,132.86703256362196,5709300,140.14830729166667,1,1,0.0034653802307160753,None
2022-09-12,136.5300750732422,136.58885236751323,135.18828494132526,135.20787737274892,5090500,139.99094950358074,1,1,0.003451024109630829,None
2022-09-13,129.28236389160156,133.376298241409,128.9297750286571,132.63195061725455,10074400,139.60212198893228,1,1,0.00852740206799818,None
2022-09-14,129.75247192382812,130.70250257158122,128.50862968987357,129.88958897893485,6614600,139.26226501464845,1,1,0.0074534258923313335,None
2022-09-15,126.76528930664062,129.4978571840952,126.00134913425664,128.71432458700767,7442600,138.6987762451172,1,1,0.012357909658062827,None
2022-09-16,126.06012725830078,126.32455774269567,124.26779400187444,125.6585647446978,10381100,138.08990809122722,1,1,0.013353127952670407,None
2022-09-19,127.08811950683594,127.20593435159589,124.72190483096158,124.8004530546488,7841500,137.52640711466472,1,1,0.012358177371276202,None
2022-09-20,126.34188842773438,127.13718338284572,125.2422435241802,125.90006788480908,6054700,136.97884038289388,1,1,0.01200872238964723,None
2022-09-21,124.36842346191406,128.86520735245492,124.34879015482754,126.99973605768264,8404400,136.41315689086915,1,1,0.01240604226294395,None
2022-09-22,123.10186004638672,124.45679043136631,122.404761547069,123.67132332439932,8016900,135.67662556966147,1,1,0.016152917360517494,None
2022-09-23,121.49166870117188,122.16913394653756,119.89128814747173,121.9825838086496,9698100,134.90535583496094,1,1,0.016914767815791265,None
2022-09-26,120.64728546142578,123.1509553262489,120.30364640899916,121.11856722673195,8596800,134.00995763142905,1,1,0.019637037516193168,None
2022-09-27,120.8043975830078,123.39642890219598,119.68511167202976,122.247689281577,9357400,133.0887804667155,1,1,0.020202397627321345,None
2022-09-28,122.0807647705078,122.66986888938769,119.0763667236086,119.9992895184684,9466700,132.22353490193686,1,1,0.018975757991536613,None
2022-09-29,118.89964294433594,120.60802549869506,117.4956253734189,120.33311422451892,15548300,131.2875104268392,1,1,0.020528014978213216,None
2022-09-30,116.6217803955078,120.17600812476933,116.40577657069504,118.41853131197468,9756500,130.25009333292644,1,1,0.022751663240721642,None
2022-10-03,120.23492431640624,120.95166365192664,117.09307070084948,117.54471168991265,8666100,129.42256749471028,1,1,0.018148524161173407,None
2022-10-04,124.270263671875,124.4077193178216,122.58151431793576,122.66988294219908,8889500,128.86438471476237,1,1,0.012241543647836695,None
2022-10-05,124.68260955810548,125.58589899566144,121.87457470941646,122.5913140200691,7300200,128.3323532104492,1,1,0.011668018283690795,None
2022-10-06,123.66150665283205,125.7233559980734,123.51423812026026,124.35861266393042,7174100,127.7633455912272,1,1,0.012478943917452634,None
2022-10-07,118.57562255859376,121.14802021874576,117.93743896103426,121.138199819943,7874500,126.94547653198242,1,1,0.017936740699693976,None
2022-10-10,116.58251953125,118.74255053390704,115.41414665008648,118.57563370165208,8353100,126.26488825480143,1,1,0.014926026743595444,None
2022-10-11,114.79557800292967,116.71996417561962,113.94139057647288,115.91486376162923,10522400,125.58513310750325,1,1,0.014907755316759808,None
2022-10-12,114.44212341308594,115.6694111384005,114.24576037334351,114.88395148866108,7055800,124.94060796101888,1,1,0.014135123827275664,None
2022-10-13,117.99636840820312,118.61491881444124,110.91737268483897,111.34938042360452,19057300,124.45797805786133,1,1,0.010584588485165636,None
2022-10-14,114.6777801513672,119.21383126871557,114.49123000038684,118.95856078826633,11242000,123.88627599080404,1,1,0.012538036032020305,None
2022-10-17,118.17308044433594,118.76217705109262,117.17160947115676,117.48580231824808,7299800,123.48821589152018,1,1,0.00872988249530049,None
2022-10-18,119.17454528808594,121.66839485958748,117.67234630192723,121.23639467144169,6999000,123.15226720174154,1,1,0.007367713045075663,None
2022-10-19,118.8309097290039,120.0091104815262,117.63307566811945,118.13381117521064,5492000,122.73597920735678,1,1,0.009129639674314016,None
2022-10-20,118.89964294433594,121.48186132128409,118.3105462867056,118.87018923507,6214800,122.30696512858073,1,1,0.00940873627696559,None
2022-10-21,122.0807647705078,122.33604272263776,118.20253843557884,118.60509241742876,8563000,121.89714660644532,1,1,0.008987757248406503,None
2022-10-24,123.7695083618164,124.2211493394041,121.10874951014144,122.6011355576892,6692600,121.47179438273112,1,1,0.009328427890211155,None
2022-10-25,126.1357192993164,126.22408041635757,124.07387750322523,124.07387750322523,5132500,121.36690622965494,1,1,0.0023003090567265128,None
2022-10-26,123.32769012451172,125.92953412188002,122.75822681948512,122.95459735092696,7584700,121.1527468363444,1,1,0.004696743889250343,None
2022-10-27,121.9236831665039,124.5451681882918,121.6389514894556,123.78916217671356,5847400,120.99135996500651,1,1,0.003539386202231154,None
2022-10-28,127.2255401611328,127.49063847047258,122.60112150691988,122.60112150691988,7467700,121.03020706176758,1,1,0.0008519582611214993,None
2022-10-31,125.54661560058594,126.30262146970588,124.80042263895716,125.95897494751864,6646100,120.97882359822592,1,1,0.0011268941542428301,None
2022-11-01,124.4960708618164,127.33355950649266,123.95606126199088,127.10774275803462,4706600,120.91729634602865,1,1,0.0013493582574771734,None
2022-11-02,120.1956558227539,126.0080890283475,120.1563817143792,124.4077084386216,9046200,120.77820409138998,1,1,0.0030504414815415437,None
2022-11-03,116.66106414794922,118.73272647069504,116.5727030254555,118.51672262801708,8005300,120.56351089477539,1,1,0.004708450764991934,None
2022-11-04,118.7916259765625,119.41018375591496,116.07195979762778,119.08617801347027,8948100,120.47350947062175,1,1,0.0019738272152484138,None
2022-11-07,120.7749252319336,120.97128825974504,118.15343311695749,118.9978076199316,5213800,120.47776412963867,1,1,9.330920969496947e-05,None
2022-11-08,121.9334945678711,123.40623986343626,120.1367435094968,121.77639814077456,6361000,120.51540069580078,1,1,0.0008254100340950865,None
2022-11-09,118.7621841430664,120.85347984370536,118.58545440140888,120.8043928264934,5981300,120.40478134155273,1,1,0.0024260004105631783,None
2022-11-10,128.52157592773438,128.6590315658207,123.99534528942796,124.62371606089988,13966100,120.72551244099935,1,1,0.0070339750600346695,None
2022-11-11,130.72088623046875,131.1528939617882,127.77539531497234,128.40376611101658,7988900,121.19548263549805,1,1,0.0103069475731139,None
2022-11-14,129.6015625,131.2215760386351,128.98300479397628,129.68992360613564,7263300,121.50770390828451,1,1,0.0068473454859270255,None
2022-11-15,131.17251586914062,133.08708169213833,129.85685206375047,132.5470721057699,6358100,121.73777898152669,1,1,0.005045791723700455,None
2022-11-16,129.37576293945312,130.54414321390774,128.83575336114984,130.1612300550271,5047900,121.89421742757162,1,1,0.003430861958223508,None
2022-11-17,129.5426788330078,130.14159585356649,127.26482558054208,127.31392008679244,4074800,122.09025650024414,1,1,0.0042993459329325745,None
2022-11-18,129.68997192382812,131.0449026488535,128.60013959751265,131.00562104380026,5956200,122.46073481241862,1,1,0.00812498448892307,None
2022-11-21,128.29574584960938,129.48376694101486,128.04047540008972,128.95357026230718,4181900,122.85117568969727,1,1,0.008562784831076753,None
2022-11-22,130.77978515625,130.84852046428645,127.93248344884806,128.85540627279698,4509600,123.38398259480795,1,1,0.011685023650119919,None
2022-11-23,131.93833923339844,132.33106529745586,130.40668660941984,130.4950477266019,4740300,123.96718978881836,1,1,0.012790355735941894,None
2022-11-25,131.17251586914062,131.57505485030674,130.7896027045411,131.044873153761,1631500,124.40639470418294,1,1,0.009632232191544188,None
2022-11-28,128.3644561767578,130.52447912295847,127.84408748913108,129.68991765255672,6515100,124.86261723836263,1,1,0.01000544672089032,None
2022-11-29,127.10774230957033,128.58048758669483,126.58735852863649,128.19757441390405,5785100,125.1604393005371,1,1,0.006531555440921655,None
2022-11-30,133.48963928222656,133.50926509932646,126.9211929112288,127.04882064853714,11667200,125.63760910034179,1,1,0.01046484259561642,None
2022-12-01,133.67616271972656,134.31436127650144,132.02669533549422,133.61725531050948,7582900,126.13245086669922,1,1,0.010852407668689112,None
2022-12-02,132.90052795410156,133.34234851947875,130.92705477192936,131.43759565650174,4467200,126.59914703369141,1,1,0.010235144658253592,None
2022-12-05,130.69139099121094,132.61578436971638,129.82737580312238,131.87941187483273,5763100,126.88616790771485,1,1,0.0062946738656574075,None
2022-12-06,127.89317321777344,130.75030217614275,127.0684395952144,130.553939168134,5899600,127.02362340291342,1,1,0.0030145456014699645,None
2022-12-07,127.24520111083984,128.2270313200854,126.33209122584066,127.43173626610286,5206900,127.0606061299642,1,1,0.0008110706450858984,None
2022-12-08,129.32666015625,129.6997603831082,127.18626277787683,127.95210402814848,4482900,127.2605717976888,1,1,0.004385460350009196,None
2022-12-09,128.53140258789062,130.33796666588182,128.0503003684246,128.74740644303532,5201400,127.48082911173502,1,1,0.004830477794215859,None
2022-12-12,131.3394317626953,131.3394317626953,128.69830609318456,128.73757270981935,7403100,127.6179588317871,1,1,0.0030074010050791244,None
2022-12-13,132.8907012939453,136.79838064029914,131.54558395790127,136.12091551877648,9303800,127.86276168823242,1,1,0.005368787716041878,None
2022-12-14,131.771484375,134.31442189751485,130.2300032242465,132.7631278346424,9770500,128.10527547200522,1,1,0.005318585911112672,None
2022-12-15,126.8426513671875,130.09250707131886,126.36154915522953,129.6114048593609,9611900,128.32684199015299,1,1,0.0048591900363857965,None
2022-12-16,125.1637191772461,127.15682582556695,124.52552803896933,126.41064025508558,11999600,128.6102638244629,1,1,0.006215743086482206,None
2022-12-19,123.49473571777344,125.37541982649464,122.67747484815284,125.17848542354304,7138300,128.76703414916992,1,1,0.0034381404112209246,None
2022-12-20,123.68180847167967,124.31198347007044,122.25406988426158,122.84485800621808,6311000,128.86393025716146,1,1,0.002125034984767238,None
2022-12-21,125.7298812866211,126.32066189777464,123.94766080684344,124.25290722190157,7335300,128.9904764811198,1,1,0.0027752936487926982,None
2022-12-22,122.55931091308594,124.29229594487276,120.48170009686731,124.15443811882136,7661800,129.11704737345377,1,1,0.0027758346525785793,None
2022-12-23,122.68731689453124,122.8054775299921,120.78694320313971,121.68297778609028,4115800,128.922572072347,1,1,0.004265050754784672,None
2022-12-27,121.5254364013672,122.48054759408042,120.8066464914947,122.26392350761606,4765100,128.6160570780436,1,1,0.006722200713235149,None
2022-12-28,119.56598663330078,122.36238755005496,119.42813630711034,121.23004665810186,5181300,128.281537882487,1,1,0.0073363627122781105,None
2022-12-29,122.69715881347656,123.11070974666043,120.727860069997,120.7377086671524,5477100,127.99902598063152,1,1,0.00619578729734338,None
2022-12-30,122.52977752685548,122.59870268649452,120.6687907043218,121.42696746035148,4452900,127.77082646687826,1,1,0.005004658703885889,None
2023-01-03,121.36788940429688,124.65661485555756,120.5013931083258,123.83935403541354,7598100,127.49833348592122,1,1,0.0059760616771911135,None
2023-01-04,121.68297576904295,122.46084970363842,120.3438519718,121.99806327943666,5906500,127.23143361409505,1,1,0.005853398829084089,None
2023-01-05,119.31981658935548,121.38757886150454,119.11304111336844,121.07249134872256,5670500,126.93223597208659,1,1,0.0065617233736916525,None
2023-01-06,122.8153305053711,123.36673179928496,118.9554989111365,120.37339653809124,6912700,126.66675415039063,1,1,0.005822299477424853,None
2023-01-09,124.24305725097656,126.50774628447266,123.87873428128702,123.91812115738416,10713600,126.41024475097656,1,1,0.005625524687989603,None
2023-01-10,125.01110076904295,125.20803517822311,123.27811552965552,123.93783641005956,8604500,126.20486424763997,1,1,0.004504213469724183,None
2023-01-11,127.17732238769533,127.17732238769533,125.02093775914432,125.40495043103984,6879000,126.1652931213379,1,1,0.0008678370011094838,None
2023-01-12,128.12257385253906,128.70352841145498,125.81849788522862,127.37424572478348,7679300,126.19912083943684,1,1,0.0007418779340588877,None
2023-01-13,128.4868927001953,128.6739634467639,126.61605001350544,126.91144780872553,5076600,126.03236262003581,1,1,0.0036571855936218256,None
2023-01-17,129.06784057617188,129.82602479415084,128.15210885388822,128.3096563581929,5212900,125.87875188191732,1,1,0.00336884730773912,None
2023-01-18,127.40379333496094,130.48575096003506,127.3250195750244,129.79649934128835,6968000,125.69552739461263,1,1,0.004018308409482363,None
2023-01-19,125.9169692993164,127.1182503457823,125.4541903668896,126.40930153791608,7322500,125.53638000488282,1,1,0.0034902719822322847,None
2023-01-20,129.32383728027344,129.4223082214848,126.09418873268238,126.54713402787598,7063900,125.58406880696614,1,1,0.0010458662882265601,None
2023-01-23,132.26795959472656,133.0261438618996,129.5503325796464,129.84571538868713,11736300,125.75149408976237,1,1,0.0036718150052796883,None
2023-01-24,132.20887756347656,132.71104334262927,131.32268409934215,131.51962599663244,6287800,125.84756800333659,1,1,0.00210700338435188,None
2023-01-25,131.93316650390625,132.267943663535,128.76259452258424,129.97370896745068,7171100,125.96096013387044,1,1,0.002486810351585711,None
2023-01-26,134.0403289794922,134.09940554015782,131.8445499777018,133.2230681663164,5580900,126.05099004109701,1,1,0.0019744518794140298,None
2023-01-27,134.6015625,135.54683248230978,133.13444459119307,133.19352114798306,6774700,126.10801874796549,1,1,0.0012507003608661638,None
2023-01-30,132.03163146972656,133.63661476347687,131.92331943718102,133.05567523644035,4852800,126.11669031778972,1,1,0.00019017677418942114,None
2023-01-31,133.87294006347656,133.9320166240013,131.94302061384187,132.031635454629,4435800,126.35103327433268,1,1,0.005139390956043877,None
2023-02-01,137.02381896972656,138.116780443473,133.13445670669378,133.7744728295703,9426400,126.74636993408203,1,1,0.008670154561850163,None
2023-02-02,140.76547241210938,141.5531798429474,138.72724112219777,139.3672571658927,9412000,127.32206115722656,1,1,0.012625522479317253,None
2023-02-03,139.59376525878906,141.8781443095327,138.13647316610587,138.3432561740404,8072700,127.85245971679687,1,1,0.011632206063998618,None
2023-02-06,137.89028930664062,139.1309571118456,137.3684263495346,138.0478368096122,6488700,128.25780665079753,1,1,0.00888969055180966,None
2023-02-07,141.3365478515625,141.86826686451704,138.03798185271808,138.0970584042563,7854100,128.88371454874675,1,1,0.01372682771221645,None
2023-02-08,139.6331329345703,142.37045714154038,139.34759121135025,141.6122878999128,6288500,129.4485750834147,1,1,0.012387993930452978,None
2023-02-09,138.8651123046875,142.0258436857999,138.3137110103702,141.78952240628175,6312000,130.02656428019205,1,1,0.012675919491798027,None
2023-02-10,138.22511291503906,138.69774050679052,136.91552717005914,137.83124406811262,4930800,130.64853515625,1,1,0.01364048462343681,None
2023-02-13,140.6177520751953,140.92299092810103,138.67799191850875,138.7666067420192,4205900,131.24588826497396,1,1,0.013100590731762729,None
2023-02-14,141.21841430664062,142.0159779119763,139.08172692427303,139.95806428408792,6311000,131.86884282430012,1,1,0.013662057846574038,None
2023-02-15,141.87814331054688,141.8879994212967,140.02701246122643,140.3617896864211,5245500,132.55251795450846,1,1,0.014993724722512702,None
2023-02-16,139.41651916503906,141.40551536285622,139.3082071190055,139.82022906612414,6500600,133.14363606770834,1,1,0.012963850630502094,None
2023-02-17,137.67372131347656,138.57959718878377,136.4724475381741,138.42204963884478,5303300,133.75543289184571,1,1,0.013417356814526382,None
2023-02-21,134.40464782714844,136.64964733614275,134.28649470285126,135.83238650245195,6138900,134.1417434692383,1,1,0.008472202949746155,None
2023-02-22,134.20773315429688,135.29083861618872,133.56770194882682,134.6803607190395,7169200,134.4738993326823,1,1,0.007284532318632353,None
2023-02-23,136.43301391601562,136.94503579383826,134.512950654877,136.7087145368685,6560000,134.85462977091473,1,1,0.00834982454692934,None
2023-02-24,134.00094604492188,134.5818856405413,133.22307955539608,134.01080215558048,7173700,135.08208389282225,1,1,0.004988311465773165,None
2023-02-27,134.71974182128906,136.03916844764726,134.4735794645256,135.34991685362118,4694500,135.3019894917806,1,1,0.004822764307246263,None
2023-02-28,134.42434692382812,135.7240763831526,134.05017532551796,134.28649660201253,5242900,135.49990463256836,1,1,0.004340490107464623,None
2023-03-01,133.439697265625,134.7000473558327,133.02614630082792,134.48342327552592,7534700,135.64563318888347,1,1,0.003195982654703222,None
2023-03-02,135.0840301513672,135.50742210811643,132.84887219431553,133.07533731014524,5484700,135.90164108276366,1,1,0.005614526136792586,None
2023-03-03,137.98878479003906,137.99862587651597,135.82255882491924,135.9505680719165,7219800,136.3040349324544,1,1,0.008824926263526267,None
2023-03-06,138.64846801757812,140.52915182022667,138.54015599165186,138.8749331537671,7999600,136.61485595703124,1,1,0.006816636549370925,None
2023-03-07,136.92535400390625,139.07189767867217,136.58073570134863,138.54017854681035,7060000,136.77010243733724,1,1,0.0034047208783767324,None
2023-03-08,138.05770874023438,138.22509734711548,136.60041670757786,137.4078364844193,6623500,136.9650634765625,1,1,0.004275703509746931,None
2023-03-09,136.0785369873047,139.83004860197434,135.81267745627616,138.2743008280601,7812300,137.10324249267578,1,1,0.003030413186740688,None
2023-03-10,133.68585205078125,136.22624928303708,133.15413296577842,135.8816159862924,15278400,137.09142659505207,1,1,0.0002591352361540622,None
2023-03-13,134.4144744873047,136.27546111805427,132.02178382972224,132.84888566015397,17219700,137.08519032796224,1,1,0.00013676798805373203,None
2023-03-14,137.51614379882812,137.99861240661477,135.58622429400748,136.14748168415687,10601100,137.26800740559895,1,1,0.004009373480974299,None
2023-03-15,137.59490966796875,137.76229825949773,135.34991028519875,136.00962356636248,11530000,137.39207305908204,1,1,0.002720892092823668,None
2023-03-16,141.45474243164062,141.65166931511234,136.659489432807,137.11243478689423,13043400,137.5397705078125,1,1,0.003239162565131126,None
2023-03-17,141.2578125,142.95139568095777,140.430695567974,141.730440015045,11539300,137.55618184407552,1,1,0.0003599181063984602,None
2023-03-20,141.63873291015625,141.81636891644868,139.95127366787696,141.0071666634898,5990800,137.6243474324544,1,1,0.0014949440495073407,None
2023-03-21,142.78343200683594,143.0400005835349,140.92819982197034,142.4084344228163,6533200,137.7874521891276,1,1,0.003577061259702363,None
2023-03-22,141.36241149902344,145.62549459183325,141.2834638427426,142.78343919662672,7112200,137.78831431070964,1,1,1.890724571840252e-05,None
2023-03-23,143.6616973876953,145.6057399461676,142.30975466566943,143.16828587656477,8797900,137.92259979248047,1,1,0.0029450238262846984,None
2023-03-24,144.03668212890625,144.10575190429756,142.26039783546034,143.2077394201495,5936300,138.09498545328776,1,1,0.003780601385142246,None
2023-03-27,142.9215850830078,144.7471987029386,142.5860688576443,144.2537871746776,5405300,138.25153452555338,1,1,0.0034332881092222767,None
2023-03-28,142.25054931640625,142.72423526419837,140.96769128321603,142.67489109575428,4984000,138.30596110026042,1,1,0.001193632827477531,None
2023-03-29,145.23074340820312,145.55639681478348,143.82945651359114,144.03669597513297,7128300,138.43970540364583,1,1,0.002933155207143434,None
2023-03-30,146.91819763183594,147.1254220077516,145.93137473545386,146.57280359501323,5601200,138.60770721435546,1,1,0.003684458877268426,None
2023-03-31,149.02015686035156,149.15831149755883,146.55309901184594,146.74059781756856,7534900,138.92782847086588,1,1,0.007020600554066281,None
2023-04-03,148.78330993652344,148.990534336998,147.40174868322137,148.11226245743975,10571100,139.29814809163412,1,1,0.008121504217145192,None
2023-04-04,147.96424865722656,149.51355299613965,147.41163016544292,149.00041585818315,7912400,139.75013478597006,1,1,0.00991255023573312,None
2023-04-05,146.2767791748047,147.4017568701797,145.22088632190776,147.26360224294856,7868800,140.15243631998698,1,1,0.008822901682347117,None
2023-04-06,147.105712890625,147.29319661347878,144.57943334405485,145.21099946626637,7848000,140.50819295247396,1,1,0.0078021223531890005,None
2023-04-10,147.02679443359375,147.05639792506514,144.84590852959585,145.64523291477775,4758600,140.94238789876303,1,1,0.00952235822675096,None
2023-04-11,145.6452178955078,146.7899363067795,145.3985121202023,146.77019562859192,6395800,141.30657043457032,1,1,0.007986911398951912,None
2023-04-12,144.81629943847656,147.02678874847234,144.57945645813635,146.63205044790533,6617900,141.65296885172526,1,1,0.0075968867107285565,None
2023-04-13,147.5103302001953,147.7373103815754,145.14196050346243,145.37880349622665,6820900,142.12198994954426,1,1,0.010286132870747533,None
2023-04-14,146.6912384033203,147.89516371288423,145.4083805016067,146.68137559373275,6501800,142.50889689127604,1,1,0.008485281855707738,None
2023-04-17,147.22415161132812,147.54980506539448,146.07943311662095,146.87875747763533,4153000,142.81674245198568,1,1,0.0067513814535293815,None
2023-04-18,147.67807006835938,148.743840817343,147.0366410800266,148.34911760263444,4606400,143.11772918701172,1,1,0.006600960091575958,None
2023-04-19,147.2537384033203,147.53004765585038,146.14850139319995,146.3458629939036,4311600,143.46200866699218,1,1,0.007550416158715212,None
2023-04-20,146.28665161132812,147.73728267226087,145.63534479667985,145.9017912313495,5708100,143.7363067626953,1,1,0.0060156497686683075,None
2023-04-21,145.81297302246094,146.07941947048428,144.8656312970616,145.6452149056241,6118800,144.0607879638672,1,1,0.0071162187902300555,None
2023-04-24,145.17152404785156,145.94124474036866,144.086012785213,145.23073101531855,4539900,144.44364369710286,1,1,0.008396434532907282,None
2023-04-25,142.07290649414062,144.73732554470402,142.02356233329758,144.46101631325146,5511300,144.69892476399738,1,1,0.0055985860458598324,None
2023-04-26,144.18470764160156,145.67480493541498,143.83931357208294,144.56956800531358,6801700,144.92121022542318,1,1,0.004874957229202392,None
2023-04-27,147.2438507080078,147.35240182870749,144.51034707418702,144.86560391850207,6042400,145.2428415934245,1,1,0.007053718909545648,None
2023-04-28,148.84251403808594,148.8721175232972,147.08597031283935,147.24386560578202,5893000,145.48910064697264,1,1,0.005400723671493468,None
2023-05-01,148.93130493164062,149.65168140670002,148.48723765407584,148.72408056238064,4097200,145.74488372802733,1,1,0.005609595751773888,None
2023-05-02,147.53990173339844,149.27671985533516,146.7701809958034,149.10896175177973,6029400,145.94158935546875,1,1,0.004313964189873065,None
2023-05-03,146.2965087890625,148.67475581729494,146.22742395180876,147.71753630896444,5815100,146.0586919148763,1,1,0.0025681840138365164,None
2023-05-04,145.59585571289062,146.58267869200333,144.99389309332292,145.71428470963625,5430500,146.1998067220052,1,1,0.0030947982146378727,None
2023-05-05,149.24713134765625,149.75040570882894,146.79979921345532,147.00703869024736,6114200,146.3859878540039,1,1,0.004083150780786138,None
2023-05-08,149.16818237304688,149.29645913590193,148.25042906640854,148.9609428980881,3397800,146.55703786214193,1,1,0.003751309097675515,None
2023-05-09,148.02346801757812,148.62543072315864,147.86557270450518,148.3491214541439,6236600,146.72710062662762,1,1,0.003729657791517127,None
2023-05-10,149.82933044433594,150.1747094425222,148.37869950187317,149.31617829369767,5275900,146.97972666422527,1,1,0.0055403584218778335,None
2023-05-11,149.1583251953125,149.5826670142419,148.1221728499674,149.5826670142419,4478400,147.11064605712892,1,1,0.0028712019076042594,None
2023-05-12,148.9609375,149.63198500903547,147.80635632979212,149.41488273179385,3953300,147.1787373860677,1,1,0.0014933154607905674,None
2023-05-15,150.19447326660156,150.22407675507384,148.57608397997393,149.1089768879257,3398300,147.21788126627604,1,1,0.0008584670386297955,None
2023-05-16,150.35235595703125,151.17142087070812,149.9378920954823,149.9872362580362,4699100,147.27018280029296,1,1,0.0011470284188572766,None
2023-05-17,152.35562133789062,152.61218992905603,150.2832867567692,150.98393779940767,5958300,147.41656188964845,1,1,0.0032102495380510465,None
2023-05-18,155.4739532470703,155.70091830132478,152.54308798533089,152.54308798533089,7745600,147.72313435872397,1,1,0.006723461196282532,None
2023-05-19,155.40489196777344,155.7798895507228,154.8720141383888,155.51344310716797,4902500,147.99977366129556,1,1,0.006066994932114156,None
2023-05-22,155.70094299316406,156.10554406627205,154.6845164342904,154.94108501206065,5397100,148.28891194661458,1,1,0.006341110953518747,None
2023-05-23,153.40164184570312,155.56278675887847,153.34243487126955,154.92135779221476,5845500,148.5474594116211,1,1,0.005670221639962225,None
2023-05-24,152.2766571044922,152.888482555598,151.44772938536997,152.1878466469557,5462800,148.79613800048827,1,1,0.005453786661394178,None
2023-05-25,158.11866760253906,158.74037099959088,155.50359230303349,156.32265731666052,9039000,149.14974924723307,1,1,0.007755071755879639,None
2023-05-26,162.6086883544922,162.8948754491074,158.50350117123753,158.52324184686842,7580000,149.68033091227213,1,1,0.011636221762203913,None
2023-05-30,163.4770965576172,165.82572498313738,163.1317024955907,164.996797303542,9061800,150.22209574381512,1,1,0.011881480530114619,None
2023-05-31,162.11529541015625,164.06920090483595,162.02648494624475,162.53963716727563,9650500,150.70333658854167,1,1,0.01055412495238861,None
2023-06-01,163.76329040527344,164.45406356360945,161.0791303691173,161.60214540740927,8709700,151.25365498860677,1,1,0.01206906940990371,None
2023-06-02,164.70077514648438,165.46063317631197,163.5363310753307,164.73037863590517,7134100,151.86745910644532,1,1,0.013461378906106214,None
2023-06-05,163.75340270996094,165.69744512581434,163.46721562217485,164.60207104915443,5454500,152.465473429362,1,1,0.013115091864172035,None
2023-06-06,163.71395874023438,164.06921568561037,162.53965181025367,163.35870179485843,4987800,153.08355458577475,1,1,0.013555178923359446,None
2023-06-07,161.26661682128906,164.67115324351818,160.93110060688693,163.3981581675927,6851900,153.723344930013,1,1,0.01403128456450764,None
2023-06-08,163.0133056640625,163.26987424198754,161.38503856071588,161.5034675686025,5332600,154.35096486409506,1,1,0.013764374490439657,None
2023-06-09,163.82247924804688,165.500090378239,163.269860782549,163.80275362979614,7206800,154.9035858154297,1,1,0.012119566814839944,None
2023-06-12,167.38490295410156,167.4539877878933,164.61193289051016,164.94744907763925,6893600,155.52166544596355,1,1,0.013555145459207774,None
2023-06-13,168.40133666992188,169.20067593769693,167.0395311874257,168.8750225451346,8297900,156.17066650390626,1,1,0.014233285338969504,None
2023-06-14,170.13815307617188,170.19736004555529,167.62175147331044,168.20397341587906,8384500,156.92394154866537,1,1,0.016520125074630965,None
2023-06-15,172.32888793945312,173.0986085972551,169.40788552846223,169.44736687680833,8866300,157.79168752034505,1,1,0.019030594581478155,None
2023-06-16,170.9078826904297,173.97690291092974,170.74012458253588,173.9670250437025,8682900,158.6354217529297,1,1,0.018503991535393727,None
2023-06-20,169.75286865234375,170.97908265033698,168.8430916221581,169.9308616174984,7068900,159.3189463297526,1,1,0.014990422926210112,None
2023-06-21,167.2410888671875,169.426542627252,166.74664381723554,169.10020708357183,6029000,159.92137654622397,1,1,0.013211937119231631,None
2023-06-22,168.6057586669922,168.67498821545053,166.45986900376047,166.489534499024,7612100,160.60745290120443,1,1,0.01504638614259246,None
2023-06-23,166.77630615234375,167.76519623350623,166.0742026447069,166.52908363205313,7364500,161.17235209147137,1,1,0.012388841688963481,None
2023-06-26,165.5797576904297,168.3882019009713,165.4610957091932,166.92464880508223,5445100,161.71973317464193,1,1,0.012004650917855075,None
2023-06-27,168.84310913085938,169.2287756846186,166.08409717074125,166.24232321568508,6916500,162.3824722290039,1,1,0.014534574251565013,None
2023-06-28,168.94200134277344,169.8517785332734,167.77511812754545,167.90366359527584,5685800,163.00738983154298,1,1,0.013705109477754718,None
2023-06-29,169.23866271972656,169.54521625747282,168.22010705399774,169.12000072815164,4564100,163.63693339029948,1,1,0.013806561631032555,None
2023-06-30,171.9284210205078,172.36353504748683,170.79120352302894,170.91974896608048,5697800,164.28936004638672,1,1,0.014308412359566924,None
2023-07-03,171.5625457763672,171.97787780013903,170.69231767555075,171.8987647828589,3091100,164.82564646402994,1,1,0.01176133307074445,None
2023-07-05,170.5044403076172,171.7801170694765,170.2176687992647,170.3659962881942,4697800,165.32896474202474,1,1,0.01103830660881755,None
2023-07-06,170.04953002929688,170.20774096051665,168.3090739825051,168.82330100444486,6058200,165.8072509765625,1,1,0.010489327199953768,None
2023-07-07,169.30787658691406,171.35487119824757,169.2089815435872,169.77264104060814,5811100,166.33745880126952,1,1,0.011628023045034075,None
2023-07-10,169.75286865234375,169.76275212065303,168.05197656874225,168.6947490619313,8438600,166.9199991861979,1,1,0.012775731901643272,None
2023-07-11,170.1187744140625,170.3066659602874,168.4574461744735,170.10889094451727,4998700,167.32000274658202,1,1,0.008772504669866343,None
2023-07-12,172.04708862304688,172.85798571608018,170.88020559367484,171.81964813396442,8052200,167.63461608886718,1,1,0.006899806121096974,None
2023-07-13,174.29188537597656,174.6676684538629,172.8777797332205,173.22388222508846,4674600,167.99510904947917,1,1,0.007905995080108585,None
2023-07-14,174.03477478027344,176.09166800665736,173.53043117026235,174.72699483500227,5762800,168.39242502848307,1,1,0.008713563143981418,None
2023-07-17,176.259765625,176.77397757996368,174.16330848588413,174.36109856469344,5929400,168.80897420247396,1,1,0.00913536762161593,None
2023-07-18,178.25732421875,179.1176688675359,174.9346528749876,175.85432851556584,8203400,169.26085917154947,1,1,0.009910319292285141,None
2023-07-19,177.8123321533203,179.44400992406213,177.12999554821607,178.70234232534293,10495000,169.7294901529948,1,1,0.010277577202626675,None
2023-07-20,174.26219177246094,177.42663665955106,173.7182992709462,176.675085714262,12178000,170.0810979207357,1,1,0.00771113332467932,None
2023-07-21,174.17323303222656,176.24989336620803,173.96555945419504,175.3697817055349,7434600,170.51131846110027,1,1,0.009435195266253693,None
2023-07-24,174.47976684570312,175.3697618754487,173.807313749833,174.9445463870246,5654100,170.8935338338216,1,1,0.008382390743904677,None
2023-07-25,176.47732543945312,177.06076694910718,175.01375729722525,175.04342279166426,5401100,171.31536204020182,1,1,0.00925114243182823,None
2023-07-26,174.10398864746094,175.05332978304168,172.8777745801982,174.62809919348751,7750800,171.5393315633138,1,1,0.004911890497976801,None
2023-07-27,173.59967041015625,176.99155641228478,172.8085552651948,176.45756236576392,6928500,171.71260935465494,1,1,0.0038001667591776034,None
2023-07-28,175.9630889892578,176.48719948204217,174.84563846085229,175.2115229322358,5643700,171.90677388509116,1,1,0.004258235222552642,None
2023-07-31,176.36854553222656,176.5861025492317,175.35987346149966,176.12132302101753,5069200,172.0414291381836,1,1,0.002953133305716449,None
2023-08-01,176.6652069091797,177.04098996846977,175.33021435358347,175.79499389872691,4422900,172.23333994547525,1,1,0.00420880867047102,None
2023-08-02,172.29429626464844,175.22141723239446,171.67130584057193,175.11263873148212,7909300,172.31805419921875,1,1,0.001857873929560716,None
2023-08-03,171.5922088623047,172.600865867617,170.78131176351815,170.8900902745928,5660500,172.4630915323893,1,1,0.0031808233939767394,None
2023-08-04,169.25843811035156,172.0372169587115,168.99143355051245,171.00876277450618,7215200,172.48484751383464,1,1,0.00047713187513465094,None
2023-08-07,169.73309326171875,170.55387384141326,168.5068641265248,169.970432313801,4768000,172.58340708414713,1,1,0.00216151648749352,None
2023-08-08,168.42776489257812,168.64530682705208,166.73675622429118,168.54642687306668,5730900,172.67834065755207,1,1,0.0020819945083045965,None
2023-08-09,166.252197265625,168.6552080331046,165.6786392021495,168.6552080331046,7150900,172.59197692871095,1,1,0.0018940486775624876,None
2023-08-10,166.27198791503906,168.97165377839835,165.45120728625622,167.51798406214348,6365700,172.5029764811198,1,1,0.0019518747317248675,None
2023-08-11,165.04576110839844,166.0148843261826,164.4722180960985,164.9468811462937,5384800,172.36321309407552,1,1,0.003065160130936828,None
2023-08-14,167.67620849609375,167.69599052374335,164.4820975922812,164.8776476096779,5164000,172.22147267659506,1,1,0.003108518516840686,None
2023-08-15,166.02474975585938,167.7750893679295,165.63908324024374,167.18174930270635,4683200,172.03687947591146,1,1,0.004048325753569282,None
2023-08-16,164.44252014160156,166.61809032786047,164.43263667321483,165.66874923846888,4889700,171.8348154703776,1,1,0.004431479135974525,None
2023-08-17,162.88009643554688,165.48086716060422,162.63287390838357,165.1743136412042,6307400,171.59583435058593,1,1,0.005241110822536754,None
2023-08-18,163.12730407714844,163.78985857877532,161.12974201495453,161.22862196323757,6828500,171.3898152669271,1,1,0.004518218217216097,None
2023-08-21,166.24229431152344,166.57851328162184,163.80961833359086,163.9678443510243,6566400,171.27279612223307,1,1,0.0025663546402094894,None
2023-08-22,166.05441284179688,167.8344179223851,165.6885283574659,167.73552288319402,5682800,171.13731740315754,1,1,0.002971192792925015,None
2023-08-23,169.05075073242188,169.54519575655254,166.44998016619454,166.45986363454188,5056600,171.03743947347004,1,1,0.002190429514574266,None
2023-08-24,165.15452575683594,171.18676124139367,165.02598030797049,171.17687777279326,6964500,170.7328608194987,1,1,0.006679734704709839,None
2023-08-25,166.8356475830078,167.75530809001356,164.34364042292862,165.81707694567092,7843300,170.49288991292318,1,1,0.00526281790228178,None
2023-08-28,168.20030212402344,168.55630313954276,166.9048585948256,168.101422174263,4481900,170.2242411295573,1,1,0.005891754324306442,None
2023-08-29,171.57241821289062,171.740527705327,167.53774512662503,167.7157531763757,6856900,170.00141092936198,1,1,0.0048869039313641505,None
2023-08-30,172.86785888671875,173.04586693354892,171.00874085384172,171.60208089092365,6133300,169.8365951538086,1,1,0.0036145857284906047,None
2023-08-31,173.70843505859375,174.3709896014223,173.0755460110213,173.26343754048682,5981700,169.8181365966797,1,1,0.00040481584328078135,None
2023-09-01,174.24241638183594,175.02364793809934,173.35242141039217,174.7961923720022,4622300,169.82044270833333,1,1,5.057548795650568e-05,None
2023-09-05,174.8654327392578,175.40932529514563,173.24365362941543,173.80731312241556,5030200,169.8332982381185,1,1,0.0002819354781882222,None
2023-09-06,173.01622009277344,174.61821724062972,171.9482169644474,174.18310317843034,9071600,169.71792805989583,1,1,0.0025301910469239797,None
2023-09-07,170.51431274414062,170.8900958108025,169.17932016235548,169.80232575408115,6256800,169.59827219645183,1,1,0.002624180694370315,None
2023-09-08,170.87030029296875,171.9679688211576,170.42530280084122,170.5044158133272,4292400,169.50729319254557,1,1,0.001995266581779953,None
2023-09-11,171.76031494140625,172.53164797210928,170.2571978426645,172.37342194292285,4136400,169.36720072428386,1,1,0.00307237723298992,None
2023-09-12,168.64532470703125,170.92967369848043,168.33877116542465,170.3264500849341,6121500,169.10976003011066,1,1,0.005645948975252502,None
2023-09-13,169.070556640625,169.9803338028252,168.1014484814306,168.57611154665096,5004400,168.85660502115886,1,1,0.005551959327805056,None
2023-09-14,170.2967529296875,170.72196838531872,169.04085840918916,170.10886141607784,4736600,168.79002024332684,1,1,0.0014602751883321385,None
2023-09-15,167.02352905273438,169.73309331342122,166.5785315330516,169.68364579139754,6553800,168.63773091634116,1,1,0.0033398673523552525,None
2023-09-18,167.82626342773438,168.3812223554004,166.48840413164925,166.53795727622585,4971900,168.5899917602539,1,1,0.0010469706052336214,None
2023-09-19,167.73703002929688,168.16316884635174,166.20098868809418,167.11270891437036,4118300,168.52345631917316,1,1,0.0014591931807603764,None
2023-09-20,165.1009979248047,168.4109421519874,165.0316205018328,168.19292042478412,5380200,168.41256408691407,1,1,0.002431984916360763,None
2023-09-21,162.58383178710938,164.5262029111561,162.50454979005698,163.36673205706754,7370600,168.2902852376302,1,1,0.0026817055711669813,None
2023-09-22,162.93069458007812,164.42710263512873,162.56401344014216,163.29736059851876,6268900,168.1789087931315,1,1,0.0024426042071716836,None
2023-09-25,163.4559326171875,163.70368320861127,162.09826421506398,162.51448339407636,5288700,168.12591451009115,1,1,0.0011622211437352092,None
2023-09-26,160.5126495361328,162.47482992696,159.9576906475349,162.38564334589867,7463000,167.8871292114258,1,1,0.005236816256400045,None
2023-09-27,160.76039123535156,161.60274922280897,159.1648769580638,161.2856212345679,5832600,167.7116505940755,1,1,0.003848433220666303,None
2023-09-28,161.90003967285156,162.93069052499965,159.2441607874987,159.99731708599543,6414700,167.62690124511718,1,1,0.0018586436050498367,None
2023-09-29,162.45501708984375,165.0118051108423,161.90005816215353,163.49557264001126,7941400,167.61273193359375,1,1,0.0003107481128135081,None
2023-10-02,164.19918823242188,164.6748651450637,162.2865457587117,162.53429635593085,6828100,167.6484614054362,1,1,0.0007835854218114502,None
2023-10-03,161.4144744873047,164.38748166403158,160.5820209854839,163.26764412191892,7419400,167.48753407796224,1,1,0.0035293079152063367,None
2023-10-04,163.42620849609375,163.86225196908634,161.54329487376177,161.54329487376177,7597100,167.3999272664388,1,1,0.0019213108064928264,None
2023-10-05,163.6442108154297,163.91177054270352,161.68201541978678,163.4162694042776,6011500,167.21970926920574,1,1,0.003952372875888344,None
2023-10-06,166.70640563964844,167.41992849477015,162.04869792312783,162.52437478604406,8310400,167.2714385986328,1,1,0.0011344793619643134,None
2023-10-09,167.56857299804688,167.82624327029808,164.92259870762516,165.685674702262,6569600,167.29586944580078,1,1,0.0005357945330886071,None
2023-10-10,167.82626342773438,169.17402730413616,167.22175135549173,167.68752369581787,10201400,167.2834014892578,1,1,0.00027343558365289233,None
2023-10-11,169.3821258544922,169.4614078598834,167.80643569126994,168.34157032579012,5194600,167.21039174397785,1,1,0.0016011815764818138,None
2023-10-12,169.54067993164062,171.2749340040328,168.25237388213588,169.53077535210818,7702900,167.0994857788086,1,1,0.0024322860937264768,None
2023-10-13,167.1127166748047,170.16500546355618,166.5280138465073,169.8776063388602,7591600,166.87962849934897,1,1,0.004821704609108135,None
2023-10-16,168.7181396484375,169.4812156447427,167.3604713518189,167.39020021075982,7272100,166.69548594156902,1,1,0.004038442674096698,None
2023-10-17,167.93527221679688,168.80734404025586,165.3982933879716,166.59741293728536,7658900,166.4644805908203,1,1,0.005066193701529276,None
2023-10-18,166.21090698242188,168.11362958403367,165.52711297591395,166.75596127177565,6431400,166.23763682047527,1,1,0.004974925805087738,None
2023-10-19,165.25955200195312,167.99472825772776,164.97216796424306,166.8748907256753,9995900,166.062478129069,1,1,0.0038414169035236867,None
2023-10-20,162.46493530273438,165.29920276160317,162.29646670990783,165.18027219140473,7667700,165.7822992960612,1,1,0.0061446206093724864,None
2023-10-23,162.65321350097656,164.3081855392315,160.55227832733658,161.4540940559441,7579500,165.47872924804688,1,1,0.006657614900427822,None
2023-10-24,163.77304077148438,164.0207913557383,162.009057821316,163.29736388373558,5590200,165.31631978352866,1,1,0.0035618127612375705,None
2023-10-25,161.840576171875,164.7541252269057,161.35499474369948,164.55592779980378,7764800,165.0753204345703,1,1,0.0052853727405370865,None
2023-10-26,158.7486572265625,162.84150147085575,158.06486323575862,162.12797862145123,10323200,164.6903839111328,1,1,0.008442068481127496,None
2023-10-27,159.6702880859375,161.2856266975782,158.96668491062442,159.71984122596547,8115800,164.44527587890624,1,1,0.005375480546384592,None
2023-10-30,161.38473510742188,161.95950315054648,160.02705163591585,160.51264822020582,7090400,164.23055826822917,1,1,0.004708986191418907,None
2023-10-31,162.53428649902344,162.67302622019244,160.20544009929412,161.46400216936453,5446800,164.05713348388673,1,1,0.003803390472459256,None
2023-11-01,165.67575073242188,165.89377243955718,162.82167450341396,162.82167450341396,10472900,164.0762919108073,1,1,0.0004201647342003678,None
2023-11-02,168.4803009033203,168.62896032591505,166.9442593869767,167.17218568916067,8096300,164.27284088134766,1,1,0.004310528536963565,None
2023-11-03,170.2145538330078,170.89834785643495,167.94516516308582,168.3118311843167,7830200,164.51563618977863,1,1,0.005324760047103361,None
2023-11-06,171.3343963623047,171.3938540840998,169.90735055323773,170.44250029238577,5549600,164.77825164794922,1,1,0.0057594370684308505,None
2023-11-07,173.2073974609375,173.7128032388605,171.5326009932465,171.7902712938122,6514900,165.20140991210937,1,1,0.009280312017405201,None
2023-11-08,174.18849182128906,174.47587585680105,173.00919657469572,173.80200149960265,5361200,165.64901326497395,1,1,0.00981641888257645,None
2023-11-09,173.3758544921875,175.72454029531931,173.14792819046008,174.44613882244462,7187300,166.0315404256185,1,1,0.008389228585572228,None
2023-11-10,177.90475463867188,178.0236700874966,174.22812909037572,174.42632654558247,6673200,166.5465316772461,1,1,0.011294307369427603,None
2023-11-13,176.8641815185547,177.3101295288216,176.1209297942782,177.1614852325643,5862500,166.96869812011718,1,1,0.009258560318791353,None
2023-11-14,180.4020538330078,180.85792154900017,179.01465664780534,179.56961552188633,8254200,167.60161743164062,1,1,0.013880595489341063,None
2023-11-15,180.62998962402344,181.48225218880756,179.93629105303515,181.20477276041223,6573900,168.17507680257162,1,1,0.012576575580077742,None
2023-11-16,181.53179931640625,181.7300118793464,179.94620466335334,180.27323724641,5776800,168.77132975260417,1,1,0.013076463078377065,None
2023-11-17,181.1552276611328,181.8489262629048,180.37232735795808,181.12549880116367,6638900,169.25295715332032,1,1,0.01056260253748964,None
2023-11-20,183.7813720703125,184.25704893656572,181.3633240578248,181.38314833768803,5558100,169.7933837890625,1,1,0.011852132469060805,None
2023-11-21,182.2948760986328,183.23632529051628,181.6309063502204,182.94894126745544,6675400,170.27567087809246,1,1,0.010577070205747496,None
2023-11-22,183.1075134277344,184.6732989979348,182.61201223924675,183.44445060674687,5606700,170.73318379720052,1,1,0.010033746238522712,None
2023-11-24,182.75071716308597,182.95881915458077,182.0570186556144,182.8002702967968,2096900,171.17351837158202,1,1,0.009657006818529323,None
2023-11-27,182.74082946777344,183.8012092532201,182.1660614048445,182.49307887732283,4210000,171.694455464681,1,1,0.01142470601393919,None
2023-11-28,183.08767700195312,183.5732735782,182.1264035503288,182.1264035503288,5506200,172.1734400431315,1,1,0.010504642626721239,None
2023-11-29,183.22640991210935,185.2183190399496,183.1173990570637,184.42552931761165,5382700,172.68314463297526,1,1,0.011178365238456722,None
2023-11-30,183.49398803710935,184.23723975619532,181.95793146003265,183.98948918316668,6872000,173.25924733479818,1,1,0.01263454664556285,None
2023-12-01,183.91021728515625,184.23724987409335,182.13631461681507,183.01830610037436,6994300,173.8809361775716,1,1,0.013634299332727862,None
2023-12-04,181.6705474853516,182.0768469328642,179.68854290072323,182.0768469328642,9110900,174.52112325032553,1,1,0.01403998524395389,None
2023-12-05,182.76063537597656,182.9687525044912,180.6993488560705,180.6993488560705,5420700,175.19137064615884,1,1,0.014699240187430851,None
2023-12-06,181.21469116210935,184.16787394471856,181.07595143732897,183.90031419646084,7365700,175.77275899251302,1,1,0.012750466467099653,None
2023-12-07,183.4147186279297,183.72192694013145,181.69036907756035,182.07685939315223,6964400,176.4918970743815,1,1,0.015771465072491164,None
2023-12-08,184.98048400878903,185.12912829800845,182.79036237815924,183.0182886621271,6404000,177.36629130045574,1,1,0.019176397890495522,None
2023-12-11,186.5958251953125,186.6354737572157,184.0093084657233,184.43544733795613,18897700,178.26380920410156,1,1,0.019683524800282015,None
2023-12-12,187.8345947265625,187.89406757467265,185.75349868762132,185.9120627062541,7527700,179.14547119140624,1,1,0.019335787645107683,None
2023-12-13,189.48956298828125,189.94541559400565,187.83457578314247,188.2805389307582,14697500,180.04398040771486,1,1,0.019705265344179157,None
2023-12-14,189.0238037109375,190.3517433012291,187.62648669414725,189.6382203616552,7713700,180.82224884033204,1,1,0.01706825672498491,None
2023-12-15,189.9751434326172,191.06525204304432,188.8255771018932,188.8255771018932,9065600,181.5387435913086,1,1,0.01571349400700539,None
2023-12-18,190.5432586669922,190.97032253480404,189.1329173729429,189.93741295217615,5069000,182.21636708577475,1,1,0.01486100589681616,None
2023-12-19,191.26829528808597,191.288163306861,190.3942843202784,190.50353569125437,4501800,182.88083038330078,1,1,0.014572388743001596,None
2023-12-20,188.3780975341797,191.72513857917292,188.34830308578591,191.04977754243825,6867400,183.3865203857422,1,1,0.011090321055297725,None
2023-12-21,190.4936065673828,190.92067045843515,188.89457206289015,190.29497184701296,5668000,183.93002421061198,1,1,0.011919618508350549,None
2023-12-22,190.74191284179688,191.2980961472672,189.7983865089556,191.03987251397265,5107500,184.50889282226564,1,1,0.01269520599790308,None
2023-12-26,191.5364532470703,191.93372267838143,190.8610770280125,190.8610770280125,3103800,184.9632827758789,1,1,0.0099652562746817,None
2023-12-27,191.5265045166016,191.9237890879512,190.71209766633427,191.6357558793656,5882300,185.4520268758138,1,1,0.010718679341082282,None
2023-12-28,191.75494384765625,192.40051042140365,191.66554534963907,192.2018757183165,4807700,185.83045654296876,1,1,0.008299366183503576,None
2023-12-29,191.16896057128903,192.24160620741048,190.2155078868637,191.85426321282696,6094900,186.18175557454427,1,1,0.007704362411315557,None
