Price,Close,High,Low,Open,Volume
Ticker,XLE,XLE,XLE,XLE,XLE
Date,,,,,
2014-01-02,57.10303497314453,57.75096486011496,56.87396935585761,57.580804683419515,11133600
2014-01-03,56.89362335205078,57.39102672411629,56.77581742164731,57.161956030978935,9714300
2014-01-06,56.97216796875,57.161961715196455,56.65147096377053,57.06379425781321,9256600
2014-01-07,57.40410232543945,57.443369296466045,56.8412524388602,57.135769701329856,6651000
2014-01-08,57.00486755371094,57.43027801917089,56.788889241411155,57.41064453500844,10941500
2014-01-09,56.82817077636719,57.16195004987075,56.356947104059536,57.06378261252102,12222700
2014-01-10,56.87397384643555,56.94596661658945,56.500922670754555,56.867427687351636,10470100
2014-01-13,55.74174118041992,56.80199450615582,55.6893818818819,56.7169143909747,16717600
2014-01-14,56.46822738647461,56.4944070437025,55.964282716300026,55.964282716300026,13222100
2014-01-15,56.30458450317383,56.599101777704576,56.21950439804643,56.54674248535374,11667900
2014-01-16,56.38310241699219,56.39618973857129,55.93805858447647,56.19984995535426,11297100
2014-01-17,56.29151153564453,56.82818193599299,56.21951873861233,56.52057725653871,12632900
2014-01-21,56.756160736083984,56.8870539415888,56.27839104880552,56.690714133331575,12725800
2014-01-22,57.01797866821289,57.083425301414636,56.65801469571624,56.89362656984895,10557600
2014-01-23,56.37005615234375,56.82819267395747,56.10172339809585,56.71038671048642,14900800
2014-01-24,55.19197463989258,56.02970330860027,55.159248835260634,56.02970330860027,17426100
2014-01-27,54.99563980102539,55.40141688328179,54.60950120107398,55.29015711650843,16054500
2014-01-28,55.41450500488281,55.499590116316234,54.97600709902245,55.12653883930317,9112800
2014-01-29,55.106910705566406,55.486508214728346,54.64223306225106,54.93020427516821,20124900
2014-01-30,55.28361511230469,55.57158628867085,54.9694642841545,55.47995501079779,12265700
2014-01-31,54.57023239135742,55.05454845112065,54.341166683771,54.64222518420715,15983200
2014-02-03,53.595062255859375,54.74694190862245,53.52306946548307,54.51787620890593,25172800
2014-02-04,54.14480209350586,54.28224145537234,53.69975821035242,53.89609801590927,20339800
2014-02-05,53.61467361450195,54.15788990192987,53.54268085384256,54.14480257874439,27270900
2014-02-06,54.41315841674805,54.54405167760274,53.73904863615649,53.758682125958906,13028300
2014-02-07,55.00218200683594,55.0872621176759,54.41315241148195,54.746936681058756,12402300
2014-02-10,54.73384475708008,55.061082868730516,54.50477907757623,54.98909008470684,7961000
2014-02-11,55.44722366333008,55.63702235778389,54.73384201912387,54.79274747276812,10869700
2014-02-12,55.31632995605469,55.72865318553556,55.25742949084741,55.617393422416825,6812400
2014-02-13,55.5781364440918,55.72212205555848,54.90402652973309,55.054558303518846,9799000
2014-02-14,56.30458450317383,56.415844254476646,55.5388485772564,55.6239286823838,12618300
2014-02-18,56.5598258972168,56.63181867090223,56.29149328069015,56.38966569873906,8854000
2014-02-19,56.63182067871094,57.20776288861366,56.38312153832544,56.38312153832544,23822000
2014-02-20,57.00486755371094,57.11612729280244,56.53364396078646,56.61218289069268,9436900
2014-02-21,56.55327606201172,57.14230049350037,56.52055026325976,57.12921316995309,11582800
2014-02-24,57.40410232543945,57.908051755478816,56.69072572108712,56.723446532523695,18613900
2014-02-25,57.37794876098633,57.48920855830501,56.91327108401508,57.292868620670696,9583300
2014-02-26,57.01797866821289,57.46956393258555,56.841267265984335,57.404117299383806,10048300
2014-02-27,57.076881408691406,57.16850769746723,56.66456310920021,57.037614425861264,9333400
2014-02-28,57.36484146118164,57.58736097836293,57.02451103186554,57.11613730285281,10474500
2014-03-03,56.99832534790039,57.65280149607657,56.81507282533214,57.01796382668134,12463600
2014-03-04,57.620086669921875,57.790251884235516,57.273215074278205,57.49573459100914,10524500
2014-03-05,57.083404541015625,57.495722674164774,56.93287284546555,57.443363389342466,10865400
2014-03-06,57.495723724365234,57.55462916918034,57.08995174272122,57.12267255139066,7788300
2014-03-07,57.60700225830078,57.770621334804225,57.384482711019906,57.73135435428595,9852800
2014-03-10,57.6986198425293,57.73788681372916,57.21430389586597,57.548088130835175,8864500
2014-03-11,57.04414367675781,57.8098795744936,56.85434499391397,57.77060761004734,12268000
2014-03-12,57.050689697265625,57.19467526155379,56.58601219004477,56.64491764509774,9368700
2014-03-13,56.48130798339844,57.155417788946195,56.265329601060415,57.13578429841692,11272800
2014-03-14,56.533653259277344,56.756177767316935,56.337313392103006,56.41584734166985,10653400
2014-03-17,56.83469772338867,57.01140905291973,56.6121782633937,56.756163793157974,10419200
2014-03-18,57.3125,57.48920643667546,56.86745583389056,57.044167263824846,6995200
2014-03-19,56.880516052246094,57.351734615153575,56.52709838512348,57.332101132522766,9322600
2014-03-20,57.10303497314453,57.1946612200593,56.40929196271672,56.599090615113305,8713400
2014-03-21,57.25891876220703,57.68642146849371,57.24576707149988,57.29838386995665,14130200
2014-03-24,57.140541076660156,57.699585853465045,57.035312483560894,57.43650684399476,10044000
2014-03-25,57.653533935546875,57.6995723751137,57.41676338411359,57.43649342709743,7168800
2014-03-26,57.38386535644531,58.00210001011163,57.3444052782326,57.850828013941914,8564400
2014-03-27,57.850833892822266,58.02841429845062,57.26548592339108,57.40360122898363,11386300
2014-03-28,58.574310302734375,58.699273948212635,58.008692247578566,58.041579002014174,9955600
2014-03-31,58.574310302734375,58.92288782136929,58.39673487509905,58.86369768476225,8451600
2014-04-01,58.92289733886719,58.929475694379725,58.567746426230926,58.594049812650994,10247300
2014-04-02,59.13334655761719,59.238575124684395,58.75188233914488,58.79792077807681,10008600
2014-04-03,59.51481628417969,59.75816522889536,59.16623875378589,59.26489400260653,10792000
2014-04-04,59.29778289794922,60.04755478753908,59.19254929065928,59.96205122716235,13997800
2014-04-07,58.304664611816406,59.27805043286342,58.30466461181641,59.159665128377725,11244800
2014-04-08,58.88998031616211,59.01494390695984,58.33751419383552,58.44932609930235,11644400
2014-04-09,59.15966033935547,59.199125449532495,58.56116052799307,59.07416179996495,7224500
2014-04-10,58.3375358581543,59.317504875932585,58.21257723876377,58.936040628118775,12298300
2014-04-11,58.1731071472168,58.51511127726309,58.021840142545656,58.04814853853487,13455900
2014-04-14,58.96891784667969,59.08729809291688,58.344104779487004,58.620335389666636,9961400
2014-04-15,59.75814437866211,59.77787441797935,58.74529387860532,58.92944760264971,22442900
2014-04-16,60.475067138671875,60.48822385167118,60.02126089651145,60.106759459743806,13036700
2014-04-17,61.02751541137695,61.21166919572989,60.44874565800855,60.55397424143267,18541000
2014-04-21,61.44184112548828,61.487879556365186,60.974878464361694,61.08668536537525,8506400
2014-04-22,61.343196868896484,61.51419893604736,60.97488935609171,61.270855051292855,6345200
2014-04-23,61.665470123291016,61.83646717030704,61.3366227005185,61.3366227005185,8561700
2014-04-24,61.68519592285156,61.98773492885482,61.57338901107466,61.843041269937366,8876500
2014-04-25,61.31692123413086,61.70495896529302,61.126189037896374,61.51422676905853,8872100
2014-04-28,61.4221305847168,61.57997596671537,60.90912932986078,61.527364184591995,11167000
2014-04-29,61.704933166503906,62.257399472510386,61.68520312304183,61.71808485620738,8272600
2014-04-30,61.65229415893555,61.74437100712601,61.257678378431855,61.566795662133515,10821600
2014-05-01,61.51420211791992,61.73124263539799,61.33662670586482,61.56681891327469,10715300
2014-05-02,61.6391716003418,62.099556058839696,61.31690247939327,61.40240101659595,8711000
2014-05-05,61.92854309082031,62.03377164669311,61.2971516843316,61.408963610825985,8037300
2014-05-06,62.020660400390625,62.349508005869225,61.935156811563786,61.98777363271626,7476700
2014-05-07,62.5599365234375,62.645435048324174,61.9482801065051,62.296857577414634,9630900
2014-05-08,61.665470123291016,62.540200454327696,61.612853331372186,62.43497188830349,10966300
2014-05-09,61.60628890991211,61.85621621913977,61.36951831054622,61.74440425657311,8710800
2014-05-12,62.04038619995117,62.07326794755468,61.698381903726506,61.889114103964125,5213900
2014-05-13,62.270565032958984,62.36264193483454,62.06668118135093,62.15875808322649,4988800
2014-05-14,62.29688262939453,62.49418815489569,62.211379052310036,62.336342730931655,4984600
2014-05-15,61.586570739746094,62.19164904689579,61.132759500476034,62.171918996112844,11448800
2014-05-16,61.4286994934082,61.65231333203706,61.11958211357489,61.47473793182082,14811000
2014-05-19,61.61942672729492,61.78385042545266,61.257692584222674,61.257692584222674,5032200
2014-05-20,61.44184112548828,61.731228415464656,61.323455872117265,61.487879556365186,4675600
2014-05-21,62.10612869262695,62.1916272219542,61.63916592264495,61.724664451972195,5857400
2014-05-22,62.04692840576172,62.3757758236879,61.96800823686,62.10612355025139,6869200
2014-05-23,61.921974182128906,62.27055166695413,61.908817474505085,62.03378110786271,5280600
2014-05-27,62.09298324584961,62.237671921301924,61.86278599684491,62.09955658258769,5057300
2014-05-28,62.19820022583008,62.4086623719135,61.95485133093444,62.086393308369935,7535500
2014-05-29,62.7309455871582,62.76383234338947,62.145597454506216,62.31659955484266,7278300
2014-05-30,62.684906005859375,62.7572528540086,62.38236692169642,62.55994737363159,5958000
2014-06-02,62.605979919433594,62.967709108267805,62.42839948423762,62.744095248022724,5075700
2014-06-03,62.82302474975586,62.901949956869636,62.45471715218758,62.46129550723406,5998600
2014-06-04,62.79012680053711,62.85589528057943,62.52704786255446,62.71777996714655,3686600
2014-06-05,63.151859283447266,63.257092871320936,62.59939800055146,62.72436163169803,6174800
2014-06-06,63.671443939208984,63.76352082707512,63.29655803352139,63.29655803352139,5420000
2014-06-09,63.770111083984375,64.10553696256913,63.61226567786831,63.75695939089761,5652000
2014-06-10,63.664878845214844,63.82930259737933,63.50702843031035,63.776685792411165,3766100
2014-06-11,63.9082145690918,63.99371812062388,63.3360231965386,63.474138528458816,5651700
2014-06-12,64.11868286132812,64.54618560633227,64.00029756298566,64.19102971130488,11869600
2014-06-13,64.73033905029297,64.73691740511384,63.90822032119105,64.28968461576983,9736600
2014-06-16,65.11839294433594,65.2630866684939,64.84215719011827,64.96054250826431,13386900
2014-06-17,65.07234954833984,65.08550124143973,64.65799845737627,64.98684598083815,10045500
2014-06-18,65.56558990478516,65.6247800225358,64.88158677650613,65.09862724388375,14863600
2014-06-19,66.03258514404297,66.04573683742753,65.42092853645141,65.60508235072585,8677000
2014-06-20,66.68936157226562,66.72900487818472,66.15415677790935,66.37220000157649,9096200
2014-06-23,66.92721557617188,67.07918490680149,66.7223851561446,66.89417613502059,7959200
2014-06-24,65.51983642578125,66.92062029197483,65.37447092092448,66.86775919182475,17748500
2014-06-25,66.01539611816406,66.0814699710151,65.1762425595093,65.24892530997899,13860300
2014-06-26,66.08805084228516,66.14091192262578,65.48677243701833,66.05501644790483,8080000
2014-06-27,66.08805084228516,66.12109027777556,65.70482061259084,65.92947264237337,8222100
2014-06-30,66.14094543457031,66.22023709525632,65.7841405231522,66.04183211899095,6294500
2014-07-01,66.18059539794922,66.51096976385485,66.01540821499641,66.30613422903667,6885800
2014-07-02,66.08145904541016,66.31932890923503,65.94270246503082,66.12771123886994,5926400
2014-07-03,66.33255767822266,66.39863153610392,65.96254004119781,66.39863153610392,3668800
2014-07-07,65.82379913330078,66.27310853165862,65.70486414429095,66.2664996319599,6932400
2014-07-08,65.71807861328125,65.88326582225525,65.4603869705709,65.724687513152,10392300
2014-07-09,66.15414428710938,66.19378758554328,65.71804783989174,65.82377002386373,6408000
2014-07-10,65.51983642578125,65.76431019202946,65.18285321371438,65.55287083254107,14908700
2014-07-11,65.01764678955078,65.45373813377981,64.84585078552821,65.44052538321368,10805200
2014-07-14,65.57927703857422,65.65856865936509,65.2422939516007,65.33479832196832,6870300
2014-07-15,65.295166015625,65.566075318065,64.8722873824936,65.40088819446332,9954200
2014-07-16,66.2862777709961,66.3127083113251,65.54623776511434,65.56606445119368,8167400
2014-07-17,65.21587371826172,66.43826245337138,65.16962152576806,66.233426994233,11017800
2014-07-18,65.40751647949219,65.57270366479122,65.08375100781768,65.3810859249108,8317800
2014-07-21,65.50659942626953,65.55285161506357,65.143185770666,65.24229904411337,9396700
2014-07-22,65.97575378417969,66.18058930012448,65.7312800022473,65.79735386111788,5977900
2014-07-23,66.39862060546875,66.40522950250258,65.85680699425697,66.14092907337482,6701200
2014-07-24,66.45808410644531,66.71577561337384,66.2334269992371,66.50433629894246,5747200
2014-07-25,65.96914672851562,66.2796994191048,65.88325121369598,66.22023445679409,4802900
2014-07-28,65.81056213378906,66.02861039021079,65.40750506868659,65.91628433367062,7478600
2014-07-29,65.6453628540039,66.0219892995811,65.61232845347564,65.6916150476323,6828800
2014-07-30,65.25552368164062,66.16074590601889,65.04408436195617,65.95591548288705,10780300
2014-07-31,63.848148345947266,64.8723109000014,63.80189613621589,64.83927144685921,17284800
2014-08-01,63.33272933959961,63.874542793512994,62.784306990571075,63.66971241493291,17833300
2014-08-04,64.39655303955078,64.55513127994475,63.127917034176285,63.31953471849504,12896500
2014-08-05,62.98916244506836,64.25779849075165,62.619139817577086,64.12565079307647,16439900
2014-08-06,63.17417907714844,63.907610484809176,62.74469144474435,62.857017505817254,11547000
2014-08-07,62.77772903442383,63.61026868242417,62.43413692223244,63.49794262467822,13256700
2014-08-08,63.82829284667969,63.89436667681678,62.8173486263629,62.9693229726773,11585000
2014-08-11,63.83491897583008,64.47584588752503,63.78866677813619,64.24458489905558,11203600
2014-08-12,63.36579895019531,63.74242549335713,63.10149847193334,63.74242549335713,9998100
2014-08-13,63.570640563964844,63.91423275823684,63.33937949538555,63.709397205112424,6489000
2014-08-14,63.20719909667969,63.762225374507075,63.11468967593119,63.663112098863444,7617400
2014-08-15,63.67633819580078,63.76884258750347,63.167559000324694,63.332746134238256,11075300
2014-08-18,63.848148345947266,64.03976608372378,63.57724398640998,63.90761835338063,8597500
2014-08-19,64.33708190917969,64.45601683832734,63.93402492935214,63.980277121736734,5997700
2014-08-20,64.47583770751953,64.56173319487884,63.993489100382945,64.25778949986419,5947900
2014-08-21,64.52870178222656,64.59477562487727,64.23797082523018,64.5617361829964,5567200
2014-08-22,64.0992202758789,64.43619841744474,63.834919839291,64.43619841744474,7383400
2014-08-25,64.66747283935547,64.71372504367521,64.25780685744337,64.27762851056437,4379000
2014-08-26,64.99786376953125,65.32823818223193,64.72695433138223,64.8524982213648,5596500
2014-08-27,64.86570739746094,65.13000792124771,64.69391634194575,65.05732515117852,3860100
2014-08-28,64.87889862060547,64.94497246420873,64.5617371137542,64.66745929640834,3104500
2014-08-29,65.24230194091797,65.2753413805709,64.79299278363598,65.02425877898507,5367400
2014-09-02,64.41638946533203,65.20929093140084,64.13887622070858,65.14982092691723,8642300
2014-09-03,64.58817291259766,65.04409104043052,64.5485296114336,64.84586445238713,7190900
2014-09-04,63.71597671508789,64.76656438823422,63.418641912792744,64.74013888496827,12286500
2014-09-05,64.1454849243164,64.1653065787132,63.31294015186335,63.74903671304293,8774900
2014-09-08,63.147743225097656,63.881174571189604,62.857012229209175,63.8283134735532,10978100
2014-09-09,62.87023162841797,63.504549692905336,62.50020897663312,63.114705389278974,9998300
2014-09-10,62.71825408935547,62.810758487392825,61.984822761265264,62.810758487392825,10432700
2014-09-11,62.75790023803711,62.850404632840345,61.95178619094194,62.216086622284664,12505700
2014-09-12,61.81964111328125,62.63236415815035,61.62802340284688,62.57289415920283,15440200
2014-09-15,62.255760192871094,62.42094741263943,61.44303685352074,61.75358963326344,13391300
2014-09-16,63.00899124145508,63.40543942055333,62.07733323151768,62.16983763860353,13455400
2014-09-17,62.665409088134766,63.27990562784674,62.480400244541975,63.16097065109239,11069300
2014-09-18,62.341636657714844,62.90327202486118,62.17644948848873,62.870237615683365,12284600
2014-09-19,62.29047393798828,62.75537575305941,62.26390739611997,62.46979176178722,9474600
2014-09-22,61.373966217041016,62.22407549877705,61.13487234817138,62.190866046469765,10629600
2014-09-23,61.19463348388672,61.80564879892242,61.181352745320815,61.280970952190614,9140100
2014-09-24,61.247772216796875,61.59977009231054,60.27811606651655,61.15479183711593,24739900
2014-09-25,60.31133270263672,61.241141755400996,60.278128312890814,61.21457520337325,13436400
2014-09-26,61.0883903503418,61.347407898523294,60.10544819456332,60.31797554350844,11484800
2014-09-29,60.94891357421875,61.061822684921154,60.16521803920159,60.311331539009274,15454300
2014-09-30,60.18514633178711,61.03525570611503,59.81321968022997,60.88914220733025,21732100
2014-10-01,58.95646286010742,60.47736360395628,58.77050208217851,60.17849879186355,18977300
2014-10-02,58.65095138549805,59.03615872483828,57.634805009037414,58.6111040976528,29242700
2014-10-03,58.5579833984375,58.97640027758929,58.05987192672493,58.94319081932102,20098000
2014-10-06,58.62436294555664,59.22209737527494,58.192670642972985,58.856818883315775,20122200
2014-10-07,57.86063003540039,59.06273742522,57.840701320326374,58.31225130309232,17899300
2014-10-08,58.42514419555664,58.4782772915032,56.764772950108515,57.69458186096965,35988600
2014-10-09,56.279945373535156,58.07978729330538,56.120551144089596,57.9801690668089,36667400
2014-10-10,55.4896125793457,56.72492926990067,54.88523497537418,56.113908761750544,60474300
2014-10-13,53.776126861572266,56.047514444959425,53.703070091312476,55.37008492724945,47549300
2014-10-14,53.09867858886719,54.65278894907128,52.813094487939395,54.22773425006969,55995600
2014-10-15,53.503807067871094,53.64327765923851,51.478156973761735,52.40796598326262,69469600
2014-10-16,54.46017837524414,55.004779956314536,52.13565856654469,52.354828793171464,59796300
2014-10-17,54.92509841918945,57.050377413801186,54.4601963309899,55.46306234073778,38000000
2014-10-20,55.40325927734375,55.56929638023705,54.60628321027602,54.878581424154895,26502600
2014-10-21,57.09020233154297,57.2163921633124,56.01427997736591,56.034208687948514,31358200
2014-10-22,56.00764465332031,57.588316271380506,55.97443520124366,57.23631837439218,36142500
2014-10-23,57.050357818603516,57.654730325677924,56.49911334118053,56.797978142792466,26558000
2014-10-24,56.85110855102539,57.176539885599,56.10062259703501,57.076921667806594,25247400
2014-10-27,55.6556510925293,55.98108246662123,55.08448292825696,55.947873011957185,23501400
2014-10-28,56.92418670654297,57.076943143050634,55.57596560327517,55.94788726843797,23625000
2014-10-29,57.110145568847656,58.026674022168486,56.565543834910955,57.54848614514066,26722500
2014-10-30,56.90423583984375,57.156610410921836,56.24673033423885,56.671784910291535,18796000
2014-10-31,58.05986022949219,58.12627406559651,56.492469375585685,57.02379019852212,20264300
2014-11-03,57.143333435058594,58.71736709090321,56.97065341871327,58.099708827678164,26605600
2014-11-04,55.967803955078125,56.48584415330254,55.476335377690475,56.45263469430861,23439100
2014-11-05,56.95074462890625,57.196481444446626,56.09399229408114,56.53233281903664,27445100
2014-11-06,57.66801834106445,57.68129908222299,56.40613511485395,56.59209589338054,23026300
2014-11-07,58.30559539794922,58.763859468488874,57.68793711171997,57.80084113670631,18042000
2014-11-10,57.780906677246094,59.08263684031969,57.608226686793024,58.81033865061466,22953400
2014-11-11,57.95359420776367,58.09306477191206,57.26952212629991,57.83404728605783,17380900
2014-11-12,57.442195892333984,58.186043952897606,57.37578206320606,57.58830935664562,17624600
2014-11-13,56.67843246459961,57.209753309294754,55.7552664239064,57.1366965664729,31588300
2014-11-14,57.256248474121094,57.32266231871121,56.57217624744495,56.95738363993979,17962300
2014-11-17,56.95737838745117,57.29609048374092,56.6917179665378,56.90424528985828,12215100
2014-11-18,57.003868103027344,57.47541293934478,56.731564780435725,56.937454265118745,19680300
2014-11-19,57.302711486816406,57.501957993112924,56.60535884887689,57.11010788194288,14746200
2014-11-20,58.0200309753418,58.10636848240823,57.26290186090546,57.41565322471934,16917300
2014-11-21,58.77714157104492,59.25532929624936,58.352086941318944,59.022878337344665,28685200
2014-11-24,58.32552719116211,58.903338270967275,58.07315255880256,58.584544727993375,16678100
2014-11-25,57.37579345703125,58.69080982992478,57.29609380602057,58.644319633598066,22554000
2014-11-26,56.6518669128418,57.256239389889586,56.552243628237,57.11012591474266,20873200
2014-11-28,53.012325286865234,54.46016900705179,52.852931089033284,54.28748900362123,42538300
2014-12-01,53.19831848144531,53.364355683364344,52.24858548378636,52.726773436041675,51594500
2014-12-02,53.776126861572266,54.294162092830426,52.79982735633051,52.81975100875536,33234900
2014-12-03,54.43361282348633,54.865310380704464,53.93550142678489,54.121462204158576,31549200
2014-12-04,53.962066650390625,54.30742164745067,53.477236006675426,53.908933553288755,23579500
2014-12-05,53.317832946777344,54.001904990685965,53.10530566064019,53.84251079284565,23443300
2014-12-08,51.15935516357422,52.79980267372497,51.04645114124457,52.6005561085133,41192700
2014-12-09,51.71723937988281,51.92976667197207,50.873768047461176,51.046448055736924,33668900
2014-12-10,50.123294830322266,50.96676130898021,49.79122053577083,50.90699036814573,44533800
2014-12-11,50.09008026123047,51.36524420605652,49.977176228699754,50.05687587539554,35551700
2014-12-12,49.1602668762207,50.06350918895821,49.07392940038941,49.49234110687271,50054300
2014-12-15,48.7219352722168,50.03030865229747,48.61566907805444,49.56540165341368,47481100
2014-12-16,49.15364456176758,50.66790272098955,48.157421555221305,48.276968518688946,57284400
2014-12-17,51.192569732666016,51.6906811284552,49.33959473228412,49.43257512080067,62470200
2014-12-18,52.175506591796875,52.70018453549054,50.85385244356032,52.50758085486493,52263500
2014-12-19,53.84284973144531,53.90967612881244,52.18552754469305,52.76692790869442,46742800
2014-12-22,53.29487228393555,53.575546249746544,52.74020342397953,53.44189343703502,33238100
2014-12-23,53.943092346191406,54.12352413050557,53.30154974853488,53.68246582522242,26529200
2014-12-24,53.54880905151367,53.75597751757593,52.92731385038183,53.629003789846884,14047800
2014-12-26,53.53544235229492,54.00323221603086,53.30154742042696,53.75597404456777,14464600
2014-12-29,53.72924041748047,54.13020387089281,53.40846659563444,53.655729856193396,18224100
2014-12-30,53.301551818847656,53.7760258907981,53.13448326822309,53.66242050002001,19148100
2014-12-31,52.90058517456055,53.46193302401968,52.58649550228007,52.98745898025477,21541900
2015-01-02,53.14784240722656,53.32159511405442,52.379326113958456,52.6132261456036,27749100
2015-01-05,50.94923400878906,52.426119681257255,50.68860742532577,52.40607226691832,45395200
2015-01-06,50.200767517089844,51.27668955366497,49.84657785345201,50.862357650002494,41876600
2015-01-07,50.30766296386719,51.02940006532953,49.97352598339673,50.808868434572865,31192400
2015-01-08,51.43706512451172,51.55735468242936,50.5081644100195,50.715327777005875,28186900
2015-01-09,51.02943420410156,51.55737159825892,50.56832323104015,51.470492662158,24952100
2015-01-12,49.55919647216797,50.38117054054549,49.29188588382818,50.38117054054549,28940600
2015-01-13,49.16494369506836,50.14730780472372,48.703832762325156,49.759707458317216,34051400
2015-01-14,49.318641662597656,49.392152237939925,47.91526165953832,48.69714640649443,52152500
2015-01-15,48.69047164916992,50.027020406822615,48.65037681796959,49.900046643316365,41346000
2015-01-16,50.274269104003906,50.34109550269621,48.937720736048256,48.97781555555816,42741900
2015-01-20,50.334415435791016,50.361147017152184,49.405514652233684,50.013641557984826,28085800
2015-01-21,51.35688781738281,51.37025616087069,50.33442877731475,50.70198174529374,28330800
2015-01-22,51.59746170043945,51.75784611607048,50.655197522762414,51.68433553004613,33018800
2015-01-23,51.22990036010742,51.96500092798473,51.14970562417401,51.36355315480246,21147400
2015-01-26,51.96501922607422,52.09867206783153,50.94923927401394,51.403666073929514,18362100
2015-01-27,51.931583404541016,52.1788466746531,51.43037779377955,51.557351513367806,21602300
2015-01-28,49.88666915893555,51.791249575222096,49.78642701101995,51.791249575222096,38833400
2015-01-29,50.053741455078125,50.35446282282211,48.92435636112226,50.28763641871542,30123700
2015-01-30,50.488128662109375,51.06284500507466,49.345375048669396,49.67951222022928,43848100
2015-02-02,52.03183364868164,52.0518810604695,50.762111550662176,51.10961701674477,35465700
2015-02-03,53.45525360107422,53.72924847944329,52.61323175212275,52.6332791630224,47027900
2015-02-04,52.5731315612793,53.06097398428059,52.13207322817338,52.76024752675014,41132200
2015-02-05,53.328277587890625,53.62899890683592,52.87385097576701,53.194619702838395,31786200
2015-02-06,53.34164047241211,53.84284606633926,53.07432980261224,53.749288096688346,26134600
2015-02-09,53.395103454589844,54.0099144241861,53.27481390849258,53.568856154180764,20203800
2015-02-10,53.368385314941406,53.53545388777844,52.399389631897954,53.488674891325196,21971300
2015-02-11,52.994140625,53.23471972002985,52.419424464487236,52.68673003805196,26196600
2015-02-12,53.68915557861328,53.93641890860161,53.32829193818369,53.71588716281702,26422300
2015-02-13,54.825233459472656,54.88537570935429,54.07676428137214,54.21710129629177,31187900
2015-02-17,54.99229049682617,55.08584848709559,54.243821476142756,54.564595370300815,22125900
2015-02-18,54.337379455566406,54.7650745820064,54.190358299878646,54.54454794700283,19381400
2015-02-19,54.08342742919922,54.39083292788651,52.96741081686179,53.207989919926135,23872000
2015-02-20,53.82279968261719,54.21039990627685,53.37505723383468,53.936405062422835,25641800
2015-02-23,53.60227584838867,54.03665512141848,53.161217503940044,53.294870311705616,19679500
2015-02-24,53.749290466308594,53.9765012316129,53.40179014921755,53.92972224472512,15430700
2015-02-25,54.043338775634766,54.13021259000058,53.522080593856636,53.78939130536465,16025700
2015-02-26,53.04092025756836,53.749289213508824,52.760241244256626,53.722557636120705,19349100
2015-02-27,52.8070182800293,53.288176458193426,52.75356022575419,53.248081642855375,13362200
2015-03-02,52.43947219848633,52.746877688817435,51.931582428208955,52.70009870330024,17978500
2015-03-03,52.6332893371582,52.94737909804085,52.23900481864743,52.47289982190195,12349700
2015-03-04,52.55976104736328,52.68672966434785,51.97836072207715,52.64663484830293,16602800
2015-03-05,52.245662689208984,52.492925910193215,52.16546797195099,52.42609442988183,11244500
2015-03-06,51.310096740722656,52.145439563666244,51.18312300010628,51.8781288406187,19176300
2015-03-09,50.94255447387695,51.81130804469139,50.94255447387695,51.22322846913107,17441100
2015-03-10,50.23417282104492,50.828936479941675,50.20744123992815,50.53489928471276,19030600
2015-03-11,50.381202697753906,50.58836611414551,50.020333937939434,50.32106045371582,13051000
2015-03-12,50.06044006347656,50.701982905284545,50.04038754778598,50.46140370229039,19245000
2015-03-13,49.87330627441406,49.93345360915243,49.3320057544087,49.732969291395186,21011900
2015-03-16,50.548255920410156,50.58835073758188,49.445602561444,49.59930785814742,16948500
2015-03-17,50.35445785522461,50.54157380767498,49.98691011963348,50.24085246959793,13936300
2015-03-18,51.8179817199707,52.09197148883366,49.94681193355413,50.027006672467124,27753700
2015-03-19,50.996002197265625,51.41033403370332,50.84898105857717,51.18980232567064,23240900
2015-03-20,51.746212005615234,52.04897674852074,51.355978014140504,51.55781946502022,22610600
2015-03-23,51.564537048339844,52.21043878048872,51.564537048339844,51.86057726718041,12160100
2015-03-24,51.22139358520508,51.7798311525069,51.18775592201426,51.69909152114289,14780900
2015-03-25,51.887474060058594,52.27770270401387,51.490510698316534,51.544337108920374,15898500
2015-03-26,51.82693862915039,52.647773750465014,51.638551250456096,52.48629958775149,15318600
2015-03-27,51.403076171875,51.73275414324087,51.2954232888001,51.631830848651155,11967300
2015-03-30,52.50647735595703,52.607400621327635,51.880759270463905,51.90094289690393,18187800
2015-03-31,52.19699478149414,52.47957588120095,51.806760805800934,52.10952553646228,9403700
2015-04-01,52.18354034423828,52.63433038690334,52.075892591647964,52.36520330566937,13293300
2015-04-02,52.29116439819336,52.593928989413534,51.820190982421735,51.941297845543666,13857700
2015-04-06,53.23310852050781,53.5224190881855,52.35171764697652,52.593931384249444,15543300
2015-04-07,53.26675796508789,53.63007865137791,53.0380033477038,53.186023456914995,14142100
2015-04-08,52.83616638183594,53.64354754201104,52.81598275113659,53.515711036686376,12045700
2015-04-09,53.68389892578125,53.80500580733018,52.93034442579118,52.97744126121743,13875100
2015-04-10,53.91939163208008,54.00685573080135,53.59644331897781,53.82519794632768,8850500
2015-04-13,53.38113021850586,54.228878406232866,53.29366613187798,54.15486835863613,9940300
2015-04-14,54.3432731628418,54.471109673973224,53.663733610296,53.73101409340713,13720100
2015-04-15,55.64179229736328,55.75617473593209,54.54510581650746,54.6527586685321,20006900
2015-04-16,55.51395797729492,55.99838551910641,55.07662727242788,55.43321834260293,21277500
2015-04-17,55.110267639160156,55.3255681890046,54.67293695358457,55.25155814376088,16917400
2015-04-20,55.3188362121582,55.924370586539254,55.15063250445068,55.17081612806842,12710400
2015-04-21,54.733489990234375,55.49377409720962,54.504735392745694,55.46013129961647,11820400
2015-04-22,55.096805572509766,55.30537652550884,54.511454827202044,54.87477544844445,10129500
2015-04-23,55.47358322143555,55.83017940953357,55.15736454871242,55.21791542226472,12575800
2015-04-24,55.15736389160156,55.35920526754128,54.894961376491,55.30537884735604,11507600
2015-04-27,55.096805572509766,55.5543198585369,55.00261190772504,55.38611615239707,11325600
2015-04-28,55.3726692199707,55.47358735006871,54.90842528883825,55.0833586029588,11125400
2015-04-29,55.80327606201172,55.884010574350775,55.00262459350984,55.17755792552936,15903100
2015-04-30,55.62834167480469,56.09931009841873,55.31211781901919,56.0118460006535,16552100
2015-05-01,55.75616455078125,55.85035821251091,55.31210431705324,55.68215451182658,11354600
2015-05-04,55.614871978759766,56.07911068473542,55.33228587096705,55.89072336831986,14434200
2015-05-05,54.92861557006836,56.287704729321476,54.90843194160329,56.0320317469745,16076300
2015-05-06,54.713314056396484,55.6417968823504,54.45764621152623,55.419771839802706,16388600
2015-05-07,54.12122344970703,54.619104957934844,53.717530468429324,54.60565092070468,17396600
2015-05-08,55.009342193603516,55.069893064663276,53.93283948723716,54.55182790175159,14515200
2015-05-11,53.97321319580078,55.09008328324201,53.9193867707464,55.06317007071481,18144400
2015-05-12,54.2221565246582,54.50474271616718,53.79828493715109,53.892478623263784,9851500
2015-05-13,54.08085250854492,54.76039690303634,53.879011145712866,54.693116448758985,12534700
2015-05-14,54.060672760009766,54.59892669914353,54.02703509704515,54.235606060203736,9617900
2015-05-15,54.275962829589844,54.491263337039776,53.69734175334895,53.83190777873578,9780600
2015-05-18,54.32307815551758,54.390358624539616,53.93957383560414,54.16833359008397,7229800
2015-05-19,53.549354553222656,54.013598642650535,53.46862002161583,53.959772199464545,13919800
2015-05-20,53.65024948120117,53.82518276246663,53.34075529629732,53.73771868841862,12623800
2015-05-21,54.154869079589844,54.23560871436211,53.75791075825926,53.953027692414544,10087300
2015-05-22,53.95977020263672,54.20198405483818,53.68391867456792,53.78484196851385,6360700
2015-05-26,53.105281829833984,53.63680623250342,52.90343530060796,53.52242892808822,13183600
2015-05-27,53.01107406616211,53.50222595258034,52.72176352216828,53.0716249289387,11375000
2015-05-28,52.80251693725586,52.896710614968846,52.46610947880364,52.82942501674205,12164200
2015-05-29,52.74196243286133,53.07836990092814,52.61412595238135,52.789059273063856,12978100
2015-06-01,52.6074104309082,52.88326193231002,52.5401248193342,52.87653234451833,8487200
2015-06-02,52.970726013183594,53.226393859472246,52.486298402808494,52.76887946447032,10183000
2015-06-03,52.6074104309082,53.19948582729053,52.53340036471398,52.8092518661158,8640300
2015-06-04,51.89420700073242,52.432460928484225,51.8538397527605,52.331537675384524,15946100
2015-06-05,52.25754165649414,52.7217856654413,51.638553066678774,51.658736696081476,18956000
2015-06-08,51.96148681640625,52.358445065797284,51.840379952780815,52.05568047331834,9707300
2015-06-09,51.95476150512695,52.60739270539429,51.934577881724,52.27770974591364,11033100
2015-06-10,52.593936920166016,52.74195701220967,52.412279164675205,52.593936920166016,9785400
2015-06-11,52.35845184326172,52.77559890156175,52.31135500870929,52.68812968512869,8416500
2015-06-12,51.773101806640625,52.10278478636134,51.685637722134956,52.06241240390714,10504500
2015-06-15,51.652008056640625,51.927864685330974,51.2617792369594,51.41652382066798,8075500
2015-06-16,52.05569076538086,52.069144804812915,51.49725316529959,51.74619652674036,9017600
2015-06-17,51.92784881591797,52.56029639911219,51.66545144271394,52.331536687526494,10413700
2015-06-18,51.89420700073242,52.32480808966591,51.84711016704188,52.08932392121321,12672600
2015-06-19,51.412662506103516,51.87998523946584,51.392339633113835,51.67002872400263,17234900
2015-06-22,52.042545318603516,52.0899602003959,51.64972418425968,51.879998464141536,10577400
2015-06-23,52.21186065673828,52.30668524250161,51.91385898459198,51.96804298580795,7117700
2015-06-24,51.88676071166992,52.39472403530543,51.866443005487724,52.09671723191282,6798300
2015-06-25,51.35847854614258,51.93416926674499,51.344929964140626,51.87321098227625,8685700
2015-06-26,51.52780532836914,51.541348744593485,51.02661108446841,51.31107449788552,11772300
2015-06-29,50.55250930786133,51.202701738866,50.511873895695445,50.877608106998714,13897200
2015-06-30,50.90470504760742,51.10111300366263,50.57960621689935,51.019842171438576,15170600
2015-07-01,50.2545051574707,51.02660903298115,50.05132291865081,51.0062913258262,13910100
2015-07-02,50.47800827026367,50.74892307855752,50.34932257368831,50.389963153658,9700200
2015-07-06,49.81427764892578,50.295149029713016,49.60431593762322,49.81427764892578,13509100
2015-07-07,50.2680549621582,50.444150373898324,49.055715122167165,49.617862481045286,20686100
2015-07-08,49.25212478637695,50.26805143570892,49.0489373896025,49.92263492810041,16521300
2015-07-09,49.50272750854492,50.13937666774289,49.50272750854492,49.929420101314314,11956000
2015-07-10,49.77363586425781,50.11227811021708,49.52981303378549,49.80072786400702,13250400
2015-07-13,50.125816345214844,50.247727735282304,49.80749187296816,49.942946676478876,14358800
2015-07-14,50.484771728515625,50.687953915684815,49.96325993018301,49.98358279944209,12654200
2015-07-15,49.597537994384766,50.4780045982018,49.42144260671344,50.2274126817574,12708300
2015-07-16,49.66526412963867,50.030998309786405,49.570444731148854,49.881994921511065,7860700
2015-07-17,49.0624885559082,49.665271319543685,48.89993656301945,49.6178616134354,14096000
2015-07-20,48.41230392456055,49.15731592714515,48.35134562553995,49.15054163452703,13833400
2015-07-21,48.43260955810547,48.91348086865818,48.28360616128942,48.52742896203023,10619000
2015-07-22,48.039791107177734,48.52743678729438,47.938197395941636,48.23620423762865,15209300
2015-07-23,47.9991569519043,48.391978055865984,47.6334226821985,48.08720208141329,11284600
2015-07-24,47.07804489135742,48.019469889972406,46.9019494825655,47.999152182663806,12554100
2015-07-27,46.40076446533203,46.94936327954702,46.19757704000084,46.47526617680207,17196700
2015-07-28,47.728240966796875,47.98560722426368,46.434625052883156,46.468491345802576,18938600
2015-07-29,48.3784294128418,48.42583911857476,47.45732212951245,47.606325538179014,23427300
2015-07-30,48.039791107177734,48.41906878403699,47.829834559955046,48.276839655214765,12627200
2015-07-31,46.989990234375,47.694366636782014,46.9154885363234,47.6266392296269,21789400
2015-08-03,46.00114822387695,46.78002619908026,45.9063288356542,46.488793744604905,16926600
2015-08-04,45.84538650512695,46.56330637535132,45.648973392707575,46.204346440239135,12762500
2015-08-05,45.499969482421875,46.71230926598878,45.452559777691114,46.20434592932908,18473800
2015-08-06,46.22466278076172,46.346574185995195,44.897185905591755,45.2290538325667,23259600
2015-08-07,45.39839172363281,46.4007753335683,45.23584484565779,46.03504098267044,17081700
2015-08-10,46.8477668762207,46.88163316758778,45.49319789786692,45.49319789786692,19444400
2015-08-11,46.9358024597168,46.98321215241272,45.825056658896195,45.9131017546832,21053900
2015-08-12,47.7891960144043,47.91110743963578,46.50235950806991,46.773269193232295,23483000
2015-08-13,47.06449508666992,47.65373441967684,47.00354196632625,47.47763901545576,19813600
2015-08-14,46.962913513183594,47.49119986227136,46.85455065994338,47.16610096800748,12121200
2015-08-17,47.06449508666992,47.294774487154456,46.57684945483941,46.73262715227927,9532100
2015-08-18,46.88841247558594,47.098369036166005,46.65813303764907,46.976457608380876,11063400
2015-08-19,45.59479522705078,46.70554146416429,45.378064379986455,46.631039751054274,20183000
2015-08-20,44.5653190612793,45.7844279759607,44.55854476991559,45.47287774774422,25336600
2015-08-21,43.007564544677734,44.59918204161722,42.98047254536453,44.11831068016651,25420200
2015-08-24,40.698028564453125,42.384468224603694,39.78369545874116,40.49484371692108,43001100
2015-08-25,40.10879135131836,42.48605895381608,40.074925057354456,42.48605895381608,27696600
2015-08-26,41.490455627441406,41.53786792886397,40.32552781143597,41.12472388789185,39732200
2015-08-27,43.542625427246094,43.64421914573806,42.29642172077111,42.45219686112603,32241400
2015-08-28,44.53144836425781,44.98522766257774,43.373292684666595,43.39361038947648,31463400
2015-08-31,44.992008209228516,45.28324074229433,43.400390714819245,44.1928123162063,36193500
2015-09-01,43.407161712646484,44.21313193208971,43.03465833296344,43.698394258281965,28712600
2015-09-02,43.80677032470703,44.091228630782716,42.790843373918165,44.02350120085113,25528900
2015-09-03,43.928672790527344,44.8700978258696,43.65775795887929,44.09799391439855,21895000
2015-09-04,43.203975677490234,43.51552590435952,43.02110856598823,43.29879508709087,16684200
2015-09-08,43.88126754760742,43.942220678113344,43.13625297658508,43.67131098616991,15627600
2015-09-09,43.054969787597656,44.71431452713936,42.98724237997207,44.18603351348184,18477700
2015-09-10,43.30556106567383,43.549386432388054,42.64182270264359,43.23783366310056,18492800
2015-09-11,42.91952133178711,42.97370533608581,42.32351278631461,42.872111619843515,13344300
2015-09-14,42.547019958496094,42.81116054900521,42.33028908507139,42.62152168066755,12481300
2015-09-15,43.02111053466797,43.163339655577445,42.67569400259038,42.68246829423479,14816600
2015-09-16,44.2402229309082,44.301181222334485,43.298797897852886,43.366525313782724,17216700
2015-09-17,44.21312713623047,44.99877956194099,43.928668913378104,44.27408542242464,19822700
2015-09-18,43.05188751220703,43.7000569448778,42.79262286237019,43.37938435892505,21236900
2015-09-21,43.297508239746094,43.61818082120951,43.02459767489227,43.509016074729416,15689700
2015-09-22,42.84037780761719,43.29068267151013,42.54017282989347,42.62886999173845,17050400
2015-09-23,42.28773498535156,43.201990741264446,42.26726740809826,43.00412881883941,13984700
2015-09-24,42.471946716308594,42.77214909749467,41.680501708915614,41.96023651490729,18912000
2015-09-25,42.55382537841797,42.94272497589577,42.17175004205691,42.94272497589577,15833400
2015-09-28,40.854942321777344,42.11033809273814,40.82082882962964,42.11033809273814,16351400
2015-09-29,40.79354476928711,41.38712797439886,40.52063157470834,41.05280944117452,18881200
2015-09-30,41.75556945800781,41.91249366946917,41.12104834927195,41.168807778730034,16128100
2015-10-01,41.83743667602539,42.751692576364086,41.462182951842394,42.28774166558365,17445500
2015-10-02,43.5635986328125,43.590890471036815,41.28478219494141,41.35983344871179,19929800
2015-10-05,44.88040542602539,45.03050795206077,44.06849005631758,44.10943042139138,23807000
2015-10-06,45.87653732299805,46.217677557832275,44.79853813701594,45.037335260322514,27466400
2015-10-07,46.45646667480469,47.03640913838476,45.508097401839,46.463290935833605,40003100
2015-10-08,47.34342956542969,47.5344672164262,46.081212052443654,46.36776852893843,27071700
2015-10-09,47.03639602661133,47.5003467449138,46.743015348782045,47.445763082670084,25985700
2015-10-12,46.4291877746582,47.11828729716069,46.00617201197019,47.11146824038199,21746200
2015-10-13,45.94475555419922,46.6338601544651,45.81512582938243,46.0743904844019,20837800
2015-10-14,46.34046936035156,46.51103940823747,45.74006466573167,45.84240773554017,15176700
2015-10-15,47.17285919189453,47.19332676788806,45.97204441488046,46.12897117314011,19508200
2015-10-16,47.234275817871094,47.45942440061998,46.586106294940706,47.336613716672176,20031200
2015-10-19,46.2995491027832,46.79079183152145,46.05392773841408,46.7634999904375,19500200
2015-10-20,46.4291877746582,46.64751731547434,45.958412587585,46.20403397167651,13756500
2015-10-21,45.8560676574707,46.449653513041234,45.8083082349802,46.22449971899172,14662100
2015-10-22,46.68160629272461,46.79759266813482,46.08802589775212,46.10849346924987,18740700
2015-10-23,46.57246780395508,47.00912690205277,46.16310055016188,46.463300426737135,15631000
2015-10-26,45.433040618896484,46.483752857913075,45.4193973038846,46.483752857913075,11836100
2015-10-27,44.8872184753418,45.03732096388291,44.42326769502617,44.80534297103249,21107300
2015-10-28,45.88335037231445,46.19037442648053,44.83946234168707,45.201070069380414,19756500
2015-10-29,46.11531448364258,46.54515432490977,45.64454470302395,45.71277167937894,9753600
2015-10-30,46.41552734375,46.91359424633375,45.815122561869025,46.360943671201134,14257200
2015-11-02,47.50035095214844,47.74597224861595,46.06755832095965,46.13579050750007,15386900
2015-11-03,48.71481704711914,49.07642479245351,47.81420721152539,47.83467478875023,21327200
2015-11-04,48.27816390991211,48.8990363844521,47.91655612067426,48.7625823827955,17718800
2015-11-05,47.86879348754883,48.57154143916014,47.65045877093017,48.039363580867544,16233500
2015-11-06,47.623172760009766,47.814210434165155,46.92041959381499,47.44577840312853,13761200
2015-11-09,47.15238952636719,48.03935595294205,46.95452762488863,47.51399723392322,12687000
2015-11-10,47.2547492980957,47.670940823142885,46.77714982071367,46.954544209763405,12685400
2015-11-11,46.25178146362305,47.316137049836605,46.1426141186855,47.247910061943394,14369700
2015-11-12,45.20106887817383,45.92428431450126,45.11919337004063,45.603611747711405,19311500
2015-11-13,45.0168571472168,45.426224292167376,44.48467413285682,45.05096803948771,17779600
2015-11-16,46.51786422729492,46.56562363306216,44.921325853075544,44.95544194521706,17363100
2015-11-17,46.006160736083984,46.58609794873204,45.83559066145894,46.395060298013675,15228900
2015-11-18,46.76350021362305,46.82490295231516,45.89018211631432,46.326841164968684,20951500
2015-11-19,46.13579559326172,46.743024641637106,45.75371508697988,46.49057905761032,18912500
2015-11-20,45.64455795288086,46.36094922064161,45.596798535030146,46.14944397092931,14214000
2015-11-23,45.97205352783203,46.23132342283945,45.310245882848335,45.60362147075827,16407300
2015-11-24,46.95451736450195,47.166022534692154,46.101667219690896,46.19036176081294,18943100
2015-11-25,46.57246780395508,46.96136747586668,46.2859060414515,46.558819279109315,11100600
2015-11-27,46.23813247680664,46.42917532852195,46.074386666436126,46.19719732556038,8376400
2015-11-30,46.408714294433594,46.859021893665684,46.23814418055237,46.42918708062423,17605300
2015-12-01,46.77714157104492,46.818081933843594,46.33366348471361,46.44964990097299,13797000
2015-12-02,45.33069610595703,46.647497040687334,45.18059363587618,46.47010273919319,25428100
2015-12-03,44.42327117919922,45.69913722648127,44.20494168930244,45.54903472616742,24219200
2015-12-04,44.1435432434082,44.40281314709242,43.31116286026927,44.007089234912016,32839300
2015-12-07,42.465118408203125,43.11328247964615,41.857886878045626,43.05187716098718,32800400
2015-12-08,42.028465270996094,42.601580824813894,41.107387910753424,41.530400966309266,27336900
2015-12-09,42.58113098144531,43.48174114068582,41.98072334105368,42.219523106162136,28756900
2015-12-10,42.854026794433594,43.488547684824496,42.30820046954776,42.601581208231416,38914900
2015-12-11,41.25065994262695,42.27408023457055,41.20972479667234,42.11715610212895,29004000
2015-12-14,41.46900939941406,41.68733895879199,40.60933708470016,41.05281786350811,39116600
2015-12-15,42.51289367675781,42.71075301943858,42.00118336453118,42.05576444443487,29070300
2015-12-16,42.233150482177734,42.79262010500759,41.782845600322176,42.34913688078486,28751200
2015-12-17,41.19608688354492,42.342318041413364,41.19608688354492,42.260442528213545,29074800
2015-12-18,40.47458267211914,41.26631046101386,40.460813150625185,41.23877404429364,27139200
2015-12-21,40.51588439941406,40.83946155522257,40.07527026247242,40.481461912390635,24015000
2015-12-22,40.99092102050781,41.25253400612004,40.46080635029264,40.66046043899717,25291500
2015-12-23,42.774051666259766,42.80158809033822,41.672513288801525,41.81709198998826,30210500
2015-12-24,42.388492584228516,42.88418474852416,42.2370305059677,42.82910667415037,7215300
2015-12-28,41.617427825927734,41.87215741482834,41.40400417636532,41.651850317465474,12553900
2015-12-29,41.90657424926758,42.457341918324886,41.679383734773424,42.333421490770974,15106300
2015-12-30,41.34203338623047,41.920340043914734,41.30072745613906,41.32826386744427,15051200
2015-12-31,41.527923583984375,41.74823066191526,41.018464451119534,41.149270957932394,19202400
2016-01-04,41.514156341552734,41.84461697658414,40.82569602867037,41.41777231795203,21808700
2016-01-05,41.6724967956543,41.720688801553635,41.02534512624359,41.48661221878511,15529200
2016-01-06,40.068382263183594,40.770611949000404,39.73103562564005,40.68799483800987,26962100
2016-01-07,39.09078598022461,40.19232434557719,38.925556932496164,39.29044015364249,28081900
2016-01-08,38.58820724487305,39.51074434210878,38.44363118237229,39.42124374930291,19227100
2016-01-11,37.762054443359375,38.79474511320076,37.287017680688884,38.74655309204295,28444700
2016-01-12,37.8515510559082,38.47116644315516,36.80509097203994,38.34724336570577,35594100
2016-01-13,36.942779541015625,38.588199235499694,36.54347393323613,38.3128166916474,33958400
2016-01-14,38.53312683105469,38.870470933605695,36.73624488797183,37.32143513801949,38074300
2016-01-15,37.417816162109375,37.775815832377596,36.708702895265795,36.922126533195204,36880200
2016-01-19,36.61231231689453,37.87907914395536,36.0271222186467,37.700078027744325,35872300
2016-01-20,35.64158630371094,36.17858444091937,34.37481937967341,35.8894324058894,51307400
2016-01-21,36.75000762939453,37.197505200901375,35.36620110328917,35.600277685371964,43670700
2016-01-22,38.37477111816406,38.63638409244352,37.48665686655097,38.09250255287624,38622500
2016-01-25,36.58478546142578,38.608860730720345,36.557246414951614,37.64501511426884,29120000
2016-01-26,37.96858215332031,38.01677415858061,36.76377676927818,37.24569682188118,25354900
2016-01-27,37.78958511352539,38.842928522830164,37.31454845617115,37.70697061360892,36494500
2016-01-28,38.93931198120117,39.37304003994423,38.16135117741646,39.221580573545374,38171900
2016-01-29,40.07526397705078,40.11657253076049,38.89111432630952,39.00815128908652,31498200
2016-02-01,39.4074592590332,39.70349470073784,38.82226656887828,39.4074592590332,27685100
2016-02-02,38.09251022338867,38.62262235111897,37.89973955067362,38.4436238260275,25231200
2016-02-03,39.44877243041992,39.48319491821675,37.25258514326543,38.64327518565069,36440700
2016-02-04,39.428123474121094,40.27492936615479,39.242238869586714,39.53139094801726,37056100
2016-02-05,38.51246643066406,39.06323674585211,38.188891890698706,38.89800512604219,30241000
2016-02-08,38.312808990478516,38.55376899619792,37.17684867490513,37.74827186884984,34806700
2016-02-09,37.39027404785156,38.20265728613977,36.79131178869973,37.74138759091711,37411300
2016-02-10,37.238807678222656,38.0856133034478,36.83949955142042,37.28011623052641,30215800
2016-02-11,37.08047103881836,37.36273964809428,36.05466406778093,36.5916648711423,47986900
2016-02-12,38.05809020996094,38.22332186211958,37.25259279964105,37.58993692615744,25782000
2016-02-16,38.43674087524414,38.81539352548853,37.87908707132718,38.69835390558452,33800200
2016-02-17,39.696617126464844,39.86873218556784,38.74654126486143,38.898003357277624,29280000
2016-02-18,39.20093536376953,40.095936010656736,39.00816728660273,40.03397446781482,28832300
2016-02-19,39.11142349243164,39.125193011085535,38.34723227787679,38.67769284676889,25128800
2016-02-22,40.109683990478516,40.28868508593853,39.682839466812595,39.854954490611235,24708300
2016-02-23,38.73966598510742,39.91693260725778,38.670818371191416,39.72416454082883,21455000
2016-02-24,39.132083892822266,39.221584467945156,37.913508836214206,38.01677893260736,25279800
2016-02-25,39.166500091552734,39.26977017135763,38.40230885454476,39.015038008176816,18588900
2016-02-26,39.40058517456055,39.93069995462756,39.26977865464835,39.82054640463103,21155100
2016-02-29,38.95309066772461,39.66908748730353,38.91866554673219,39.558933928424615,22983300
2016-03-01,39.97200393676758,40.033965465676665,38.82916000176356,39.22846558985853,23643000
2016-03-02,40.94961166381836,40.977150701640284,39.5313827311954,39.72415336968171,26795000
2016-03-03,41.56922912597656,41.644960170938674,40.76372929696831,40.78438488958264,24395600
2016-03-04,41.96854019165039,42.5675025568922,41.355810931217725,41.8033111866833,30551600
2016-03-07,42.95303726196289,43.001229272373614,41.74823174915972,41.94788586444275,33360500
2016-03-08,41.14927673339844,42.629464956855195,41.08042912046479,42.60192853794963,29817600
2016-03-09,41.81707000732422,42.354068075453156,41.19745483158544,41.70691649011144,25467600
2016-03-10,41.851505279541016,41.8996972939082,41.09419731927366,41.63808162572363,28623600
2016-03-11,42.9323844909668,43.076960522863665,42.3540777371117,42.40226974774399,24783600
2016-03-14,42.65011215209961,42.80157161818139,42.23015098787139,42.395382600094784,21766100
2016-03-15,42.5674934387207,42.57437688484166,41.7619936766783,42.06491520507576,21719600
2016-03-16,43.30415344238281,43.4005374631158,42.5261925766174,42.82223071245023,26970400
2016-03-17,43.8962287902832,44.25422847136753,43.262846557319335,43.655268729105146,28160800
2016-03-18,44.022422790527344,44.272035811830875,43.61333103628175,44.230434964122765,30474000
2016-03-21,43.869873046875,44.16108951942506,43.38450961427364,43.84907262598368,16698500
2016-03-22,43.627197265625,44.02242384343291,43.32904815151883,43.35678116898144,14180100
2016-03-23,42.67033386230469,43.47464942995051,42.58712688822489,43.31517336382447,18873800
2016-03-24,42.878360748291016,42.878360748291016,41.87990052124188,42.0809774985166,15516000
2016-03-28,42.6495361328125,43.010091797219125,42.35138702928333,42.89221920338414,11564900
2016-03-29,42.850624084472656,42.88529234560925,41.92150040291044,42.171116115123986,14366900
2016-03-30,42.93381118774414,43.419174583675115,42.68419822085348,43.23889811119558,15744800
2016-03-31,42.913021087646484,43.245841101884416,42.698076316273976,42.767412827358335,14046400
2016-04-01,42.33750915527344,42.462316957385035,42.02548964999444,42.171097870785424,14804800
2016-04-04,42.02548599243164,42.704993608668296,41.900678201182316,42.26123374867843,15809500
2016-04-05,41.74121856689453,42.03937033590951,41.56093939980627,41.67187940839195,16048800
2016-04-06,42.642601013183594,42.649533605637934,41.76894888794097,42.080965803730265,18218800
2016-04-07,42.39298629760742,42.705005865282374,42.03936588425458,42.30978196123349,13927100
2016-04-08,43.24584197998047,43.481589825479766,43.030897204243566,43.19037329899038,17666500
2016-04-11,43.06556701660156,43.724274489152656,43.06556701660156,43.59253140763134,16235700
2016-04-12,44.34831619262695,44.60486714685522,43.14184376389798,43.23198071482474,27630400
2016-04-13,44.55630874633789,44.68804648712181,44.01547408643127,44.32749357387404,18702900
2016-04-14,44.66032791137695,44.7504648409707,44.39684178019522,44.743529603298455,17435500
2016-04-15,44.057090759277344,44.486985579604465,44.00161943600226,44.410713832610355,14221200
2016-04-18,44.785133361816406,44.896076011641945,43.04476418548112,43.14876895216503,20685800
2016-04-19,45.679588317871094,45.72812440432001,44.833674424052184,45.04168395596044,17341400
2016-04-20,46.08867645263672,46.44229948581275,45.29129346372588,45.43690170326049,21088300
2016-04-21,45.818267822265625,46.34522954885104,45.72119564684006,46.151085197999905,19335100
2016-04-22,46.48390579223633,46.65724971063367,45.89453752769267,45.9292031373502,15764500
2016-04-25,45.96387481689453,46.331363083726075,45.61718697421773,46.32442784566227,17234300
2016-04-26,46.6988410949707,46.71964151455744,46.116408186400044,46.22734552087448,13585700
2016-04-27,47.58638000488281,47.690387434541144,46.906874672518654,46.941540289046344,21962400
2016-04-28,46.87913131713867,47.71811527605801,46.69885215463237,47.37142742741183,15555200
2016-04-29,46.80286407470703,47.44076850804224,46.088687884121164,46.983143254575594,24107400
2016-05-02,46.75431823730469,46.91379695741521,46.17881520347632,46.71964734031313,15066000
2016-05-03,45.6518440246582,46.20654658494799,45.367562797785546,46.12333961389382,16158100
2016-05-04,44.993141174316406,45.99853365402409,44.72272512004921,45.67958152053037,18605400
2016-05-05,45.36063766479492,46.00547728650027,44.98621414670438,45.75586160777324,14352000
2016-05-06,45.256614685058594,45.811317178123915,44.95153307490419,45.06940563541919,12545500
2016-05-09,44.597923278808594,45.0971546120474,44.02935543596142,45.000082440588365,16020800
2016-05-10,45.38143539428711,45.3953058700797,44.805937609771405,44.82673803342376,10351400
2016-05-11,45.52011489868164,45.92227406665436,44.90301096060201,45.27049922821835,14214800
2016-05-12,45.644920349121094,46.27588944035528,45.30516247149706,45.929201615051376,12477200
2016-05-13,45.06248092651367,45.790527457486014,44.96540876105553,45.44383964083943,12371900
2016-05-16,45.825199127197266,45.970812684683494,45.520117405414645,45.65185519594286,13727700
2016-05-17,46.04015350341797,46.393776637447125,45.68653036938882,45.83213865045083,15837300
2016-05-18,45.596397399902344,46.185765814688075,45.3051755223286,46.033222281206086,20583200
2016-05-19,45.60332107543945,45.707328496689385,44.715800955509515,45.13876058923194,16854900
2016-05-20,45.87373352050781,45.970805684024704,45.46463915422708,45.74199046000511,9833500
2016-05-23,45.755859375,45.95693895583108,45.4438424368353,45.60331587988425,10272500
2016-05-24,45.984676361083984,46.255092461755396,45.70039507398392,45.991611599316705,11302900
2016-05-25,46.71272277832031,46.78205929026087,46.22042666649456,46.26202751565154,14255500
2016-05-26,46.51857376098633,47.09407686885973,46.37296549695272,46.892997278517086,10716800
2016-05-27,46.54631423950195,46.58098514454113,46.095624214217025,46.35216986737232,9258700
2016-05-31,46.366031646728516,47.02473639859492,46.158016835593656,46.657248150288204,15406100
2016-06-01,46.3798942565918,46.518567262956765,45.79746128181559,45.915333866229425,16695700
2016-06-02,46.31748962402344,46.345219991251895,45.8529239773932,46.026267867767494,12850000
2016-06-03,46.13721466064453,46.56017421453217,45.86679859045883,46.31749380411374,12157700
2016-06-06,47.15647506713867,47.19807590947136,46.504700323735015,46.587907298436306,18223800
2016-06-07,48.22427749633789,48.34908532215154,47.29515139527268,47.30902187038324,15618300
2016-06-08,48.11333465576172,48.71657335969486,47.981591592939985,48.51549379171715,18129700
2016-06-09,47.745849609375,47.988530038663065,47.51009912804045,47.558635213898064,12340600
2016-06-10,46.71272277832031,47.55863668805393,46.65031621454807,47.25355497750813,14490200
2016-06-13,46.57404708862305,47.20502154991902,46.43537405692839,46.48391014702523,11573800
2016-06-14,46.54631423950195,46.78206475568608,46.01935245516076,46.379905533396176,12202500
2016-06-15,46.435367584228516,46.99700016135323,46.10948018613125,46.37296102563892,16829500
2016-06-16,46.21349334716797,46.282829861987516,45.3051675459098,45.93614199785278,19993700
2016-06-17,46.6852912902832,46.77602173875281,46.41309462000505,46.69227219397143,17435900
2016-06-20,47.090087890625,47.459995829671485,47.048213127674266,47.35530359742652,10913200
2016-06-21,47.64844512939453,47.746161799859266,46.845816979839185,46.985403095013424,11222300
2016-06-22,47.38322830200195,47.85782853760731,47.34135353337669,47.85782853760731,10258200
2016-06-23,48.16493606567383,48.17889255031384,47.69731129474621,47.87877754428722,9538500
2016-06-24,46.608516693115234,47.14593444757455,46.26652696519429,46.30840173701788,26879900
2016-06-27,45.11492919921875,46.015274194894346,44.74502112945661,45.97339941714618,21659700
2016-06-28,46.3712158203125,46.37819139852557,45.69421199282379,45.95942773637995,14550400
2016-06-29,47.25062942504883,47.52980704278503,46.65738031540326,46.65738031540326,16354400
2016-06-30,47.62751007080078,47.65542836017299,46.95050619691503,47.04822287215239,12132300
2016-07-01,47.8787841796875,48.053269548654924,47.53679434747519,47.571693551217024,12678800
2016-07-05,46.915618896484375,47.40417571671719,46.4479994649944,47.236671281904506,15069900
2016-07-06,47.118019104003906,47.15291297441547,46.32236644039392,46.643418802476056,15897500
2016-07-07,46.636436462402344,47.697304872925876,46.308403206390956,47.39719523217525,14097800
2016-07-08,47.25761032104492,47.42511476170743,46.79697177800547,47.05520668134556,11567900
2016-07-11,47.34834671020508,47.732216648177854,47.30647192601562,47.508875591049375,9750400
2016-07-12,48.520877838134766,48.730262362419836,47.962527981490645,48.060239339525104,15524500
2016-07-13,48.102108001708984,48.64650130582612,47.65542604320933,48.38128555698851,12546200
2016-07-14,48.346397399902344,48.5976567245122,48.206811252839174,48.47900796702149,10898600
2016-07-15,48.3184814453125,48.63255291923667,48.13701520544505,48.52087974858906,9129500
2016-07-18,48.35336685180664,48.374304236419896,47.87178570622601,48.178881546870926,9401100
2016-07-19,48.08116149902344,48.31148333781704,47.89969532377381,48.23470939155251,6991900
2016-07-20,48.01138687133789,48.24868437818558,47.487930850487984,47.88575721333911,11555000
2016-07-21,47.536773681640625,48.31846971173865,47.41812496029238,47.878763365178514,9256900
2016-07-22,47.68334197998047,47.76011593701838,47.37624615182885,47.641467212457506,7990600
2016-07-25,46.73414611816406,47.473962149608795,46.55966080321055,47.369275220532074,12771700
2016-07-26,47.00634765625,47.04822775709127,46.43403597687057,46.46195426914149,12393900
2016-07-27,46.54570007324219,47.41114566546851,46.343296487382965,47.06915597033266,16177900
2016-07-28,46.552677154541016,46.77601813151682,46.22464925466165,46.48986500079888,10863500
2016-07-29,47.02728271484375,47.08311929661985,45.84776554282334,45.88964031672066,16501800
2016-08-01,45.47785949707031,46.65039581645845,45.317330648657084,46.61550194497366,30648500
2016-08-02,45.8896484375,46.11298947925803,45.066077347604036,45.79891796971002,25600100
2016-08-03,46.77602767944336,46.79697039316782,45.71515915348096,45.89662539833624,23905600
2016-08-04,46.70624542236328,47.02729788382931,46.44102956068384,46.60155312898123,16790200
2016-08-05,47.13197326660156,47.19479075004082,46.65039208475472,46.73414695438397,11426800
2016-08-08,47.760128021240234,48.08118041150898,47.44605653561453,47.46001302003054,21663400
2016-08-09,47.50886535644531,47.96950918277839,47.320423543317034,47.89273521172288,11128400
2016-08-10,46.99238204956055,47.7112606301486,46.894670708016655,47.60656838567479,18036800
2016-08-11,47.68334197998047,47.88574556445597,47.090093032307415,47.194785275983534,17429700
2016-08-12,47.94857406616211,48.095146452210955,47.683358239963795,47.808987910241,10189700
2016-08-15,48.332435607910156,48.430146965099034,48.08117631089029,48.22076244262595,10703400
2016-08-16,48.40920639038086,48.56275432010167,47.95554350480646,48.24867755707204,10242800
2016-08-17,48.5557746887207,48.583692978935,48.12304917770328,48.17190485436094,14719500
2016-08-18,49.553836822509766,49.553836822509766,48.67442921328753,48.72328489575155,24148500
2016-08-19,49.14205551147461,49.393309511386725,48.960589260271796,49.393309511386725,11045700
2016-08-22,48.57670974731445,48.807031636893036,48.35336876117226,48.71630119169654,14136700
2016-08-23,48.918701171875,49.044330813761285,48.57671143974485,48.57671143974485,12456200
2016-08-24,48.72328567504883,48.96756941614607,48.59765601457915,48.64651169782457,16452600
2016-08-25,48.590675354003906,48.79307897053414,48.43014651162835,48.646506611253635,11895800
2016-08-26,48.42316436767578,49.05131258825886,48.19284779085317,48.67442365590902,14575100
2016-08-29,48.75120162963867,48.7930817310323,48.22774562361205,48.28358220889032,7394000
2016-08-30,48.58368682861328,49.05130614954952,48.40222062762731,48.86286437054507,7132900
2016-08-31,47.81597900390625,48.38130997817653,47.5507577963253,48.31151688534479,13232800
2016-09-01,47.67638397216797,47.78805717234832,47.29949490886621,47.61357179071998,16668500
2016-09-02,48.213783264160156,48.33243199976498,47.91366831095024,48.14399020350257,10794400
2016-09-06,48.93965148925781,48.9815262681051,48.29754137266853,48.339421476385965,12844100
2016-09-07,49.21882247924805,49.323514748466636,48.946625774201706,49.1629912172188,15094500
2016-09-08,50.140098571777344,50.20989695907777,49.2955902691618,49.53289307127068,18005300
2016-09-09,48.64649963378906,49.82602196874729,48.64649963378906,49.67247405237772,21771800
2016-09-12,49.128082275390625,49.379341541733844,48.21378097695051,48.304511419014304,21972900
2016-09-13,47.72523880004883,48.61162750456506,47.585652627227475,48.59069011112897,24580400
2016-09-14,47.15989303588867,48.24170417184164,47.04124429384388,47.66939252359497,26470200
2016-09-15,47.74617385864258,48.09514455958326,47.27157349236843,47.34834214769469,16477400
2016-09-16,47.360694885253906,47.53623490389022,47.051748095252236,47.051748095252236,17394400
2016-09-19,47.33259201049805,47.880275766372066,47.325568912920374,47.746863697665475,11797500
2016-09-20,46.98854446411133,47.5994255737979,46.95343967942816,47.27643262661303,14132900
2016-09-21,48.07689666748047,48.097960610618976,47.33962651529833,47.395800601704835,20260900
2016-09-22,48.133056640625,48.77201927571542,48.09092340964629,48.59647932495757,13315900
2016-09-23,47.49409484863281,48.336684579445354,47.22025291826599,47.90134887324931,23075200
2016-09-26,47.28342819213867,47.908355208235626,47.19214936630801,47.655577306032114,13240200
2016-09-27,46.96746826171875,47.093857239108274,46.44084841543811,46.81299224968111,19410200
2016-09-28,48.9967155456543,49.0669304622095,46.84108492937552,47.24131584650041,41143400
2016-09-29,48.91246032714844,49.46716192398029,48.47009616957608,48.96161130498372,27001600
2016-09-30,49.57950973510742,49.839310820189,48.94054167060466,49.25651683198303,14714500
2016-10-03,49.544395446777344,49.74099934028768,49.13012372217404,49.66376668816947,13154900
2016-10-04,49.038841247558594,49.70589631786228,48.8422373471085,49.58653042931108,11852800
2016-10-05,49.7901496887207,50.021858331345534,49.4882207865179,49.53737175399028,13351200
2016-10-06,49.86738204956055,50.09909604792871,49.41800024748185,49.937602308741425,11175800
2016-10-07,49.57950973510742,50.085065707668996,49.43205680261942,49.87441560008342,11744400
2016-10-10,50.35891342163086,50.541476512052135,49.57951543385565,49.57951543385565,11534500
2016-10-11,49.78312301635742,50.26760955892103,49.50928116624003,50.18335382476386,13712200
2016-10-12,49.572486877441406,49.74802684893168,49.15119201727572,49.572486877441406,10439100
2016-10-13,49.29865264892578,49.5514306759098,48.652666738658006,49.26354786337866,13543400
2016-10-14,49.01075744628906,49.71291726439031,48.975647312562295,49.551418149123144,11372400
2016-10-17,48.77202224731445,49.17927624357898,48.50520343444518,49.02480022037144,7425000
2016-10-18,48.9686164855957,49.36182956446774,48.75094869059661,49.256504536965345,6945100
2016-10-19,49.66376876831055,50.042930374787574,49.29864264473739,49.34779362017364,14315900
2016-10-20,49.60758590698242,49.811212871163825,49.0950069478977,49.36884881354252,12494500
2016-10-21,49.28459548950195,49.36885123256505,48.99670741522608,49.28459548950195,14238500
2016-10-24,49.137149810791016,49.453119607868544,48.59648371367924,49.28460273989751,10668400
2016-10-25,48.91246032714844,49.64972499467769,48.8281992121216,49.12310507913331,13227100
2016-10-26,49.024803161621094,49.22843017196999,48.392858191065,48.47711930615742,17867800
2016-10-27,48.84223556518555,49.30566361967156,48.828194725831864,49.23544870879455,14206300
2016-10-28,48.70882797241211,49.45311565712413,48.39987594160144,48.75797894485434,18558400
2016-10-31,48.18220901489258,48.79308463279471,48.097947907536906,48.533288926626426,12973800
2016-11-01,48.18923568725586,48.70883791000214,47.662615722053374,48.54031566405752,18824800
2016-11-02,47.655574798583984,47.901329591392035,47.044694007558796,47.73281278447404,22983000
2016-11-03,47.84516525268555,47.929426351781856,47.3957834382795,47.6555844760361,12748100
2016-11-04,47.58537292480469,48.0698649584442,47.297490158376625,47.606442221225564,17554100
2016-11-07,48.61052703857422,48.63860871736451,48.12603504509952,48.12603504509952,14799500
2016-11-08,48.67372131347656,48.94756323049537,48.30157744455636,48.37179235919241,11208700
2016-11-09,49.46715545654297,49.83228155020043,48.273485946860426,48.84223366703158,25993800
2016-11-10,49.67781066894531,50.04995454191609,49.263538918145294,49.43205578651694,20634800
2016-11-11,48.77202224731445,49.48120519156069,48.3717913494833,49.382903241711254,17659700
2016-11-14,49.04586410522461,49.09501508009582,48.32966342037914,48.596482232957946,12572000
2016-11-15,50.42912292480469,50.45720996316175,49.43205716987541,49.4741850488836,19228700
2016-11-16,50.078033447265625,50.653804231335535,49.92355744423769,50.31677054932347,16609100
2016-11-17,49.74100875854492,50.82935883419305,49.61462510911889,50.499342797433094,10338000
2016-11-18,49.94463348388672,50.22549852500068,49.663773799827844,49.916546444069816,11962300
2016-11-21,51.131282806396484,51.18745688310384,50.64679076964144,50.64679076964144,16875400
2016-11-22,51.10320281982422,51.39810872764999,50.48530396194324,51.14533070464061,16013200
2016-11-23,51.3138427734375,51.47533653788465,50.80126372933225,50.857437802641904,11462000
2016-11-25,51.061058044433594,51.208510949570275,50.80828010504104,51.09616281781636,8791800
2016-11-28,50.35188674926758,51.32086550126212,50.26060788906139,51.3068246600977,18790100
2016-11-29,49.733970642089844,50.035899514048815,49.20032779366287,49.58651775444288,18361700
2016-11-30,52.26176071166992,52.74625274895847,51.46129886740048,51.46129886740048,44854800
2016-12-01,52.38814926147461,53.406278948269645,52.346021382782475,53.230738977646034,27382400
2016-12-02,52.54261779785156,52.78837265025816,52.21260184302528,52.36005475446924,18338800
2016-12-05,53.00605392456055,53.43437192908162,52.79540915061837,53.020100123723246,22535100
2016-12-06,52.907745361328125,53.118395466058715,52.36708461619982,52.68305441624101,16963500
2016-12-07,53.32903289794922,53.406270901951125,52.78837222698985,52.78837222698985,16008300
2016-12-08,53.616939544677734,53.68715447525205,53.05520938597156,53.46948658335492,14600200
2016-12-09,53.78544616699219,53.8977943200775,53.476499460117154,53.8977943200775,8974800
2016-12-12,54.038230895996094,55.084447756115104,53.81353991884861,54.979128045776804,16130200
2016-12-13,54.64908981323242,55.04229752433092,53.946930125097516,54.44546286082691,16028600
2016-12-14,53.55373001098633,54.60696979795546,53.406277083657194,54.3893019562393,19851400
2016-12-15,53.673095703125,53.86969958588232,53.027104629281496,53.32903355124567,20251800
2016-12-16,54.00626754760742,54.05567837156997,53.73097790190523,54.05567837156997,17864900
2016-12-19,53.75921630859375,54.048621040061064,53.65333442717841,53.9497993868404,7113200
2016-12-20,53.639217376708984,54.105095530367784,53.4909848874657,54.03450940006763,8982100
2016-12-21,53.72392272949219,53.970976872552654,53.455693286366035,53.75215825803859,8102700
2016-12-22,53.94274139404297,54.08391903690591,53.653336650582666,53.75921853638577,10970400
2016-12-23,53.89334487915039,54.00628702343753,53.77334788987868,53.85805449809404,6398100
2016-12-27,54.013328552246094,54.196856798777645,53.92862735029039,53.978038179890056,10008900
2016-12-28,53.427459716796875,54.15450710105127,53.38510372973604,54.13333180020916,8093700
2016-12-29,53.32156753540039,53.50509574956952,53.13097909385441,53.34980305953222,6697400
2016-12-30,53.1662712097168,53.568617976674666,52.9968634618859,53.2721530716268,8853300
2017-01-03,53.766265869140625,54.218023492445326,53.19451130519655,53.72391527488571,24623100
2017-01-04,53.65332794189453,53.90744227242509,53.476859955991394,53.80862063114938,11185500
2017-01-05,53.51921463012695,53.88626569922787,53.26510028022018,53.688622401606146,11141200
2017-01-06,53.56862258911133,53.75215080653272,53.21568660927247,53.68861952976638,7410500
2017-01-09,52.79217529296875,53.26510831005587,52.714528930715424,53.21569747820165,10960900
2017-01-10,52.312171936035156,52.869811436538946,52.269821341310426,52.74981449456838,9660800
2017-01-11,52.87688064575195,52.97570230714593,52.27688506323283,52.49570907235662,13127000
2017-01-12,52.65806579589844,53.229825948130916,52.446307364096945,53.17335487883282,10895600
2017-01-13,52.50275802612305,52.70040671211588,52.36864600663367,52.587464605834256,9906700
2017-01-17,52.82746505737305,52.95452225001452,52.62276688875091,52.665117491172495,9783000
2017-01-18,52.70746612548828,52.84864377058315,52.474527050114126,52.53805833675094,8725200
2017-01-19,52.418052673339844,52.72863267022317,52.29099550654079,52.707457373319265,9000900
2017-01-20,52.61570739746094,52.93334769082897,52.43923937106163,52.75687966442966,9182200
2017-01-23,52.058048248291016,52.481570275608945,51.80393395482531,52.37568842243577,15207000
2017-01-24,52.629825592041016,52.85570446381632,52.16395277510692,52.26277444492255,11857200
2017-01-25,52.905113220214844,53.06746617732042,52.62982352434716,52.643943982552976,9410300
2017-01-26,52.947471618652344,53.159230032982975,52.8345294893743,53.07452882140158,8651700
2017-01-27,52.396881103515625,52.679225596152186,52.24158840133992,52.62275992885047,9950900
2017-01-30,51.43689727783203,52.18511991377391,51.07690103103634,52.15688438604717,13286400
2017-01-31,51.458091735839844,51.54279296517926,50.91456704914669,51.465151966744216,14007400
2017-02-01,51.076908111572266,51.80395554885009,50.759267805021935,51.73336941243635,18424300
2017-02-02,51.366302490234375,51.458069295838456,50.75219730381153,51.16160435167737,12880100
2017-02-03,51.81101608276367,52.07924555686393,51.267491519890136,51.57101675509331,11828600
2017-02-06,51.37337112426758,51.98748179655307,51.225138627931806,51.81101376967093,10521700
2017-02-07,50.64631652832031,51.387484290202245,50.37808710425761,51.14748500730317,14157800
2017-02-08,50.76631546020508,50.87925757077565,49.86986034540017,50.646318506756025,16148400
2017-02-09,51.33807373046875,51.493361049175505,51.069838919643516,51.069838919643516,9261600
2017-02-10,51.72629928588867,52.01570939079948,51.5710065842659,51.74747458422342,10405400
2017-02-13,51.82511901855469,51.84629431610637,51.52159385443699,51.620415499928725,7984900
2017-02-14,51.994537353515625,52.01571265317847,51.34513098005601,51.97335666847647,10771700
2017-02-15,51.78982925415039,52.065118896279465,51.62041610101263,51.839240077471615,8926600
2017-02-16,51.08396530151367,51.90983435770988,51.00631894046514,51.83924822549577,11375400
2017-02-17,50.801605224609375,50.971012985109205,50.63925230615598,50.8227805214999,11645000
2017-02-21,51.14748764038086,51.422777306594426,51.06984128474357,51.28160505200461,11802500
2017-02-22,50.371036529541016,50.96396654437669,50.33574076825824,50.90750086585214,11539400
2017-02-23,50.58279037475586,51.0204275704493,50.26514474183616,50.935726376638186,17390100
2017-02-24,50.1098518371582,50.406322170428886,49.85573748599818,50.21573371437088,13997600
2017-02-27,50.540428161621094,50.75925211786621,50.07455549696684,50.1592566803356,23686400
2017-02-28,50.385135650634766,50.625134903543064,50.24396342095367,50.392195877731425,14018400
2017-03-01,51.39455032348633,51.62748942912679,50.815735366831895,50.851031129035796,18997600
2017-03-02,50.90748977661133,51.39453778688149,50.886309093229244,51.140423440055365,10770300
2017-03-03,50.81572341918945,51.182779872450865,50.70278670036929,50.99219141796392,11166500
2017-03-06,50.92865753173828,50.99924364309661,50.53336561445644,50.73101426578491,8374700
2017-03-07,50.4769172668457,51.12631833064422,50.413385975073595,51.11220325768205,11461800
2017-03-08,49.16398239135742,50.56866606386032,49.1428070945189,50.27220113736986,25566200
2017-03-09,49.488685607910156,49.5169211337314,48.62752091917773,48.916931019813596,27770700
2017-03-10,49.4181022644043,49.869859932190955,49.128692147497354,49.80632864917735,17479300
2017-03-13,49.4251594543457,49.66515875602866,49.25575166722485,49.368693782223055,13078800
2017-03-14,48.86751937866211,49.051042215366955,48.43693704149737,49.04398737306156,26384800
2017-03-15,49.95456314086914,50.067505255052446,49.04399292580425,49.28398684037914,23205000
2017-03-16,49.60162353515625,50.060441416530146,49.460451287983986,50.060441416530146,16277500
2017-03-17,49.56541061401367,49.91336110478539,49.56541061401367,49.806844100518155,14243900
2017-03-20,49.49439239501953,49.600909392247175,49.103837295424235,49.402080553518,12218700
2017-03-21,49.14645767211914,49.764252119816426,48.96182851228755,49.728744636805295,16717200
2017-03-22,49.075443267822266,49.30267705063768,48.798502264318486,48.99733114707189,12419600
2017-03-23,48.87662124633789,49.295581391284394,48.82691401867167,48.93343105443685,11800400
2017-03-24,48.68488693237305,49.05414524787219,48.59257506233887,48.94762821772124,10442500
2017-03-27,48.45763397216797,48.59255585153061,48.18779563112175,48.22330309969478,11491300
2017-03-28,49.14645767211914,49.26717444606695,48.41504903061253,48.52866322442186,27922600
2017-03-29,49.8210563659668,49.90626564739487,49.004433106970254,49.13934960845826,18575200
2017-03-30,49.80685043334961,50.25421540693757,49.67903109551296,50.133498648336456,15912300
2017-03-31,49.63643264770508,49.94887574319877,49.40919884294546,49.64353522782667,19861200
2017-04-03,49.55122375488281,49.75005268017293,49.05415144165751,49.714550610760774,13133300
2017-04-04,49.913368225097656,49.95597286581029,49.181959665233926,49.65772954546053,12974000
2017-04-05,49.757144927978516,50.76549450693384,49.68613538621898,50.33232925921571,22733700
2017-04-06,50.15479278564453,50.29681725878104,49.821047463553036,49.95596394093311,13124700
2017-04-07,49.96309280395508,50.318146047065795,49.88498065705611,50.18322408102531,12580300
2017-04-10,50.33943557739258,50.56666937850813,50.13350409861892,50.240021128009595,10820900
2017-04-11,50.34654235839844,50.43885423547639,49.80686000408658,50.41755191135699,13891500
2017-04-12,50.133487701416016,50.71577446493066,49.97726349843024,50.39622889895386,11453600
2017-04-13,49.21746826171875,50.126403502148165,49.10385406550576,50.090901436067206,17656000
2017-04-17,49.323970794677734,49.37367800672286,49.08253731265278,49.203254053665255,8012200
2017-04-18,48.862403869628906,49.43049097323096,48.762989439150566,49.10384278484783,14750300
2017-04-19,48.14521026611328,49.075447803985426,48.0173909128599,48.9831359335118,18125400
2017-04-20,48.3795280456543,48.73458110595092,48.237508988607544,48.28721620034188,16235400
2017-04-21,48.13810729980469,48.379540844190004,47.896668337738184,48.17360936461837,14116100
2017-04-24,48.422149658203125,48.62097855261294,48.27302798739576,48.49315920368076,13350700
2017-04-25,48.834007263183594,48.947626870265154,48.3937448299452,48.54286650097895,15591000
2017-04-26,48.670684814453125,49.3310838679393,48.58547011095522,48.606772432409464,18737600
2017-04-27,48.13810729980469,48.34403877937632,47.65523479335287,48.29433155449222,20547700
2017-04-28,48.173614501953125,48.63518473520331,48.10260494707197,48.54997543641862,14426000
2017-05-01,48.03868865966797,48.29432734182459,47.932171639155925,48.159405421330625,9419400
2017-05-02,47.7972526550293,48.29433030872931,47.59842376062171,48.13810605807162,16435600
2017-05-03,47.93217468261719,48.15940847922013,47.55581921490116,47.69074114396202,16934800
2017-05-04,47.0516357421875,47.65522489546784,46.74628987626732,47.59841510234779,33944500
2017-05-05,47.7972526550293,47.87536478035814,47.058741463171806,47.0800492027278,18743800
2017-05-08,48.13810729980469,48.22332200718366,47.74754666308587,47.79015672561595,18948700
2017-05-09,47.74045181274414,48.2375240856578,47.598427293567774,48.2375240856578,10719700
2017-05-10,48.372440338134766,48.599674124423515,47.974777148868846,48.01738720845355,18259200
2017-05-11,48.273014068603516,48.62806711129861,48.20199912592091,48.54285243068718,11968700
2017-05-12,48.10969924926758,48.32983045682407,47.96768016394355,48.23751859313153,10708600
2017-05-15,48.486061096191406,48.90502666321273,48.32983683112181,48.82691453067793,13206900
2017-05-16,48.24462127685547,48.71328859358122,48.074191872881705,48.71328859358122,11693400
2017-05-17,47.76884460449219,48.37243924546045,47.747542284021435,47.96057632409031,15606800
2017-05-18,47.75463104248047,47.98896733519957,47.37827570927173,47.555802218723336,14115000
2017-05-19,48.34403610229492,48.443450546558,47.87536336418539,47.98898296773226,15624500
2017-05-22,48.23750686645508,48.62806738267102,48.067082921960626,48.59966248897536,10339200
2017-05-23,48.35112762451172,48.41503999847223,48.095494381710445,48.365332782138616,9086800
2017-05-24,48.095497131347656,48.44344766557543,47.875360516987556,48.29432600804924,13480700
2017-05-25,47.2220573425293,48.450543323339616,47.05163338937126,47.97476810185043,23329200
2017-05-26,47.3001823425293,47.34278698801177,46.99483640864866,47.22207021402393,13199100
2017-05-30,46.668182373046875,47.05164038794879,46.64688005294353,47.05164038794879,14529100
2017-05-31,46.4693489074707,46.61136797259248,46.227909995547606,46.29891952810849,16093000
2017-06-01,46.760498046875,46.930922039283445,46.34153793685404,46.490659607421556,17983700
2017-06-02,46.220802307128906,46.56165561049084,46.02197347086756,46.54745587262051,16542500
2017-06-05,46.3060302734375,46.4764542651765,46.06459673661401,46.078796478558495,12552500
2017-06-06,46.85280990600586,46.93091660448382,46.171103179954564,46.277620194505104,14835300
2017-06-07,46.192413330078125,46.888314415158426,45.87286226973332,46.661080633830885,22942100
2017-06-08,46.05748748779297,46.39833542191704,45.958073055533426,45.97227279542183,19569300
2017-06-09,47.165252685546875,47.32147691697787,46.15690317790366,46.16400575688153,23184200
2017-06-12,47.4990119934082,47.96768477182473,47.399597540595245,47.58422670339703,22924400
2017-06-13,47.854061126708984,47.9179735082362,47.41379328871548,47.641027078526115,15807900
2017-06-14,46.987735748291016,47.7262470003544,46.62558541153109,47.7262470003544,30280200
2017-06-15,46.63267135620117,47.00902676328609,46.42673991469279,46.774695842248434,19258900
2017-06-16,47.40415573120117,47.42560470163975,46.61051109511033,46.910807591204915,24621000
2017-06-19,47.10385513305664,47.397005617409775,46.98230732709541,47.29690678250319,15678400
2017-06-20,46.50326156616211,46.631960845924574,45.981312971853974,46.56046245827372,16063400
2017-06-21,45.75252151489258,46.63196485046625,45.502271681646945,46.36026331709226,27305500
2017-06-22,45.72392272949219,46.11716936462296,45.53802253489212,45.773969424974986,15431600
2017-06-23,46.03135681152344,46.08140622231276,45.60236108261835,45.731060346787544,14555500
2017-06-26,45.9312629699707,46.260159912957306,45.745365527953076,46.17436403085999,13603400
2017-06-27,45.859771728515625,46.30307052333747,45.85262025223418,46.095721351000385,14227500
2017-06-28,46.11001205444336,46.38885958357342,45.88836541718031,45.916965863113816,16859900
2017-06-29,46.21010971069336,46.71775533938381,46.11001087996438,46.245861630943914,19022400
2017-06-30,46.417457580566406,46.6319581862622,46.117161096573895,46.54615685298849,19643200
2017-07-03,47.31120681762695,47.532858925369254,46.531865067597984,46.58191448773766,18402800
2017-07-05,46.35312271118164,47.11816706956936,46.174373978334245,47.07526366430066,20988200
2017-07-06,45.83831787109375,46.567610179738296,45.73821903373033,46.43176487473223,20683600
2017-07-07,45.76682662963867,45.831173554432965,45.252029411370856,45.68817675157118,16036700
2017-07-10,45.91696548461914,46.02421579224139,45.602366036921126,45.70246486937463,14153800
2017-07-11,46.16721725463867,46.3316684703586,45.70962098695425,45.99562001800146,11899800
2017-07-12,46.29591369628906,46.73921243987553,46.09571602337178,46.6248106525071,14818600
2017-07-13,46.481807708740234,46.517554171318984,46.07426094150064,46.3316594739653,10056800
2017-07-14,46.76065444946289,46.846450322238326,46.46750400420909,46.51040739557345,10272500
2017-07-17,46.70346450805664,47.025210016310645,46.63196611233108,46.67486405877083,12214900
2017-07-18,46.481807708740234,46.95370138160762,46.288756081903365,46.93940388757147,14956800
2017-07-19,47.16104507446289,47.203943006610736,46.396001039628366,46.43175295306898,24802700
2017-07-20,47.018062591552734,47.597206671111444,46.88936330109772,47.425609435497336,17159300
2017-07-21,46.553306579589844,47.082401144132476,46.48895421830697,46.86075452688694,13047600
2017-07-24,46.46751022338867,46.72490878611832,46.36025991308842,46.65341039757728,10433400
2017-07-25,47.053802490234375,47.38985089366189,46.91795719787421,47.02520204579618,15479300
2017-07-26,47.10385513305664,47.64725270467625,46.9751558517514,47.31835575355783,21211400
2017-07-27,47.58290100097656,47.60434996987177,46.90365274109284,47.118153339998614,15815900
2017-07-28,47.52570724487305,47.997600996302886,47.34695853729039,47.425608405024974,14765000
2017-07-31,47.63295364379883,47.904649693192304,47.411301555236875,47.5400008323132,13519500
2017-08-01,47.62580871582031,47.897504802563915,47.41845954897206,47.661560641303026,12668700
2017-08-02,47.44705581665039,47.64010201430039,46.960859129817,47.38270344744875,15118500
2017-08-03,46.7821159362793,47.44706140310771,46.57476676329214,47.368411528699546,15327800
2017-08-04,46.93225860595703,47.06095788917173,46.696309010900514,46.80355932274234,9371000
2017-08-07,46.57475280761719,46.81785383430267,46.43175605425618,46.732052509300175,11437300
2017-08-08,46.46751022338867,46.87505703854772,46.33166492165391,46.43890977697678,10429100
2017-08-09,46.510406494140625,46.80355147873624,46.33880384196234,46.53900148119379,10437900
2017-08-10,46.01707077026367,46.66771327245412,45.938420897309726,46.58906885447819,15262100
2017-08-11,45.716758728027344,46.131454222960784,45.67386079294113,45.87406115746702,15990900
2017-08-14,45.5809211730957,46.00276551144563,45.52372027654658,45.80256782850141,11406700
2017-08-15,45.40932083129883,45.65241918462251,45.14477350569299,45.65241918462251,12725600
2017-08-16,44.973175048828125,45.55231910460009,44.880224958986304,45.42361981943103,16583300
2017-08-17,44.336822509765625,44.966018642994364,44.32252501519339,44.794421433242825,14796900
2017-08-18,44.55846405029297,44.85876320595461,44.19381799786954,44.22241570948989,18632700
2017-08-21,44.32967758178711,44.515575029615704,44.186678076348116,44.4941260584209,10375200
2017-08-22,44.62281799316406,44.7229168122429,44.422620355006394,44.45121806939444,15171800
2017-08-23,44.81587219238281,45.04467029951459,44.486975254316945,44.52987319472379,11526000
2017-08-24,44.8444709777832,44.951718552319264,44.64427059583663,44.658570817939136,10390500
2017-08-25,45.044673919677734,45.2234226257082,44.91597463313669,44.930274856917784,8220200
2017-08-28,44.8444709777832,45.216268569982866,44.6013726570176,45.06611760165082,9956000
2017-08-29,44.78727722167969,44.84447811919886,44.45838024341119,44.62997748099088,8727100
2017-08-30,44.80872344970703,44.94457420924895,44.48697796708169,44.61567725112732,8664400
2017-08-31,45.02322769165039,45.13762676138228,44.85162772330806,45.001775990926994,10333700
2017-09-01,45.45937728881836,45.60952556400583,44.98032928501997,45.09472836051839,11595500
2017-09-05,45.70961380004883,45.93126042314655,45.38786562258129,45.64526416455532,18114800
2017-09-06,46.45322036743164,46.58191966996253,45.91697418271598,45.93842315730809,17052100
2017-09-07,46.53900909423828,46.65341088107146,46.23156656582335,46.47466218037769,8640300
2017-09-08,46.0456657409668,46.4675100502715,45.83116512116543,46.43890960396616,10264700
2017-09-11,46.481807708740234,46.54615461436803,46.11715887858583,46.22440917627557,13551100
2017-09-12,46.7678108215332,46.86790965357166,46.496109316019776,46.61765711849829,9409700
2017-09-13,47.35410690307617,47.38270189403113,46.81786081554537,46.86791023218249,15893300
2017-09-14,47.58290100097656,47.904646444358384,47.439898783380436,47.44705025800445,14583400
2017-09-15,47.69518280029297,47.69518280029297,47.376445951001834,47.6806970226579,13068100
2017-09-18,47.89802932739258,47.92700641368211,47.55030981873239,47.58653255829782,12583500
2017-09-19,48.09360885620117,48.16604879511985,47.90526059356217,47.99943748828821,10504300
2017-09-20,48.41958999633789,48.54998409348547,48.187778882165844,48.231247265756984,18273800
2017-09-21,48.43408966064453,48.55723812731637,48.21676428561223,48.35440405825361,8874100
2017-09-22,48.68037414550781,48.81801388295215,48.33990591768163,48.3906144219802,14647900
2017-09-25,49.3830680847168,49.527953517311516,48.85425145448493,48.90495997418955,14833800
2017-09-26,49.361328125,49.455499494809075,49.122271347623276,49.25991110310924,10710700
2017-09-27,49.571407318115234,49.5858930953185,49.1295165014386,49.40479048280555,10918200
2017-09-28,49.614871978759766,49.91188292693998,49.4772377464834,49.68007179557558,11799900
2017-09-29,49.607643127441406,49.6148832545449,49.281655022902896,49.44102624821311,14287500
2017-10-02,49.59313201904297,49.60762332109332,48.890453093534866,49.078801332502856,12416800
2017-10-03,49.54243087768555,49.70904771515028,49.4337682034097,49.52794510029493,7239800
2017-10-04,49.50620651245117,49.68730912133807,49.3323495554274,49.54242924495376,10197600
2017-10-05,49.73078155517578,49.810467151719685,49.51345619608996,49.54243327908897,10161800
2017-10-06,49.31061935424805,49.535184826278226,49.14400251812642,49.259910843569834,11963300
2017-10-09,49.41203308105469,49.564158602946335,49.310616066460256,49.36857022531787,5764100
2017-10-10,49.45549392700195,49.93360742792834,49.404785421765446,49.75975048523354,7763700
2017-10-11,49.571407318115234,49.60038439933488,49.19471631588609,49.397550357610484,10287000
2017-10-12,49.39030075073242,49.45549503314643,49.115026791407715,49.19471237667773,10181100
2017-10-13,49.361328125,49.82495037559009,49.33235104348647,49.680070494835626,8893700
2017-10-16,49.469993591308594,49.759758895986515,49.368576563693345,49.51345645262556,7666900
2017-10-17,49.49897003173828,49.60038705803668,49.23093616119913,49.45550164417224,8377100
2017-10-18,49.1512451171875,49.66557584406592,49.09329095806556,49.46274181395193,7706300
2017-10-19,48.99911880493164,49.20195283177675,48.78903912660985,48.810770554227155,7591900
2017-10-20,49.09329605102539,49.12227313359246,48.76731354406932,49.107787355715615,9820200
2017-10-23,48.839752197265625,49.288888674973784,48.79628933796953,49.12951748847046,8655300
2017-10-24,48.933937072753906,49.15125693147828,48.83252003331971,49.01362267899709,9820200
2017-10-25,48.59346008300781,48.99188256173342,48.44133453366017,48.84700266525388,13522700
2017-10-26,48.694881439208984,48.85425265557428,48.40511609370975,48.61519583102634,9362200
2017-10-27,48.781803131103516,49.04259136775754,48.05739259080096,48.44133481968492,16188000
2017-10-30,49.03534698486328,49.17298121733924,48.44133061445477,48.44133061445477,11614800
2017-10-31,49.19472122192383,49.375823852497575,48.839756086693434,49.057081454107404,9649000
2017-11-01,49.75250244140625,49.984313529455875,49.46998285055866,49.49171427649889,17306300
2017-11-02,49.607643127441406,49.89016283528603,49.310632111760626,49.75252304491546,11328300
2017-11-03,49.75250244140625,49.94809080168062,49.53517712837935,49.58588563117732,11111900
2017-11-06,50.88983154296875,50.955025827306656,49.89014716209758,49.97707287454812,19100000
2017-11-07,50.82464599609375,51.04921149428071,50.55661210739584,50.97677154584754,13410300
2017-11-08,50.57834243774414,50.83188501514545,50.29582277623786,50.70149090007997,14246600
2017-11-09,50.73046112060547,50.81739236115899,50.31030174814953,50.38274721201725,12988900
2017-11-10,50.46244430541992,50.687009819530886,50.078502050552466,50.643546952751784,10534200
2017-11-13,50.17266845703125,50.51314224700248,50.114714295586566,50.32479398571377,7489800
2017-11-14,49.361328125,49.9843215605079,49.30337396197294,49.9843215605079,16527700
2017-11-15,48.803524017333984,49.020843791766374,48.60068449032696,48.919426791668855,17693100
2017-11-16,48.607940673828125,48.82526602216529,48.47030644490691,48.65140905958348,12514000
2017-11-17,48.84699630737305,48.94841332707113,48.57896245427779,48.702116429750944,9172400
2017-11-20,48.73108673095703,48.83250927486062,48.51376692011114,48.78904089124111,7785300
2017-11-21,48.839752197265625,49.115031710976176,48.738335174365915,48.919437790517286,8464400
2017-11-22,49.03534698486328,49.23093538196771,49.00636990254905,49.129518357274556,9307500
2017-11-24,49.17298126220703,49.33235245167408,49.16574113673187,49.23093542688839,4990700
2017-11-27,48.673152923583984,49.0208669375781,48.57173587560115,48.96291275964088,10595800
2017-11-28,49.04983901977539,49.12227897139529,48.66590230205727,48.72385647407881,12113300
2017-11-29,49.31786346435547,49.41203483072409,48.92668116843408,49.02809818661966,13599300
2017-11-30,50.0567512512207,50.15092812855923,49.433757943277456,49.433757943277456,22303600
2017-12-01,50.4769287109375,50.824648216144624,49.94086643693998,50.41172888573002,21188300
2017-12-04,50.45519256591797,51.25204301269612,50.29582137119963,50.904323539963976,13575900
2017-12-05,50.23787307739258,50.63630111076447,50.17991890402682,50.4551984641071,10689800
2017-12-06,49.58588790893555,50.17990419477498,49.51344797686978,50.09297848702107,12061200
2017-12-07,49.73078155517578,49.81770727735934,49.49172476554407,49.53518762663585,8640000
2017-12-08,50.18714904785156,50.20888047444442,48.31092886116833,49.98431503056823,10696700
2017-12-11,50.54936218261719,50.8101503963886,50.25235676109677,50.28133384338397,11316700
2017-12-12,50.41172409057617,50.80290642416973,50.346529798384005,50.41172409057617,11758200
2017-12-13,50.33928298950195,50.527631262864105,50.19440310341623,50.41172293254481,9216000
2017-12-14,50.158180236816406,50.513145352377364,50.13644880664194,50.1509401113005,11782800
2017-12-15,50.112972259521484,50.514047708505196,50.047338292180264,50.514047708505196,10153400
2017-12-18,50.499473571777344,50.7547044554458,50.222366550025306,50.23694878754236,9660700
2017-12-19,50.5723876953125,50.86408247095137,50.45571312322601,50.732820100094635,6764200
2017-12-20,51.28704833984375,51.37455289288676,50.58698409741948,50.74012262886079,12254500
2017-12-21,52.37359619140625,52.52673469457348,51.25786883717718,51.30891500489959,16803100
2017-12-22,52.48297882080078,52.69445737644177,52.21316020216615,52.431932656585,10660800
2017-12-26,52.9423942565918,53.02990435101259,52.56319497466428,52.67258120178661,8631100
2017-12-27,52.76738739013672,52.971572076860035,52.65800114693053,52.949695940941886,10855300
2017-12-28,52.84757995605469,52.84757995605469,52.66527148680577,52.76006988791454,7966800
2017-12-29,52.694454193115234,53.015313392967585,52.606944103911346,52.98614892684725,7356400
2018-01-02,53.562259674072266,53.62059975613342,52.78927305941945,52.95699940444118,14891400
2018-01-03,54.36438751220703,54.502938164959424,53.61327194882764,53.671611993993345,19299600
2018-01-04,54.69255447387695,54.72901840230528,54.13104669593547,54.32793744405111,14306800
2018-01-05,54.670677185058594,54.714429447355,54.21855007474349,54.61963102450803,14204400
2018-01-08,54.99883270263672,55.028002733324236,54.50295330817786,54.64880346161545,9779200
2018-01-09,54.860294342041016,55.12281355000476,54.77278423030929,55.108231313190664,9234500
2018-01-10,54.794654846191406,55.05717959131869,54.75090257654191,55.020715657534005,10822000
2018-01-11,55.91767501831055,56.11456579143177,54.78735985685204,54.98425619358832,18089500
2018-01-12,56.45730972290039,56.603159899246215,55.93226021528612,55.93226021528612,19819200
2018-01-16,55.742645263671875,56.62501768100439,55.64055295512851,56.5885537578331,16894900
2018-01-17,56.231231689453125,56.47188023404008,55.53846164564498,55.90307862946267,14007400
2018-01-18,55.77181625366211,56.15830936605985,55.669718379740154,56.019753131949855,11514600
2018-01-19,55.69890213012695,55.72078382796774,55.33428505672405,55.64785596239515,12962700
2018-01-22,56.902137756347656,56.924013889870366,55.757240405202054,55.77182820329375,17016700
2018-01-23,56.81462860107422,57.069859410770654,56.53022219756747,57.01151935037879,10184900
2018-01-24,56.661476135253906,57.16464934506819,56.46458541519511,56.88024854742018,12919700
2018-01-25,56.21665573120117,56.94588985238079,56.11456339932521,56.94588985238079,11718400
2018-01-26,56.52294158935547,56.61774002774031,56.2239529116865,56.34063304842029,7785300
2018-01-29,55.669734954833984,56.49377314374619,55.582230413438204,56.2968767983751,12647200
2018-01-30,54.546722412109375,55.356172849273435,54.50296457522508,55.20302876560186,22751800
2018-01-31,54.583187103271484,54.7873718203137,54.203987709281115,54.69257336272018,15725300
2018-02-01,55.14468002319336,55.18113838696897,54.34981202773209,54.656088988795325,18011600
2018-02-02,52.840301513671875,54.26231132787631,52.54860676483907,54.13104896908228,31005400
2018-02-05,50.623435974121094,52.796556301425845,49.79210944524456,52.13295052009326,34767600
2018-02-06,51.024505615234375,51.3891226277044,49.51499140615301,49.75563996965061,32815200
2018-02-07,50.171302795410156,51.82666157262084,50.16400889739911,51.1849376379991,24603700
2018-02-08,48.654510498046875,50.42654996440326,48.63263436052403,50.222365262702255,27771100
2018-02-09,48.618045806884766,49.28165164075255,46.999144891873804,49.23060546611778,35174100
2018-02-12,49.412906646728516,49.95983224909994,49.01182564621017,49.245180347344046,24956900
2018-02-13,49.2087287902832,49.4202018231583,48.865987808509,49.1576826162072,12285000
2018-02-14,49.92335891723633,50.069209055243604,48.61074105685418,48.727415603646115,19756900
2018-02-15,49.799400329589844,50.061925066351385,48.99724388442513,50.025461133728676,16469400
2018-02-16,49.67543411254883,50.14214354048037,49.37644542960958,49.58792400845594,13791100
2018-02-20,49.40561294555664,50.14214098418082,49.17955214269391,49.777523914471914,17808100
2018-02-21,48.57428741455078,49.71918481311494,48.57428741455078,49.25976929926571,12545400
2018-02-22,49.10661697387695,49.82856267032314,48.800340016143856,48.92430846613857,15330300
2018-02-23,50.171302795410156,50.207761158237346,49.25976027051981,49.3472647921963,15684800
2018-02-26,50.470298767089844,50.57239111091639,50.178603971750235,50.42654649505432,12156400
2018-02-27,49.813995361328125,50.97348084049093,49.80670702382325,50.57239973306622,13465700
2018-02-28,48.66908264160156,50.258813214082046,48.64720650861565,50.076504687713246,17622000
2018-03-01,48.59615707397461,49.36185505864928,48.24612784252254,48.61803320548857,22975000
2018-03-02,48.82221984863281,48.997240035134006,47.874218874683514,48.26071205021484,14578900
2018-03-05,49.33998107910156,49.49311956999278,48.508649100012086,48.59615919349902,12831500
2018-03-06,49.36915588378906,49.82857701627297,49.12121891241708,49.64626845604684,15677900
2018-03-07,48.99725341796875,49.35457666001382,48.5378322574376,48.83682098499699,12362600
2018-03-08,48.98265838623047,49.25247703491064,48.632629096520496,49.10662686118545,8013300
2018-03-09,49.916080474853516,49.9598383116113,49.31810863290953,49.361866469667305,11393100
2018-03-12,49.901493072509766,50.26611014725743,49.65355056860154,49.94524534112267,9486000
2018-03-13,49.544166564941406,50.280689000593526,49.33998190699371,50.054628209810666,10730900
2018-03-14,49.25247573852539,49.87232366060039,49.150383401412576,49.733767390112234,11348200
2018-03-15,48.99725341796875,49.64627148690647,48.62534237459022,49.4347928764997,12408500
2018-03-16,49.43421173095703,49.6545417698583,48.92746160664516,49.022934968448695,14342600
2018-03-19,48.67042541503906,49.34610182755911,48.391345455521154,49.28000055098287,14525000
2018-03-20,49.081695556640625,49.412185046538816,48.868711324154106,48.93480698084325,11259100
2018-03-21,50.36695098876953,50.690094712015565,49.22124228728547,49.37547672272218,16439600
2018-03-22,49.3387565612793,50.073182824112735,49.243283164272924,49.80878892123448,18483800
2018-03-23,49.03763198852539,50.16130871432444,48.927472547666866,49.588451605725616,19214300
2018-03-26,49.918949127197266,49.99239062569363,49.03029410796876,49.60314564075844,15953000
2018-03-27,49.448917388916016,50.33757241849535,49.16249161918496,50.131933979019436,13923100
2018-03-28,48.48681640625,49.64721117449077,48.40603467730697,49.47829628229985,18228700
2018-03-29,49.50766372680664,49.705956298919524,48.692450346470864,48.69979057279735,13968100
2018-04-02,48.51618957519531,49.40484454246228,47.68629004458075,49.31671699071052,18993100
2018-04-03,49.55173110961914,49.595794883694765,48.23710768517245,48.69979412264633,14114300
2018-04-04,49.485633850097656,49.59579889742887,48.45744168361188,48.79527705306108,12490800
2018-04-05,50.37428665161133,50.690090118439024,49.61048839080773,49.61048839080773,13528400
2018-04-06,49.46360778808594,50.30085328126727,48.80996886100977,50.058496872461525,18883900
2018-04-09,49.6986198425293,50.330226825752476,49.500327233018425,49.6986198425293,10819800
2018-04-10,51.34373474121094,51.74766576102872,50.46976583129267,50.484451888845726,21842200
2018-04-11,51.87986755371094,51.997378438055016,51.19685094733621,51.2629522205866,21190900
2018-04-12,51.87251281738281,52.283795238752546,51.68890629453649,52.056119340229145,14311600
2018-04-13,52.445369720458984,52.65834835549238,52.07815667585101,52.15159816412733,13330400
2018-04-16,52.98151397705078,53.22387600605553,52.283811218285976,52.56289120114628,14024300
2018-04-17,53.1871337890625,53.42949573303819,52.819920759969456,53.121038133374306,16105300
2018-04-18,54.02438735961914,54.50911132215275,53.635142385405366,53.64983404663627,17311500
2018-04-19,54.09048843383789,54.49441946460035,53.75999329605734,54.06845654529792,18150300
2018-04-20,53.83344650268555,54.02439329384545,53.48826526779456,53.98032951176665,13690400
2018-04-23,54.1639289855957,54.1712748160566,53.370747392625404,53.664518975565535,14844600
2018-04-24,53.583740234375,54.68537964446469,53.2899686043722,54.31082067613041,22787500
2018-04-25,54.00969696044922,54.08313845101966,53.07697266020233,53.414813602634155,13163300
2018-04-26,54.79555130004883,54.83961508872203,54.039093043940476,54.20800796934004,12216900
2018-04-27,54.21534729003906,54.48708702841811,54.00236299831945,54.2373791817294,10539300
2018-04-30,54.208003997802734,54.817579178187735,54.112530594929495,54.127216655668434,12963200
2018-05-01,53.877506256103516,53.9729796445445,53.19448966881608,53.9362616966336,13800900
2018-05-02,54.09783935546875,54.523802314857726,53.64249307095862,53.71593457407896,13434700
2018-05-03,53.972984313964844,54.06111748238473,53.24590388499079,53.84813319445744,15329600
2018-05-04,54.23738098144531,54.42833338781081,53.605773916967735,53.82610404763777,13585500
2018-05-07,54.31081771850586,55.50059023377284,54.20065826607812,54.66334477595709,17973700
2018-05-08,54.73678207397461,54.76615979344115,53.34871704773622,54.33285103857058,28774100
2018-05-09,55.853111267089844,56.47002654705667,55.39776503433322,55.40511086477861,24903900
2018-05-10,56.271724700927734,56.40392161107972,55.81637854302069,56.07342653408678,13890100
2018-05-11,56.35251998901367,56.73441911504794,56.22766328720136,56.39658376422581,12010700
2018-05-14,56.74177169799805,56.9988197560373,56.52878742041483,56.52878742041483,10226300
2018-05-15,56.7564582824707,56.844591447426055,56.323149495368725,56.61691550543161,10482700
2018-05-16,56.95475387573242,56.9914718236829,56.38924256566831,56.67566833452725,11997200
2018-05-17,57.814048767089844,57.89483612167137,57.10900007520203,57.138377804434306,16271300
2018-05-18,57.36602020263672,57.76995677839024,57.3219564319095,57.71120134860315,14092700
2018-05-21,57.95356369018555,57.95356369018555,57.395398309845326,57.68916985756262,11513100
2018-05-22,57.18241500854492,58.32811789974121,57.02084037450928,57.946218803751215,16583400
2018-05-23,57.17506790161133,57.21913727559878,56.3818864085514,56.85192424398506,16605800
2018-05-24,56.23501205444336,56.60222514232747,55.977964013569895,56.514091984073545,19154800
2018-05-25,54.773494720458984,55.31696841433404,54.230015423358,55.24352693190108,32453500
2018-05-29,54.60458755493164,54.942422938909736,54.09783728057815,54.34753950225562,19327500
2018-05-30,56.25703430175781,56.50674207240166,55.05257602817855,55.0746079131594,23022200
2018-05-31,55.831085205078125,56.499415831751406,55.71357991003163,55.84577686897646,13258700
2018-06-01,56.09547424316406,56.470033194795796,55.79436239817868,56.02203273974525,14102500
2018-06-04,55.61075973510742,56.69770750962301,55.463871114748606,56.286430579074185,13689200
2018-06-05,55.47854232788086,55.90451076505891,55.214148511923845,55.33899959078525,13707900
2018-06-06,55.742950439453125,55.889833440108994,55.250886223705926,55.68419499789986,13479200
2018-06-07,56.58753204345703,56.91067571039424,56.022020820670804,56.03671248016534,15178900
2018-06-08,56.47737503051758,56.80786457413494,56.12484799452886,56.65363574689836,11236600
2018-06-11,56.771141052246094,57.0281890724007,56.3451725598604,56.46267782483397,10717800
2018-06-12,56.337833404541016,56.903344719107956,56.18360457417565,56.77114777833375,15707200
2018-06-13,56.12485885620117,56.455354067005416,55.89718848668117,56.161582414033276,12502100
2018-06-14,56.04404830932617,56.44798486533672,55.91185140037962,56.2864102429325,10291100
2018-06-15,54.84035110473633,55.8311329553745,54.72205207782438,55.72022373940408,16089400
2018-06-18,55.38749694824219,55.75719054215838,54.69986663791499,54.69986663791499,13184400
2018-06-19,55.26179504394531,55.46882254724096,54.566774945892234,54.72204557336398,12607600
2018-06-20,55.50578308105469,55.71281054302075,55.062151999545236,55.59451155378669,11655900
2018-06-21,54.47802734375,55.14347668594827,54.21924305541578,55.1139005328423,15009800
2018-06-22,55.564937591552734,56.171234743154386,55.557542141597395,55.82372192923475,28036300
2018-06-25,54.44845962524414,55.4836025800092,54.078766115761994,55.40226955663711,18380300
2018-06-26,55.136085510253906,55.350508406083385,54.39669854852806,54.58894073807773,13523600
2018-06-27,55.87546920776367,56.57049471632689,55.572323504524604,55.59450420950862,20583900
2018-06-28,55.80153274536133,56.16383076309068,55.37268697029211,55.9568033243882,14285400
2018-06-29,56.14905548095703,56.74056174788725,55.95681326469379,55.95681326469379,13167900
2018-07-02,55.320945739746094,55.771972347659926,55.01779994488052,55.75718708689321,15296600
2018-07-03,55.6684455871582,56.53352698725119,55.535355707061214,55.89765374246278,9308200
2018-07-05,55.609310150146484,56.1860312585451,55.446644064992704,56.008579911593976,9969500
2018-07-06,55.94941711425781,56.126874069083804,55.18045389990519,55.439243882090864,9310300
2018-07-09,56.784934997558594,56.86626803480203,56.25996516041409,56.28954132314591,11059200
2018-07-10,57.20637512207031,57.6721869086221,57.06588978471293,57.132431908045234,11003600
2018-07-11,55.99378204345703,57.0215295598235,55.62408852991297,56.674016754520025,19362800
2018-07-12,56.08991241455078,56.45221055640447,55.69064265694452,56.14166929195845,12568000
2018-07-13,56.385658264160156,56.7257756317491,55.99378402848324,56.14165918271302,11423100
2018-07-16,55.7349853515625,56.10467882053536,55.2617781625632,55.831109263783226,11390600
2018-07-17,55.51318359375,55.82372481502174,55.202642372478266,55.55014956328667,9753200
2018-07-18,55.55014419555664,55.63147721818431,54.69985364439054,55.24699845391508,15351500
2018-07-19,55.564937591552734,55.80154122044422,55.343119221496444,55.40227153898819,16231800
2018-07-20,55.37268829345703,55.69062490794018,55.19523700476811,55.564930480163646,10861200
2018-07-23,55.128700256347656,55.564941577801,55.032581964334625,55.527969966447436,7623800
2018-07-24,55.82372283935547,56.14905494978861,55.298758705477354,55.37269628300973,10168500
2018-07-25,56.2895393371582,56.43002469490874,55.62409544293706,55.89766506667099,11035300
2018-07-26,56.903221130371094,57.006734855969476,56.296924034262716,56.40783320913954,12187400
2018-07-27,56.65922164916992,56.95497756626632,56.19340988746867,56.267347456474035,12640900
2018-07-30,57.12504959106445,57.34686233900325,56.91802210322452,57.11025868988962,11395000
2018-07-31,57.02154541015625,57.3838435746367,56.888455482642236,57.2285729327165,11290500
2018-08-01,56.23038864135742,56.54832530546881,55.927237236496865,56.5261389549791,11172500
2018-08-02,55.91985321044922,56.0307624212533,55.4540412943642,55.81633945131921,9689700
2018-08-03,55.6314811706543,55.91984167461228,55.35051611684478,55.816327936836366,7663300
2018-08-06,55.83852005004883,56.10469989899869,55.461436631600506,55.79415862224944,8200100
2018-08-07,56.2525749206543,56.56311616535088,56.07511794561951,56.40784554300259,11798300
2018-08-08,55.84590530395508,56.052932783983614,55.51318337406289,55.86069620457183,9398800
2018-08-09,55.32832336425781,55.99377270588121,55.23959490501655,55.89025334956255,15232500
2018-08-10,55.6684455871582,55.6684455871582,55.091724653762874,55.20263382735619,16977700
2018-08-13,54.958648681640625,55.75718816430299,54.92907251845946,55.56494592416361,9817000
2018-08-14,55.09172821044922,55.46142171891082,54.862514399271845,55.38008869576325,10437900
2018-08-15,53.16932678222656,54.65549072774103,53.01405053375726,54.56676788984504,26400400
2018-08-16,53.553794860839844,53.85694056479202,53.398524284511964,53.42810043825173,25013300
2018-08-17,53.68689727783203,53.82738263065629,53.49465505413713,53.69429272826379,11532700
2018-08-20,54.04918670654297,54.24142889940971,53.67949321930112,53.70167392596364,8345700
2018-08-21,54.322776794433594,54.75901252112818,54.263624466417774,54.50022813740457,9509100
2018-08-22,54.973426818847656,55.143488324832475,54.62591399784759,54.66288560730208,9345400
2018-08-23,54.71464157104492,54.8107598565312,54.50761410010494,54.71464157104492,6468900
2018-08-24,55.113914489746094,55.439246615223595,55.00300529778096,55.054762168554575,7753300
2018-08-27,55.520565032958984,55.5945082430365,55.2174193077259,55.29875232595123,6984900
2018-08-28,55.28396224975586,55.85329338580091,55.246996285242226,55.62408522616135,8393500
2018-08-29,55.62409591674805,55.853304120439915,55.29136832572723,55.46142984661468,7760400
2018-08-30,55.46881866455078,55.71281776538831,55.18045814213407,55.601908570364344,9250200
2018-08-31,55.03996658325195,55.31353614555813,54.810752791904484,55.2987508885719,8909600
2018-09-04,54.92166519165039,55.33572010450265,54.69985247736887,55.29135868986137,15094700
2018-09-05,54.84770965576172,54.87728580286043,54.115718348556676,54.6702584142427,9598100
2018-09-06,53.83477020263672,54.825551799509654,53.686895046602245,54.64070503392876,14406400
2018-09-07,53.827388763427734,53.92350706568841,53.07321068358511,53.6351465178299,10134400
2018-09-10,53.805198669433594,54.32277304220698,53.79041340898914,54.100954648007516,8911700
2018-09-11,54.315364837646484,54.625906003746636,53.60555404038553,53.753429174411856,14281600
2018-09-12,54.59632110595703,55.13607597676167,54.58153585135194,54.75898711198237,12689400
2018-09-13,54.61852264404297,54.722036378297155,54.1453153900023,54.507613459891935,11037400
2018-09-14,54.90690612792969,55.11393368312131,54.603754607057816,54.62593532496009,9494300
2018-09-17,54.99559783935547,55.36529130446801,54.86250796627196,55.04735469882824,14728900
2018-09-18,55.35791015625,55.734993488077365,55.35051470629001,55.387486315014485,10223500
2018-09-19,55.5279655456543,55.75717936386122,55.320938077138706,55.3726949442676,10911500
2018-09-20,55.54277420043945,55.979009985535136,55.47622641224344,55.764586998579254,12512400
2018-09-21,55.90977096557617,56.095888715581324,55.463089501536395,55.84277130190854,13710100
2018-09-24,56.72869110107422,56.97436790798283,56.35645558025388,56.40112770505936,12784500
2018-09-25,57.09347915649414,57.33170963406506,57.01158689734202,57.08603285660869,13027600
2018-09-26,56.54258346557617,57.041383469490164,56.44580425758371,56.74359386353694,12728600
2018-09-27,56.54258346557617,56.840373071529406,56.393691502531716,56.765927090007175,10672100
2018-09-28,56.38624572753906,56.98182494501321,56.24480006528383,56.274573914279614,14833100
2018-10-01,57.16793441772461,57.406164934058715,56.59468851038521,56.59468851038521,12712600
2018-10-02,57.22750473022461,57.42106315793584,56.83293021251022,57.30939701881962,9468400
2018-10-03,57.68906021118164,57.860291052228284,57.30938406428132,57.47316292458516,13244800
2018-10-04,57.45083999633789,57.85285511791297,57.11583023495752,57.50295275210516,15192700
2018-10-05,57.4433708190918,57.62948852286564,57.09346862721913,57.39125240936802,11983200
2018-10-08,57.398712158203125,57.488050721699565,56.79569247422511,57.01903036317187,11578600
2018-10-09,57.91242218017578,58.33677058717834,57.35406871412688,57.59974560235604,16816700
2018-10-10,56.095890045166016,58.10596520078228,55.83532632495551,58.0091803333733,26405300
2018-10-11,54.19749069213867,55.589647817270375,53.78802937306291,55.55242767544899,35592100
2018-10-12,54.34640121459961,54.89730834887859,53.5200376732487,54.7335237652069,23579000
2018-10-15,53.89228057861328,54.562305929667254,53.87739365075237,54.338962252694046,11590400
2018-10-16,54.338951110839844,54.43573600162041,53.817823544577095,54.041161495890634,14571100
2018-10-17,53.99649429321289,54.39850941584274,53.53492579231019,54.234724845897496,15804200
2018-10-18,53.72846984863281,54.22726404749851,53.38601387568639,53.49768565987526,16586700
2018-10-19,53.25202560424805,54.03372265934333,53.2148054510645,53.46047663764288,13568100
2018-10-22,52.663875579833984,53.32645429821106,52.34375283096596,53.21478819500591,12294500
2018-10-23,51.28660583496094,51.90451811727682,50.55702744849641,51.88962551681509,26477700
2018-10-24,49.26165008544922,51.547176077799065,49.246763162963504,51.53228915531335,28100200
2018-10-25,49.86467742919922,50.378358632609064,49.52966202190012,49.86467742919922,25333300
2018-10-26,49.492431640625,50.102897597185276,48.67350904535652,49.455205820890015,25579900
2018-10-29,48.56929016113281,49.924227257477824,47.92160397675122,49.857227588692176,24459800
2018-10-30,49.693450927734375,49.81256904206082,48.316180390054676,48.53951833462029,26397400
2018-10-31,49.99868392944336,50.83993426348198,49.93167857406359,50.177355410682786,17287800
2018-11-01,50.423038482666016,50.66126904706641,49.58922866733229,50.102915629265674,21475800
2018-11-02,50.296470642089844,51.35362402469402,49.79023001713684,50.98138843810694,21212500
2018-11-05,51.13772201538086,51.338726714572616,50.787819687284305,50.90693211054437,13231600
2018-11-06,51.37594223022461,51.487614009523895,50.765476273899516,51.26427045092532,13072100
2018-11-07,52.217201232910156,52.38098577971522,51.44295062610851,52.03852976360627,16662900
2018-11-08,51.08560562133789,52.38842996204071,50.89948785838035,51.97896861158876,15144900
2018-11-09,50.996253967285156,51.32382296360893,50.132665042381355,50.40812130564107,22917800
2018-11-12,49.93912887573242,51.56207629996623,49.83490336333924,51.3461789729048,18041600
2018-11-13,48.79264831542969,50.065693521149456,48.532084503708994,49.79768340627528,32731900
2018-11-14,48.71074676513672,49.73811489037436,48.26406521850575,49.551997105956126,22542100
2018-11-15,49.425437927246094,49.484996980886876,48.39806981133051,48.39806981133051,20306800
2018-11-16,50.01356887817383,50.184799730837625,49.484995077140695,49.73067190405946,19755500
2018-11-19,49.99868392944336,50.19968863585472,49.55199670654883,49.70833496261632,15583800
2018-11-20,48.360836029052734,49.462655620737756,47.988600524814466,49.343537533047254,26324400
2018-11-21,49.12020492553711,49.64133241561769,48.628851280720866,48.74052307998489,17330900
2018-11-23,47.57913589477539,48.07048658333001,47.2292336571923,47.8992557743498,14421800
2018-11-26,48.29384231567383,48.61396511596067,47.921606765566516,47.929047387066774,16682700
2018-11-27,48.15983963012695,48.50974197300488,47.88438326491446,48.04816782369681,22264300
2018-11-28,48.9862060546875,49.0234262058743,47.80994022378856,48.11517045492359,21148200
2018-11-29,49.30632019042969,49.70088893854999,48.95641788779822,49.02341755603146,14414200
2018-11-30,49.216983795166016,49.35843511861782,48.62885095749081,48.87452777826595,18129000
2018-12-03,50.311363220214844,50.6165934475287,49.72323031212821,50.3411427487101,21995400
2018-12-04,48.86708450317383,50.49747809490859,48.77774592285139,50.33369353758276,18296300
2018-12-06,47.96626281738281,48.04070877529544,46.953781886156065,47.795032002307515,35356100
2018-12-07,47.69826126098633,49.604105383959784,47.61636898884011,48.88197321664127,27445700
2018-12-10,46.95379638671875,47.59404204624449,45.87431262402526,47.363254961552244,23382800
2018-12-11,46.96867752075195,47.76526413769977,46.47732675324727,47.675925569112295,17241600
2018-12-12,47.1547966003418,48.05560873262359,47.12501707664468,47.73548595270881,19267400
2018-12-13,47.30370330810547,47.601490100378456,46.83468563135832,47.04313666994265,15299000
2018-12-14,46.224212646484375,47.206914312403214,46.00087187512682,47.013353067875194,22893600
2018-12-17,45.382957458496094,46.49222064423276,45.05539119770826,46.105095332429755,20732300
2018-12-18,44.31092071533203,45.46485036543263,44.065243886378454,45.301065812796914,26617000
2018-12-19,43.789794921875,45.38296280510926,43.42500563119242,44.54171240990041,45548900
2018-12-20,42.576297760009766,43.916347904105685,42.315734031953134,43.253766292888635,38504400
2018-12-21,42.16300964355469,43.29016191190922,41.80983434885807,42.583811322515984,37393700
2018-12-24,40.45726013183594,41.86995872108755,40.41968895549086,41.667070929027716,15605900
2018-12-26,42.97455978393555,42.982075737978654,40.096565682193464,40.84800056269485,29097000
2018-12-27,43.19999694824219,43.25259716592346,41.53932351438653,42.11041568706447,24377300
2018-12-28,42.869361877441406,43.59073871713707,42.606360800415935,43.39536689798911,19437400
2018-12-31,43.09479522705078,43.4103994112113,42.591335163207425,43.25259875237953,18705200
2019-01-02,43.943912506103516,44.23697165778437,42.19307068374242,42.41098462569956,24892600
2019-01-03,43.50808334350586,44.22946018420002,43.01213640721653,44.071659537766315,18024100
2019-01-04,44.988399505615234,45.123657995424026,44.00402177772438,44.25950971775252,21351500
2019-01-07,45.657196044921875,45.98782932804377,44.725418113299625,45.326565628297445,18056700
2019-01-08,46.01036071777344,46.40110722788259,45.76238867984649,46.29590679564105,18692300
2019-01-09,46.73925018310547,46.897050820195474,46.14561593900888,46.626533804328844,18756800
2019-01-10,46.874507904052734,46.93462120296018,46.12307303548214,46.386074092883234,19167600
2019-01-11,46.59648513793945,46.89706029775682,46.183196443063444,46.6340591827895,14105900
2019-01-14,46.4837532043457,46.671611888251725,46.085493711743666,46.153120086113645,13191700
2019-01-15,46.649078369140625,47.09242219310936,46.41613252618545,46.73924975143117,9821200
2019-01-16,46.588966369628906,46.97219692850758,46.43116571988456,46.59647945778476,12541100
2019-01-17,47.01728057861328,47.220168341773665,46.13058718398492,46.23578760936513,10174800
2019-01-18,47.97160720825195,48.00917838236298,47.29531460826611,47.57334760298076,14531800
2019-01-22,46.92710876464844,47.55079822361097,46.79936334464621,47.445597799195355,19863200
2019-01-23,46.446197509765625,47.15254536456279,46.0629640617237,47.092429189773085,23367700
2019-01-24,46.69416809082031,47.11497270157634,46.1606499556364,46.34850869617977,13049200
2019-01-25,47.28779983520508,47.58085899592513,47.01728280484911,47.09242515039388,10233600
2019-01-28,46.814395904541016,46.836940901822004,46.30341991912285,46.66410834415389,12022400
2019-01-29,46.957176208496094,47.27277754465683,46.919602163860354,47.084918787466734,11884100
2019-01-30,47.61842727661133,47.76871482506996,46.99473782027837,47.25022579270907,12116500
2019-01-31,47.92652130126953,48.15195408467661,47.5658328609139,47.69357829594437,17844200
2019-02-01,48.7606086730957,49.0461518622627,48.28720676482046,48.44500740091221,14772400
2019-02-04,48.87332534790039,48.8883515230033,48.06929025455503,48.429975786956646,10107900
2019-02-05,48.948463439941406,49.03112172831438,48.677946447628536,48.83574707097893,7852700
2019-02-06,48.58778381347656,48.85078488419268,48.54269382064425,48.71552637168248,6803800
2019-02-07,47.51323318481445,48.45252977123854,47.069886434348966,48.28721315925234,14600100
2019-02-08,47.29531478881836,47.49820256958865,46.49127962048621,47.38548904682528,10634400
2019-02-11,47.52073287963867,47.595875204922606,46.934611849739305,47.06987032844716,12497400
2019-02-12,48.121891021728516,48.39992399477995,47.56582794212226,48.15945932641553,10677300
2019-02-13,48.72303771972656,49.10627113620005,48.264667690446196,48.317267905805814,13061700
2019-02-14,48.8958740234375,49.26407555918354,48.460040358190554,48.550214619860455,10213200
2019-02-15,49.68487548828125,49.722443791849294,49.29412614682071,49.40684252351098,10183800
2019-02-19,49.83516311645508,50.02302184438698,49.36176118594432,49.43690353051839,8721600
2019-02-20,50.045562744140625,50.293537634832944,49.752503594410896,49.76001954858155,9935700
2019-02-21,49.27158737182617,50.01550633582903,49.09124459664227,49.88776377561516,11866100
2019-02-22,49.414363861083984,49.79008133565702,49.1663889519473,49.63979090603159,9948300
2019-02-25,49.497013092041016,49.66232393483936,49.21146419458654,49.25655418170667,15904400
2019-02-26,49.33921813964844,49.79007793171392,49.32418623121672,49.45192878791983,10550700
2019-02-27,49.527076721191406,50.038046946529555,49.29412800511829,49.579676934564056,10294000
2019-02-28,49.0311279296875,49.6022200671335,48.723036864422745,49.534587944004954,11249400
2019-03-01,49.93284225463867,49.94035820819085,49.29412379453053,49.29412379453053,20327900
2019-03-04,50.02302169799805,50.23342255538711,49.27158678846946,50.113195951019094,19780000
2019-03-05,49.85770797729492,50.11319884243242,49.504532632160156,50.09065671112488,15807500
2019-03-06,49.226497650146484,49.55712507913863,48.97852277865776,49.45192466086938,22690500
2019-03-07,48.933441162109375,49.29412669191503,48.73806648921865,49.256558387931555,23446200
2019-03-08,48.016685485839844,48.242112488951506,47.57333883346243,48.14442802756905,15621500
2019-03-11,48.76812744140625,48.88084382597445,48.32477785756958,48.36986785119294,13212100
2019-03-12,49.0837287902832,49.331703690030004,48.8357538905364,48.85078579942659,11013100
2019-03-13,49.57967758178711,49.602219711670614,49.18892822049512,49.39181885543341,13206800
2019-03-14,49.63227462768555,49.88024377356895,49.57215846317133,49.62475867387302,12320400
2019-03-15,49.61258316040039,49.7640465232905,49.42325106780929,49.58986423376257,12427400
2019-03-18,50.3017578125,50.385064410116236,49.65045483729558,49.67317376792583,10067900
2019-03-19,50.165428161621094,50.809156101931485,49.960952049929745,50.551667236990035,12526000
2019-03-20,50.604679107666016,51.059074953021565,49.96852607975958,50.11998943555921,13662900
2019-03-21,50.96063232421875,51.04393891633193,50.34719812589217,50.45322364713485,17877900
2019-03-22,49.58229064941406,50.581963893733715,49.392958551793235,50.49865730854399,19974800
2019-03-25,49.60501480102539,49.68832139498892,49.12789994483602,49.37024482419601,12346300
2019-03-26,50.31690216064453,50.65769763905017,50.04426346673709,50.18058281369081,11516500
2019-03-27,49.9609489440918,50.50622624531373,49.582284793571716,50.27902544381912,9582600
2019-03-28,50.15027618408203,50.21086382903318,49.65043678016878,49.74889314770336,9149200
2019-03-29,50.074562072753906,50.756153094571225,49.90794887970243,50.63498354014334,10037600
2019-04-01,50.733428955078125,50.83945447105034,50.33962072117525,50.407777505175694,12411700
2019-04-02,50.38505935668945,50.90761782060653,50.263889812828275,50.862179963903266,11152400
2019-04-03,49.90037155151367,50.6274061766168,49.726189242122686,50.52895555730701,11989800
2019-04-04,50.31690216064453,50.35476511493554,49.688318184249205,49.930663047949444,10504300
2019-04-05,51.202980041503906,51.26356770785204,50.43050174045994,50.4532264488089,17269200
2019-04-08,51.43016815185547,51.68765700306703,51.21811137220562,51.278699023534145,10602100
2019-04-09,50.80158996582031,51.278704773126655,50.6425516967182,51.278704773126655,14541900
2019-04-10,50.990928649902344,51.22569863300083,50.85460929049984,50.91519695644714,9375600
2019-04-11,51.028785705566406,51.3847309793902,50.63497747837323,50.94547911901372,10914200
2019-04-12,51.165103912353516,51.801262761170214,51.036359473435304,51.76339403068508,15426800
2019-04-15,50.862178802490234,51.22569320373046,50.77887221513159,51.104523662636126,8300700
2019-04-16,51.19540023803711,51.27113192474391,50.862179660935716,51.043936864623504,8130200
2019-04-17,51.127235412597656,51.61949996570931,51.05907286071134,51.5058995645364,10934600
2019-04-18,50.88490676879883,51.3393027400402,50.75615652494786,51.27114016647696,9759500
2019-04-22,51.96031188964844,51.998180628048914,51.21055824857662,51.354446742990284,14164700
2019-04-23,51.876991271972656,52.11176120834493,51.53619583027376,51.998166579749764,10212200
2019-04-24,50.968204498291016,51.95272796826615,50.94547979242039,51.922434138395914,11019100
2019-04-25,50.80915832519531,51.22569124607015,50.69556369037219,50.96062746822117,12060900
2019-04-26,50.15027618408203,50.45320863088195,49.71102442511994,50.43805883066624,16838400
2019-04-29,50.10485076904297,50.37748368304453,50.00639437708394,50.16543265106705,12974500
2019-04-30,50.06698226928711,50.62740368182085,50.00639460902473,50.589540727624836,14327000
2019-05-01,49.06731414794922,50.23360072986838,49.029445411812674,50.0821315632801,22155700
2019-05-02,48.21153259277344,49.052164807976574,48.188813662059,48.75680715277291,28033000
2019-05-03,48.658355712890625,49.04459486244761,48.55233018602524,48.66593061565469,19624500
2019-05-06,48.70378875732422,48.86282703189528,48.24182084866238,48.28725870483774,20344700
2019-05-07,48.279685974121094,48.31755181669723,47.66624892406467,48.12821971483793,15064500
2019-05-08,48.279685974121094,48.68106910558966,48.1509415315665,48.25696704637113,9823700
2019-05-09,48.279685974121094,48.461446063056606,47.64352999631471,48.052488029685655,14409500
2019-05-10,48.506900787353516,48.62807036292711,47.598102969736594,48.27969988845957,13075000
2019-05-13,47.673831939697266,48.30241312258108,47.446633956594425,48.06764312526576,14069800
2019-05-14,48.25696563720703,48.66592365863589,47.88587345724858,47.93131420040018,9242000
2019-05-15,48.506900787353516,48.61292633271499,47.85559481803423,47.98434218667276,10092300
2019-05-16,48.771949768066406,48.953706964943294,48.62805552414544,48.62805552414544,9376500
2019-05-17,48.279685974121094,48.71136293524201,48.21909831481639,48.44629914823043,10555700
2019-05-20,48.302406311035156,48.529607151077506,48.20395569526074,48.28725939576709,8186100
2019-05-21,48.862831115722656,48.99915047359925,48.446303917402574,48.50689158267168,18380500
2019-05-22,48.10549545288086,48.681063707560305,47.94645719830897,48.567463303449934,9637000
2019-05-23,46.492401123046875,47.3406083248106,46.21219035700497,47.30274247355834,23963600
2019-05-24,46.66657638549805,47.04524059512489,46.26519324776676,46.86348339233205,10153400
2019-05-28,46.1818733215332,46.780163293305165,46.11371366792655,46.69685672901061,12930600
2019-05-29,45.886531829833984,45.91682566180206,45.27309473288524,45.54573344264024,16951600
2019-05-30,45.30339050292969,45.89410580668373,45.15949912839392,45.81080209867604,15173900
2019-05-31,44.50819778442383,45.09134109565917,44.50819778442383,44.682382998588295,21898500
2019-06-03,45.07618713378906,45.29581306518597,44.742963674723086,44.81112045793736,18024700
2019-06-04,45.85623550415039,45.962261021294026,45.37911778802536,45.500293109308,14743400
2019-06-05,45.348819732666016,45.962253811045265,45.07618108050715,45.94710689826108,15881900
2019-06-06,46.18946075439453,46.36364594110202,45.439704361282786,45.439704361282786,32393900
2019-06-07,46.40150833129883,46.69686592543575,46.219748256226204,46.33334866426889,15774100
2019-06-10,46.53783416748047,46.954364240202636,46.469674490927474,46.65143170241627,9837800
2019-06-11,46.62870407104492,47.09824681690348,46.61355715808455,46.94678346525625,9522600
2019-06-12,45.9698371887207,46.431808002401525,45.8259429352261,46.3257795933607,13816500
2019-06-13,46.507537841796875,46.71958887348818,45.95468844561696,46.49996582879874,12191500
2019-06-14,46.20460891723633,46.62871390261368,46.091011379549094,46.62114188902608,7916300
2019-06-17,46.59083938598633,46.7195838158678,45.96225548297917,46.106149715174126,8795200
2019-06-18,47.23456954956055,47.51478312605979,46.810467512010916,46.893771205830696,17222100
2019-06-19,47.18156814575195,47.454206886326936,46.93165122621099,47.16642122805566,8827700
2019-06-20,48.22667694091797,48.30240863191846,47.885878553458106,47.93889131495421,25954000
2019-06-21,48.575164794921875,48.75093989601527,48.300037535697996,48.300037535697996,16356300
2019-06-24,48.13955307006836,48.69744877999378,48.063127203082786,48.55988513476847,10396600
2019-06-25,47.7574348449707,48.15483771157048,47.70393527775844,48.10898510445836,11887300
2019-06-26,48.49110412597656,48.85793954761769,48.11662465983422,48.238903133714594,14326800
2019-06-27,48.13191223144531,48.636311325749894,48.032560055421236,48.49110654182926,10608700
2019-06-28,48.68980407714844,48.735659596719636,48.246545716021565,48.246545716021565,17369600
2019-07-01,48.735660552978516,49.454046214930905,48.613382080404726,49.29355626630571,14886300
2019-07-02,47.95613479614258,48.68980564075045,47.74214819530248,48.590456384845425,12095400
2019-07-03,48.14719772338867,48.18540920200411,47.73450675750445,48.0249192426099,6987300
2019-07-05,48.21596908569336,48.26182459928825,47.864418894177454,47.971412177217225,7363200
2019-07-08,48.284759521484375,48.55224277685306,48.00199109218764,48.1395547421912,8628200
2019-07-09,48.32297134399414,48.35354169206872,47.88735408765244,48.20833691173777,7488100
2019-07-10,48.94200897216797,49.11014297534737,48.30768735315399,48.62867018510112,11767400
2019-07-11,49.04134750366211,49.0948441447246,48.735652828354766,49.08720593221322,12681300
2019-07-12,49.24770736694336,49.41584137263974,49.07192931625226,49.07192931625226,8081400
2019-07-15,48.804443359375,49.36233616859447,48.697450058135715,49.33177165169548,9538900
2019-07-16,48.284759521484375,48.789158599714504,48.09369922040707,48.70509160078468,10587100
2019-07-17,47.7345085144043,48.39940051125031,47.703938164247205,48.246551675813905,13664700
2019-07-18,47.74214553833008,47.74214553833008,47.23010245222505,47.50522973247866,12754500
2019-07-19,47.963775634765625,48.12426849977229,47.56637278285524,47.78800051151906,9965300
2019-07-22,48.18540573120117,48.345895679035266,47.80328514187309,48.14719425533811,7843100
2019-07-23,48.31532669067383,48.44524628749154,48.04019940876733,48.185404178507476,7268800
2019-07-24,48.521671295166016,48.835010046170424,48.20068850016107,48.25418514677046,9907700
2019-07-25,47.97140884399414,48.76622019898944,47.82620410072212,48.705079518444514,10070400
2019-07-26,47.72686004638672,47.97905810803386,47.52051458757619,47.971416979343964,9653800
2019-07-29,47.535804748535156,47.72686505466645,47.18425448493731,47.68865357650997,8284900
2019-07-30,48.070770263671875,48.18540468878111,47.253032453428226,47.34474057658535,10801300
2019-07-31,47.91791534423828,48.483452099574095,47.520509640715346,48.07076414026223,15278000
2019-08-01,46.83269500732422,47.61222130134099,46.53464143630133,47.3905906763527,25190200
2019-08-02,46.1601676940918,47.29888540134171,45.686336071078316,47.02375811452064,21699900
2019-08-05,44.78453063964844,45.426493328222485,44.46355075303574,45.304214859701176,27576900
2019-08-06,44.73102951049805,45.159005565120154,44.24955972881509,44.89916348112608,16997500
2019-08-07,44.39476013183594,44.60874668049216,43.684015763401405,43.91328748201136,24802200
2019-08-08,45.671058654785156,45.69398787614707,44.486485226757516,44.692830726919624,23267800
2019-08-09,45.166656494140625,45.80861925770273,44.97559618254892,45.70926999472632,14593200
2019-08-12,44.63168716430664,45.12844219418654,44.43298282007563,45.0596603696987,21919000
2019-08-13,45.04437255859375,45.46470752549203,44.19606732670934,44.43298021858076,14347600
2019-08-14,43.278987884521484,44.188434029259994,43.210206047332896,44.08144070815539,23649700
2019-08-15,43.01148986816406,43.256046796562764,42.54530231235762,43.04970425694706,14287900
2019-08-16,43.577030181884766,43.70694977640463,43.09555744706406,43.2407651295846,21399300
2019-08-19,44.53997802734375,44.700470901582264,44.10436075872977,44.18842776062877,13881600
2019-08-20,44.165504455566406,44.37949108194949,43.99737044035162,44.32599442535372,9521300
2019-08-21,44.44825744628906,44.700458381346635,44.287767532351396,44.62403253041337,12037400
2019-08-22,44.24956512451172,44.77689048485279,44.226635906863,44.6011153647391,9353100
2019-08-23,42.76694107055664,44.134933653169846,42.52238409566311,43.7222426647811,24408900
2019-08-26,42.95035171508789,43.37068374985822,42.76693256273161,43.14141199592427,10805300
2019-08-27,42.682861328125,43.35539426608683,42.4535895969909,43.17961917503908,11831300
2019-08-28,43.29426574707031,43.50825235312886,42.69051449100644,42.90450109706499,15694400
2019-08-29,43.92858123779297,44.112000397739,43.58467213498706,43.63052765381073,12331700
2019-08-30,43.92858123779297,44.478835802282426,43.66873912848947,44.096715224797784,13022300
2019-09-03,43.71458435058594,43.8062924512833,43.08790698434938,43.21782655072498,13964800
2019-09-04,44.325984954833984,44.51704523481172,44.196065363816416,44.325984954833984,11190900
2019-09-05,44.8762321472168,45.3729870446241,44.64695751650016,44.71573932264555,14538500
2019-09-06,45.11315155029297,45.16664819448038,44.53232959253747,44.78452764151405,12234300
2019-09-09,46.01496124267578,46.121954542569924,45.38828370156828,45.47999182785629,24757100
2019-09-10,46.55757141113281,47.23010446763467,46.2060211670734,46.29773220797053,25718000
2019-09-11,46.603424072265625,47.18424896758306,46.35122601364381,46.81741065719912,22752000
2019-09-12,46.313018798828125,46.64928681621232,45.63284454962685,46.01496517640051,19059500
2019-09-13,46.67985153198242,46.92440847037268,46.42000942052419,46.61871083971052,14061600
2019-09-16,48.246551513671875,48.64395731833135,47.6886557442506,48.636313273143244,30677800
2019-09-17,47.57400894165039,48.29239453317155,47.25302907586917,48.27710936117981,26450000
2019-09-18,47.34474182128906,47.53580211684282,47.016117879708716,47.230104477817314,11604500
2019-09-19,47.22246551513672,47.73450573134384,47.077257818031086,47.62751242738109,14018500
2019-09-20,47.261016845703125,47.446113510111815,47.029648221701024,47.253305833108115,20150100
2019-09-23,47.27644729614258,47.39984410605634,46.890831897410564,46.94481781787208,9330400
2019-09-24,46.528350830078125,47.176181811665096,46.25070729967701,47.12990985127273,20550500
2019-09-25,46.60547637939453,46.659462298759415,46.2044360198183,46.31240785854807,10124200
2019-09-26,45.99619674682617,46.50520887199583,45.764828133932966,46.39723704877978,14005500
2019-09-27,45.98849105834961,46.343256501988535,45.65686159607482,45.74169745042584,15631600
2019-09-30,45.65686798095703,45.95764754880088,45.610593069745555,45.77255084596728,19808400
2019-10-01,44.600284576416016,45.98078565821107,44.59257061985149,45.81111685995304,16374700
2019-10-02,43.505130767822266,44.446033316788096,43.38173395336872,44.338061471892765,18912300
2019-10-03,43.975582122802734,44.021857031562064,42.91128275743515,43.26604823188697,20457100
2019-10-04,44.25322723388672,44.31492417237096,43.713365047591516,44.16067741314201,10137900
2019-10-07,43.85989761352539,44.49230667513253,43.836761629470466,44.322637888709394,11642400
2019-10-08,43.11180114746094,43.75192115564059,43.05010127379875,43.412580676534304,20019200
2019-10-09,43.505130767822266,43.74421338295631,43.420294906258185,43.497419754049226,8916900
2019-10-10,44.05270004272461,44.16838583314933,43.582248809948126,43.65165969580059,10055700
2019-10-11,44.646549224853516,45.063014550656725,44.43060554866456,44.50772744958578,22563900
2019-10-14,44.62340545654297,44.78536318542432,44.152954293782585,44.322625976617196,12160600
2019-10-15,44.808509826660156,45.25582511803441,44.476880336023974,44.53086920051063,11085000
2019-10-16,44.18381118774414,44.97046692028102,44.16838621941849,44.654262424634894,11955300
2019-10-17,44.21467590332031,44.507741573430344,44.075854083999616,44.36891975410965,11308100
2019-10-18,43.98329544067383,44.4537467406627,43.975584426482726,44.09898124762634,10277800
2019-10-21,44.76995086669922,44.80851182132442,44.014144976398754,44.06813090127648,10474000
2019-10-22,45.34836959838867,45.86509575451296,44.76994650927144,44.90876828602053,19696900
2019-10-23,45.72627639770508,45.81882327309828,45.07844238592841,45.27125009250466,11820400
2019-10-24,45.53346252441406,46.019335760934396,45.29437994151473,45.9884887679891,12116800
2019-10-25,45.90365982055664,46.03476765082154,45.487194462046666,45.54889434123874,11875000
2019-10-28,45.64144515991211,46.320129179579695,45.56432324627343,46.057910554390794,11756600
2019-10-29,45.8265380859375,46.21215353105786,45.317525816059124,45.471772582509736,13468400
2019-10-30,44.893341064453125,45.95764031878403,44.71595834573328,45.934504337824166,15506700
2019-10-31,44.70053482055664,44.77765966293191,44.26093351605934,44.70824877580013,15032400
2019-11-01,45.71855926513672,45.80339512085734,44.88563156045007,44.92419251068347,13310100
2019-11-04,47.20703887939453,47.3458606655705,46.23528931817491,46.24300033206816,21530200
2019-11-05,47.268741607666016,47.68520699129596,47.114494842394286,47.33815250493767,17555100
2019-11-06,46.30470275878906,47.29959130044816,46.173591979293086,47.1993304622468,17827900
2019-11-07,46.998802185058594,47.14533791462156,46.65175069127918,46.77514749711478,13241700
2019-11-08,46.805992126464844,46.867691997270256,46.27384397982114,46.71344526226849,10389800
2019-11-11,46.54377746582031,46.75972408975112,46.18901200495029,46.366394735385306,14480500
2019-11-12,46.30470275878906,46.93711184526717,46.06562012677424,46.68260424260503,12541200
2019-11-13,46.10417556762695,46.2661362690446,45.91136787061679,46.06561461662732,10575600
2019-11-14,45.980777740478516,46.34325714427043,45.76483406605538,46.08874957769009,8116800
2019-11-15,46.335540771484375,46.51292347524464,46.11959418002754,46.17358009238885,9181800
2019-11-18,45.772552490234375,46.09647099632608,45.57974476627886,46.04248506897953,12754100
2019-11-19,45.093868255615234,45.66457743094606,45.03988233205724,45.62601647726352,15379100
2019-11-20,45.548892974853516,45.880522460532184,44.80079814315809,45.07844170716926,17145000
2019-11-21,46.296974182128906,46.33553806757509,45.556593476940115,45.703126238796834,15641700
2019-11-22,46.142738342285156,46.55920072180428,46.05018853171477,46.335546034622276,11492000
2019-11-25,46.18901443481445,46.26613928385133,45.91137086230601,46.088753602072586,12336000
2019-11-26,45.764835357666016,46.2661365497386,45.595163641823845,46.25071158084277,13402000
2019-11-27,45.88050842285156,45.97305526853547,45.502604144791256,45.81880856438817,9668300
2019-11-29,45.417781829833984,45.66457545312776,45.24811011056499,45.50261768946848,7830200
2019-12-02,45.417781829833984,45.86509711081149,45.36379590861422,45.57202857989561,15389500
2019-12-03,44.739097595214844,45.09386600058482,44.57713983263997,45.01674115506437,16945500
2019-12-04,45.41006851196289,45.54889028577282,44.98589217732672,45.13242496434302,17426500
2019-12-05,45.194122314453125,45.65686254544108,45.0398785128024,45.60287662646094,10892400
2019-12-06,46.05791473388672,46.19673654464358,45.37923065263239,45.386941667891016,16729600
2019-12-09,46.00391387939453,46.21985754074583,45.70313142564013,45.70313142564013,8406300
2019-12-10,46.096466064453125,46.26613778482472,45.89594440546632,46.158162999671475,8785100
2019-12-11,46.01934814453125,46.33555564991314,45.926801256767966,46.027062101352165,12436200
2019-12-12,46.86769485473633,47.02965261245725,46.03476420015114,46.08875011939144,22490800
2019-12-13,46.51293182373047,47.33043461022562,46.48208188484066,47.02965506108026,11371500
2019-12-16,47.13762283325195,47.32271950858932,46.82141834197667,46.84455726515124,11135900
2019-12-17,47.1684684753418,47.59264476277601,46.99108577121518,47.338140167120116,23146200
2019-12-18,47.34585952758789,47.64663907640237,47.05279099248132,47.11449087019306,12940700
2019-12-19,47.3304328918457,47.48467963868254,47.245597033984836,47.35357181617903,12767400
2019-12-20,47.78445053100586,47.83896319269493,47.38728345788004,47.47294706073922,17419800
2019-12-23,48.27505874633789,48.30620671117052,47.67541660523822,47.729929257091214,13472200
2019-12-24,48.251712799072266,48.45419098806374,48.16604917840032,48.3841028412156,5037400
2019-12-26,48.23612594604492,48.62550378762955,48.17382703616431,48.461965807136124,10156200
2019-12-27,48.03365707397461,48.46197216173729,48.00250612959103,48.41524574516193,10718300
2019-12-30,47.88207244873047,48.307155189496285,47.809888298453444,48.2189297769846,14629500
2019-12-31,48.15476608276367,48.202886808206095,47.50510875327055,47.641457947659,10722400
2020-01-02,48.58786392211914,48.66004499981394,48.30714647300181,48.47557510673778,11944700
2020-01-03,48.44349670410156,49.17335719243207,48.202880868308526,49.02898891477923,29502900
2020-01-06,48.82044982910156,49.069084735578926,48.44349097938327,48.611919596888704,22458100
2020-01-07,48.6921272277832,48.74025100551647,48.122676292614365,48.68410812793967,11462500
2020-01-08,47.89008712768555,48.700153968162255,47.82592514422983,48.64401108530438,19021400
2020-01-09,48.24298858642578,48.291109308969844,47.30459472256728,47.866026608856565,15366800
2020-01-10,47.97028732299805,48.259020801118425,47.91414444728931,48.21891918412037,9151200
2020-01-13,47.986331939697266,48.13871931877656,47.649471602314776,47.898106540393336,8778500
2020-01-14,47.99435043334961,48.05049331227766,47.56926776159227,47.88206467549352,17339000
2020-01-15,47.64145278930664,47.93018628937219,47.50510360968132,47.78582106911816,10830800
2020-01-16,47.721649169921875,48.08256981757219,47.697588813264204,47.92216030088793,8224500
2020-01-17,47.41687774658203,47.87404294166617,47.336674507273656,47.84998258178515,11909100
2020-01-21,46.566707611083984,47.16021886392447,46.48650132045882,47.15219976464053,17354600
2020-01-22,46.1175651550293,46.510568360816535,45.9892381395889,46.47848584206709,14677700
2020-01-23,45.94111251831055,46.085480787333616,45.283436208119774,45.63633778109051,13278000
2020-01-24,45.41176986694336,45.94111924434185,45.058871301863604,45.73258896942147,20390600
2020-01-27,44.15254592895508,44.673876040181284,44.096403062768466,44.49742528384809,21682500
2020-01-28,44.353065490722656,44.62576077539962,44.17661776032508,44.40118926786235,14300100
2020-01-29,43.88787841796875,44.76210709313635,43.83173554466454,44.60169757245698,13745400
2020-01-30,44.24078369140625,44.28890747284748,43.318431100907056,43.43071992426992,24430500
2020-01-31,42.861263275146484,43.61518717401906,42.636691761213754,43.4948792575223,33430500
2020-02-03,42.299835205078125,42.869286159062675,42.14744476699954,42.80512111996486,21289200
2020-02-04,42.45221710205078,43.24623947123639,42.37201387309204,42.90938223814118,19819800
2020-02-05,44.048282623291016,44.20067303693291,43.13395237966752,43.15801579524923,34382000
2020-02-06,43.59914779663086,44.25682416687405,43.52696365552819,44.25682416687405,15400600
2020-02-07,43.29437255859375,43.478842472530935,43.06980102154982,43.27031219664125,13693300
2020-02-10,43.077823638916016,43.17407121369843,42.81315045715931,43.069804537463135,14640600
2020-02-11,43.559043884277344,43.727472518136686,43.36655183161139,43.66330748072891,13844600
2020-02-12,44.14453887939453,44.3931707662083,43.78361817000309,44.208700861309914,17199800
2020-02-13,44.0081901550293,44.2568251039938,43.75153610557583,44.02423141556484,11974900
2020-02-14,43.775596618652344,44.19265712664553,43.50290132677532,44.160577667262714,12520000
2020-02-18,43.4146728515625,43.76757135621373,43.013650571912706,43.39060943428462,16314700
2020-02-19,43.99214553833008,44.168596331202,43.462796219271695,43.70341204939063,12455400
2020-02-20,43.94402313232422,44.433270814092815,43.83173738101154,44.104432659724004,13050800
2020-02-21,43.422698974609375,43.56706726339957,43.061778252633886,43.52696564085956,13808200
2020-02-24,41.41758346557617,42.027139086865574,41.28925644944536,41.78652325450758,33037500
2020-02-25,39.58892822265625,41.56195751720136,39.33227415472637,41.52987499382067,42837300
2020-02-26,38.39387130737305,39.92577625775729,38.377830049411884,39.73328728133757,48828300
2020-02-27,36.34064483642578,38.121181910454695,36.324603575994836,37.39934354840759,61278700
2020-02-28,36.308563232421875,36.76572845779658,34.90498503462574,35.19372161055874,68755800
2020-03-02,37.77630615234375,37.82442993834022,36.035870529503036,37.11862970818148,36642700
2020-03-03,36.62135696411133,38.490122383893144,36.212315557050886,37.99285252017901,48595300
2020-03-04,37.48756408691406,37.49558318631025,36.62937359277702,37.40735779516625,24484500
2020-03-05,36.11606216430664,36.581249433985484,35.51452880082621,36.41282082650462,29387300
2020-03-06,34.08689498901367,35.20173647677225,33.57358694223769,34.88893957699046,61517400
2020-03-09,27.22139549255371,29.21848810331554,27.052966843089774,28.12770684278359,66556900
2020-03-10,28.5126895904541,29.531286766518186,26.756212730061428,29.410978832980426,48431100
2020-03-11,27.004837036132812,28.111659310584646,26.571735328353384,27.63043383102662,43477300
2020-03-12,23.636253356933594,25.665426706648283,23.56406922193885,25.01577102147427,38829100
2020-03-13,25.81781578063965,25.84187920026463,23.098884948943237,25.63334588115472,34098400
2020-03-16,22.304861068725586,24.959629935548545,22.192575308359462,22.41714835887046,40233600
2020-03-17,22.457244873046875,23.403657580318395,21.61509880221898,22.521408368635875,45443600
2020-03-18,19.233030319213867,21.318346712931838,18.350780899204867,20.885243397881567,52135800
2020-03-19,20.540363311767578,20.620566550350848,18.43098509380735,19.513745642247354,52226500
2020-03-20,20.740875244140625,21.52687863799601,19.858625818692506,21.06169279981846,58357200
2020-03-23,19.327205657958984,20.737592495247306,18.98280905397116,20.606392373909404,48260200
2020-03-24,22.426776885986328,22.54157524181915,20.827792190264866,20.827792190264866,44511100
2020-03-25,23.484561920166016,24.599751138948218,21.92657799416797,22.918768770057447,52434900
2020-03-26,24.919551849365234,25.419747378917563,23.42716693090915,23.72236449772827,46918100
2020-03-27,23.230365753173828,23.95195779066579,23.090967095884345,23.87815997352205,36528400
2020-03-30,23.468170166015625,23.673168152370017,22.21358192648295,22.91877550002543,42127400
2020-03-31,23.828962326049805,24.599755090130103,23.35336712353437,24.124159887614663,34350600
2020-04-01,22.648174285888672,23.353366172906338,22.328376419207743,23.05817018736811,23826500
2020-04-02,24.722753524780273,26.042940880272113,23.1729694563405,23.787963332897274,73128100
2020-04-03,24.46035385131836,25.673941266520476,23.763360550692095,25.50174374966524,63834300
2020-04-06,25.75594139099121,25.928140476112976,24.673552503975028,25.009749004820655,38020700
2020-04-07,26.305339813232422,27.77312283425627,26.256139176586796,27.02693038257778,51509500
2020-04-08,28.060121536254883,28.150321138400415,26.641536040020373,26.862931082351366,41905800
2020-04-09,27.805919647216797,29.89689794875698,26.7481295568778,29.1425070529625,91327600
2020-04-13,27.715721130371094,28.880111067399806,27.27292482496495,28.773511261723435,33842800
2020-04-14,27.584524154663086,28.191319474060144,27.40412495440602,27.85512295504868,36324100
2020-04-15,26.2889404296875,26.55133757736075,25.46894699719304,26.48573672643207,36710500
2020-04-16,25.16554832458496,26.30533796948891,25.132747902453527,26.223336914160328,32302900
2020-04-17,27.838726043701172,27.8715264709129,25.673946332051056,25.690346545656922,45853400
2020-04-20,26.969528198242188,27.961717466533972,26.059338417877775,26.198737078151265,56395000
2020-04-21,26.49393653869629,26.97773183229248,25.73954244602843,26.19053888047095,60430800
2020-04-22,27.43692398071289,27.871521747565374,27.06792705716659,27.691122556493763,36876600
2020-04-23,28.32251739501953,28.986708748091605,27.99451942529027,28.273316761154003,41603600
2020-04-24,28.388118743896484,29.142512919576603,27.937123823837506,28.888314304115315,32429600
2020-04-27,29.003110885620117,29.208108848310715,27.53532785005114,28.174920492679192,23288000
2020-04-28,29.667308807373047,29.847708036160917,28.962115234497947,29.43771206384014,29569000
2020-04-29,31.864883422851562,31.97148323796414,30.618495449908032,30.643094204156846,35537500
2020-04-30,31.159683227539062,32.04527572598186,30.700486769677617,32.04527572598186,42020100
2020-05-01,29.396705627441406,30.74969338770882,29.035910351113028,30.520096678047178,29265900
2020-05-04,30.413497924804688,30.43809667940535,28.716115040903833,28.855512154335177,26390200
2020-05-05,30.43809700012207,31.91408172410689,30.331500310382225,31.659886249166487,34366700
2020-05-06,29.6426944732666,30.84807987142577,29.618092600800924,30.585682837267356,23675100
2020-05-07,30.413497924804688,30.98749284697875,30.200301419550666,30.479095646413356,24234700
2020-05-08,31.799285888671875,31.815686102554057,30.946496662945005,31.126892759607113,24823100
2020-05-11,31.241689682006836,31.676287509706764,31.09409089192321,31.586087901542236,23265700
2020-05-12,30.692291259765625,31.594280927886302,30.651292298127462,31.55328196624814,28064500
2020-05-13,29.298307418823242,30.52829515157663,29.08511092147503,30.48729618608896,34497400
2020-05-14,29.626306533813477,29.90510388903973,28.12571994091376,28.781712797910625,30984200
2020-05-15,29.511503219604492,30.249493886803183,29.24910299284434,29.634500100127532,27213900
2020-05-18,31.922279357910156,32.12727729720934,31.118687811219804,31.200685735731348,36569800
2020-05-19,31.02849578857422,32.06168427841702,31.00389703082258,31.963286119389387,26970300
2020-05-20,32.26667785644531,32.32407703536594,31.5040851901905,31.66808418482972,27260600
2020-05-21,31.750076293945312,32.49626853753865,31.49587776752701,32.365070004423984,28120900
2020-05-22,31.55328369140625,31.586084113718233,30.90548942683656,31.4958845163705,19247500
2020-05-26,32.430686950683594,32.766883586783415,32.34868899183842,32.56188556164885,37444300
2020-05-27,32.848876953125,33.094873899865085,31.93048376419804,32.90627613643033,35612800
2020-05-28,31.930484771728516,32.93087593179476,31.774687430415323,32.93087593179476,27178400
2020-05-29,31.78287696838379,32.020675312503,31.11868569221507,31.651678421286995,35750200
2020-06-01,32.340476989746094,32.52087619521278,31.30728864939286,31.733684780846446,23840000
2020-06-02,33.24246597290039,33.27526639330673,32.652070917667345,32.69306987916514,25159200
2020-06-03,34.21825408935547,34.37405139001866,33.701658430074104,33.76725926910293,27300900
2020-06-04,34.226463317871094,34.3576618968865,33.53766999603499,34.029663885337555,27424700
2020-06-05,36.7684440612793,37.10464068044534,35.90745302468541,35.94025345778002,50196700
2020-06-08,38.42481231689453,38.44121252657893,37.252223912630974,38.105016048099046,47534700
2020-06-09,36.98162841796875,37.3014278430886,36.47323438483687,37.194828034715314,43699500
2020-06-10,35.16124725341797,36.670032204442066,35.144847042991366,36.63723178358887,40488500
2020-06-11,31.848485946655273,33.652468776362845,31.74188612238513,32.70947682755499,48152200
2020-06-12,32.652069091796875,33.48846099726675,31.766479686488825,33.25066265464863,42817500
2020-06-15,32.75046920776367,33.0866656984886,30.913689448492924,31.25808448034859,32847400
2020-06-16,33.69346237182617,34.35765683984175,32.73407036247033,34.30845620694491,32041900
2020-06-17,32.54546356201172,33.57045300167217,32.53726502282303,33.56225446248348,23368000
2020-06-18,32.947269439697266,33.308064690995714,32.020677867383554,32.21747726774111,18468900
2020-06-19,32.44707107543945,33.98045466709506,32.414270656960596,33.972256126485384,26967100
2020-06-22,32.59739303588867,32.70535981072785,31.90807084716518,32.290106396257926,19448200
2020-06-23,32.6306266784668,33.17045442499769,32.53096353942723,33.08740497726474,14805800
2020-06-24,30.820119857788086,32.132319465395206,30.612493076927894,32.124015788139424,32363000
2020-06-25,31.409770965576172,31.52604142564124,30.3716373319489,30.529432503732572,24017200
2020-06-26,30.321815490722656,31.18554371095114,30.180630792023827,31.18554371095114,33861100
2020-06-29,30.728759765625,30.99452175879599,30.26367469350933,30.39655569009483,19452800
2020-06-30,31.434688568115234,31.617401121251433,30.164013876551444,30.47960742247776,20943400
2020-07-01,30.67061996459961,31.982819214642078,30.629095253369403,31.55926209108212,24573400
2020-07-02,31.01112937927246,31.733669532626948,30.944687303126845,31.301805542078128,20779200
2020-07-06,31.102487564086914,31.783503045829285,30.71214826303967,31.55926577723615,22542200
2020-07-07,30.114181518554688,30.753672269460075,30.064353127661207,30.712147554337946,20910900
2020-07-08,30.089265823364258,30.57926504090073,29.84011437691729,30.114180017569197,20650900
2020-07-09,28.602657318115234,30.039433916262574,28.56943944894048,29.956384491126943,30543600
2020-07-10,29.51621437072754,29.5494354052609,28.4365560934511,28.4365560934511,25228000
2020-07-13,29.358417510986328,29.90655193570765,29.134183436987392,29.790281477150458,37223800
2020-07-14,30.38825225830078,30.446387496766256,29.07604963434777,29.15910223796479,34221100
2020-07-15,31.044349670410156,31.24366955778619,30.587571496363214,31.160620132734923,25902500
2020-07-16,30.903160095214844,31.30180301551389,30.446381947047122,30.83672119256449,18822800
2020-07-17,30.471294403076172,31.34332910767683,30.338413437215557,31.002821434650752,17716900
2020-07-20,29.96469497680664,30.712149398279816,29.939777611731188,30.363337968552244,20076500
2020-07-21,31.77519989013672,32.01604770674569,30.438086135596837,30.47961085649728,36170200
2020-07-22,31.384859085083008,31.434687475564473,30.92808088625116,31.434687475564473,19621700
2020-07-23,31.326719284057617,31.484514444467152,30.92807637765547,31.276887732707774,21043900
2020-07-24,31.152315139770508,31.79180588867441,31.036044670539376,31.32672401174988,19950600
2020-07-27,31.185531616210938,31.32671942828609,30.720449807333292,31.110785872908142,18231000
2020-07-28,30.654006958007812,31.301801271382228,30.570957542289296,31.00282147391628,17776900
2020-07-29,31.29349708557129,31.318411276253194,30.529429167294648,30.737055871329417,17215000
2020-07-30,30.064353942871094,30.654013150739218,29.798591957123975,30.637402630613426,32833700
2020-07-31,29.923168182373047,29.95638922492999,29.31689841230731,29.60757778248107,24774100
2020-08-03,30.0311336517334,30.197235689001886,29.665711704249006,29.914863176085312,21103400
2020-08-04,30.761980056762695,30.828418969369093,29.906555691976056,29.93147305631964,22572100
2020-08-05,31.08587074279785,31.476209964721775,30.803498295303715,31.368243190291984,30758700
2020-08-06,30.836719512939453,31.193837703613855,30.720449063535163,30.911465254432517,19190700
2020-08-07,30.878252029418945,30.952997789813903,30.205540185864344,30.562658466847697,18376600
2020-08-10,31.833337783813477,31.849945137397256,31.03604858206977,31.110794345729083,26308100
2020-08-11,31.72535514831543,32.82992736226235,31.575863695581035,32.456201898557865,26513100
2020-08-12,32.04096221923828,32.414687842179916,31.700451301044872,32.20706108804219,25532700
2020-08-13,31.418073654174805,32.049257425976215,31.34332791571248,31.783495504361728,15761000
2020-08-14,31.717060089111328,31.76689164791032,31.052655145788105,31.168925614853084,13279700
2020-08-17,31.534351348876953,31.74197809588166,31.359942473612126,31.725367575945356,14255800
2020-08-18,31.13570213317871,31.72536121611408,31.044345875909155,31.418074579224566,14348800
2020-08-19,30.778583526611328,31.251972154975867,30.678920428332013,31.110784349812867,14793900
2020-08-20,30.114181518554688,30.521131330270002,30.105877842783336,30.32180826229802,19107700
2020-08-21,29.923168182373047,30.056049184467824,29.64079565690502,29.99791394405967,17347800
2020-08-24,30.745361328125,30.961291696612285,29.92315822322124,30.10587072834028,24827000
2020-08-25,30.313505172729492,30.95299593600136,30.16401366089281,30.911471220076226,20118500
2020-08-26,29.67401123046875,30.271977213755143,29.632486518992174,30.271977213755143,18001200
2020-08-27,29.732149124145508,29.93147219247767,29.36672719502468,29.682320733161983,22259700
2020-08-28,30.263671875,30.35502814566927,29.698926900074124,29.848418403327006,14575100
2020-08-31,29.607572555541992,30.34672319721239,29.607572555541992,30.30519848541351,18791500
2020-09-01,29.408252716064453,29.541133709216194,29.042830776930366,29.47469479670671,18260500
2020-09-02,29.267066955566406,29.574353646746573,29.084354408746098,29.39994794376318,23850200
2020-09-03,29.05113410949707,29.81520218718622,28.87672840207216,29.208929296957788,39442300
2020-09-04,28.959774017333984,29.54943630989034,28.60265580549806,29.3501132647203,34341000
2020-09-08,27.905031204223633,28.54452191187087,27.589440856137315,28.411640931589137,49218800
2020-09-09,28.09604835510254,28.378417643689566,27.99638525169653,28.22062248216172,24977600
2020-09-10,27.066219329833984,28.21231971062966,27.016387776535975,28.179098675097652,37003300
2020-09-11,27.091136932373047,27.265545806802738,26.86689966650578,27.12435797208658,25397300
2020-09-14,27.298763275146484,27.547914733052263,26.974866063055707,27.165882286387895,19444200
2020-09-15,27.09943962097168,27.730623438080222,27.016387034423033,27.481472014698753,25610400
2020-09-16,28.187406539916992,28.55283164882415,27.107748069696225,27.340289016722384,35886100
2020-09-17,28.228931427001953,28.253845620642657,27.46486341798491,27.738932220562504,22356700
2020-09-18,27.91333770751953,28.228931219893695,27.63096523184421,28.21232070154427,26406400
2020-09-21,26.988130569458008,27.300474365970658,26.532279332263354,27.23293917958741,30719600
2020-09-22,26.70954704284668,27.435533996139007,26.65889727707399,27.005006961753583,22348700
2020-09-23,25.50238800048828,26.91215268758432,25.468622020444524,26.810853137325733,26484600
2020-09-24,25.493946075439453,25.958239139576104,24.93679375442458,25.40952871556173,35243800
2020-09-25,25.477062225341797,25.671221025544,25.071860830973577,25.232252043248156,27558400
2020-09-28,26.0764217376709,26.36343978703756,25.90758863283162,25.941354609748604,26376000
2020-09-29,25.35887908935547,26.059540443149128,25.105627008267536,26.000447163806218,23800900
2020-09-30,25.28290367126465,25.814730305284282,25.164718722494662,25.51927034855016,24574500
2020-10-01,24.50626564025879,25.11406770765543,24.354314720877838,25.004326271506496,28365200
2020-10-02,24.742631912231445,24.95367449465269,23.80560394116755,23.847811813600952,28705200
2020-10-05,25.485506057739258,25.50238824285792,24.90302800277099,24.96211967600465,31572200
2020-10-06,25.105628967285156,26.000449192647565,25.038095395750776,25.856940151871083,31111600
2020-10-07,25.460182189941406,25.527715765639098,24.96212146537314,25.24913956462019,21043000
2020-10-08,26.414091110229492,26.43097329358773,25.55303696399981,25.671220298143314,30563100
2020-10-09,25.99200439453125,26.71798976000978,25.94979491331751,26.650456200194867,25517900
2020-10-12,26.059541702270508,26.152399354041524,25.637456490190583,25.907590768301368,16684600
2020-10-13,25.654335021972656,26.211487293773242,25.578359565806476,26.05953799156796,25383800
2020-10-14,25.764074325561523,26.36343438155985,25.662773195326693,25.713422955380686,27244000
2020-10-15,26.0764217376709,26.084863634431937,25.097184255170696,25.325110637337254,20353900
2020-10-16,25.485506057739258,26.05954221508452,25.44329656962426,26.025774624592525,18711500
2020-10-19,24.945234298706055,25.70498893531821,24.919910217570475,25.57836208913136,25186000
2020-10-20,25.24069595336914,25.460180462022638,24.919911893107784,25.088745015830003,22990300
2020-10-21,24.759517669677734,25.24069453815445,24.75107577249585,25.0971855063169,24657600
2020-10-22,25.780961990356445,25.814727965424996,24.641331752037026,24.80172295133505,32824200
2020-10-23,25.654335021972656,26.067978277695694,25.33355101492541,25.916028975490413,24987700
2020-10-26,24.73419189453125,25.24913634999501,24.48938331759302,25.215370371508847,30401000
2020-10-27,24.413406372070312,24.717308210642933,24.35431470570945,24.70886631400179,21596800
2020-10-28,23.39196014404297,23.96599625238489,23.256893013859834,23.814045328397064,40549100
2020-10-29,24.109506607055664,24.18548207323315,22.775717415456963,23.08806117753411,37252100
2020-10-30,24.244569778442383,24.261453570414716,23.662093446540222,23.940669573575565,37899700
2020-11-02,25.071855545043945,25.401081407291134,24.117942318856993,24.573794999008676,41893100
2020-11-03,24.928354263305664,25.51083072141068,24.700427852676377,25.493948535907577,34877500
2020-11-04,24.962116241455078,25.56147800920287,24.286780625808248,24.962116241455078,43613700
2020-11-05,24.962116241455078,25.460176861792284,24.911466472813345,24.99588382730098,31795800
2020-11-06,24.42184829711914,25.333552203770353,24.320547147434716,24.962116801763667,33223200
2020-11-09,27.908275604248047,28.524519632361294,27.266704273435188,27.351123248676164,99356700
2020-11-10,28.811538696289062,28.811538696289062,27.84074137936178,28.43166134530644,73338100
2020-11-11,28.51607322692871,29.182968572417156,28.2459389741177,29.123876905880643,46542500
2020-11-12,27.595930099487305,28.414776444163206,27.30047173813756,28.018015312989583,38584800
2020-11-13,28.600492477416992,28.743999891785723,27.773205917441643,27.80697028418736,39432700
2020-11-16,30.482988357543945,30.55052030326623,29.453099618183973,29.816093084671373,47932700
2020-11-17,30.795333862304688,30.812217655669816,29.68946954879594,30.086230642240743,39010100
2020-11-18,29.900514602661133,31.175213734746183,29.900514602661133,31.05703039169291,41000200
2020-11-19,30.390132904052734,30.449224571523597,29.38557133679367,29.68946996082054,32936200
2020-11-20,30.229738235473633,30.449221086638037,30.018695670015784,30.314153973555175,19753200
2020-11-23,32.3654899597168,32.40769783135572,30.668709045900357,30.702473411058982,38162300
2020-11-24,34.02851486206055,34.1213709143598,33.159017035625,33.45447865013891,53466000
2020-11-25,33.234981536865234,33.80901755923548,33.04926627333645,33.80901755923548,35676200
2020-11-27,32.84667205810547,33.319408669072125,32.58497805949371,33.04927438287824,18755400
2020-11-30,31.03170394897461,32.52588601379525,30.98105578355149,32.483678135857765,41543600
2020-12-01,31.17521095275879,32.07003267356798,31.124559573003978,31.892754454553298,34467800
2020-12-02,32.18821716308594,32.67783430396462,30.972609767309656,31.073912530460618,37741800
2020-12-03,32.525882720947266,32.9226438179527,32.002498002948464,32.331723925887296,36487700
2020-12-04,34.298648834228516,34.32397291912908,33.11680882829292,33.11680882829292,51850200
2020-12-07,33.49668502807617,33.9694216579187,33.175899342816784,33.89344618562713,34656600
2020-12-08,33.99474334716797,34.332409584478704,33.07459745656976,33.08303774389432,28927300
2020-12-09,34.07072448730469,34.89801125381319,33.65707949392287,34.34085881023582,43345900
2020-12-10,35.11748504638672,35.52268964560845,34.020064242484814,34.1129234956292,38802200
2020-12-11,34.712284088134766,34.889562310038265,34.22266695687696,34.88111880314773,28076100
2020-12-14,33.49668502807617,35.25255795844658,33.37005816750528,35.244117670527444,39942200
2020-12-15,34.155128479003906,34.32396317768578,33.370049867349124,33.6823951869995,29335900
2020-12-16,33.98630142211914,34.366178774505016,33.74993472297004,34.239555137212896,23814400
2020-12-17,33.825904846191406,34.29864139001337,33.62330577044931,34.290197883375804,23181700
2020-12-18,33.26031494140625,33.944090902249876,32.99862095895411,33.758375604618706,36570200
2020-12-21,32.618717193603516,32.90101752584804,31.669155300617852,32.00278444932664,40079400
2020-12-22,32.07122039794922,32.66148705681087,32.03700118961203,32.550276261376645,25092900
2020-12-23,32.78125,33.23464307469182,32.336410095464,32.34496652894302,26965900
2020-12-24,32.61016082763672,32.8240260017013,32.28508811265153,32.8240260017013,11451500
2020-12-28,32.404850006103516,33.140546679751644,32.31074881342899,32.72992270020398,18912300
2020-12-29,32.19098663330078,32.69570857022613,32.03700344825077,32.60160737232629,18984300
2020-12-30,32.695709228515625,33.00367560481619,32.139658464270326,32.216650058345465,28218300
2020-12-31,32.42196273803711,32.687153473893574,32.27653271805971,32.55027988861562,18154900
2021-01-04,32.473289489746094,33.07211267115323,32.08833149717552,32.79836549050833,33858800
2021-01-05,33.92757034301758,34.8172502309175,32.798362509653636,32.824025285718065,47736700
2021-01-06,34.96267318725586,35.2877491232123,34.14998497902634,34.5948248747238,43131400
2021-01-07,35.4759521484375,35.835244034266935,34.90279184915118,35.27064016844696,25728600
2021-01-08,35.43317794799805,35.92934668287099,35.15087763527506,35.92934668287099,31372000
2021-01-11,35.989234924316406,36.134664954534955,34.46651577295418,34.66327136168899,23445200
2021-01-12,37.24675750732422,37.443513065347574,36.15176565558442,36.42551606601192,43973600
2021-01-13,36.955902099609375,37.39218561138457,36.67359850827215,37.3750760061529,27382200
2021-01-14,38.05088806152344,38.495727976405135,37.15265506140531,37.18687426947082,41657300
2021-01-15,36.57094192504883,37.38363017604791,36.211650026917226,37.37507374228859,47748500
2021-01-19,37.30664825439453,37.56328585716833,36.896027437291615,37.015791434364445,27809700
2021-01-20,37.443519592285156,37.71726678710728,37.07567118736968,37.62316557701393,25362800
2021-01-21,36.17743682861328,37.42640877245047,35.843807649687825,37.238206358359655,29984000
2021-01-22,35.989234924316406,36.09188930467285,35.091001753718736,35.381858550831915,25222300
2021-01-25,35.62138748168945,35.73259830033124,34.97123870422578,35.59572470174289,40911600
2021-01-26,34.86002731323242,36.4768476898002,34.84291770577429,35.93790647650296,27499800
2021-01-27,34.3895263671875,35.347641592766834,33.799256299977955,34.28687198027789,49933600
2021-01-28,34.791587829589844,35.21076504130758,34.35530427425606,34.67182384433445,28624100
2021-01-29,33.63671875,34.748817149074405,33.50839832331587,34.30397713677984,31534500
2021-02-01,33.876243591308594,34.21842918852331,33.31163964023091,34.04733638991595,30510700
2021-02-02,34.24408721923828,35.06533188604798,34.24408721923828,34.68892712862425,31964500
2021-02-03,35.706932067871094,35.801030006351475,34.29542056745743,34.42374098143092,37192800
2021-02-04,36.10044860839844,36.109001781056115,35.33908897222218,35.972128175264025,24163900
2021-02-05,36.40840530395508,36.78480680342631,36.305747679562046,36.665042838291065,24098200
2021-02-08,37.931129455566406,38.11077542830594,36.904575911831735,36.93879512473177,31184100
2021-02-09,37.52906036376953,37.75148197541472,37.03289484982592,37.63171799837052,32399400
2021-02-10,38.24765396118164,38.28187317850548,37.41785915268565,37.65738714730418,29225500
2021-02-11,37.65738296508789,38.13644216444498,36.86180419894827,38.1278857294022,24816300
2021-02-12,38.21343231201172,38.2476515271579,37.3237555614788,37.39219072844719,23700400
2021-02-16,39.171546936035156,39.62494007087191,38.897799768210284,39.09455534112668,38296700
2021-02-17,39.753257751464844,40.009895295747874,39.00045146002098,39.573608533475635,34482200
2021-02-18,38.85502243041992,39.6591575563095,38.73525845762535,39.58216596475249,30680100
2021-02-19,39.50517272949219,39.65915590619939,38.8635772476533,38.90634962711122,27202100
2021-02-22,40.87390899658203,41.46417893626396,39.70192881454117,39.77036723324423,37822300
2021-02-23,41.54972457885742,41.66948855080821,39.7874744197035,41.3615221867499,49185400
2021-02-24,43.02112579345703,43.269210216602616,41.47274052105509,41.823479329758676,38874400
2021-02-25,42.19131851196289,43.46595630167377,41.90046176377323,43.46595630167377,37943900
2021-02-26,41.190433502197266,41.74648099234361,39.97567762625443,41.62671701795282,45154400
2021-03-01,42.25975036621094,42.84146377224437,41.96889366319422,42.27685670463293,34695800
2021-03-02,42.02878952026367,42.7559298863274,42.00312347750716,42.41374752837197,37234100
2021-03-03,42.644718170166016,43.61138975605938,42.3281985983213,42.33675503350092,41287200
2021-03-04,43.662715911865234,44.44973820750698,42.62760922434019,43.02967354349471,53786900
2021-03-05,45.2966423034668,45.39929666826497,43.78247655356922,44.90313118563762,56197900
2021-03-08,45.3821907043457,45.98101386313499,44.72348555600986,45.741485904948746,50305000
2021-03-09,44.58660888671875,45.77569868735416,44.27008935482065,45.12555001868191,59444800
2021-03-10,45.715816497802734,45.86979967767601,44.44118194180254,44.65504710681283,39208300
2021-03-11,45.732933044433594,46.51140223270244,45.63027866337724,45.809924646056835,25398700
2021-03-12,45.827030181884766,46.2376509329519,45.484844591000325,45.8184770106083,29893400
2021-03-15,45.30519485473633,45.85268914393914,44.75770056553352,45.724372005526625,30226300
2021-03-16,44.013450622558594,44.59516411937817,43.739703478563904,44.55239174000212,38643500
2021-03-17,44.35563659667969,44.569501774606444,43.50873231955097,43.88513385790555,32276100
2021-03-18,42.3624153137207,44.158881523263126,42.1827693454312,43.962125948947424,43603600
2021-03-19,42.37096405029297,43.07244150732797,41.797806993361846,42.34530127560152,40579300
2021-03-22,41.964637756347656,42.440132571225796,41.87818205494849,42.27587168548907,29780900
2021-03-23,41.35081481933594,42.27586933624158,40.85802559361421,41.117389385451204,51598100
2021-03-24,42.38825607299805,42.958850469016205,41.98192584873882,41.98192584873882,40815400
2021-03-25,42.54387664794922,42.66491133347659,41.00500142119066,41.67933941081334,40335100
2021-03-26,43.59861373901367,43.65913108261909,42.820528895589824,43.31331486377563,36174300
2021-03-29,43.07988739013672,43.45163532726852,42.552519205584844,43.22685712133447,23643100
2021-03-30,42.70813751220703,43.16634115691046,42.388256384822014,42.638972955600245,26696100
2021-03-31,42.41419219970703,42.81187848251122,42.24992803658767,42.621679261192966,24048700
2021-04-01,43.494869232177734,43.51216037253291,42.37961541387753,42.604393642599184,32519800
2021-04-05,42.45743179321289,43.417068824748426,42.20671515835347,43.40842160398863,26686100
2021-04-06,42.34504318237305,43.23551568532821,42.275881902487,42.664921109986786,26628900
2021-04-07,42.492008209228516,42.70814252708228,42.20670932664653,42.36232629933708,24944300
2021-04-08,41.93870544433594,42.1980692879848,41.45456663848103,42.18942206762409,31883300
2021-04-09,41.66204833984375,42.29316012825242,41.47185238996098,41.93005607106435,22186700
2021-04-12,41.33353042602539,42.32774636452441,41.18655736680058,42.02515962192648,19598100
2021-04-13,41.37675094604492,41.60152916709121,40.96177348553414,41.26436018654793,22412700
2021-04-14,42.52658462524414,43.08853513690401,41.69662968631849,41.739855887689,33383900
2021-04-15,42.18077087402344,42.578457195407104,42.00786277404646,42.578457195407104,24843100
2021-04-16,41.84360122680664,42.59574765709279,41.67069312958229,42.492004117937235,28594500
2021-04-19,41.80036926269531,42.24128504949947,41.394039050832546,41.930051152448875,20413900
2021-04-20,40.693763732910156,41.713917842426014,40.27878629313299,41.6534005052469,36287000
2021-04-21,41.212486267089844,41.359459304332624,39.98484504022117,40.17504427737737,28495500
2021-04-22,40.72835159301758,41.42862467577027,40.59002576079932,41.411336832447475,25031400
2021-04-23,41.10010528564453,41.281657332668075,40.52086356206462,40.762936256044185,16948900
2021-04-26,41.37675094604492,41.68798486591493,40.944482345769394,40.944482345769394,17945900
2021-04-27,41.87818145751953,42.02515449882752,41.34216930828256,41.53236855069957,21134400
2021-04-28,43.321964263916016,43.486225162264105,42.15483694002785,42.18941922324262,32937000
2021-04-29,43.80609893798828,44.342114383815606,43.27008679010869,43.94442805790326,33021200
2021-04-30,42.699493408203125,43.78016494940263,42.60439378490592,43.183635445921716,29259500
2021-05-03,43.87527084350586,43.98766162327927,43.05395969522003,43.192285540345665,22870000
2021-05-04,43.90119934082031,44.29024175264055,43.39976946398919,43.961716682887044,26958800
2021-05-05,45.319034576416016,45.45736368264982,44.44585352997329,44.44585352997329,39810600
2021-05-06,45.55246353149414,45.55246353149414,44.4717920397795,45.310394172693314,29355200
2021-05-07,46.365135192871094,46.44294367989344,44.921356222111655,45.08562041579659,31598100
2021-05-10,46.382415771484375,47.67057417689739,46.3478334966948,46.94436289605244,34499000
2021-05-11,45.189361572265625,46.062542726645475,44.7916752365262,45.4141398017864,56765900
2021-05-12,45.405494689941406,46.74552670658931,45.19800430833021,45.42278582990465,41097800
2021-05-13,44.85219192504883,45.6907907863683,44.24701521108116,44.86083584615721,39849100
2021-05-14,46.24409866333008,46.417003473886474,45.34497913746622,45.34497913746622,28591800
2021-05-17,47.316123962402344,47.333415103399346,46.01067414763399,46.07983541367407,33702100
2021-05-18,46.218162536621094,47.41986883697221,46.13171012716557,47.24696401806116,35217700
2021-05-19,45.068328857421875,45.57840597919319,44.43721704539091,45.13749012416397,43984800
2021-05-20,44.99916076660156,45.20665114646485,44.35940508308952,45.05103418605431,28261300
2021-05-21,45.09425735473633,45.768595272544786,45.059675077426284,45.44871745229558,25269900
2021-05-24,45.543819427490234,45.647562966852256,44.89541653506918,45.40549360902498,24010200
2021-05-25,44.61876678466797,45.55246527429927,44.549602223537164,45.43143059026816,24279300
2021-05-26,45.016448974609375,45.18070984525695,44.45449850995334,44.6619888763033,19777200
2021-05-27,45.0510368347168,45.60434014961871,44.800320239543154,45.19800658488541,19526800
2021-05-28,45.13748550415039,45.36226701843778,44.89541614840794,45.301749679502166,18562700
2021-06-01,46.875213623046875,46.97895717597929,46.00202910018376,46.027967461877935,36285100
2021-06-02,47.748390197753906,47.97317172148881,46.60720133279324,47.160504625144135,33946700
2021-06-03,47.8780632019043,48.14606757923416,47.24695154523308,47.54953819639491,29380800
2021-06-04,48.197940826416016,48.396783953354294,47.48902070500226,48.189296906960934,26329400
2021-06-07,47.99046325683594,48.483252543578665,47.92130198894356,48.189309734653044,20035200
2021-06-08,48.40544128417969,48.4918936885817,47.25560517753551,47.826199621253146,28776500
2021-06-09,48.10284423828125,48.75124707031692,48.07690918034297,48.54376001091602,28026100
2021-06-10,48.042335510253906,48.97603733865342,47.53225839243149,48.75125580309889,28676900
2021-06-11,47.8780632019043,48.48323980217512,47.81754587167193,48.2152321268981,19045700
2021-06-14,47.670589447021484,48.34492753169001,47.28154697588645,48.050987995663874,18872500
2021-06-15,48.578346252441406,48.708028157417935,47.852134840058106,47.97317282374519,32142500
2021-06-16,48.31898498535156,48.88957942202544,47.89536359188418,48.5005370111233,30393200
2021-06-17,46.67636489868164,48.60428245973684,46.045249840222866,48.197948920223084,53470900
2021-06-18,45.29310607910156,46.27867801815488,45.25852379753354,45.69943964265606,56906100
2021-06-21,47.2232551574707,47.310591082853186,45.668653030428914,45.668653030428914,42183400
2021-06-22,47.53767395019531,47.721081408426606,46.59442988217333,47.10971988267002,24172200
2021-06-23,47.66868591308594,48.51585520828909,47.58134663979263,47.974365040481004,20276500
2021-06-24,48.079158782958984,48.11409448497091,47.424129362668936,47.88701908519721,20878400
2021-06-25,48.33244323730469,48.35864335102996,47.93942487316401,48.210171597716986,19165000
2021-06-28,46.69923782348633,48.14903632529062,46.507094769577165,48.12283287961515,32851400
2021-06-29,46.4721565246582,47.2407253666609,46.411020707508776,46.97871424578448,15955500
2021-06-30,47.048587799072266,47.18832730191364,46.56823346628334,46.611901436236415,23517000
2021-07-01,47.86956024169922,48.27131089547718,47.42413828636286,48.12283579981421,23625800
2021-07-02,47.76475143432617,47.92195878577462,47.25819700427751,47.668683236576506,15235900
2021-07-06,46.21014404296875,47.694878126415006,46.018001005213335,47.60753886759342,34223100
2021-07-07,45.45904541015625,46.56822906676793,44.952491009582516,46.1402783373447,30411900
2021-07-08,45.19703674316406,45.62499082752882,44.49833925694322,44.655546607799465,24689900
2021-07-09,46.157737731933594,46.19267343337647,45.240697224795205,45.773455011017546,25603000
2021-07-12,46.08788299560547,46.36736202470823,45.31058173768511,45.63372874040027,20676500
2021-07-13,45.738525390625,46.149011608024296,45.46778199757636,45.86079703027952,24893400
2021-07-14,44.376068115234375,46.411024775097594,44.20139290879036,45.878266894686966,33499700
2021-07-15,43.75597381591797,44.428471238957925,43.546366219853866,43.89571332384493,29835400
2021-07-16,42.51578903198242,44.10532729365724,42.43718534512365,44.087859437504974,37126900
2021-07-19,41.013572692871094,41.59873401306326,40.43714696359397,41.06597624340602,57497400
2021-07-20,41.56380844116211,42.000494807078226,40.68170344793869,41.03105054168004,41671000
2021-07-21,43.013607025146484,43.36295745039754,42.28870605882896,42.384777592355626,41021300
2021-07-22,42.533260345458984,42.96994678980322,42.166441999750184,42.96994678980322,23635000
2021-07-23,42.37603759765625,42.690452256673346,41.94808357140477,42.67298440543329,23475900
2021-07-26,43.42408752441406,43.59875938225521,42.40223983145226,42.48084350014163,23633100
2021-07-27,43.022335052490234,43.15334228197944,42.515780650546596,43.08347420279684,23444200
2021-07-28,43.41535186767578,43.77343450635863,42.74285455470513,43.13587289756487,19584600
2021-07-29,43.83456802368164,44.166450532650366,43.57255691940189,43.97430750140764,21897000
2021-07-30,43.13587951660156,43.930648584493504,42.87386835837449,43.747241106899814,24800300
2021-08-02,42.81272888183594,44.21012382765848,42.74285746871863,43.1620759524654,28905400
2021-08-03,43.546363830566406,43.63369976885909,42.271240474239356,42.67299112102966,32151000
2021-08-04,42.3673095703125,43.29308586140839,42.30617374588332,42.760327964251914,32261900
2021-08-05,42.84766387939453,43.3716861424939,42.445909923922564,42.62932071449441,22900000
2021-08-06,43.240684509277344,43.5813026892094,43.004876792509144,43.21448439222593,18107400
2021-08-09,42.62932586669922,42.96994071204595,42.34111125500417,42.66425824524944,21096700
2021-08-10,43.38041305541992,43.493952420034006,42.80398730440888,42.85639085691966,26641500
2021-08-11,43.721038818359375,43.799642495087454,42.99613787390569,43.26688461189185,23843100
2021-08-12,43.677364349365234,43.921910954586444,43.14460983646884,43.68609994150825,18258600
2021-08-13,43.162071228027344,43.703564625458554,43.05726745147536,43.703564625458554,16525400
2021-08-16,42.3673095703125,42.594388345323075,41.99176236238435,42.576920490964376,24129200
2021-08-17,41.930625915527344,42.61185895292239,41.5550786833343,41.956829364584735,25554100
2021-08-18,41.0572509765625,42.253774027260704,41.00485074450301,41.92189145372267,28152900
2021-08-19,39.991737365722656,40.611831192943036,39.42404376907428,40.34982004512552,49628100
2021-08-20,40.079071044921875,40.33234991724922,39.4502416602891,39.62491685953735,30793800
2021-08-23,41.58127212524414,41.694811501857735,40.96117834743157,41.04851427919449,29352200
2021-08-24,42.271236419677734,42.48957957611894,41.86075021943958,41.93061829704164,22691100
2021-08-25,42.59438705444336,42.83019808366044,41.90442182062144,42.18390081858558,19908800
2021-08-26,41.948089599609375,42.585651269059234,41.87822151626062,42.349843572561326,20732700
2021-08-27,43.06600570678711,43.35421694304505,42.37604052753453,42.47211205017124,23101300
2021-08-30,42.5594482421875,43.39788517491821,42.541980389632414,43.23194557312324,15908900
2021-08-31,42.271236419677734,42.73412284520439,42.1664293057964,42.349840089262656,26936600
2021-09-01,41.65113830566406,42.4721106860815,41.493930970335285,42.227564091318904,31729900
2021-09-02,42.70792770385742,43.04854253448967,42.03543030394007,42.03543030394007,30817700
2021-09-03,42.46337890625,42.93500095457386,42.262503588997774,42.620586255691286,19581400
2021-09-07,42.21010208129883,42.795260161870075,42.052894736621,42.262502308423244,21236400
2021-09-08,41.66861343383789,42.72539367013427,41.64241331725865,42.44591465444684,21899200
2021-09-09,41.75595474243164,42.41098434204004,41.170793234322,41.389136434191464,25264800
2021-09-10,41.73847579956055,42.489576740659366,41.60746858177747,42.40223748492,18756500
2021-09-13,42.935001373291016,43.22321596062827,42.27997185478171,42.27997185478171,34249800
2021-09-14,42.31491470336914,43.39789515768326,42.131507206830086,43.31929146893038,29467900
2021-09-15,43.89570617675781,43.9306418809645,42.84766170377427,42.91752978053551,38347500
2021-09-16,43.397884368896484,43.86077412387848,43.162073361260866,43.852038531937076,30321900
2021-09-17,43.074737548828125,43.860774243083156,42.96119817484636,43.17954133084474,32229500
2021-09-20,41.759368896484375,42.26323906332008,41.078701410799844,42.033401537178094,42830000
2021-09-21,41.856605529785156,42.475394479079824,41.41461390487875,42.25439866662662,25661700
2021-09-22,43.1472282409668,43.651098477350764,42.563799368725945,42.563799368725945,39626100
2021-09-23,44.65883255004883,44.791428009388774,43.18257882340655,43.38589793089219,24867100
2021-09-24,44.994747161865234,45.22458131489464,44.331759748117484,44.42015672109917,27751500
2021-09-27,46.59476089477539,46.78039658627757,45.92293504223611,45.984813606070176,40848700
2021-09-28,46.753875732421875,47.58482218431922,46.647798681673,47.03675011583797,66487600
2021-09-29,46.753875732421875,47.045591837142084,46.135086754150926,46.709677242287235,34947200
2021-09-30,46.04669189453125,46.877635012568476,46.04669189453125,46.62128240912994,44599400
2021-10-01,47.59366226196289,47.6378607537027,46.38260605322253,46.38260605322253,41656000
2021-10-04,48.37157440185547,48.90196311136755,47.88538081731869,48.10637667497025,57407900
2021-10-05,48.654441833496094,49.54726348628612,48.1505716202761,49.061073343791406,49014800
2021-10-06,48.1417350769043,48.40692942205,47.29311182358643,47.85002230888274,50087400
2021-10-07,48.51300048828125,48.77819478220881,48.026810387392665,48.265482891437586,38798100
2021-10-08,50.006935119628906,50.12185389307405,48.91079771364489,49.02571311496134,43100200
2021-10-11,49.8213005065918,50.90859958666794,49.77710201497155,50.75832066860459,43010700
2021-10-12,49.865501403808594,50.34285322944456,49.52074843155893,49.72406420052337,35519100
2021-10-13,49.8213005065918,50.077656478969494,48.94615553514434,49.503065971519995,28951300
2021-10-14,50.43124771118164,50.6434051916325,49.92737748875569,50.38704921962526,23393300
2021-10-15,50.678768157958984,51.19147675841697,50.65224636384414,50.99699933817656,22677400
2021-10-18,50.71411895751953,51.456665034838714,50.431244582553035,51.17379065987222,32628800
2021-10-19,51.288719177246094,51.46551653823722,50.65225002652971,50.926286104672414,22276300
2021-10-20,51.70418930053711,51.71302765058678,50.69644541629631,50.899764560857584,25106300
2021-10-21,50.749481201171875,51.49202730927228,50.33400797041073,51.30639162527935,32120900
2021-10-22,51.22682571411133,51.271024198477484,50.457761295330066,50.935109647463975,21502500
2021-10-25,51.97821807861328,52.26109246872347,51.5804249137306,51.854460954456165,25056100
2021-10-26,52.27876663208008,52.517442504039124,51.96053213613468,52.15500952190761,22751600
2021-10-27,50.776004791259766,51.99590281566502,50.661089378303394,51.713028400169456,34003800
2021-10-28,51.138431549072266,51.182633410904735,50.49312415743584,50.50196587865378,23367500
2021-10-29,50.80253219604492,51.50971831287658,50.59037467493072,51.394799515101,21998900
2021-11-01,51.67766571044922,51.81910291123224,51.16495712215908,51.306394322942104,24828400
2021-11-02,51.191471099853516,51.7748999239552,51.023515492293285,51.37710677749301,17062700
2021-11-03,50.76716995239258,51.29755867509883,50.360538373509165,50.572692513739966,23337400
2021-11-04,50.8378791809082,51.65114558771846,50.378210822601375,51.51854674104577,38181600
2021-11-05,51.5008659362793,51.730703484286956,51.07655435395212,51.53622607783874,22603500
2021-11-08,51.969383239746094,52.50861363610873,51.68650883052782,51.93402309556157,20011200
2021-11-09,52.1815299987793,52.19921006837723,51.288708402918346,52.03125446538951,19689000
2021-11-10,50.80253219604492,52.12850742965281,50.50197767487529,51.960548408566325,36016500
2021-11-11,50.99700164794922,51.34175801002539,50.83788436456917,50.83788436456917,24498300
2021-11-12,50.873233795166016,51.07654953174442,50.56384101605286,50.78483682174179,17095000
2021-11-15,51.29754638671875,51.598100823488636,50.39588307640909,50.82903634815598,21375700
2021-11-16,51.377113342285156,51.79258661191437,51.129599073805956,51.44783363163864,20479400
2021-11-17,50.59036636352539,51.6069485577973,50.41356902033086,50.8732407637851,23669500
2021-11-18,50.28981018066406,50.873239032865136,49.67986290813118,50.47544586724424,28955500
2021-11-19,48.32736587524414,49.335109679901166,48.221288822380295,49.202510834724826,45689800
2021-11-22,49.18483352661133,49.92737968262458,48.24781332477884,48.25665167462698,33892900
2021-11-23,50.696441650390625,50.86440063801868,49.7859399171053,49.83013840832842,33862300
2021-11-24,51.191471099853516,51.48318719796864,50.360528038899155,50.43124494708768,21434300
2021-11-26,49.13179016113281,49.29090404217967,47.858852135730295,48.65443840160687,44727200
2021-11-29,49.41466522216797,50.70527996303677,49.2555479667591,50.20140977828486,35441200
2021-11-30,48.256649017333984,49.220190959910454,48.01797311903023,48.486483194147574,46262000
2021-12-01,47.743934631347656,49.838977396120605,47.7174162124941,49.38814404283892,44774800
2021-12-02,49.13179016113281,49.308584111657865,47.2047064256793,47.77045516046777,50371900
2021-12-03,48.74284744262695,50.0157857831314,48.27433728792978,49.79478991814152,37940100
2021-12-06,49.467708587646484,50.05113747709999,48.88427969819298,49.49423038180047,31969500
2021-12-07,50.62572479248047,51.10307659130464,50.095332780855145,50.15721471518752,36843300
2021-12-08,50.61688232421875,51.156112677291524,50.51080527231009,50.90859843212842,23515000
2021-12-09,50.22793197631836,50.431247735277836,49.91853916314714,50.29865226054535,23399400
2021-12-10,50.599212646484375,50.80252842924033,49.69754914983023,50.767168282988216,19525600
2021-12-13,49.19367599487305,50.29865520974325,48.95500007980561,50.148376283013846,28604000
2021-12-14,48.9903564453125,49.74174432846615,48.82240082001245,48.89312110779915,28798800
2021-12-15,48.751678466796875,49.04339119105833,47.664376082187346,48.91963407336386,33858100
2021-12-16,49.061073303222656,50.06881372882934,48.98151467108904,49.17599207677758,26865900
2021-12-17,48.06217575073242,48.92847906432285,47.62902578000171,48.707483217831545,34635100
2021-12-20,47.46671676635742,47.50253476650552,46.257888295595315,46.76828284243198,36330800
2021-12-21,48.81881332397461,48.997899894565485,47.93233667823552,47.95024567687383,25159700
2021-12-22,49.1322135925293,49.4635249526308,48.28155492100736,48.87254164471524,21103100
2021-12-23,49.1590690612793,49.83959381421753,49.141160065703076,49.34710839114217,16685300
2021-12-27,50.23358917236328,50.27836337606536,48.5859989004166,48.99789903024739,21742200
2021-12-28,50.19777297973633,50.6902584625167,49.92018863834024,50.358950543670566,17938500
2021-12-29,49.875423431396484,50.35895617729167,49.63365705844889,50.11718980434408,15109100
2021-12-30,49.57097244262695,50.28731528397865,49.52620165550349,49.89332757518324,13590000
2021-12-31,49.69633102416992,49.956006366428646,49.36502310709723,49.44561188863297,13241200
2022-01-03,51.236473083496094,51.31706186883697,49.74110415901363,49.76796936465539,32527100
2022-01-04,53.009422302246094,53.21537065877654,51.76477595602737,51.93490631599805,39978800
2022-01-05,53.000465393066406,54.11975215228992,52.91987660977063,53.52876888005159,45402000
2022-01-06,54.18242645263672,54.48687255695801,53.42131289972938,54.24510964733654,37340700
2022-01-07,54.925636291503906,55.068904850418036,54.012297947504386,54.3883800495239,35584600
2022-01-10,54.755516052246094,55.15845660021172,54.039169709657166,55.05100601514039,33236500
2022-01-11,56.61800765991211,56.71650545280423,54.76446884248279,55.2300925988321,38443900
2022-01-12,56.725460052490234,57.07468044272423,56.31356328344619,56.922455644551576,30248400
2022-01-13,56.43891143798828,57.18211944597654,56.206101307459484,56.725448559773845,29777000
2022-01-14,57.76415252685547,57.853694100569655,56.45682300640057,56.49264100220308,32400500
2022-01-18,57.99695587158203,58.67748408899371,57.11048272979056,58.381990764535296,41066700
2022-01-19,57.57612228393555,58.50736299583187,57.119451304666114,58.44468320115452,32989000
2022-01-20,57.04780197143555,58.57898531069426,56.931398617544644,57.20002673421939,41990400
2022-01-21,55.9195671081543,56.761269520414636,55.328583836611486,56.4030998073599,57269800
2022-01-24,56.2956428527832,56.492638404847675,53.582492987638894,54.59432911989015,62252800
2022-01-25,58.480506896972656,58.69541492672262,55.04206040000424,56.080758633245026,59217200
2022-01-26,58.38199996948242,59.572922829826815,57.74624585187226,59.09834629355337,65362700
2022-01-27,59.01776123046875,60.047499683331694,58.04173952955537,59.41174556236283,54450700
2022-01-28,58.76703643798828,59.34011077938331,57.54030237824503,58.62377126843204,52651200
2022-01-31,59.026702880859375,59.402781579546584,57.701471228842365,58.632718600532584,31649200
2022-02-01,61.13097381591797,61.2742458264616,58.54318290184649,58.67749870383478,45222300
2022-02-02,61.32796096801758,61.44437116844765,60.06540899902215,60.81756645602631,32598500
2022-02-03,60.74592590332031,61.20259680028921,60.083310074491735,61.07723723352661,30981300
2022-02-04,61.69509506225586,62.680066164233956,61.37273988974157,61.51600505997844,40866700
2022-02-07,62.48305892944336,63.06508937306913,60.9339699801386,61.39959023608894,32582500
2022-02-08,61.139923095703125,62.4203875105881,60.71012077595114,62.295027931361716,37882100
2022-02-09,61.65032958984375,62.12490620785412,61.130978757023115,61.28320698842642,35395700
2022-02-10,61.26527786254883,62.44724439640049,60.86233736548419,61.345870060912254,37821600
2022-02-11,63.04718017578125,63.12776553347246,61.2921327392275,61.677167610780096,46517000
2022-02-14,61.560760498046875,62.73377062106674,60.82650879155167,62.662141473581165,49816500
2022-02-15,60.916053771972656,61.05932573815904,59.707225591504304,60.04748626382193,43046100
2022-02-16,61.4085578918457,62.47411437118845,61.032479134430616,61.39960168383533,36722100
2022-02-17,61.31006622314453,61.9547766325947,60.835489624961966,61.354833604498396,33811400
2022-02-18,60.933982849121094,61.41750878828719,60.34299607434106,60.441493870137734,31645800
2022-02-22,59.94898986816406,62.77854978090921,59.04461117933428,62.77854978090921,46501400
2022-02-23,60.56684494018555,61.03247206056656,59.94899645919639,60.29821338369002,33979000
2022-02-24,60.09226608276367,61.927899039645304,58.525264671820224,61.85626304985059,61742900
2022-02-25,61.67717742919922,61.73985721679821,60.22658610716992,60.22658610716992,39211500
2022-02-28,63.19940948486328,63.27104547734266,60.89815617124117,61.23841688814184,48197100
2022-03-01,63.835182189941406,64.90969506460361,62.939752517194165,63.76354617654093,62115500
2022-03-02,65.29470825195312,65.81405892797169,64.49777665635882,64.81117557065141,45454100
2022-03-03,65.47380828857422,65.92152304397085,64.52464836165555,64.65896415459154,44559900
2022-03-04,67.3631591796875,67.39897034517557,65.29471254615406,65.46484632435227,52608400
2022-03-07,68.35708618164062,69.44951128756007,66.83485873241243,68.06159963246026,65607400
2022-03-08,69.43160247802734,71.83135375005364,67.45270415331527,69.9151352154787,98027200
2022-03-09,67.3094253540039,68.89433919404037,65.8140599178985,66.88857244923057,87018200
2022-03-10,69.36892700195312,69.5480101758865,67.62283531396943,68.10636808149175,68901300
2022-03-11,68.81376647949219,69.67337811424939,68.15115045862255,68.25860447481195,45918900
2022-03-14,66.7542724609375,67.81982892849366,65.85884295418629,67.34525238296912,50745000
2022-03-15,64.30973815917969,65.05294618833001,63.07404806721646,64.1664730099995,62362200
2022-03-16,64.0142593383789,65.11564073760437,63.34268714732537,64.55151572490462,53768100
2022-03-17,66.21700286865234,66.38713664453951,64.74849916655016,65.15144650445382,38478200
2022-03-18,66.15432739257812,66.60204213169526,65.65288907087405,66.10060380999118,29275400
2022-03-21,68.82111358642578,69.03807727882456,67.45608656397742,67.49224717937722,34357400
2022-03-22,68.31485748291016,68.9114971057404,67.53742173633563,68.53181421078932,33231100
2022-03-23,69.49008178710938,70.13191725850164,69.26408309026986,69.59855674755529,29331500
2022-03-24,69.6618423461914,70.34888037726063,69.20080992913721,69.75224735057083,26350300
2022-03-25,71.1895751953125,71.27997327649167,69.19174794444726,69.24598541376845,28041800
2022-03-28,69.42678833007812,69.75222693919814,68.98382600842886,69.7251013076619,34880200
2022-03-29,69.24597930908203,69.2821399177521,67.06735608792462,67.87191066427377,36637000
2022-03-30,70.050537109375,70.54773688030755,69.48102301470507,69.9149365448542,24868200
2022-03-31,69.10134887695312,70.7014162714737,69.09230699988481,69.39062687075639,32803300
2022-04-01,69.6618423461914,70.31271975489557,68.96576933223105,69.01096493748724,24806300
2022-04-04,69.75223541259766,70.33982645889765,69.01095312638324,70.1138277804954,23003700
2022-04-05,68.65838623046875,70.95453331264525,68.5770300280395,69.8787844423585,27288600
2022-04-06,69.06517791748047,70.0324517109195,68.67646002496215,69.4086933283614,32164200
2022-04-07,69.96919250488281,70.20423306254362,68.10695869715845,69.39063643751184,27048700
2022-04-08,71.89468383789062,72.09356373791798,70.15901599626625,70.15901599626625,26713100
2022-04-11,69.734130859375,71.14435998501692,69.58045345915613,71.12628313078598,26230500
2022-04-12,70.8912582397461,72.18397085494833,70.75565766392704,71.14437563624469,31964700
2022-04-13,71.94893646240234,72.147816404334,70.57486752249733,71.75909839881278,24647900
2022-04-14,72.18397521972656,72.75349629321767,71.49693731844997,71.60541916505117,25934700
2022-04-18,73.24162292480469,73.67554326950739,72.32859355068989,72.78059074866232,30456600
2022-04-19,72.64500427246094,73.57611757701973,72.22012572061033,72.8619610383457,22863900
2022-04-20,72.92523956298828,73.31395750000162,72.12972683239569,72.83484148629636,26039700
2022-04-21,70.61101531982422,73.68459818956299,70.33981419425595,73.35915959765352,32578900
2022-04-22,68.8843765258789,71.34324261172704,68.85725779502376,70.33077320950524,35749600
2022-04-25,66.6063232421875,66.96792246612489,64.18361740781795,66.71480507844818,55362200
2022-04-26,66.69672393798828,68.52279698682234,66.52496274807658,67.10352566721099,44584300
2022-04-27,67.67304992675781,68.33296225528161,65.91929784280227,67.12161255802813,44566300
2022-04-28,69.72509765625,70.2946186408507,66.7871153477809,68.12503032597961,43734800
2022-04-29,67.93519592285156,70.27653863850642,67.6911135173,69.87878570235031,39708100
2022-05-02,69.01998901367188,69.04710774921705,67.31143970500887,67.51936150574139,52070600
2022-05-03,70.95453643798828,71.27997505590267,69.1013515882926,69.14654718154468,41649400
2022-05-04,73.90155029296875,74.0552277025348,71.39748856539778,72.31955991972477,45383700
2022-05-05,72.7896499633789,74.498206285783,71.30709921214333,74.42588505476365,46597000
2022-05-06,74.95924377441406,74.96828565314682,72.25630137566209,73.7298103501997,47122800
2022-05-09,68.75782775878906,73.41340137488201,68.47759163699568,73.35012202812442,53022000
2022-05-10,69.38158416748047,71.13533586355273,67.91711046176671,69.81550460148388,56863900
2022-05-11,70.31270599365234,72.61789521549748,70.1951891666658,70.53870466650257,49852500
2022-05-12,70.61101531982422,70.6471759296954,68.4143082729009,70.28557672791476,45021800
2022-05-13,73.0246810913086,73.31395908112015,71.53308865446444,71.65964734394878,29718700
2022-05-16,74.95020294189453,75.7185970478134,73.24164663527343,73.286849128476,28259400
2022-05-17,75.81803131103516,76.27906360174077,75.1400353455993,75.9626668639237,28164700
2022-05-18,73.87445068359375,76.4508342932337,72.98853281061156,76.36043619932101,33230700
2022-05-19,73.60323333740234,74.84170833245608,72.19300407072143,72.19300407072143,35720500
2022-05-20,73.91963958740234,75.38411340511162,72.4370889113207,74.50723749001648,31920000
2022-05-23,75.87226867675781,76.13442794399708,74.33548058265905,74.7965128727297,26644700
2022-05-24,76.16155242919922,76.47794919046822,74.45300302141449,75.03155906971556,26563800
2022-05-25,77.73448944091797,77.84297126983766,76.31521827297462,76.42370010189431,26324000
2022-05-26,78.59329986572266,79.18089089151904,78.15033750571986,78.20458187655755,21339100
2022-05-27,80.03063201904297,80.24758876800418,78.05088185609621,78.2407267704843,18667200
2022-05-31,78.82831573486328,81.77533966473378,78.40344412356005,81.35046115650002,39340600
2022-06-01,80.11200714111328,80.69959813708451,78.94585323281005,79.82272913341315,29648600
2022-06-02,79.85887908935547,80.41935822029161,79.06336632987023,79.5515242380537,26302700
2022-06-03,80.91655731201172,81.1696746925452,79.86792028188005,79.95831836108037,20525300
2022-06-06,80.82617950439453,81.35953313329604,80.39225895969973,81.30529565155909,16692300
2022-06-07,83.23983001708984,83.34830496234338,80.70864220821811,80.7719215585933,25689400
2022-06-08,83.42061614990234,84.3517294348959,82.90533953117139,83.6466147878884,28492700
2022-06-09,81.57648468017578,83.23079673546964,81.48608658415083,82.70647812281925,24588100
2022-06-10,80.19336700439453,81.84767891929759,79.26225359018314,80.63632246517885,31271800
2022-06-13,76.00786590576172,77.8429737987859,74.4981966131383,77.76161070022006,44731300
2022-06-14,76.15250396728516,78.53001420412357,75.1581112762979,77.5356146162048,34756400
2022-06-15,74.47106170654297,76.36041372892551,73.21450994920153,75.98073770805912,43223200
2022-06-16,70.27653503417969,72.88907875602663,69.67086033535563,72.49132584027039,57979100
2022-06-17,66.4345703125,70.30366662636439,65.63001556017457,69.788389909741,64234200
2022-06-21,69.87628173828125,70.35162750977989,68.08458310066847,68.20341779997398,35006700
2022-06-22,67.07902526855469,68.25825676552898,66.1466133967226,66.51226770942623,41212600
2022-06-23,64.59259033203125,67.88346514923049,63.50477068572278,67.39897615611773,56921100
2022-06-24,65.44271850585938,66.83220330567514,64.74798308022645,65.69868137108067,47398500
2022-06-27,67.36241149902344,67.81947764956799,66.1191910116002,66.20145957104575,33979400
2022-06-28,69.18152618408203,70.29676860023346,68.13941601882338,68.96213640567898,39784000
2022-06-29,66.77735900878906,70.37903508083602,66.58538511227562,70.14136573384098,35592000
2022-06-30,65.3696060180664,67.06074946338381,64.78456187454337,65.34218316356944,37766700
2022-07-01,66.34772491455078,66.6311036996552,64.10809656437787,66.16489426748659,34602000
2022-07-05,63.71501541137695,65.28732400654182,62.334680727207754,64.97652238735957,44932900
2022-07-06,62.627201080322266,64.1629435069249,60.74408394250476,63.02941451933753,48209500
2022-07-07,64.8851089477539,65.39702076631374,64.17207994783425,64.32748772784745,33793600
2022-07-08,64.8576889038086,65.94550865658184,63.952699809719704,65.67126615569356,21970300
2022-07-11,64.23606872558594,64.7754103678434,63.37678917199801,64.0441017942224,22754100
2022-07-12,62.98371124267578,63.35850182559696,61.85018924465578,62.55406798414331,32345100
2022-07-13,62.88316345214844,64.19951623146643,62.069586241118884,62.069586241118884,29489000
2022-07-14,61.694786071777344,61.76791832853385,59.857385197132174,60.68009867567736,36636800
2022-07-15,62.70033645629883,63.10255693436765,61.76792449946615,63.03856794688184,29960300
2022-07-18,64.13551330566406,65.19590294516574,63.83384803026826,64.37318263693837,25726800
2022-07-19,66.11003875732422,66.2745828281444,64.0258185097852,64.04409808464298,24388200
2022-07-20,66.74993133544922,67.05159664051828,65.1044975314163,65.37873301161746,20924700
2022-07-21,65.57984161376953,65.64383058834828,63.67845195159726,64.92166531851656,21579600
2022-07-22,65.0405044555664,66.48483493945456,64.6657069230249,65.83579496972294,20418200
2022-07-25,67.42639923095703,67.4903882118758,65.15020482197005,65.93635914427243,19556000
2022-07-26,66.81391906738281,68.53249206478493,66.36599624273607,68.23082676533348,18614400
2022-07-27,68.32225036621094,68.66048184882672,66.5579746393447,67.24357390666148,22405400
2022-07-28,68.7061996459961,69.41007857770958,67.43554909907698,68.93473276300762,23332700
2022-07-29,71.68624877929688,71.90564553896385,69.82141816778076,69.95853939900374,25833800
2022-08-01,70.20536041259766,70.64413999214634,69.26379832566998,70.46131632971367,25665500
2022-08-02,70.04080963134766,70.74468833613139,69.41919947451169,70.21449000177351,19932200
2022-08-03,68.02970886230469,70.54357212452396,67.60920893535548,70.33332564818657,28506600
2022-08-04,65.50672149658203,67.75548603290879,65.25990187929058,67.5635190940575,27995500
2022-08-05,66.80480194091797,67.38070288075654,64.62002591650726,64.62002591650726,22589800
2022-08-08,67.15216064453125,67.75549133465259,66.6311054913702,66.73166060639043,18878300
2022-08-09,68.33139038085938,69.199813288297,67.98402261273954,68.10285730266251,17341500
2022-08-10,68.82502746582031,69.21810466669906,67.13388396409601,68.48679597576484,17394200
2022-08-11,71.19261932373047,71.7959499750648,69.90369643794246,70.11394295635837,30265800
2022-08-12,71.7319564819336,71.76852260767858,70.42474712722088,70.72641243391044,19190500
2022-08-15,70.33334350585938,70.71727740956257,68.50507885095709,69.13582541439057,21012200
2022-08-16,70.16879272460938,71.17433679417576,69.73000618054422,70.43389191123356,19678800
2022-08-17,70.75384521484375,71.4851469095543,69.66602548765172,69.84885614203662,22736200
2022-08-18,72.65524291992188,72.72836820814945,71.41202235445981,71.54000032670356,23433000
2022-08-19,72.63694763183594,73.13972315824151,72.05190355071431,72.47240354812826,19744200
2022-08-22,72.49981689453125,72.94774665906645,70.8269603994797,72.0153279822102,22848100
2022-08-23,75.11425018310547,75.68101472562405,73.63336030554161,73.68820601233257,27183500
2022-08-24,76.03752136230469,76.14721974380612,74.78515766036364,75.123389105953,24546600
2022-08-25,76.62256622314453,77.00650010086798,75.88212131978136,76.4763086872728,19899300
2022-08-26,75.72673034667969,77.2990393084628,75.3885057968552,76.46718238871031,19317600
2022-08-29,76.869384765625,77.86579263821692,75.49818626199892,75.69016018986967,26062500
2022-08-30,74.26410675048828,75.57131622992337,73.65163977794327,75.55303665244448,28820900
2022-08-31,73.587646484375,74.81258035770485,72.16160239917892,72.42670158988663,29152300
2022-09-01,71.77767181396484,72.77407974041147,70.7721275851458,72.49983723515327,28302100
2022-09-02,73.09402465820312,74.06300275440888,72.70094745373306,73.54194757399756,28594100
2022-09-06,72.41755676269531,74.02643144887274,72.11589145136038,73.77961183986218,22784100
2022-09-07,71.5765609741211,71.88736260453636,70.18707599010636,70.83610907798166,30270700
2022-09-08,71.88735961914062,72.24387063888248,71.0189367709029,71.8965028944425,26840800
2022-09-09,73.6790542602539,74.03556526193339,72.63694410545618,73.17628573253234,19339400
2022-09-12,75.03197479248047,75.84555191577141,74.117842566376,74.75773233493896,20865900
2022-09-13,73.13972473144531,75.12339007961222,72.81063655695141,73.86189006023606,30573000
2022-09-14,75.20565032958984,75.73584866041105,73.82531577854577,73.82531577854577,27192100
2022-09-15,73.26770782470703,74.18184015695721,72.91119677307157,73.87103153736852,27943200
2022-09-16,71.70454406738281,73.09402217654585,70.66243374194144,73.03917646708358,35201800
2022-09-19,71.7470474243164,71.79325519549145,69.56617317079491,69.73251127658268,18812900
2022-09-20,71.24803161621094,71.66388039713748,70.40710519088479,71.24803161621094,21149800
2022-09-21,70.20378875732422,72.68961684892238,70.17606692066639,72.58796541430067,34352900
2022-09-22,69.95429992675781,71.71008964883015,69.89885623616414,71.47906487093422,28874000
2022-09-23,65.13050079345703,67.36681868726359,64.63148648610652,67.23744539094857,52737800
2022-09-26,63.531803131103516,65.53709617058408,63.44863760933788,64.72389162861954,36079800
2022-09-27,64.24335479736328,65.43544326840626,63.88295677708462,64.6314817079302,33835600
2022-09-28,67.08959197998047,67.45923302304676,64.50211877914938,64.89023870172657,31573800
2022-09-29,67.08959197998047,67.22820825241989,65.42621786165688,66.59982059430213,24281500
2022-09-30,66.55360412597656,67.47770308776656,65.9067376728498,66.55360412597656,21684700
2022-10-03,70.31468200683594,70.68432297737202,68.83612517500674,68.94701958126208,34775300
2022-10-04,73.33650207519531,73.40118872747931,71.17410660540006,71.73780759686757,33165400
2022-10-05,74.85201263427734,75.43419241665268,72.68038157902494,73.30876912759692,30636800
2022-10-06,76.18273162841797,76.41375640210889,74.18667419957649,74.24211788916101,26335100
2022-10-07,75.59131622314453,77.19924683244507,75.04609403732454,76.33983430758633,28457700
2022-10-10,74.03881072998047,76.53387508556621,73.7985430278606,75.88700863791523,23165800
2022-10-11,73.44739532470703,74.71340650632597,72.34771520316981,72.65266958061872,26921100
2022-10-12,74.03881072998047,74.55630388810124,72.48632420530264,72.96685255922685,20551200
2022-10-13,77.06061553955078,77.3563269394322,73.05002923801445,73.06850811599382,35067400
2022-10-14,74.18665313720703,77.31934761502569,74.03880099018625,76.21967479868086,26747300
2022-10-17,75.11076354980469,76.34905984230159,74.89822473376016,75.35103125736062,18994200
2022-10-18,75.76687622070312,76.46919344577394,74.30680513611156,75.7299114140872,25187900
2022-10-19,78.00320434570312,78.28967279565667,75.96093923697003,75.98866813078938,31263800
2022-10-20,78.07711791992188,79.31541417287693,77.60583253401211,78.59461812354158,25261800
2022-10-21,80.33191680908203,80.48901192834431,78.30813798339327,78.51144086729268,25274200
2022-10-24,80.71080017089844,81.2745011032381,79.85139490226304,80.28571549328937,22496000
2022-10-25,80.79399108886719,81.16363216864059,79.96230042195634,80.3966281619163,18841800
2022-10-26,81.89366149902344,82.54052802297991,81.04348500284534,81.098935740839,22706500
2022-10-27,82.18936920166016,83.57551773346069,81.93985851775909,83.02105268048766,25010600
2022-10-28,82.47583770751953,83.75109181967329,80.99728068248996,83.07650348183918,24664000
2022-10-31,83.16890716552734,84.25934423037688,81.57021284787334,81.66262838497641,29760400
2022-11-01,83.9728775024414,84.60126509573105,83.46462023937045,84.56430029020628,21755400
2022-11-02,81.9490966796875,84.13921376970109,81.75503674264563,83.70488612713878,28249600
2022-11-03,83.4646224975586,83.9359149678559,81.21906161596272,81.45008636900626,26817200
2022-11-04,84.48113250732422,85.95968956060644,83.29828686469845,85.3220660175037,30295300
2022-11-07,85.93196105957031,86.19995060632611,84.50884780282338,84.65670702185375,19387700
2022-11-08,86.01513671875,86.38477772927159,84.96166442146877,85.76562604026368,21859300
2022-11-09,81.81048583984375,85.11876205293014,81.62566885432713,84.8507724887098,31514000
2022-11-10,83.63096618652344,83.72337468384858,81.78276803875497,83.50159288020495,29244100
2022-11-11,86.06134033203125,86.50491096963334,85.02635392815321,85.229656843291,25541300
2022-11-14,86.03361511230469,87.52141505979947,85.80259036331873,85.8118333273666,23122600
2022-11-15,86.93923950195312,87.16102129778776,85.79335161445584,86.35705259370249,25771100
2022-11-16,85.16496276855469,86.68972039853088,84.7213921696221,86.1629842781009,23638600
2022-11-17,85.34978485107422,85.4237144637105,83.42765722442648,83.86198488576973,21429900
2022-11-18,84.67518615722656,84.90621089992912,82.71610085131091,83.7695731140093,23683100
2022-11-21,83.52931213378906,83.75109393055433,80.66460650365732,82.83623784987093,42576800
2022-11-22,86.14450073242188,86.3385606557138,84.18540852297967,84.57352836956352,26877500
2022-11-23,85.21116638183594,85.75638844800496,84.26858852125464,84.58277879134316,20598700
2022-11-25,84.89698791503906,85.86728775196312,84.74912867304108,85.26662191940059,7591300
2022-11-28,82.56825256347656,83.86199270395907,82.29102706571953,82.81776326680611,29131200
2022-11-29,83.81578063964844,84.30555905622145,83.17815709221799,83.48310441911246,19024200
2022-11-30,84.23162078857422,84.91545203818416,82.91015900671222,84.7491139450017,21915100
2022-12-01,83.95438385009766,85.2481237231681,83.66791544653256,84.82303907421777,19451000
2022-12-02,83.45537567138672,84.44416128664363,82.96560434564951,83.37221014829124,18385000
2022-12-05,80.97879028320312,84.61049952091328,80.28571605501656,84.27782332735849,25876900
2022-12-06,78.84413146972656,81.44084757066223,78.29891640880659,80.47054778843611,32465100
2022-12-07,78.65931701660156,79.86064160245996,77.96624269965059,78.82565513468245,24447100
2022-12-08,78.30815124511719,80.5999199831264,77.87382356510734,80.42433890814806,25640400
2022-12-09,76.40451049804688,78.91806106716682,76.37678865432099,78.05864866008267,24048900
2022-12-12,78.40979766845703,78.5946216961209,76.54312081610438,76.83883221005081,21092400
2022-12-13,79.89759063720703,80.56294297816443,79.26920309856007,79.93455543951747,27278700
2022-12-14,79.40782165527344,80.72928341248404,78.69626857845942,80.44281499913643,26337800
2022-12-15,78.92729949951172,79.11211648061555,77.58735171040317,78.71475362595798,20203300
2022-12-16,77.95699310302734,78.32663411735322,76.89427783070892,77.43949991316067,29550500
2022-12-19,77.9476547241211,79.0306534933911,77.37814797871704,78.77857300060963,18418300
2022-12-20,79.1240234375,79.62817736194197,77.89164955206326,78.19040664177729,14296500
2022-12-21,80.62713623046875,80.99124616211245,79.55347563485765,80.73917279517832,17029100
2022-12-22,78.76923370361328,80.75783446194775,77.19141939837198,80.7111507836073,18679700
2022-12-23,81.2806625366211,81.29933885829332,79.4040982155546,79.81488469425761,14815000
2022-12-27,82.14892578125,82.49436650071547,81.33668386686176,81.63544090537013,16374600
2022-12-28,80.3097152709961,82.03691207663466,80.05764186510234,82.03691207663466,15919000
2022-12-29,81.14996337890625,81.51407332891168,79.93626591986492,79.97361144331808,13457900
2022-12-30,81.6634521484375,81.82216527455212,80.7111591458898,80.72049730711123,11330900
2023-01-03,78.79725646972656,81.56076124215042,77.81695601631974,81.14996758580004,26541400
2023-01-04,78.78791046142578,79.24538063675676,77.3314707309427,77.63022778137332,22852600
2023-01-05,80.22567749023438,80.66447844703914,78.4331352659052,78.65720126321393,19361900
2023-01-06,81.74748229980469,82.74645196120636,81.0566078827524,81.26200471231866,22211200
2023-01-09,81.45805358886719,83.1105519430565,81.19664206372356,82.9798461804847,23001600
2023-01-10,82.03689575195312,82.20494703008512,80.74850024529793,81.99021207133272,15799500
2023-01-11,82.2889633178711,82.96116838310303,81.4020304319245,82.75577159951226,16451500
2023-01-12,83.85746002197266,84.39895947115538,82.62508614072317,82.78379928595336,18358000
2023-01-13,83.97881317138672,84.18420997002737,82.90515974328636,83.79209269422047,15904200
2023-01-17,84.15620422363281,85.03380615357894,83.81076349903216,84.17488054546516,16966600
2023-01-18,82.6157455444336,85.49128689027631,82.53172345458623,84.54833196316004,19037600
2023-01-19,83.64270782470703,83.97881037074114,81.96220221746584,82.13959165090868,17146900
2023-01-20,84.47364044189453,84.76305933370436,82.97051701545573,83.82010449135201,14280000
2023-01-23,84.5856704711914,85.50994899748643,84.3149207770383,85.08982433724235,14652500
2023-01-24,84.25889587402344,84.45495449997604,82.58772135041319,84.30557955193419,15377600
2023-01-25,84.26824951171875,84.26824951171875,82.51304547007713,83.8481177021441,13430600
2023-01-26,86.92906188964844,86.9664074168606,84.58568169833448,85.63133509148226,18331500
2023-01-27,85.1738510131836,86.89170224832101,85.03380708961852,86.46223943953666,17420500
2023-01-30,83.22259521484375,84.67903504257465,83.11055864235276,84.55766743124055,13762500
2023-01-31,83.96015167236328,84.09085744295189,82.09291823774866,82.94250574657457,13924100
2023-02-01,82.30765533447266,83.92280830812884,81.22465649552569,83.5680365106792,23483600
2023-02-02,80.43106842041016,82.14891947931848,79.54412841077303,81.99020637292722,24901500
2023-02-03,80.2536849975586,82.07424170747278,80.16966291951145,80.76717699538995,22727400
2023-02-06,79.88958740234375,80.93524075787768,78.90928693634753,80.32838842763861,15857200
2023-02-07,82.48502349853516,82.60639821272777,79.9735997394876,80.39372435172399,20507000
2023-02-08,81.74748229980469,82.83981933677698,81.28067391367436,82.41968751550127,13483600
2023-02-09,81.04725646972656,82.01821860888113,80.99124175188692,81.75680709505674,16075200
2023-02-10,84.22156524658203,84.38961654467118,82.31698624254847,82.3916772912393,20001600
2023-02-13,84.00682067871094,84.3335850480862,82.92382205686258,83.79208573716203,12372400
2023-02-14,84.03485107421875,84.65103446498041,83.11056530367978,83.34396950621226,13511300
2023-02-15,82.60641479492188,83.26928184567642,81.5514232880462,83.09189238035806,15969800
2023-02-16,81.79414367675781,82.8678040965834,81.71011448625087,82.15825354878746,12657100
2023-02-17,78.88127899169922,80.58046123009525,78.53584534508589,80.52444650317,22340200
2023-02-21,78.4891586303711,79.39476800303424,78.3397836566876,78.53584231629554,16811300
2023-02-22,77.9663314819336,79.01197761211017,77.2941263280029,78.27441957504345,20135200
2023-02-23,79.1426773071289,79.60015457691686,78.14370781415174,79.1426773071289,17511700
2023-02-24,79.03999328613281,79.15202273152148,77.52753166701444,77.97566369442941,18748400
2023-02-27,79.27339935302734,79.61883298179261,78.6198633733003,79.19870830569906,15338200
2023-02-28,78.13439178466797,80.10432379023247,78.06903889399227,80.07630930314501,19003800
2023-03-01,79.67484283447266,80.07629828565416,77.91030790607556,78.19973391604448,18547000
2023-03-02,80.37504577636719,80.6738099118877,79.28271611685416,79.53479657546734,16399300
2023-03-03,81.4673843383789,81.86883975059268,79.35740888421375,79.41342359938292,25337600
2023-03-06,81.5047378540039,81.6354436175106,80.69248878970099,81.01925319846772,16949200
2023-03-07,80.08563995361328,81.22465347535024,79.88024313848953,81.0192566602265,18500200
2023-03-08,79.26405334472656,80.74850036804101,78.49848799272367,79.73086165992174,19699500
2023-03-09,78.14370727539062,80.84185870388345,78.12503807731123,79.72152162295397,18944100
2023-03-10,77.14474487304688,79.24538243487586,76.69661284869755,78.14371445086613,28312400
2023-03-13,75.5762710571289,76.9300195824515,73.85841970173654,75.17481558036846,41663500
2023-03-14,76.32315826416016,78.02234021827383,74.97874805943567,75.56693108546739,30533200
2023-03-15,72.2245864868164,74.0824816740764,71.17893324744503,73.52231309413564,57673500
2023-03-16,73.00882720947266,73.1955548337646,70.35735905090193,70.63744692587458,44395200
2023-03-17,71.8604736328125,73.19554570758541,71.27229059329198,72.58869346942869,33675800
2023-03-20,73.29910278320312,73.77078299981902,71.78972752948603,71.78972752948603,26144400
2023-03-21,75.83673858642578,76.07257867587163,74.58206758322946,74.80847925113069,29856200
2023-03-22,74.22358703613281,76.23294183929227,74.16698772252114,75.88390314232998,24604700
2023-03-23,73.19532775878906,75.2801605130811,72.4878074802724,74.62923955371986,24743100
2023-03-24,73.47834014892578,73.76135114463142,71.51614881178043,71.74256048725238,20649000
2023-03-27,75.04431915283203,75.46882843386518,73.65757827879682,74.25189271169691,20111900
2023-03-28,76.20465087890625,76.53482557476653,74.59150548147298,74.61980514150835,16298400
2023-03-29,77.26121520996094,77.34611418798696,76.4593603404411,76.95934018153223,18102300
2023-03-30,77.60082244873047,78.01589609811766,77.14800632535484,77.90269746522485,13730400
2023-03-31,78.13854217529297,78.27061205300313,77.51592086842918,77.79893186196155,16147300
2023-04-03,81.67613983154297,82.20441931795689,81.00635485490584,81.43086412830728,31226100
2023-04-04,80.19506072998047,82.02517480897801,79.4781048902165,81.92140460069896,24681500
2023-04-05,81.40255737304688,81.40255737304688,79.72337726853497,80.3931621867803,20276100
2023-04-06,80.1667709350586,81.36483549085024,80.00639419518134,81.27993650850532,16689300
2023-04-10,80.80825805664062,81.73274724949378,80.46864772535243,80.46864772535243,13488600
2023-04-11,81.57238006591797,82.08179557760404,80.79882477719521,81.2610693870094,12787600
2023-04-12,81.62896728515625,82.30818786667913,81.38369158688009,82.13838272129841,16667200
2023-04-13,82.13839721679688,82.34593767525134,81.30824258024836,81.50634741860871,15692300
2023-04-14,82.2893295288086,82.7704381429993,81.80821371734933,82.25159424974625,11780100
2023-04-17,81.31765747070312,82.35535959028759,81.03465369039947,82.01574929610871,11881000
2023-04-18,81.63839721679688,81.84593762416841,80.7233366191683,81.1289818161397,12246800
2023-04-19,81.35540008544922,81.4214350265363,80.4592105710862,80.90259111721463,17123100
2023-04-20,80.63844299316406,80.65730703268956,79.65734740067322,80.2233621509227,15198100
2023-04-21,80.1667709350586,80.96862584536974,79.8082893724411,80.93089056523796,16878800
2023-04-24,81.39313507080078,81.77048067447504,79.8837598533725,79.91205951412603,12625900
2023-04-25,79.8648910522461,80.74220927239517,79.39321087508122,80.60071097706037,15332600
2023-04-26,78.79888916015625,80.03468891986233,78.31777336473465,79.29886899584594,20035000
2023-04-27,79.08190155029297,79.2800063643354,78.00647130419492,78.75172686022223,17057300
2023-04-28,80.30826568603516,80.7422105924492,78.52531516298393,78.79889053388443,19110900
2023-05-01,79.40264129638672,80.26110269513637,78.97813200515418,79.29887107901547,13910700
2023-05-02,75.94994354248047,78.57248415524175,75.22355204491323,78.44984990116403,33824000
2023-05-03,74.51603698730469,75.85561424332349,74.48773732648542,74.97828877158209,29683800
2023-05-04,73.68588256835938,75.29902801383203,73.45947808406552,74.54433680316082,26430500
2023-05-05,75.68580627441406,76.28012072138566,75.27072540507412,75.72353435592815,19533600
2023-05-08,75.68580627441406,77.11971088180982,75.67637065540129,76.78953618904782,16355900
2023-05-09,75.71409606933594,76.43104468098777,74.93110533046787,75.09147484644782,20710600
2023-05-10,74.85564422607422,76.2423851272065,74.2896294412139,76.09145120996904,18026000
2023-05-11,73.9594497680664,74.34622375271576,73.39343502133164,73.79908024265735,19084100
2023-05-12,74.07266235351562,74.82735362284939,73.53494716322786,74.32737371575524,18952700
2023-05-15,74.44999694824219,74.87451342326831,73.76134792456673,74.3462267341648,16272300
2023-05-16,72.61988830566406,74.42170296546455,72.50668246423595,74.10096387732149,22255600
2023-05-17,74.01605987548828,74.41226953624526,72.82742369594831,73.36513886333822,23100300
2023-05-18,74.55377197265625,74.6481065741037,73.11043169843087,73.57267628361151,16577100
2023-05-19,75.12921905517578,75.71410507375637,74.70470976891576,75.24242489023705,18059100
2023-05-22,74.81790161132812,75.58202833336969,74.70470298381662,74.846201268206,13471800
2023-05-23,75.61975860595703,76.47821266262522,75.33674766136423,75.53485244367226,21401900
2023-05-24,75.94994354248047,76.53482235129388,75.30845821871188,76.21408328804372,16737100
2023-05-25,74.60094451904297,75.01601821402944,73.90285261892821,74.85564866830128,19125500
2023-05-26,74.3084945678711,75.26129057462612,73.92172055151697,75.0537501377816,14392900
2023-05-30,73.54438018798828,73.62928637149496,72.73308962112891,73.01610063645906,20165800
2023-05-31,72.25196838378906,72.95006025025216,72.00669986588765,72.39347388089745,22398800
2023-06-01,73.14815521240234,73.96888122724374,71.93121961685169,72.42176378383445,25811800
2023-06-02,75.37449645996094,75.73297081647607,74.0066195786494,74.51603505197211,27635400
2023-06-05,74.87451934814453,76.4782291879861,74.74244946473493,76.4782291879861,18913100
2023-06-06,75.47825622558594,75.54429115572704,73.80850453916906,73.88397508712106,17375400
2023-06-07,77.47819519042969,77.5725369981435,75.79901465380364,75.84618555766055,30327100
2023-06-08,77.14801788330078,77.84610261403996,75.86504707167411,77.58196283469374,23077600
2023-06-09,76.72349548339844,77.48761502882063,76.51595506432871,77.11026946662732,19193500
2023-06-12,75.98768615722656,76.75180580885454,75.4688350374366,75.5726052613946,18193500
2023-06-13,76.34616088867188,77.84610053734667,76.3084256073049,76.8272767295145,20068200
2023-06-14,75.56316375732422,77.44044886745222,74.99714897807544,77.10084575771768,23802700
2023-06-15,76.3933334350586,76.96877669580904,75.67637746818237,75.69524151063764,23388500
2023-06-16,76.28011322021484,76.89329884491305,76.0631371878689,76.67632281256711,23721100
2023-06-20,74.57282257080078,75.85757494315062,74.01133379048277,75.77192817330294,21276000
2023-06-21,75.16285705566406,75.80047385054321,74.15408249201964,74.26828544092139,17236900
2023-06-22,74.15409088134766,74.56330908538145,73.87810583577486,74.47766230951191,16753700
2023-06-23,73.62115478515625,73.82100451344897,73.01208687207497,73.35468848076597,17452600
2023-06-26,74.9439697265625,75.36270661098617,73.58308211284734,73.75438290550595,16244300
2023-06-27,75.11528015136719,75.43884432306805,74.43007689286809,74.86784402787303,14194200
2023-06-28,75.8766098022461,75.97177529681831,74.37297030175503,75.03913602442229,16451600
2023-06-29,76.75214385986328,76.75214385986328,75.75288801662623,76.16210617729851,14217900
2023-06-30,77.24700927734375,77.63719724586862,76.70455796888709,77.2755581997896,17983000
2023-07-03,77.4278335571289,78.00835255139792,77.14232979380692,77.43735228541625,9769900
2023-07-05,76.99958038330078,77.77043033139472,76.56180603726078,77.75139287600418,16278700
2023-07-06,75.26753997802734,76.69504427938931,74.69653970961502,76.16211166362612,20983900
2023-07-07,76.8853759765625,77.59912806628849,74.839285200549,74.89638304431533,24455000
2023-07-10,77.48492431640625,77.6371949124233,76.62842036546444,76.68552546930165,15462500
2023-07-11,79.18841552734375,79.3121299442929,77.684776025984,77.83704662591695,19821000
2023-07-12,79.92120361328125,80.3684821558679,79.4263314332637,79.83554958722902,21538800
2023-07-13,79.6166763305664,80.41607525030359,78.87436799853035,79.92121028960851,26613200
2023-07-14,77.51348114013672,79.17890283538169,77.32315013637368,79.10277479027391,21991800
2023-07-17,77.36122131347656,77.69430421556679,77.00910095374535,77.23750688146097,16222900
2023-07-18,78.14158630371094,78.95050395844035,77.05668361183152,77.18039803786606,21607300
2023-07-19,78.59837341308594,79.1313132221482,77.97027537542229,78.1415761603599,18760500
2023-07-20,79.52151489257812,79.68330425374974,78.85534903127149,79.2455298184187,17724900
2023-07-21,80.22575378417969,80.26381418050426,79.30263306905108,79.81653554739061,15760000
2023-07-24,81.52001190185547,82.11004233813216,80.60640280315621,80.63495898677844,22269800
2023-07-25,81.94825744628906,82.42409217434293,80.98706926263498,81.48194144578157,16803300
2023-07-26,81.97681427001953,82.30038569182933,81.15837787802478,81.27258083760397,16394000
2023-07-27,81.45338439941406,82.75717415429455,81.22498576535543,82.42409130032118,17775300
2023-07-28,81.70083618164062,81.71987364018824,80.51124914562179,81.39630219084633,17313900
2023-07-31,83.2520523071289,83.48996968570812,82.17666110912707,82.41457848770628,18133200
2023-08-01,82.86186218261719,83.09977955505616,81.96729053883483,82.9189600285907,17883000
2023-08-02,81.7769546508789,82.71910535636506,81.08223277024425,82.3003757431832,22960000
2023-08-03,82.60491943359375,83.3472205171974,81.54856565749243,81.99585150547473,20815300
2023-08-04,82.7191162109375,83.97531973664785,82.62395070730206,83.19495098977721,21595300
2023-08-07,82.81428527832031,83.3567366591144,82.56685641035307,83.18544310159685,13410800
2023-08-08,83.22349548339844,83.26156313495812,80.86335917199467,81.47242707562546,18618600
2023-08-09,84.27033996582031,85.04118996335541,83.50900143592868,84.03242258281198,26042800
2023-08-10,84.26081848144531,85.35523985961896,83.68981823303447,84.3940516307191,19613300
2023-08-11,85.55509185791016,85.65025735839814,84.20372287325883,84.22275306909151,23335000
2023-08-14,85.19345092773438,85.54557125856668,84.62245067663339,85.31717261025871,15094700
2023-08-15,83.42335510253906,84.69858879706229,83.27108449149382,84.6034232954902,22491200
2023-08-16,82.70008850097656,84.41308939990596,82.64298338854833,83.50900619719289,18997700
2023-08-17,83.68982696533203,84.83182758131143,83.56610527048133,83.86112778379523,20232100
2023-08-18,84.51776885986328,84.62245308929369,82.93800121142124,83.20446751882142,17651900
2023-08-21,83.9848403930664,85.20297629315216,83.40432136870324,84.8603746636702,15244200
2023-08-22,83.33769226074219,84.38452718872047,83.29010588465434,84.08951198682828,12869700
2023-08-23,83.12832641601562,83.20446171586642,81.71985967208516,82.4336117716972,19399300
2023-08-24,82.55733489990234,83.43286915858724,82.31941750825997,82.37651535884211,16727500
2023-08-25,83.35672760009766,83.77546450140076,82.32893006337682,83.05219365205777,19018400
2023-08-28,83.91822052001953,84.54631864231509,83.43286702052133,83.57561890398108,12859100
2023-08-29,84.1466064453125,84.23226046669339,83.30913998874425,84.22274173972633,13509700
2023-08-30,84.56535339355469,84.71761673988783,84.19420286483133,84.52728574180585,13945100
2023-08-31,84.62245178222656,85.02215123715312,84.01338387167307,84.87940661800951,14808700
2023-09-01,86.3544921875,86.44965768954484,85.5360558007222,85.5550932575286,17878100
2023-09-05,86.8113021850586,87.69635520462036,86.75420433239746,86.83985111138915,24368700
2023-09-06,86.84937286376953,87.31568895161539,86.21174869065105,86.64000438250643,20162100
2023-09-07,86.76370239257812,87.46794301632785,86.61143905545774,87.02065721117003,15364600
2023-09-08,87.60118865966797,88.22928681349396,87.12535386469023,87.17293298779035,17369500
2023-09-11,86.44965362548828,88.5052632242004,86.09754055840926,88.2387969267367,22047500
2023-09-12,88.48623657226562,88.58140207364744,87.22051434796678,87.3822964263821,26799700
2023-09-13,87.82005310058594,88.75269232883839,87.36325584399569,88.57187281524645,18157700
2023-09-14,88.84786224365234,89.16191491111182,88.46719300376162,88.73365929348657,18549900
2023-09-15,87.56311798095703,88.89545681301738,87.56311798095703,88.02943403094628,24797800
2023-09-18,88.30513763427734,88.72696453570319,87.65322665672873,88.46811355010428,16873300
2023-09-19,87.48066711425781,89.09127037397216,86.96297242568092,88.9666430155938,18132200
2023-09-20,86.66577911376953,88.03670929617124,86.60825260624637,87.04925746887851,17965200
2023-09-21,85.47699737548828,87.46148987452735,85.33319208716124,87.26015808232499,21693700
2023-09-22,85.62080383300781,86.6945418027644,85.54411401064354,86.11932790670397,21033700
2023-09-25,86.69453430175781,86.8287506220845,85.39071234923497,85.39071234923497,17536900
2023-09-26,86.1960220336914,86.71370940210117,85.81254367829347,85.94676000554657,16730000
2023-09-27,88.34349822998047,88.59276027969858,86.88628181619664,87.26976020478406,23144700
2023-09-28,88.4393539428711,88.95704859975778,87.75868337017958,87.96000785103982,24231400
2023-09-29,86.65618896484375,88.65027053289539,86.3302371216913,88.30514074941563,24181800
2023-10-02,84.9305419921875,86.77123665097484,84.34574645515515,86.54114524722559,25299900
2023-10-03,84.87301635742188,85.03599227036182,84.03895885341116,84.7292110695522,20733300
2023-10-04,82.20785522460938,83.75135023437397,81.40255729651008,83.60754494314455,29786200
2023-10-05,81.69975280761719,82.41877197832834,81.02866385974204,81.02866385974204,23518500
2023-10-06,82.18868255615234,82.93646127486895,80.77940390276764,81.69974750382197,25728200
2023-10-09,84.9305419921875,85.28526075395325,83.78970320078979,84.39367667858858,30744500
2023-10-10,85.03599548339844,85.6016276865937,84.52788978606911,85.00723588758599,20850300
2023-10-11,83.9430923461914,84.2498735782878,82.97481842521807,84.1635947853114,23572700
2023-10-12,84.03895568847656,84.91136172401347,83.64588840405187,84.83466459813931,19993200
2023-10-13,85.88923645019531,86.30147441642546,85.04558989071474,85.40989031803194,24255900
2023-10-16,86.4644546508789,86.72329833497207,85.63997874711363,86.44527671028459,19182600
2023-10-17,87.3656234741211,87.6340634522772,86.14808751586804,86.27271487718797,20212000
2023-10-18,88.16133880615234,88.5256392295703,87.51901675134641,87.7203412469912,23808400
2023-10-19,88.0079345703125,88.73653527410227,87.02047559853003,87.85454032894202,31648500
2023-10-20,86.53156280517578,88.1805146125291,86.23436323992593,87.85455545063213,23263400
2023-10-23,85.13187408447266,86.04262878941617,84.73880675409741,86.0330398190008,25944100
2023-10-24,83.93350219726562,85.40988169880589,83.904735288276,85.34277353964497,22135800
2023-10-25,83.78011322021484,84.42243525756028,83.35828629933546,83.99102668065454,20706300
2023-10-26,83.1281967163086,83.5116750450039,82.30372086959794,83.01315102342777,22385200
2023-10-27,81.13411712646484,83.35828270701647,80.85609551461577,83.0419198442318,26904700
2023-10-30,81.40255737304688,82.00653081968922,80.61642275548564,81.42172799858305,22765300
2023-10-31,81.6709976196289,81.84356252248419,80.68354574216201,81.4984327167736,18602800
2023-11-01,81.479248046875,82.6296830756577,81.36420966396544,82.18868554127536,23041300
2023-11-02,83.9430923461914,84.01978948277589,81.21082085498269,81.68057801663996,22661500
2023-11-03,83.09944915771484,84.05814146118907,82.59134340715221,83.78970878649497,23615800
2023-11-06,82.15991973876953,83.76094129350479,81.92024668548929,83.76094129350479,20517700
2023-11-07,80.33840942382812,81.22999346393074,79.98369067609147,81.08618817083527,23775100
2023-11-08,79.33177947998047,80.55890432461882,79.30301988428441,80.03162800362882,25371000
2023-11-09,79.09211730957031,80.09874718284347,79.04417976732225,79.91659329939125,19116100
2023-11-10,79.96451568603516,80.1562511902039,79.20714801035952,79.98368631075577,17282800
2023-11-13,80.53973388671875,80.70270980553711,79.83988536143836,80.08914738178711,14223700
2023-11-14,81.25875091552734,81.48883498986423,80.71229666757671,80.84651298712663,17362000
2023-11-15,81.1053695678711,82.13117006729752,80.99033116950979,81.13412916746142,16521800
2023-11-16,79.52351379394531,80.64518920885016,78.71821586964533,80.3384080023205,26583000
2023-11-17,81.191650390625,81.72851571930892,80.01245568456106,80.20419852640642,24425400
2023-11-20,81.30669403076172,82.00654264875774,81.28752340246027,81.52719648455943,14546900
2023-11-21,81.12454223632812,81.26834022493112,80.34799652666429,80.9232177380424,13486900
2023-11-22,81.08618927001953,81.15329743247499,79.05375914184714,79.50434565300847,18273600
2023-11-24,81.4217300415039,82.0257035033003,81.00949209684381,81.05742963324846,9576300
2023-11-27,81.13411712646484,81.27792241731656,80.37674942127067,80.99990080546749,12250900
2023-11-28,81.1532974243164,81.90107618138508,80.999903159153,81.2971027193468,14460900
2023-11-29,80.54931640625,81.76685961104597,80.29047272736518,81.66140288262298,22634000
2023-11-30,81.08618927001953,82.24620597203001,80.11790808524144,81.2395762209572,29182300
2023-12-01,81.50801086425781,82.47629207271761,80.62601576063172,80.99032349222087,21521600
2023-12-04,81.13411712646484,81.64223012937302,80.53973265183112,80.91362201950102,18535100
2023-12-05,79.71525573730469,81.23957278325064,79.66731820290454,81.08618583880364,18873600
2023-12-06,78.52648162841797,79.7536064743829,78.2196931026857,79.19756324285471,31153300
2023-12-07,77.98960876464844,79.28384176777591,77.711587149804,78.89078177040344,20454400
2023-12-08,78.83326721191406,79.07294027525363,78.34433211471377,78.50730804236672,17057900
2023-12-11,78.92913055419922,79.1879742298439,78.53606324149908,78.9003709584877,14672100
2023-12-12,77.8458023071289,78.28680714768922,77.4048047808095,78.20052104784362,22693300
2023-12-13,78.92913055419922,78.95789014991074,77.52944082039082,77.89374122313842,23222800
2023-12-14,81.2491683959961,81.35462512890602,79.72485122542037,79.72485122542037,30358700
2023-12-15,80.81776428222656,80.97115124770627,80.14667527980754,80.52056469382651,23181400
2023-12-18,81.47785949707031,82.66838028982207,81.40042568943726,82.25218280441227,21223600
2023-12-19,82.4554443359375,82.54255183466638,81.44882694960076,81.63272301952662,18431200
2023-12-20,81.69080352783203,83.22976177546629,81.5940149549076,82.74581152634939,19909100
2023-12-21,82.01020050048828,82.1360248884847,81.24555833229385,81.85533289880621,13031400
2023-12-22,82.25218200683594,82.96842625926071,82.12635022452878,82.60061936881735,12518900
2023-12-26,82.95874786376953,83.40398119096537,82.69741798772864,82.94906679147336,12991700
2023-12-27,82.59095001220703,83.23944156373884,82.29089584092789,82.95874953744269,10119100
2023-12-28,81.33267211914062,82.48447599625455,81.30363628769982,82.16506708141709,13099000
2023-12-29,81.14876556396484,81.69079480656546,80.90679046523952,81.6133610026948,12170700
