Price,Close,High,Low,Open,Volume
Ticker,XLF,XLF,XLF,XLF,XLF
Date,,,,,
2014-01-02,14.336865425109863,14.40281172717621,14.297297643870056,14.389622466762942,43679450
2014-01-03,14.435790061950684,14.481952485022138,14.350058299276002,14.356652931143353,30349074
2014-01-06,14.448981285095215,14.547900776519832,14.42260275404865,14.508332979949985,42798546
2014-01-07,14.455575942993164,14.528116903497356,14.409413513581406,14.528116903497356,58506229
2014-01-08,14.501738548278809,14.52152244683807,14.442386852601029,14.48195464971955,44270453
2014-01-09,14.554495811462402,14.574281258693386,14.462170950248234,14.547901178518533,35872817
2014-01-10,14.528114318847656,14.56768210844693,14.462168002848868,14.547898213647294,44795967
2014-01-13,14.310492515563965,14.534711578906713,14.284113984394153,14.5083330477369,52459804
2014-01-14,14.429195404052734,14.448980850141396,14.317086650479615,14.389627608673987,38581263
2014-01-15,14.600661277770996,14.613850545002265,14.488550957905684,14.495145591521318,75928326
2014-01-16,14.508330345153809,14.567682029229973,14.475357187333717,14.561088946065007,57911287
2014-01-17,14.462166786193848,14.554491620825164,14.429192082569447,14.528113096644788,70660016
2014-01-21,14.475358009338379,14.55449359260043,14.389626245738684,14.54130432872342,51099056
2014-01-22,14.481951713562012,14.51492487114227,14.442383924465702,14.501735608110167,22301904
2014-01-23,14.244539260864258,14.422597375828959,14.178592957839374,14.416001197127713,64648058
2014-01-24,13.921404838562012,14.172002410655399,13.921404838562012,14.172002410655399,86803719
2014-01-27,13.835673332214355,14.007135321108587,13.756537744293585,13.94118899784128,79350014
2014-01-28,14.02032470703125,14.033513971798792,13.895025143340352,13.908215956507139,43538500
2014-01-29,13.85545539855957,13.993944207522485,13.822482241282454,13.868644661470418,79334380
2014-01-30,14.053296089172363,14.079674615366743,13.934592721297653,13.980755142137818,56607904
2014-01-31,13.888428688049316,14.020322866812393,13.8158877413491,13.842266267421905,65974214
2014-02-03,13.538911819458008,13.908215876009484,13.519127922421198,13.875241165882233,129496030
2014-02-04,13.670804977416992,13.743345927714156,13.55869468764953,13.604858658965025,67895066
2014-02-05,13.657615661621094,13.703778084361355,13.558694635921421,13.651021029801056,58062823
2014-02-06,13.868642807006836,13.875237437580449,13.67739697197322,13.683991602546833,49232368
2014-02-07,14.040103912353516,14.053293172713557,13.881831239634275,13.927993650894425,63056129
2014-02-10,14.053296089172363,14.066485352269554,13.974160510589222,14.046701457623769,53244320
2014-02-11,14.198380470275879,14.237949810582373,14.033513122262802,14.099460990507524,46243500
2014-02-12,14.198380470275879,14.26432679012145,14.145623414399422,14.218164366229551,47764154
2014-02-13,14.251138687133789,14.257734868054861,14.073083609045336,14.073083609045336,39783458
2014-02-14,14.270919799804688,14.284109060843424,14.204971946212202,14.231350468289675,37421046
2014-02-18,14.297301292419434,14.323679819977547,14.231353425125018,14.284112028640376,26168844
2014-02-19,14.099457740783691,14.336865985907686,14.092863110319103,14.251134241469236,78908823
2014-02-20,14.139028549194336,14.172001708573237,14.033512890782733,14.112648473292092,39164019
2014-02-21,14.165410041809082,14.218167107858461,14.112651427360253,14.165410041809082,53100785
2014-02-24,14.270919799804688,14.343460735517734,14.165404163095996,14.171998793615362,51914224
2014-02-25,14.185193061828613,14.270924837241319,14.152219897592708,14.264328655994785,49380703
2014-02-26,14.165410041809082,14.231356374370804,14.092869075991187,14.218167107858461,52231699
2014-02-27,14.23794937133789,14.244542454719898,14.099460555535456,14.145622978003233,47711837
2014-02-28,14.310492515563965,14.389628109073403,14.21816610807028,14.244544639240093,69264062
2014-03-03,14.198380470275879,14.218164366229551,14.10605562249208,14.178596574322208,61089483
2014-03-04,14.488551139831543,14.488551139831543,14.336873016367875,14.363251551161635,61500268
2014-03-05,14.640219688415527,14.640219688415527,14.46216314660922,14.495136293536584,58700112
2014-03-06,14.686388969421387,14.719362131784855,14.633631909639837,14.64022654211253,53457898
2014-03-07,14.752335548400879,14.831471131131046,14.692982312954125,14.778714075977602,81544764
2014-03-10,14.758929252624512,14.83806483038062,14.666602863510018,14.719359915347423,29071542
2014-03-11,14.660016059875488,14.791910308294137,14.627042884870791,14.778721038292257,55578050
2014-03-12,14.633634567260742,14.64022920093109,14.528118880135624,14.567686682157714,39319248
2014-03-13,14.46876335144043,14.699577017273095,14.435790191807067,14.679793121493079,70116160
2014-03-14,14.376437187194824,14.53470833893302,14.363246376150977,14.416003426730377,54433958
2014-03-17,14.528114318847656,14.580871371646687,14.481951897648504,14.495141160848263,46338656
2014-03-18,14.600661277770996,14.613850545002265,14.541308026830755,14.567686561293293,44158186
2014-03-19,14.594061851501465,14.69957595470104,14.488546199902865,14.613845745851386,69971394
2014-03-20,14.824878692626953,14.857851856976346,14.56768491390298,14.56768491390298,112214267
2014-03-21,14.826863288879395,14.992341614825962,14.807006076262285,14.92614935196494,82702027
2014-03-24,14.820249557495117,14.912916583094674,14.734200051014788,14.873202143552007,68496287
2014-03-25,14.807007789611816,14.893055720909405,14.734196447453272,14.866579434356302,42096507
2014-03-26,14.654766082763672,14.899673262365665,14.654766082763672,14.893054191407161,62505872
2014-03-27,14.57533073425293,14.687856456524463,14.495901909687248,14.621664215249575,81009033
2014-03-28,14.634909629821777,14.727578192030926,14.581957053780886,14.615053967944036,48922771
2014-03-31,14.787149429321289,14.83348448620757,14.727577782930062,14.740815926572557,41048557
2014-04-01,14.813621520996094,14.859955005760982,14.773905551346386,14.826859659500348,51651775
2014-04-02,14.846721649169922,14.879817006090091,14.800388149481687,14.826864435017821,44565278
2014-04-03,14.820249557495117,14.879821216809118,14.773914490557454,14.859963997037784,46626833
2014-04-04,14.6746187210083,14.932765516190578,14.661380583218119,14.89966861757826,60202301
2014-04-07,14.44957447052002,14.668006961176594,14.436336326133274,14.66138788898322,72897112
2014-04-08,14.469429969787598,14.502526880963972,14.350286684447475,14.462812452517264,56290676
2014-04-09,14.595196723937988,14.608434869332457,14.442956497763838,14.515767851571173,44907126
2014-04-10,14.257615089416504,14.608428907474531,14.250996019420583,14.608428907474531,94458692
2014-04-11,14.085519790649414,14.25761719003612,14.025948151909253,14.092138861620544,98050873
2014-04-14,14.198042869567871,14.270852636497974,14.052421781570612,14.250995427335218,69247689
2014-04-15,14.33042049407959,14.356898320134793,14.125229386710787,14.231134474385009,103855038
2014-04-16,14.442955017089844,14.4495740891085,14.310573576716735,14.396621512959257,49363100
2014-04-17,14.469429969787598,14.502526880963972,14.396620184301968,14.462812452517264,58956037
2014-04-21,14.456191062927246,14.489287972354369,14.423095707637493,14.476049830238466,37683618
2014-04-22,14.555480003356934,14.595194433307393,14.423097016051225,14.476051143456015,33032777
2014-04-23,14.588570594787598,14.601808733778814,14.522379899831517,14.542237108318341,32197667
2014-04-24,14.581953048706055,14.654764374901534,14.52238141702198,14.654764374901534,36918798
2014-04-25,14.462809562683105,14.562095613961388,14.436331728205088,14.54885747379095,35205738
2014-04-28,14.376763343811035,14.5025272579657,14.237761286496669,14.462812828486593,54068967
2014-04-29,14.515764236450195,14.522383307498965,14.396619403434991,14.40985754553253,34182162
2014-04-30,14.535618782043457,14.568714131213696,14.462809013868931,14.476047153537026,46774307
2014-05-01,14.562095642089844,14.581952852383857,14.489285871011795,14.535619361697826,33615533
2014-05-02,14.555480003356934,14.687862990662643,14.522384645064884,14.568718146673755,34600209
2014-05-05,14.4959077835083,14.509145926300082,14.37014387284893,14.423096444016055,23206197
2014-05-06,14.2907133102417,14.456190075386303,14.2907133102417,14.456190075386303,73906286
2014-05-07,14.482666015625,14.495905710661015,14.323808324839538,14.363522747535903,50411420
2014-05-08,14.522379875183105,14.60180870899559,14.462808249823741,14.462808249823741,35858291
2014-05-09,14.515764236450195,14.535621449596503,14.423095687630067,14.515764236450195,29373014
2014-05-12,14.661385536193848,14.668004607325022,14.555478843957648,14.588574199613527,25643084
2014-05-13,14.648147583007812,14.707719223957337,14.628290369357972,14.668004796657653,28989311
2014-05-14,14.542243003845215,14.648149712847268,14.51576671512911,14.634910014351583,31432723
2014-05-15,14.376763343811035,14.495908186385849,14.270856644395925,14.476050971646295,49008449
2014-05-16,14.396622657775879,14.396622657775879,14.284096870373112,14.383384512685874,41206002
2014-05-19,14.469429969787598,14.482668112603166,14.350286684447475,14.35690575585526,24674780
2014-05-20,14.38338565826416,14.476054235412596,14.330431519548837,14.442957315913826,24000561
2014-05-21,14.476046562194824,14.53561818826777,14.429713075249198,14.43633059067584,39055814
2014-05-22,14.542243003845215,14.56871929256132,14.456193511380242,14.495909498592031,22555244
2014-05-23,14.588570594787598,14.595189664283206,14.528998969327125,14.562094316805165,20383390
2014-05-27,14.71434211730957,14.773913773733177,14.62167354206837,14.62167354206837,28444963
2014-05-28,14.687864303588867,14.727578737089342,14.654768942338473,14.681245231338789,40448075
2014-05-29,14.720959663391113,14.734197807889968,14.654768940896835,14.720959663391113,18361350
2014-05-30,14.754053115844727,14.767292812768357,14.681243330520727,14.687862401913819,33521607
2014-06-02,14.793769836425781,14.807007979872436,14.69448220643835,14.767293549532473,24982776
2014-06-03,14.813621520996094,14.813621520996094,14.727572066581498,14.754048343590005,19306758
2014-06-04,14.853339195251465,14.866577336660097,14.767291276095365,14.767291276095365,24081684
2014-06-05,14.992341995239258,14.998961066279579,14.813625523013227,14.879816233416436,38203470
2014-06-06,15.091626167297363,15.111484932064013,15.005578254569626,15.03205453540893,36753598
2014-06-09,15.157819747924805,15.177676960289277,15.085009969255072,15.098248110831387,39739634
2014-06-10,15.151199340820312,15.151199340820312,15.091626154843867,15.118103989798493,26550947
2014-06-11,15.051909446716309,15.098244485244145,15.005575962325407,15.091623861908511,25320439
2014-06-12,14.959244728088379,15.051911710809053,14.932768447311043,15.04529264061472,36993766
2014-06-13,14.965862274169922,15.032052969372447,14.919527233391145,14.998957621771185,34428485
2014-06-16,14.893054008483887,14.939387504624326,14.853339583220654,14.939387504624326,41736316
2014-06-17,15.045294761657715,15.058532903912658,14.866578287078589,14.873197358206061,30098442
2014-06-18,15.131340980529785,15.157817259335577,14.979100823259431,15.038672450572463,38125793
2014-06-19,15.111489295959473,15.151203728687163,15.058535164851602,15.137965584444599,28443117
2014-06-20,15.171294212341309,15.191230015212476,15.12477577868701,15.177939479965032,30669011
2014-06-23,15.20451545715332,15.217805987948617,15.118125446696169,15.171289130165079,23893956
2014-06-24,15.104842185974121,15.23774911818391,15.084906380185924,15.17129643222325,27761266
2014-06-25,15.118128776550293,15.138064577134212,15.018449773630694,15.031740307353308,31616881
2014-06-26,15.064973831176758,15.118135991437997,14.952002680332814,15.098200181340031,32902784
2014-06-27,15.124773025512695,15.124773025512695,15.018448762887425,15.018448762887425,22087464
2014-06-30,15.11148738861084,15.138068462879081,15.071615777208478,15.09155158290966,45984497
2014-07-01,15.20451545715332,15.270968111129807,15.144708068574484,15.144708068574484,34924332
2014-07-02,15.191229820251465,15.251037228097411,15.184584552713027,15.197875087789903,21714471
2014-07-03,15.31085205078125,15.330787861019603,15.264333599936275,15.29756151062235,27225904
2014-07-07,15.244392395019531,15.290909269114318,15.197875520924745,15.290909269114318,30418995
2014-07-08,15.11148738861084,15.23110378310639,15.07826104577554,15.21781324597227,42234379
2014-07-09,15.15135669708252,15.164647232196545,15.098194556626417,15.13142089441148,23890756
2014-07-10,15.051676750183105,15.098193620197097,14.92541511414271,14.985222518446415,31814580
2014-07-11,15.07826042175293,15.091550958337013,14.958644032207774,15.031743543708634,26102370
2014-07-14,15.171294212341309,15.231101620954812,15.1513568491819,15.224456353331089,26266093
2014-07-15,15.277616500854492,15.310844394925677,15.19787329977494,15.251035433827974,36321394
2014-07-16,15.251041412353516,15.3108503968968,15.204524526822134,15.29091302852327,32831509
2014-07-17,15.051676750183105,15.24439105767206,15.038386215893393,15.1779383862235,42034342
2014-07-18,15.224457740783691,15.237748277242344,15.098196084138102,15.098196084138102,25827980
2014-07-21,15.184586524963379,15.204522330168057,15.118132280659362,15.144714914554024,18265332
2014-07-22,15.231101036071777,15.257682105545939,15.197874699229077,15.224455768703237,15999553
2014-07-23,15.264327049255371,15.290908118165918,15.21116491143428,15.237745980344826,17625827
2014-07-24,15.297554016113281,15.324135083408606,15.270971388529901,15.304197722649057,25123971
2014-07-25,15.21116828918457,15.284266244920504,15.197877751778037,15.237749363997636,44700318
2014-07-28,15.217809677124023,15.257681279175783,15.118129111706528,15.197873876098143,51911024
2014-07-29,15.138067245483398,15.277619434457414,15.131421977450747,15.237747826261506,34997453
2014-07-30,15.20451545715332,15.264322845732158,15.111480181298521,15.197870191755673,49021005
2014-07-31,14.892190933227539,15.138067413452166,14.885545665121153,15.098195804813853,61818850
2014-08-01,14.765932083129883,14.912129569523227,14.699479389445932,14.85232214520767,61016238
2014-08-04,14.88554573059082,14.905481534997659,14.752638807590198,14.819091488946327,32232135
2014-08-05,14.73270034790039,14.858961980009195,14.672892945458996,14.812443551155583,49123055
2014-08-06,14.792511940002441,14.87225672613171,14.686187638881446,14.686187638881446,45635509
2014-08-07,14.726058959960938,14.892192237458586,14.68618734783074,14.858965894016755,49004387
2014-08-08,14.872259140014648,14.87890440991329,14.686190022563926,14.71941637205713,62985100
2014-08-11,14.88554573059082,14.95199841194695,14.872255194319594,14.898836266862046,28040580
2014-08-12,14.918768882751465,14.958640483043576,14.839025682167243,14.839025682167243,27079046
2014-08-13,14.985228538513184,15.018456447874355,14.938711649811804,14.952002189440769,27864301
2014-08-14,15.07826042175293,15.07826042175293,14.998515641960026,15.005162470540467,26959269
2014-08-15,15.00516128540039,15.144713468799539,14.918771244138718,15.144713468799539,48988876
2014-08-18,15.171294212341309,15.184584747588755,15.071613637697231,15.078258905320952,30915826
2014-08-19,15.1978759765625,15.237747584124826,15.184585440708393,15.204521244489555,24872847
2014-08-20,15.237748146057129,15.290910291434056,15.151358099531251,15.17129546433597,32671479
2014-08-21,15.417176246643066,15.443757326744649,15.244397665693976,15.270978745795558,46030414
2014-08-22,15.364011764526367,15.457045530822013,15.344075957463016,15.417173916695308,30347351
2014-08-25,15.496910095214844,15.543426952518084,15.437101146965833,15.437101146965833,33893123
2014-08-26,15.530143737792969,15.576660617009358,15.476981590117097,15.48362685857658,17016729
2014-08-27,15.496910095214844,15.57000801383422,15.470327473611004,15.57000801383422,21784145
2014-08-28,15.450398445129395,15.470334249848676,15.390591030971544,15.42381737217035,25850015
2014-08-29,15.523497581481934,15.543433385720176,15.457043340399439,15.496916509164276,28003280
2014-09-02,15.583301544189453,15.596592077405873,15.496913078282718,15.570011010973031,36352415
2014-09-03,15.556718826293945,15.656397814835424,15.523492496780118,15.643108843317732,24151728
2014-09-04,15.570011138916016,15.66969013885826,15.516849005613485,15.570011138916016,31148855
2014-09-05,15.58995246887207,15.596597737892054,15.457045528183835,15.55008085475217,30005256
2014-09-08,15.596593856811523,15.656401263108805,15.543431717880607,15.57665805471243,26755908
2014-09-09,15.437101364135742,15.563362967451349,15.410520302445661,15.563362967451349,38428619
2014-09-10,15.51685619354248,15.536792002765866,15.44375666610133,15.44375666610133,38567107
2014-09-11,15.556718826293945,15.570009358099474,15.45039301156186,15.46368510365523,36650440
2014-09-12,15.54343032836914,15.616529823152574,15.483622927418367,15.556720861913757,42971009
2014-09-15,15.536788940429688,15.576660551017673,15.490272061410371,15.543434208861019,25694294
2014-09-16,15.603239059448242,15.636465396142228,15.490269514688695,15.496914782027492,39350392
2014-09-17,15.669694900512695,15.756084953669243,15.583306407644638,15.636468557101903,54889305
2014-09-18,15.822534561157227,15.862407725778674,15.729500817712957,15.749436619879587,63655749
2014-09-19,15.78116512298584,15.934639529639735,15.741128729963997,15.907948600958507,62190612
2014-09-22,15.674400329589844,15.787838346754103,15.6543821324556,15.747801952485617,39775087
2014-09-23,15.56762981414795,15.72110417401398,15.560958650748232,15.641031412381107,39927485
2014-09-24,15.654388427734375,15.66106116279584,15.534277629890502,15.601006547242658,44279193
2014-09-25,15.39414119720459,15.627688354607505,15.394141197204592,15.600997429959927,66656804
2014-09-26,15.540946006774902,15.580982401879997,15.414162522205187,15.44085345227525,49182020
2014-09-29,15.48755931854248,15.520922974104373,15.380794054007842,15.387468351856803,47184969
2014-09-30,15.460867881774902,15.554287680989185,15.427504227318563,15.520922459796314,40730589
2014-10-01,15.274035453796387,15.460873554035283,15.247344520438988,15.427509887338534,63257889
2014-10-02,15.31407356262207,15.37412973611457,15.173944580122615,15.280709892202506,69509769
2014-10-03,15.534274101257324,15.560966602177452,15.400819430342457,15.454201298708403,62092379
2014-10-06,15.48755931854248,15.641033700863769,15.467541125205345,15.641033700863769,40801003
2014-10-07,15.227317810058594,15.447521043319128,15.220646646498388,15.447521043319128,63099706
2014-10-08,15.514254570007324,15.514254570007324,15.18728752083461,15.233998218385727,72327897
2014-10-09,15.187284469604492,15.500905989821597,15.173939006338804,15.500905989821597,110277904
2014-10-10,15.067176818847656,15.327414945494935,15.060502519805397,15.153922338817795,76225243
2014-10-13,14.933724403381348,15.167271660193926,14.920378935377043,15.073851817426537,70603882
2014-10-14,14.993773460388184,15.113884194712664,14.92704614506163,14.973755265790217,78074944
2014-10-15,14.706850051879883,14.853651784013422,14.379882913659145,14.780251701315375,134405258
2014-10-16,14.706850051879883,14.820288110059764,14.439939093513177,14.45328456309464,101397347
2014-10-17,14.893681526184082,14.967083142764215,14.79359054912492,14.900355824724773,65796704
2014-10-20,14.980427742004395,14.993773204842253,14.860317009727018,14.860317009727018,60934746
2014-10-21,15.260687828063965,15.280706025249877,15.073848187521687,15.113886148630396,62988547
2014-10-22,15.120556831359863,15.300722148347656,15.120556831359863,15.287376685366093,56880817
2014-10-23,15.267355918884277,15.367446874384225,15.240664997417625,15.29404684035093,99572513
2014-10-24,15.41416072845459,15.420833460195597,15.267359063415682,15.294049990379715,32770205
2014-10-27,15.434187889099121,15.440860624716192,15.334095288105413,15.360787797311339,27325984
2014-10-28,15.600998878479004,15.607671610260448,15.474215407894835,15.474215407894835,44604546
2014-10-29,15.641039848327637,15.6677307832676,15.520929074360595,15.627694380857653,55631844
2014-10-30,15.727783203125,15.801183256706704,15.580981529224765,15.627690654231305,41918628
2014-10-31,15.907946586608887,15.927964780584997,15.841217706618552,15.907946586608887,46879927
2014-11-03,15.968003273010254,16.008039666238997,15.901275950962352,15.947985076395884,60885014
2014-11-04,15.974672317504883,15.98134504816929,15.847890434881124,15.9079450108608,36701526
2014-11-05,16.081439971923828,16.114803630218958,15.988021728697465,16.114803630218958,30312760
2014-11-06,16.108131408691406,16.114804140561752,16.008038863899454,16.054749553728637,33192561
2014-11-07,16.11480712890625,16.15484352755271,16.034734331613326,16.11480712890625,35459694
2014-11-10,16.20155143737793,16.20155143737793,16.094786159293783,16.11480435517141,37733474
2014-11-11,16.14817237854004,16.22157401666279,16.14817237854004,16.208226982400937,47698542
2014-11-12,16.11480712890625,16.134825328229482,16.054752530936558,16.094788929583018,23048629
2014-11-13,16.108131408691406,16.161513263654175,16.041402523251186,16.128149604302443,36133543
2014-11-14,16.054750442504883,16.13482322938179,16.034732245785655,16.101459568183078,14073777
2014-11-17,16.054750442504883,16.07476863922411,15.994694285610352,16.00803975008984,19907978
2014-11-18,16.108131408691406,16.161513263654175,16.041402523251186,16.04807682185829,15630130
2014-11-19,16.07476806640625,16.1014589944141,16.008039179649835,16.081440798408213,27164231
2014-11-20,16.07476806640625,16.094786262412136,15.968002787638062,15.99469371564591,19798912
2014-11-21,16.15483856201172,16.25493109459931,16.134820368841517,16.25493109459931,25110061
2014-11-24,16.261611938476562,16.30164834479089,16.201557329005066,16.208228496653433,23038411
2014-11-25,16.24825668334961,16.294965795916674,16.19487327367941,16.294965795916674,28864242
2014-11-26,16.268278121948242,16.27495085364699,16.228241731755773,16.248259926852008,10769280
2014-11-28,16.2816219329834,16.35502354095705,16.261603739918737,16.2816219329834,9621496
2014-12-01,16.16819190979004,16.24159355395066,16.12815550392279,16.19488284703487,33654309
2014-12-02,16.321664810180664,16.335010277531218,16.15484490156158,16.15484490156158,26767603
2014-12-03,16.395063400268555,16.408408865138806,16.301643579439894,16.335007241615525,17814417
2014-12-04,16.415081024169922,16.435099220776035,16.30831574220048,16.375044630957696,20925400
2014-12-05,16.56188201904297,16.62193660639446,16.481807669170877,16.501825864954704,37209929
2014-12-08,16.641956329345703,16.728703419106182,16.535192608701323,16.541865341241596,52915889
2014-12-09,16.601924896240234,16.601924896240234,16.381723089858333,16.428432231601107,55516992
2014-12-10,16.38839340209961,16.608595175934493,16.36170090116879,16.555213307547167,63708559
2014-12-11,16.428424835205078,16.575226495612515,16.401733909083124,16.435097566735568,71819494
2014-12-12,16.108131408691406,16.401734744460153,16.08811321308037,16.3016421996682,48320689
2014-12-15,15.961323738098145,16.22823604600556,15.881250985767625,16.201545128562053,45935750
2014-12-16,15.807860374450684,16.1281547396861,15.801187640455666,15.874587714400871,45497391
2014-12-17,16.16819190979004,16.17486464410125,15.847899096114729,15.881262767670767,53873361
2014-12-18,16.541866302490234,16.555211768346286,16.32833571531936,16.415082810120715,46183796
2014-12-19,16.552593231201172,16.63978347040677,16.498938668453498,16.592835728002555,49107421
2014-12-22,16.666606903076172,16.666606903076172,16.55929622762071,16.599537140388907,19475282
2014-12-23,16.760509490966797,16.820870880106984,16.693439706070247,16.726973811148127,22928360
2014-12-24,16.733680725097656,16.814162570157713,16.726972329935336,16.814162570157713,9773278
2014-12-26,16.733680725097656,16.7940421088927,16.726972329935336,16.787335288471027,18149002
2014-12-29,16.794048309326172,16.86111653830476,16.6867375682192,16.720271682708496,22126486
2014-12-30,16.773927688598633,16.814168625621054,16.720271531160858,16.767220865761562,20298451
2014-12-31,16.586132049560547,16.847701266819836,16.56601158280846,16.834287622318445,29869969
2015-01-02,16.586132049560547,16.700149602563453,16.458702426797327,16.673322313560668,40511471
2015-01-05,16.237367630004883,16.5123503814661,16.197126712641907,16.478816283663622,50770502
2015-01-06,15.989213943481445,16.291022402445016,15.91543892733802,16.2373678452498,57454463
2015-01-07,16.156890869140625,16.19713179914074,16.02945968273265,16.123355186066256,36287049
2015-01-08,16.398338317871094,16.438580823333616,16.31114963464106,16.344683743575686,37995923
2015-01-09,16.17700958251953,16.43857874867987,16.170302761579048,16.431870352998615,36300590
2015-01-12,16.042869567871094,16.217248465095953,15.995921827202245,16.177007544522656,38356360
2015-01-13,15.989213943481445,16.257488304198006,15.875196434701138,16.150179189807567,45785445
2015-01-14,15.761186599731445,15.82154799993398,15.553271960662789,15.734357736011466,71356023
2015-01-15,15.566682815551758,15.78801105944712,15.53985553138039,15.707527632192226,58038203
2015-01-16,15.754476547241211,15.761184943522084,15.466081646281895,15.526443040141562,89499855
2015-01-20,15.687400817871094,15.861779669126845,15.633746271250912,15.801416729438982,39330942
2015-01-21,15.727646827697754,15.808130248465815,15.580095201906866,15.680699084181775,49251571
2015-01-22,16.116649627685547,16.136770092296775,15.714235611238234,15.821546330572366,97345387
2015-01-23,15.94227123260498,16.136772232457975,15.94227123260498,16.103238120325084,34069402
2015-01-26,16.02275276184082,16.02945958346597,15.875201111346541,15.915443615838386,27588310
2015-01-27,15.848373413085938,15.955682556300351,15.78801202002783,15.80142408818874,35186781
2015-01-28,15.559983253479004,15.928863307145864,15.533155956792294,15.928863307145864,85405918
2015-01-29,15.687400817871094,15.720934909508708,15.47948787497773,15.539849239925436,50409450
2015-01-30,15.432546615600586,15.687408994364546,15.425839793777376,15.50632323039688,64531113
2015-02-02,15.680704116821289,15.700824584785694,15.352066657253635,15.472791039781248,62984977
2015-02-03,15.94227123260498,15.955684877458136,15.74106498506653,15.74106498506653,66155787
2015-02-04,15.90202808380127,16.036166088396183,15.875200797830468,15.90873490529397,37523958
2015-02-05,16.062992095947266,16.08981937978294,15.935560922987033,15.948976139645644,30264135
2015-02-06,16.190420150756836,16.35138539751099,16.150179232753416,16.210540609758546,83237512
2015-02-09,16.10993766784668,16.190421083229364,16.06969832226618,16.11664606264075,37354080
2015-02-10,16.237367630004883,16.270903302547808,16.11664487791596,16.230660810444387,39742220
2015-02-11,16.237367630004883,16.2843169416688,16.13005851703695,16.217247171323393,36080733
2015-02-12,16.398338317871094,16.41845878323187,16.230666198456984,16.26420030739161,40635310
2015-02-13,16.38492202758789,16.451991809364117,16.32456064125593,16.405042489698545,23270085
2015-02-17,16.43857765197754,16.47881857493575,16.344680590334377,16.35809423132045,17869196
2015-02-18,16.337980270385742,16.41846214832424,16.297739331416494,16.41846214832424,36387868
2015-02-19,16.270912170410156,16.33798040256819,16.230669656374033,16.29773946327337,21550255
2015-02-20,16.391630172729492,16.418457457711334,16.143476211906627,16.244078530588528,40206183
2015-02-23,16.35138702392578,16.371507484928802,16.264196784838727,16.371507484928802,23616735
2015-02-24,16.43187141418457,16.48552755991436,16.358096379074805,16.39163048594288,33958612
2015-02-25,16.43187141418457,16.49894120266159,16.411750950063727,16.41845777143734,32659415
2015-02-26,16.391630172729492,16.458699959924935,16.337975602765813,16.451993138679473,33480738
2015-02-27,16.33127212524414,16.405047174049173,16.317858480006862,16.371513060955976,28937856
2015-03-02,16.451988220214844,16.46540185869564,16.30443662218571,16.3379707183877,27137641
2015-03-03,16.405048370361328,16.451997706856673,16.324566493068644,16.405048370361328,31729394
2015-03-04,16.304439544677734,16.358094108218243,16.24407658595401,16.33797364689055,47685247
2015-03-05,16.371505737304688,16.405039835396696,16.277608687906607,16.331264819594278,25112031
2015-03-06,16.250789642333984,16.53918618151231,16.223962350269257,16.431875438512147,74347599
2015-03-09,16.32455825805664,16.358092356678803,16.257488486071836,16.264195305796267,26666907
2015-03-10,15.97580623626709,16.19042611948039,15.97580623626709,16.18371929734063,49650662
2015-03-11,16.07640838623047,16.136771359545474,16.002633343528945,16.02275380972027,36531648
2015-03-12,16.425167083740234,16.43858072723567,16.190425173088173,16.210545638331325,50418806
2015-03-13,16.311145782470703,16.418454905718534,16.217248724888254,16.384920804703587,40917578
2015-03-16,16.51235580444336,16.52576944796965,16.37821779443948,16.37821779443948,39676730
2015-03-17,16.47211456298828,16.512355492807693,16.358097020425678,16.45870091971514,22247248
2015-03-18,16.566009521484375,16.619665667554536,16.371510125674863,16.431871518420298,58915168
2015-03-19,16.41175079345703,16.566009258319056,16.337975759051254,16.566009258319056,42486734
2015-03-20,16.63458251953125,16.648046235675608,16.439357054818682,16.493211919396106,47450742
2015-03-23,16.540332794189453,16.681703362595226,16.540332794189453,16.600919503240902,26417014
2015-03-24,16.40569496154785,16.526869966763737,16.39896310462581,16.526869966763737,22615686
2015-03-25,16.143146514892578,16.466278751031894,16.143146514892578,16.425887616669193,40570806
2015-03-26,16.129682540893555,16.203732945429984,16.008507571033448,16.075826120612017,40238682
2015-03-27,16.10948944091797,16.14988058080839,16.048902731082336,16.129686591482255,30154207
2015-03-30,16.345104217529297,16.385495349098576,16.223929242202704,16.230661097464253,43422048
2015-03-31,16.230663299560547,16.31144557365925,16.197004018686087,16.264322580435007,26132160
2015-04-01,16.217201232910156,16.277787944632436,16.102758085704497,16.19027380547803,32823015
2015-04-02,16.29798126220703,16.324908685916764,16.176807855513232,16.176807855513232,26472163
2015-04-06,16.324909210205078,16.36530192768583,16.12968538203973,16.163344662757893,19432443
2015-04-07,16.237390518188477,16.372029183851243,16.237390518188477,16.35856547534682,22346466
2015-04-08,16.29798126220703,16.365301402100272,16.250858270715,16.250858270715,22778055
2015-04-09,16.324909210205078,16.338372922492344,16.210467655763324,16.271054361056017,25595691
2015-04-10,16.318178176879883,16.358570896397378,16.29125075094758,16.331643470465075,18165005
2015-04-13,16.37875747680664,16.432612299114478,16.277778104361275,16.29124180993823,38112499
2015-04-14,16.37875747680664,16.41914859353752,16.28450995714975,16.36529377122968,32499016
2015-04-15,16.439353942871094,16.506672510849558,16.37203537489263,16.41242651567971,45762179
2015-04-16,16.46628189086914,16.520138327574433,16.345108464675352,16.43262260581531,27839065
2015-04-17,16.244129180908203,16.385499760076407,16.18354088662516,16.385499760076407,49064829
2015-04-20,16.311445236206055,16.37203352114559,16.297981524134812,16.304713380170433,19100196
2015-04-21,16.230663299560547,16.392229428376915,16.217199587210764,16.37203385985224,26714793
2015-04-22,16.345104217529297,16.385495349098576,16.190269965894974,16.244124807987347,26511555
2015-04-23,16.372037887573242,16.412429034559306,16.291254012981756,16.3181814443058,26294652
2015-04-24,16.345104217529297,16.365299783313937,16.284515939556627,16.338370781649,23031271
2015-04-27,16.28451919555664,16.432621621541685,16.257591769126464,16.365303055466242,29486759
2015-04-28,16.37875747680664,16.37875747680664,16.190264018111034,16.257582545995835,31748721
2015-04-29,16.372037887573242,16.44608832371436,16.217203576840635,16.284522155150746,49893538
2015-04-30,16.244129180908203,16.41242718837146,16.18354088662516,16.324911465793363,42838185
2015-05-01,16.3855037689209,16.405699345083196,16.311451742372906,16.331648899154768,22565584
2015-05-04,16.54705810546875,16.5537899593672,16.42588315467823,16.452810570272028,27367961
2015-05-05,16.398962020874023,16.594187439330575,16.38549830791971,16.499941448650397,37717594
2015-05-06,16.318178176879883,16.493208026058895,16.203736616667594,16.46628060012659,36626312
2015-05-07,16.4326171875,16.473008316246457,16.250855527522297,16.250855527522297,39290812
2015-05-08,16.668241500854492,16.668241500854492,16.520139059437355,16.520139059437355,40714217
2015-05-11,16.60765266418457,16.70190024406374,16.580725235824573,16.668240958613744,38354636
2015-05-12,16.54705810546875,16.587449228859448,16.41241944688133,16.533594397671852,48760649
2015-05-13,16.55379295349121,16.614379649535717,16.52013367791093,16.547061098375156,29430379
2015-05-14,16.7018985748291,16.708630431246302,16.6009191479521,16.634578430038093,26445450
2015-05-15,16.62784767150879,16.7153633913298,16.573992816615323,16.708631534468115,28494942
2015-05-18,16.722095489501953,16.73555920341961,16.61438419754155,16.634579768418035,19841750
2015-05-19,16.81633758544922,16.870194009244027,16.74228717608218,16.755750886876186,32513049
2015-05-20,16.769207000732422,16.856722661865113,16.74227959134331,16.849990809517834,37350263
2015-05-21,16.728822708129883,16.769213838683772,16.715358997945252,16.7355545632222,23172098
2015-05-22,16.735553741455078,16.77594487002564,16.695162612884516,16.695162612884516,16231966
2015-05-26,16.54705810546875,16.70862417964997,16.533594397671852,16.70862417964997,54832187
2015-05-27,16.728822708129883,16.749018273406826,16.573988460387927,16.594184025664873,31773341
2015-05-28,16.708635330200195,16.722099046982137,16.607655873716123,16.68843975502728,21900598
2015-05-29,16.560529708862305,16.708632145857717,16.520138566214243,16.708632145857717,31521478
2015-06-01,16.57398796081543,16.668235509885744,16.526864976589604,16.64803836459887,23062170
2015-06-02,16.600914001464844,16.661500690437016,16.493202751562453,16.560522875483397,26426862
2015-06-03,16.742286682128906,16.789409668517646,16.627843563137517,16.661502839129476,40898498
2015-06-04,16.594188690185547,16.73555926748124,16.567261262247158,16.69516812557366,37471271
2015-06-05,16.688432693481445,16.796143962779524,16.641309704684268,16.71536011565126,52402931
2015-06-08,16.58745002746582,16.73555240098056,16.580718173243262,16.715356838312893,28272131
2015-06-09,16.62784767150879,16.70189967760643,16.533601675445222,16.600920244062056,31163011
2015-06-10,16.863466262817383,16.92405297615304,16.69516825626584,16.72209568441502,53968148
2015-06-11,16.9307804107666,16.964441267779822,16.870193713256565,16.937512266045495,60034147
2015-06-12,16.856727600097656,16.924046143291626,16.802871184923948,16.89038687169464,42206558
2015-06-15,16.782678604125977,16.843266884385176,16.67496891587639,16.74901932654798,40678641
2015-06-16,16.876930236816406,16.890393951098353,16.73555965623677,16.78941451336456,36228207
2015-06-17,16.856727600097656,16.950973560569217,16.816334893562743,16.930777997611024,55448179
2015-06-18,17.01155662536621,17.038484034405343,16.856722442773158,16.930772817630768,70136594
2015-06-19,16.727588653564453,16.984519163990164,16.727588653564453,16.964235301656238,47071470
2015-06-22,16.98451805114746,17.052132508693045,16.964234190142555,16.970995477144193,40678518
2015-06-23,17.018325805664062,17.072417693400364,16.991280655560587,17.0318483807158,33542288
2015-06-24,16.8763370513916,17.018325675881385,16.8763370513916,16.99128052598416,26541099
2015-06-25,16.774919509887695,16.930430725740468,16.76139693351176,16.923669437552498,43711579
2015-06-26,16.82901382446289,16.876342853053565,16.781684795872216,16.849297693858894,30737208
2015-06-29,16.423324584960938,16.720824382748777,16.41656488560993,16.646450227066417,52912442
2015-06-30,16.484182357788086,16.62617100945357,16.4300920476411,16.58560327684333,77383245
2015-07-01,16.734346389770508,16.774915697207046,16.632927090002042,16.74110926395089,52375111
2015-07-02,16.659971237182617,16.768153404641666,16.592358374726373,16.72758568716792,24081438
2015-07-06,16.592357635498047,16.63292535116441,16.4503690431368,16.47065290096998,33223951
2015-07-07,16.62616539001465,16.639687962980933,16.31514303673191,16.565312224137262,63077548
2015-07-08,16.335430145263672,16.511225216319733,16.308384993951883,16.403044611072573,56789354
2015-07-09,16.463895797729492,16.592361850839154,16.430089359418893,16.56531511266129,31236625
2015-07-10,16.659971237182617,16.700538954656366,16.585597088480746,16.693777668410743,36120618
2015-07-13,16.86281394958496,16.86281394958496,16.768155927902143,16.801962364217434,41191230
2015-07-14,16.903383255004883,16.9371896913088,16.774917209520705,16.80872364582462,27691961
2015-07-15,17.045372009277344,17.07241874858183,16.923668826289695,16.98452041778352,62160945
2015-07-16,17.214405059814453,17.214405059814453,17.15355347092087,17.1738373338854,39781365
2015-07-17,17.16707992553711,17.221171826528575,17.0927041569975,17.200886371450686,22286763
2015-07-20,17.187362670898438,17.24145456835817,17.140033649709608,17.214407825863482,25354045
2015-07-21,17.16707992553711,17.261739561624868,17.126512190440817,17.194126669797715,24390172
2015-07-22,17.29553985595703,17.315823716290726,17.153551246091986,17.17383510642568,36459143
2015-07-23,17.146799087524414,17.322594224864638,17.112992635637838,17.309071644110006,36561685
2015-07-24,16.98451805114746,17.140029239714302,16.95747290314092,17.12650666571103,32149658
2015-07-27,16.86281394958496,16.910144547955664,16.801962364217434,16.86957682437731,34805048
2015-07-28,16.9304256439209,16.998038505505967,16.822243477855753,16.998038505505967,29677194
2015-07-29,17.099464416503906,17.106225704651756,16.943953201573915,16.984520930461,33091373
2015-07-30,17.099464416503906,17.112986992799602,17.00480479490454,17.07241926391252,20597954
2015-07-31,17.045372009277344,17.119747764188137,16.998042993671035,17.079180036525585,24137571
2015-08-03,17.025087356567383,17.065656669879555,16.91014546684947,17.04537121945878,42025601
2015-08-04,16.99803924560547,17.08593755702221,16.970994099793888,17.038608551851944,30678613
2015-08-05,17.065656661987305,17.167075976397385,17.018326061066556,17.112985675378674,24771536
2015-08-06,17.00480079650879,17.10622168240857,16.9439492174864,17.079176536176398,23921408
2015-08-07,17.038612365722656,17.058894642092163,16.89662373090045,16.99128176242895,30673812
2015-08-10,17.200883865356445,17.207646741083582,17.106225830589697,17.153554847973073,30165778
2015-08-11,17.045372009277344,17.099463900356863,16.97775912983976,17.038612308863037,65448208
2015-08-12,16.889860153198242,16.916906891468503,16.632929633630624,16.90338431609807,77509300
2015-08-13,16.95071792602539,17.01156953169205,16.822251837643734,16.93043405746984,27547564
2015-08-14,17.072418212890625,17.072418212890625,16.923668295265905,16.93042958299751,33603346
2015-08-17,17.106218338012695,17.112979623248854,16.937184619579856,16.998036186705303,28771055
2015-08-18,17.092702865600586,17.13327218516151,17.052136721098915,17.085943164458328,20245642
2015-08-19,16.93719482421875,17.085944776564766,16.876341632900512,17.045375453176018,57382080
2015-08-20,16.578840255737305,16.78168209207607,16.578840255737305,16.76139822594812,67731590
2015-08-21,15.983841896057129,16.490943305795557,15.983841896057129,16.36923852295004,127715881
2015-08-24,15.300946235656738,15.841854118276414,12.5220286747299,15.003446344580519,143651668
2015-08-25,15.098099708557129,15.875653970836739,15.044007831486281,15.862131398451288,84936661
2015-08-26,15.666057586669922,15.66605758666992,15.165717483725789,15.449694770878544,146056427
2015-08-27,16.051456451416016,16.085262898074603,15.740433967097445,15.86890005192986,96219884
2015-08-28,15.977084159851074,16.03117448090707,15.875663220341119,15.990606740115073,40348364
2015-08-31,15.84184741973877,15.943266711860554,15.828324847455866,15.875653850446032,58845124
2015-09-01,15.327990531921387,15.584921087054543,15.213047037832293,15.503785623600793,86294454
2015-09-02,15.537589073181152,15.578158384621418,15.334748866097055,15.530827785862659,52533664
2015-09-03,15.625484466552734,15.787756919304776,15.557870018514128,15.584915162717966,60273576
2015-09-04,15.31446361541748,15.449690937054159,15.21304272730768,15.402360342587366,54210039
2015-09-08,15.706620216369629,15.720142788744646,15.503780043215341,15.611962209744513,49726245
2015-09-09,15.490262031555176,15.916227949370182,15.456455590664184,15.848613480058692,43741739
2015-09-10,15.56463623046875,15.679578117988328,15.429407305387016,15.476737905424427,43653476
2015-09-11,15.632250785827637,15.632250785827637,15.456455704371717,15.490262145511409,26809949
2015-09-14,15.598443031311035,15.645772044921538,15.53758985485386,15.598443031311035,31837353
2015-09-15,15.821569442749023,15.868898463333053,15.598445329608975,15.659296927502728,41048311
2015-09-16,15.92298698425293,15.950032133138505,15.753953216188792,15.835088662845521,28008328
2015-09-17,15.699865341186523,16.01764909682377,15.666058896444198,15.909466886118636,75221486
2015-09-18,15.39615249633789,15.559218549235082,15.368975086737171,15.484480672833108,85290820
2015-09-21,15.572805404663086,15.633954569002839,15.470888535470802,15.498067537136723,47097445
2015-09-22,15.375771522521973,15.430126349088374,15.260265920775272,15.341799755917974,65335941
2015-09-23,15.382564544677734,15.436919366540417,15.294236363857912,15.382564544677734,34891095
2015-09-24,15.273853302001953,15.301030712926787,15.137964652084824,15.20590977468987,51271027
2015-09-25,15.49807071685791,15.59998601166734,15.42333123870464,15.491274768577592,55416173
2015-09-28,15.13796329498291,15.416534922574737,15.090402830128196,15.38935751408633,58422891
2015-09-29,15.165139198303223,15.212701253730136,15.02925216934822,15.151550495407724,48264309
2015-09-30,15.39615249633789,15.39615249633789,15.21270338624016,15.368975086737171,49086741
2015-10-01,15.402944564819336,15.464093727353871,15.239878536101257,15.389355862033883,48512971
2015-10-02,15.42332935333252,15.42332935333252,14.934131212168538,15.070019850596227,75346063
2015-10-05,15.74946117401123,15.769844230127584,15.525245961438543,15.532040313477326,47975517
2015-10-06,15.674724578857422,15.769845515151442,15.64754557319477,15.715490694412,36684908
2015-10-07,15.79702091217041,15.88534907990739,15.68151693282023,15.776637856990966,38597020
2015-10-08,15.892145156860352,15.905733861788484,15.701901692573621,15.735873454893948,37237011
2015-10-09,15.790226936340332,15.939704273174048,15.722283417458083,15.926115569397597,58339183
2015-10-12,15.803816795349121,15.830995800181524,15.742667623885193,15.783433738194478,25312191
2015-10-13,15.681517601013184,15.851376401412933,15.681517601013184,15.749461121173082,42452020
2015-10-14,15.552424430847168,15.715490486197963,15.532041373339933,15.688313076188315,44763838
2015-10-15,15.905733108520508,15.926116164947397,15.627161480100694,15.640751779678112,55652525
2015-10-16,16.0008544921875,16.028031898817652,15.919320677004333,15.953292435292022,36542235
2015-10-19,15.987268447875977,16.021240215203733,15.892147499358261,15.898941852823812,32690313
2015-10-20,16.08238983154297,16.10277289046924,15.973678588643175,15.987267294594021,23941473
2015-10-21,15.96688175201416,16.157125182018888,15.939702751762674,16.102768776808528,29215200
2015-10-22,16.22507095336914,16.286220123040167,15.994061383763547,16.000855735949216,61204335
2015-10-23,16.401731491088867,16.4085258456712,16.279433108606895,16.354171009012546,45903498
2015-10-26,16.333776473999023,16.401721574033754,16.272627319730958,16.401721574033754,24485698
2015-10-27,16.238658905029297,16.272630664382948,16.184304090063453,16.252247608770755,28664204
2015-10-28,16.61914825439453,16.646325665890526,16.272633067234583,16.272633067234583,112058299
2015-10-29,16.59876251220703,16.680296328806232,16.51723029090057,16.612351215758107,48479611
2015-10-30,16.360960006713867,16.57158652509653,16.340576949640663,16.557997820381065,62867662
2015-11-02,16.585168838500977,16.65311393118768,16.394925450504285,16.40171980024373,73531446
2015-11-03,16.612354278564453,16.666710698083147,16.503643034820094,16.578382513423414,42479225
2015-11-04,16.56479263305664,16.65312081145462,16.51723216523084,16.61235310088244,40100564
2015-11-05,16.632734298706055,16.65991170585334,16.53761337369055,16.56479078083784,45236788
2015-11-06,16.802595138549805,16.965662776385056,16.741445970831176,16.94527812518606,85556100
2015-11-09,16.61914825439453,16.863748148444493,16.52402731415854,16.822982031200496,59169369
2015-11-10,16.693885803222656,16.700680155311936,16.55120281405501,16.57838022241212,41119339
2015-11-11,16.639530181884766,16.768622865338617,16.625939883070572,16.768622865338617,27576370
2015-11-12,16.38813591003418,16.605556760793064,16.381341558300864,16.598762409059745,66597469
2015-11-13,16.25224494934082,16.422105313606806,16.204684494028243,16.306599755412336,53877793
2015-11-16,16.449289321899414,16.449289321899414,16.170719233629818,16.20469100106597,53560564
2015-11-17,16.415315628051758,16.56479298252213,16.381343864602346,16.517232513692953,46013180
2015-11-18,16.707473754882812,16.727856810232577,16.456079548316907,16.510435957875686,83572836
2015-11-19,16.734649658203125,16.768621414066622,16.653117444130736,16.714266604685026,35613076
2015-11-20,16.7618350982666,16.829780237858074,16.714274617257924,16.782218161556035,44189330
2015-11-23,16.693885803222656,16.809391384033194,16.673502746954824,16.75503497202616,31828859
2015-11-24,16.646318435668945,16.700674830344585,16.503635491995386,16.59196363628561,35916887
2015-11-25,16.659915924072266,16.693889286901022,16.612355449522408,16.65312316585829,24226080
2015-11-27,16.700679779052734,16.721062834861346,16.6055572566531,16.687091075180327,23191055
2015-11-30,16.68709373474121,16.75503726493198,16.659914727371874,16.75503726493198,30361138
2015-12-01,16.87053871154785,16.877333062895577,16.714267035257492,16.748238791996126,38268343
2015-12-02,16.67349624633789,16.911300072041126,16.639524499136314,16.911300072041126,43846620
2015-12-03,16.401731491088867,16.768629829121583,16.347376654430214,16.768629829121583,59308595
2015-12-04,16.836566925048828,16.863744330391697,16.462872815706472,16.503638923720775,52547451
2015-12-07,16.680299758911133,16.829777124003957,16.59876592554547,16.816186822365456,31381144
2015-12-08,16.469675064086914,16.619152460438247,16.42890893652566,16.496854077754485,35697769
2015-12-09,16.279428482055664,16.578381594010335,16.18430594964308,16.39493247712951,66624798
2015-12-10,16.293014526367188,16.449286222420934,16.218276652090236,16.2726314697462,58161303
2015-12-11,15.93291187286377,16.150332755211014,15.844585287497969,16.048417464404316,89542078
2015-12-14,15.96688175201416,16.075591371849654,15.790225429196258,15.946497103002393,71948873
2015-12-15,16.340574264526367,16.428900830662936,16.116357482979083,16.129946185461634,93332943
2015-12-16,16.605554580688477,16.6599093874189,16.333777356451325,16.49004902109381,102205375
2015-12-17,16.367755889892578,16.666710612178903,16.347372830913013,16.666710612178903,70913355
2015-12-18,15.930184364318848,16.27203368329361,15.930184364318848,16.251521311501566,113598773
2015-12-21,16.08743667602539,16.142133669203496,15.943861282815034,16.06008898208056,50728156
2015-12-22,16.237852096557617,16.27203671376394,16.039578106184084,16.183155103739068,57087748
2015-12-23,16.429290771484375,16.456638470598165,16.292550670626675,16.340409144075807,40627924
2015-12-24,16.41561508178711,16.50449509394375,16.374591932426245,16.449799701847358,13844688
2015-12-28,16.401939392089844,16.408776316003358,16.26519930853099,16.347244000781718,16747016
2015-12-29,16.572864532470703,16.593375304752403,16.48398451925001,16.538679912001207,38040239
2015-12-30,16.456634521484375,16.56602529168893,16.429286828933236,16.53867759913779,19339133
2015-12-31,16.292551040649414,16.483986544082416,16.258366415980802,16.292551040649414,59154720
2016-01-04,15.978046417236328,15.991720264651178,15.793447871847357,15.957535646114053,93387476
2016-01-05,16.039575576782227,16.087434033323916,15.895998601868982,16.005390964966736,52096536
2016-01-06,15.793448448181152,15.889165383578002,15.711403755409586,15.807122296094988,77248574
2016-01-07,15.349044799804688,15.608851141474425,15.28751247928281,15.465274121634694,92006910
2016-01-08,15.109745025634766,15.49945278296681,15.075558810982146,15.485778939220987,83028242
2016-01-11,15.130258560180664,15.21913856079407,14.979844646161922,15.191790868297637,70986600
2016-01-12,15.246489524841309,15.314860376041585,15.048217106409046,15.287512677676956,80633578
2016-01-13,14.84994125366211,15.37638914129683,14.781572023562147,15.308019911196865,125524947
2016-01-14,14.97984790802002,15.102912551051261,14.74055233599296,14.884129358151453,95264013
2016-01-15,14.64483642578125,14.713205676738655,14.446563992715953,14.473910087810093,94362797
2016-01-19,14.637996673583984,14.856779839681932,14.535441211666049,14.80208284419106,83779398
2016-01-20,14.350841522216797,14.487581592127642,14.036339843008365,14.33716767575455,107682217
2016-01-21,14.289311408996582,14.549116136992225,14.241451333735606,14.36451757609598,91494814
2016-01-22,14.549112319946289,14.610646227627006,14.446558482625445,14.473904567289459,59334200
2016-01-25,14.255125045776367,14.542279073437593,14.22094042469494,14.487583679707308,78982191
2016-01-26,14.494422912597656,14.53544446442929,14.28931354815062,14.309824324066437,63973716
2016-01-27,14.439722061157227,14.692691440692125,14.337168208876953,14.446560589931023,77206350
2016-01-28,14.446560859680176,14.59697317916644,14.350842323809532,14.52860394303632,79906672
2016-01-29,14.84994125366211,14.856778176672107,14.501254969575628,14.549113430645603,100518905
2016-02-01,14.788407325744629,14.863615084063897,14.679016557699631,14.781572008030148,84561575
2016-02-02,14.37818717956543,14.596970297275776,14.344002568249463,14.576461135774354,86157444
2016-02-03,14.391865730285645,14.46023658056326,13.981647049774686,14.46023658056326,151930266
2016-02-04,14.514933586120605,14.617489070265101,14.302987297863433,14.302987297863433,97011048
2016-02-05,14.323491096496582,14.603808106067387,14.282467959648312,14.528600359585623,81506726
2016-02-08,13.961135864257812,14.16624519846012,13.769698773361117,14.118386728380262,132312804
2016-02-09,13.940622329711914,14.036340867220469,13.68765454641327,13.68765454641327,168924221
2016-02-10,13.865415573120117,14.20726495551384,13.85857864968378,14.050014111189654,80836939
2016-02-11,13.441521644592285,13.591935567051138,13.352641638991592,13.496218637942698,155436893
2016-02-12,14.008995056152344,14.008995056152344,13.701330236352112,13.762862558196671,119640644
2016-02-16,14.23461627960205,14.2961502115109,14.104714701182036,14.248290129962053,97496185
2016-02-17,14.426048278808594,14.494419119256824,14.37135289068077,14.37135289068077,79846353
2016-02-18,14.34400463104248,14.48074470125892,14.275635398578453,14.48074470125892,79491948
2016-02-19,14.34400463104248,14.405536940260104,14.20726456082604,14.227775330565247,91481888
2016-02-22,14.569628715515137,14.631161041676977,14.514933314482388,14.514933314482388,52408225
2016-02-23,14.30981731414795,14.514926578118565,14.282468021035527,14.494415812250312,71553352
2016-02-24,14.275636672973633,14.316658216114067,13.981645736556784,14.104711971266621,89023089
2016-02-25,14.47390365600586,14.48757910540917,14.275632916335443,14.275632916335443,87713797
2016-02-26,14.57646369934082,14.706365245187314,14.494419012465123,14.569625170586777,100096303
2016-02-29,14.419214248657227,14.63799742600099,14.412375719241908,14.56278965531843,70846020
2016-03-01,14.904635429382324,14.931981510971672,14.521762997234926,14.521762997234926,100224943
2016-03-02,15.068727493286133,15.075564417701749,14.897802777607069,14.918313550853917,89863616
2016-03-03,15.171281814575195,15.17811873847246,14.993520187957783,15.055052503033162,76643660
2016-03-04,15.23281478881836,15.308022560231263,15.116585472246747,15.246488637204594,70707286
2016-03-07,15.22597885131836,15.246489625226877,15.082401828670017,15.130261906411942,48251261
2016-03-08,14.97984790802002,15.1507726286299,14.959335528892769,15.089238701825568,94684581
2016-03-09,15.000357627868652,15.075563793325658,14.945660629520416,15.034542248530927,59913509
2016-03-10,14.986679077148438,15.164440654103608,14.808917500193267,15.096071434231654,94740222
2016-03-11,15.376385688781738,15.396896453206372,15.13709183187304,15.13709183187304,79284278
2016-03-14,15.328534126281738,15.369555673563896,15.232815577334675,15.328534126281738,55347853
2016-03-15,15.32169246673584,15.321692466735838,15.171278567896309,15.225973947369521,75699114
2016-03-16,15.287510871887207,15.38322780485714,15.171281562278056,15.239650800113724,72379969
2016-03-17,15.472107887268066,15.519966349014041,15.178116983108946,15.287509358102383,65859485
2016-03-18,15.609451293945312,15.671256704215415,15.527044080251843,15.568247687098578,65031268
2016-03-21,15.581984519958496,15.68499516467534,15.520179100576453,15.561382713497816,47484348
2016-03-22,15.533917427062988,15.59572286151987,15.437774027716232,15.472110380192278,43482367
2016-03-23,15.417168617248535,15.533913800827937,15.410301348356422,15.50644472525948,55912266
2016-03-24,15.321033477783203,15.321033477783203,15.1768191562751,15.279828234199353,48500785
2016-03-28,15.369099617004395,15.417170505135648,15.293558037527346,15.341628925658599,36121356
2016-03-29,15.396574020385742,15.403441292493621,15.218023333166684,15.30729787056911,44438115
2016-03-30,15.48583984375,15.602585016304463,15.465238039019207,15.478972575506402,37636102
2016-03-31,15.451509475708008,15.547652880698367,15.417173121216422,15.444642204809691,39946073
2016-04-01,15.588851928710938,15.60945373535655,15.314157948609207,15.375964980959493,45753316
2016-04-04,15.513310432434082,15.609453809651326,15.4789740878613,15.575117465078545,38544826
2016-04-05,15.293559074401855,15.396569739794977,15.266089993607359,15.36910065900048,61644172
2016-04-06,15.375960350036621,15.389694883663804,15.218011600911057,15.266082468606196,38129610
2016-04-07,15.08753776550293,15.279822923207487,15.0051305318068,15.266088384258133,51315220
2016-04-08,15.142475128173828,15.293556661117032,15.115006051713882,15.190547624392236,55956828
2016-04-11,15.204283714294434,15.334763453208781,15.190549174662785,15.21115098411026,45423161
2016-04-12,15.396574020385742,15.424043108817258,15.190554244735168,15.224890605274563,48225902
2016-04-13,15.746803283691406,15.760537823686512,15.540783571351108,15.554518111346214,69649488
2016-04-14,15.781137466430664,15.863546307497675,15.671259549145814,15.671259549145814,52055051
2016-04-15,15.72619342803955,15.842938570683817,15.698724362102755,15.822336771231221,53901797
2016-04-18,15.84294319152832,15.856677728502612,15.636921912087223,15.650658061474871,52434076
2016-04-19,16.042097091674805,16.042097091674805,15.891015558402383,15.891015558402383,57169363
2016-04-20,16.165706634521484,16.193174093676706,16.028359664266073,16.03522693215818,74743119
2016-04-21,16.0214900970459,16.227511349802544,15.980288103872976,16.158837061412612,63436754
2016-04-22,16.172582626342773,16.206918984325284,16.035235581998645,16.035235581998645,46728145
2016-04-25,16.138240814208984,16.151975352760203,16.021494011696543,16.103902855417395,38189682
2016-04-26,16.24125099182129,16.26185280109226,16.131373063295783,16.15197648498041,41664795
2016-04-27,16.268718719482422,16.32365687297489,16.172576950870603,16.22751510436307,56916147
2016-04-28,16.097036361694336,16.26185244466331,16.04209820484255,16.1313727097267,74850832
2016-04-29,16.007762908935547,16.069568339456026,15.863548625307368,16.007762908935547,60318138
2016-05-02,16.1519718170166,16.172573620333598,15.987154165654262,16.02149050451592,43564598
2016-05-03,15.945952415466309,15.98029037073882,15.80860704402977,15.96655422118179,44142060
2016-05-04,15.822343826293945,15.90475106084909,15.746802248871457,15.76053678796398,46466680
2016-05-05,15.81547737121582,15.918488042630322,15.77427374761556,15.856682607229933,47043157
2016-05-06,15.884149551391602,15.89101682106721,15.698731657736534,15.698731657736534,38964104
2016-05-09,15.84294319152832,15.93221768186122,15.781136162730649,15.856677728502612,31989258
2016-05-10,16.069562911987305,16.076430179725726,15.911614141590405,15.918481409328827,37549070
2016-05-11,15.897883415222168,16.06269949284717,15.884148876454548,16.021494264130745,31961192
2016-05-12,15.90474796295166,16.02149152249902,15.808606208030305,15.952818840412338,35254978
2016-05-13,15.712468147277832,15.980294922695789,15.684999065166007,15.870416981834657,45538875
2016-05-16,15.794870376586914,15.863544672466851,15.698728619733654,15.712463156426978,33796243
2016-05-17,15.70559310913086,15.822338262780526,15.636918825402159,15.753663979051824,45457629
2016-05-18,15.980291366577148,15.994025904576691,15.657524886347424,15.657524886347424,96899150
2016-05-19,15.82921314239502,15.980296332163313,15.733071346523896,15.904754737279166,66203303
2016-05-20,15.9390869140625,16.02836302780768,15.884148759396886,15.911617836729693,35765351
2016-05-23,15.925349235534668,15.980288991781848,15.856676555742242,15.90474743159694,38575724
2016-05-24,16.165706634521484,16.200042973982033,16.014625128481853,16.03522693215818,47386483
2016-05-25,16.337390899658203,16.41979973972937,16.22751459611461,16.234381865086085,51504178
2016-05-26,16.24125099182129,16.36486345986078,16.220649182550318,16.344261650589807,36198417
2016-05-27,16.35112762451172,16.357996506815354,16.248118576162472,16.26872038583232,37026264
2016-05-31,16.309926986694336,16.43353785508973,16.254987210549228,16.43353785508973,40884834
2016-06-01,16.34426498413086,16.364866797603735,16.124509082258907,16.19318179383515,38452378
2016-06-02,16.378597259521484,16.378597259521484,16.24811752761903,16.303055683193293,28227076
2016-06-03,16.145105361938477,16.19317624356538,15.973422029428962,16.179441705957693,86083215
2016-06-06,16.24125099182129,16.316790959148186,16.13824194546643,16.15197648498041,46925474
2016-06-07,16.2069149017334,16.303056679865897,16.193178749586504,16.254985790799648,26503799
2016-06-08,16.220643997192383,16.261847602562504,16.17943877940912,16.17943877940912,30469958
2016-06-09,16.103900909423828,16.151973400957562,16.02149207566125,16.124502714761135,39571234
2016-06-10,15.90474796295166,15.980289525660302,15.856677085490983,15.918482499368997,47349676
2016-06-13,15.794870376586914,16.0008916518134,15.788003108240252,15.815472181626898,56062079
2016-06-14,15.561388969421387,15.81547963033168,15.47898009803556,15.733072371359937,66888232
2016-06-15,15.581984519958496,15.76053512169784,15.568249982318042,15.602586326419178,58034633
2016-06-16,15.62319278717041,15.636927328902509,15.369102152712667,15.45837667397131,71488109
2016-06-17,15.610074043273926,15.686017934616395,15.541032521018016,15.644593993884138,46524537
2016-06-20,15.6998291015625,15.941472046952887,15.692925110039106,15.858622527636356,70566829
2016-06-21,15.789573669433594,15.824093607499004,15.692916221815551,15.761957718981265,40308110
2016-06-22,15.775773048400879,15.906950495235334,15.74125147320765,15.789581030063912,54005201
2016-06-23,16.10716438293457,16.10716438293457,15.955276602052589,15.962180592092679,73745517
2016-06-24,15.244159698486328,15.596264824378794,15.188926155120305,15.264870048324743,165914672
2016-06-27,14.809202194213867,15.037035475588707,14.719450328019535,15.016323506466938,140642119
2016-06-28,15.188921928405762,15.188921928405762,14.94727909338221,15.078456493449133,109722231
2016-06-29,15.534131050109863,15.534131050109863,15.28558574437355,15.320105700581962,100009025
2016-06-30,15.782674789428711,15.782674789428711,15.506511953463491,15.582455841784446,72707045
2016-07-01,15.6998291015625,15.810294586972603,15.672213135468926,15.72054107613268,45095346
2016-07-05,15.46509075164795,15.589364211931821,15.389145228849475,15.54793864448006,59557011
2016-07-06,15.506511688232422,15.527223657420233,15.299390375318922,15.333910323965274,58561132
2016-07-07,15.527223587036133,15.658401012333037,15.451279700358409,15.554839545828031,65731461
2016-07-08,15.82409954071045,15.844811511315605,15.720538066649178,15.741250037254332,55327418
2016-07-11,15.91385269165039,15.962182247980103,15.858620765600012,15.906950321929724,42557517
2016-07-12,16.11406898498535,16.134780953808686,16.01050751983331,16.031219488656646,55059306
2016-07-13,16.11406898498535,16.148588933024243,16.024315499048868,16.100261005769795,57377156
2016-07-14,16.265954971313477,16.431653945786906,16.224532659247895,16.431653945786906,67039521
2016-07-15,16.23833656311035,16.34189636988141,16.134775135304515,16.32808839564527,62710956
2016-07-18,16.2935733795166,16.314285347124308,16.231435855658223,16.24524383406336,38953149
2016-07-19,16.30047607421875,16.307380062873037,16.196914623369285,16.21762658933215,30777585
2016-07-20,16.328094482421875,16.36261443088055,16.25905458550452,16.36261443088055,31817657
2016-07-21,16.245241165161133,16.334994631084342,16.224530821991163,16.307378678811048,36524509
2016-07-22,16.348804473876953,16.355708462733553,16.238340652171352,16.26595498656257,23484772
2016-07-25,16.314287185668945,16.355711125552638,16.265957634769183,16.32119117564956,37096308
2016-07-26,16.328094482421875,16.348806451497083,16.25905458550452,16.27286256488799,34484126
2016-07-27,16.321191787719727,16.369519719396408,16.265958244768008,16.300479817001147,50709937
2016-07-28,16.355710983276367,16.39023093287916,16.22453517478575,16.279765473114786,33001387
2016-07-29,16.328094482421875,16.404038369030964,16.2935745339632,16.2935745339632,54440606
2016-08-01,16.28666877746582,16.41094057843584,16.252148832751924,16.34190068900805,39409726
2016-08-02,16.14858627319336,16.300475640582178,16.107160721334523,16.238339744346565,39709475
2016-08-03,16.314287185668945,16.32119117564956,16.14858980509872,16.14858980509872,33511513
2016-08-04,16.272865295410156,16.32809722221174,16.238345341159167,16.300481258810947,31363295
2016-08-05,16.583539962768555,16.583539962768555,16.397132283348007,16.445460200234816,51542339
2016-08-08,16.604257583618164,16.652585512250404,16.55592803395051,16.631873542836587,45019886
2016-08-09,16.618064880371094,16.645680838454744,16.576640943245618,16.597351290773013,32239890
2016-08-10,16.48688316345215,16.63186852665662,16.459267212562708,16.604252575767184,33545242
2016-08-11,16.52140235900879,16.562826283479893,16.459266472302133,16.52140235900879,25139605
2016-08-12,16.47308349609375,16.50069946091111,16.40404196301461,16.410945954218953,28861534
2016-08-15,16.583539962768555,16.59734793902193,16.52140406962837,16.535212045881746,26275941
2016-08-16,16.54212188720703,16.583544205529694,16.50069632681351,16.555928245957634,27637427
2016-08-17,16.597349166870117,16.604254776542685,16.500693325946038,16.542118878805777,25676567
2016-08-18,16.583539962768555,16.618061524437003,16.535212045881746,16.56973198651518,26595016
2016-08-19,16.576641082763672,16.590449061921714,16.47307961804301,16.535215524254195,31510153
2016-08-22,16.576641082763672,16.590449061921714,16.50759956593811,16.549023503412233,32517481
2016-08-23,16.597349166870117,16.680198651554463,16.597349166870117,16.638774719729856,29855443
2016-08-24,16.590444564819336,16.64567646648002,16.549019017538907,16.604252540234505,24299201
2016-08-25,16.624975204467773,16.652591173073873,16.54902966976504,16.569741646219615,27249662
2016-08-26,16.64568519592285,16.76995703983087,16.542125325999503,16.673301161235745,64953346
2016-08-29,16.790664672851562,16.852800572742463,16.666391252034565,16.687103218664866,40451522
2016-08-30,16.94256019592285,16.94256019592285,16.797574755874955,16.818286730019544,39359132
2016-08-31,16.956363677978516,16.970171657076538,16.81828226596293,16.949459688429503,56386078
2016-09-01,16.887317657470703,17.011591057243557,16.756140269990187,16.99778308182823,62960480
2016-09-02,16.963266372680664,17.01159429583476,16.88732087240329,16.908034460504556,66918391
2016-09-06,16.935646057128906,16.983973967842747,16.804468678442248,16.95635801886341,60299920
2016-09-07,16.92874526977539,16.949458858443467,16.838993410033233,16.87351335608791,38671003
2016-09-08,16.914939880371094,16.977077413815614,16.880419929032758,16.928747860906427,72066064
2016-09-09,16.597349166870117,16.88041594307519,16.597349166870117,16.81828004533828,66476831
2016-09-12,16.783761978149414,16.84589788283154,16.445463255031665,16.52140713853204,87153077
2016-09-13,16.48688316345215,16.63186852665662,16.42474565291599,16.590444600322463,83230864
2016-09-14,16.445466995239258,16.597354796783986,16.397139058384116,16.486890941115092,82876829
2016-09-15,16.54212188720703,16.590449816458136,16.37642288770381,16.410942837168886,68626527
2016-09-16,16.385343551635742,16.48246149195316,16.336784581477033,16.475526125001302,75235766
2016-09-19,16.489824295043945,16.609378766944978,16.37881117340584,16.37881117340584,50396100
2016-09-20,16.49835777282715,16.63499000719048,16.47274024687447,16.609372481237802,39903200
2016-09-21,16.600839614868164,16.61791742962379,16.43858815879933,16.57522044955665,64029700
2016-09-22,16.634994506835938,16.703310642496625,16.600837253398172,16.686232830170315,38355700
2016-09-23,16.549596786499023,16.66061151055932,16.523979256935064,16.575215944847923,59009500
2016-09-26,16.284873962402344,16.455665114419894,16.242176988790526,16.4471253939405,54189000
2016-09-27,16.412965774536133,16.430045214727482,16.17386012699751,16.225096818786493,47620000
2016-09-28,16.489824295043945,16.51544345947674,16.327574473325587,16.48128457356635,42936400
2016-09-29,16.259254455566406,16.56667621157195,16.17385888992628,16.48128064593182,62580800
2016-09-30,16.481281280517578,16.566676849445727,16.3190314912176,16.34464902174654,47336900
2016-10-03,16.404422760009766,16.48981831503182,16.361725796891108,16.430041915151804,33170500
2016-10-04,16.47274398803711,16.592296813060763,16.387348414969463,16.44712482748129,68471600
2016-10-05,16.737470626831055,16.771627882517972,16.51544276411768,16.541061927471812,58651900
2016-10-06,16.763086318969727,16.78870547950806,16.617914333489338,16.780165759328614,53337300
2016-10-07,16.754552841186523,16.78871010252492,16.64353807706929,16.69477478346965,55532800
2016-10-10,16.83993911743164,16.91679495632172,16.822861308955346,16.83993911743164,37997400
2016-10-11,16.686227798461914,16.839937835758548,16.575213093498906,16.78870115665967,78581200
2016-10-12,16.669153213500977,16.78016632198598,16.643534052103607,16.669153213500977,51378700
2016-10-13,16.506900787353516,16.541059667157928,16.31903183478436,16.532519947206826,73171100
2016-10-14,16.583755493164062,16.754546622824403,16.53251880577993,16.703308306655348,76176500
2016-10-17,16.506900787353516,16.626453609098885,16.464203816383037,16.59229635807951,41236100
2016-10-18,16.64353370666504,16.694770399611222,16.57521757314176,16.67769258781923,45958700
2016-10-19,16.78870391845703,16.831400886599113,16.677690824016665,16.69476863400254,49835900
2016-10-20,16.78870391845703,16.891178922296927,16.720387792158743,16.771624479686228,56238200
2016-10-21,16.780162811279297,16.79724224863756,16.626451132624542,16.652070288661935,39543100
2016-10-24,16.831403732299805,16.916799311806802,16.822865640255788,16.857022894787466,33808700
2016-10-25,16.81432342529297,16.87409983344544,16.771624827480515,16.86556011388295,36177800
2016-10-26,16.916793823242188,16.94241297741785,16.720385194249477,16.737464630366585,40419200
2016-10-27,16.95949363708496,17.036349476372067,16.882637797797855,17.0107303203481,45545800
2016-10-28,16.882640838623047,17.010733384244745,16.75454829300135,16.99365394381916,55749900
2016-10-31,16.857017517089844,16.96803222366878,16.857017517089844,16.96803222366878,38579100
2016-11-01,16.78870391845703,16.959495048595212,16.652071665860458,16.9167964516682,62758900
2016-11-02,16.67769432067871,16.763088274866654,16.600838458881345,16.754550182476077,66529900
2016-11-03,16.694772720336914,16.848484449327895,16.669155184695303,16.694772720336914,53462100
2016-11-04,16.64353370666504,16.780165973711593,16.566677852853214,16.70331011989977,64891400
2016-11-07,17.061965942382812,17.07050566052631,16.908254273369234,16.92533370965623,59001800
2016-11-08,17.070505142211914,17.155900692269324,16.89971567088174,17.01072874580712,63290400
2016-11-09,17.796367645263672,17.88176320861643,17.172982801722842,17.540182583990283,268936600
2016-11-10,18.453907012939453,18.530762838950476,18.001311774072814,18.069627882884333,241635500
2016-11-11,18.505149841308594,18.530769001426854,18.274582286599422,18.334358698090305,134954500
2016-11-14,18.95774269104004,19.068755779110674,18.658859044840092,18.68447657274148,261730900
2016-11-15,18.9406681060791,18.95774754824588,18.607627127753204,18.795496105231997,122754500
2016-11-16,18.667400360107422,18.8125723361743,18.616162042353245,18.76987373804582,117887700
2016-11-17,18.923587799072266,18.940667240458485,18.62470408995416,18.667402693419707,98536400
2016-11-18,18.923587799072266,18.99190393583196,18.838192220926356,18.906508357686047,92344300
2016-11-21,18.991907119750977,19.043143823714086,18.863814545450477,19.026066008250016,71943900
2016-11-22,19.000438690185547,19.085834246010748,18.889425607762114,19.077294527549753,98286500
2016-11-23,19.111454010009766,19.137073168392018,18.932124787688835,19.077296760951707,101948400
2016-11-25,19.137073516845703,19.171232395310682,19.060217669084476,19.154152956078192,33114800
2016-11-28,18.91504669189453,19.11145536708363,18.863810000276736,19.000442263780897,99791400
2016-11-29,18.966279983520508,19.02605801327439,18.880886055727352,18.949202175232738,74645700
2016-11-30,19.222476959228516,19.273713669131507,19.154160803095984,19.231016682343288,98843700
2016-12-01,19.555511474609375,19.598210075898702,19.29932638201381,19.32494391400231,120088300
2016-12-02,19.342023849487305,19.512815001445016,19.256628273508447,19.504275280968617,82108300
2016-12-05,19.57258415222168,19.640900261894277,19.461571084797907,19.512807759856223,95145700
2016-12-06,19.743385314941406,19.760463129485185,19.50427799468952,19.700686706618555,79142600
2016-12-07,20.05080223083496,20.06788166997312,19.726301031134824,19.794617158902483,120172500
2016-12-08,20.238672256469727,20.358225069633818,20.04226196926239,20.161816411211404,116856500
2016-12-09,20.281370162963867,20.281370162963867,20.093501215185327,20.23867319308215,95677300
2016-12-12,20.084962844848633,20.306990686477352,20.03372452300616,20.221595112191675,85143200
2016-12-13,20.136199951171875,20.255752780354406,19.96540879909528,20.136199951171875,113420700
2016-12-14,20.042268753051758,20.34969223813994,19.905636454964892,19.982492326236937,142995800
2016-12-15,20.213056564331055,20.383847722809055,20.067884568260318,20.144740426696895,110426000
2016-12-16,20.038917541503906,20.322001492148917,20.013182041924704,20.313422992289183,83096500
2016-12-19,20.047496795654297,20.098966160567695,19.884508564549996,20.06465215983769,73717600
2016-12-20,20.296262741088867,20.296262741088867,20.167588536169696,20.167588536169696,60793600
2016-12-21,20.244789123535156,20.30483696410811,20.176162786283076,20.29625846742898,37738000
2016-12-22,20.193321228027344,20.23621207831843,20.12469324967191,20.23621207831843,37796100
2016-12-23,20.227638244628906,20.227638244628906,20.133276388815545,20.193325883721325,18276700
2016-12-27,20.25337028503418,20.279104142276534,20.227634791610672,20.270525644468695,38241100
2016-12-28,20.047496795654297,20.304845256402892,20.030339795289297,20.28768825603789,30834400
2016-12-29,19.901657104492188,20.098957616270173,19.815873775316263,20.064643630127435,39251800
2016-12-30,19.944543838500977,20.013170160455047,19.875917516546906,19.9788578175683,44761200
2017-01-03,20.167593002319336,20.304845736118825,19.95313540123493,20.25337636998943,71259900
2017-01-04,20.33057403564453,20.356307891502787,20.167585858424264,20.227633703668292,45092200
2017-01-05,20.124698638916016,20.296265358386766,19.93597655644339,20.270529859611706,62201100
2017-01-06,20.193321228027344,20.279102928609518,20.090380896675253,20.201898089140713,38060800
2017-01-09,20.056074142456055,20.184750012109518,20.01318327669267,20.14185751016448,34022400
2017-01-10,20.09896469116211,20.27052977372443,19.99602433267952,20.09038619160677,46212100
2017-01-11,20.227638244628906,20.227638244628906,19.987445173550096,20.12469788954329,48001200
2017-01-12,20.056074142456055,20.159014510942495,19.884509043220852,20.133279009775475,57418100
2017-01-13,20.167593002319336,20.407786104559264,20.081809634649243,20.19332850347486,72479700
2017-01-17,19.68720817565918,20.030340005654864,19.678629675386585,20.02176150538227,96657800
2017-01-18,19.850191116333008,19.875926612410893,19.601421198972094,19.790143261665936,68289100
2017-01-19,19.764404296875,19.944547814347434,19.695776325059708,19.89307847166687,56729700
2017-01-20,19.858766555786133,19.927392898573956,19.755827859694936,19.82445420248276,74805200
2017-01-23,19.73009490966797,19.893083108356855,19.661468558038113,19.772985765868647,46651200
2017-01-24,19.978866577148438,20.056069791537915,19.73867352690811,19.82445687600689,45229500
2017-01-25,20.313419342041016,20.321997840359224,20.09896179262957,20.19332363794861,92850100
2017-01-26,20.364887237548828,20.41635658759138,20.253370039759776,20.347730242140933,70704400
2017-01-27,20.287683486938477,20.373466832416476,20.227635635958247,20.364888334250555,43944500
2017-01-30,20.124698638916016,20.167591136874453,19.944555056035075,20.159012637282764,46168800
2017-01-31,19.996023178100586,20.17616838599808,19.884505962683203,20.021758675280626,56477300
2017-02-01,20.021759033203125,20.2533736034198,19.96171117489097,20.150433249040802,72132200
2017-02-02,19.944543838500977,20.03890564475554,19.815869689359666,19.910229859433652,39396500
2017-02-03,20.347736358642578,20.364893359207848,20.107544895455355,20.287688492845774,86346600
2017-02-06,20.25337028503418,20.399201475405086,20.210477795994997,20.227634791610672,34952100
2017-02-07,20.201900482177734,20.382045674337913,20.176166623427175,20.373467176027308,50838500
2017-02-08,20.06464958190918,20.201902294831594,19.970289364388393,20.201902294831594,54341100
2017-02-09,20.339155197143555,20.364890694624172,20.01318040996283,20.064649768742644,76813700
2017-02-10,20.399208068847656,20.46783443731064,20.322003199804087,20.459255936730056,55078700
2017-02-13,20.630813598632812,20.725175434802928,20.493560911211425,20.52787490115732,76687000
2017-02-14,20.871009826660156,20.896745323073983,20.57934741202884,20.613661407247275,75954300
2017-02-15,21.03399085998535,21.076881703203295,20.819533371534067,20.97394302500792,76869400
2017-02-16,20.982528686523438,21.04257818287141,20.85385446671216,21.008264184958282,64048200
2017-02-17,20.991107940673828,20.991107940673828,20.80238585391112,20.828121353271207,54156600
2017-02-21,21.094039916992188,21.14550925907162,21.025413582159317,21.10261841336891,55216100
2017-02-22,21.111204147338867,21.171252006381337,20.97395143061852,21.008263791707886,50438900
2017-02-23,21.111204147338867,21.162673507063634,20.99110679307248,21.119782646656567,53509400
2017-02-24,20.94821548461914,20.999684843243067,20.8538536303241,20.88816762686099,61686800
2017-02-27,21.059722900390625,21.102615376100772,20.9653627261896,20.97394122133163,39655000
2017-02-28,21.0511531829834,21.059730044854458,20.91389885032837,20.98252519856528,48913000
2017-03-01,21.651634216308594,21.694526708343528,21.42859816627076,21.45433366149172,92150000
2017-03-02,21.317079544067383,21.70310212966549,21.30850104622994,21.694525268009205,69446200
2017-03-03,21.42002296447754,21.471493962841016,21.325662739840872,21.334241239568122,57652800
2017-03-06,21.25703239440918,21.325658743184317,21.16267055127541,21.291344750706138,49017200
2017-03-07,21.19698715209961,21.291349014128585,21.14551778925723,21.291349014128585,53726500
2017-03-08,21.205564498901367,21.497226932785168,21.196985999530497,21.428600573999653,104601000
2017-03-09,21.28276252746582,21.394281347319545,21.188402337029128,21.29134102408387,60804100
2017-03-10,21.265609741210938,21.402862431330366,21.12835541491038,21.385705436020157,62148600
2017-03-13,21.317079544067383,21.34281340139856,21.188405348868017,21.291344050555043,49418400
2017-03-14,21.25703239440918,21.27418775446705,21.10262270061982,21.23129690005055,49511100
2017-03-15,21.22271728515625,21.377126970820317,21.12835544698796,21.291343630320156,86455100
2017-03-16,21.25703239440918,21.420018950136868,21.248453896289636,21.30850174694523,89233700
2017-03-17,21.0487003326416,21.315575001692356,21.0487003326416,21.3069659295278,83056800
2017-03-20,20.876522064208984,21.06591672480098,20.876522064208984,21.00565486197683,78676400
2017-03-21,20.291120529174805,20.98843902746962,20.23946773278591,20.97122252334852,192257000
2017-03-22,20.24807357788086,20.342770082495065,19.99841542477856,20.144766359559643,133199500
2017-03-23,20.291120529174805,20.523560575944007,20.179205863330072,20.222249586652016,85238900
2017-03-24,20.265289306640625,20.428856723308915,20.127545817953767,20.32555115930919,97583400
2017-03-27,20.187808990478516,20.196416418997522,19.78319088556818,19.83484530875608,103963000
2017-03-28,20.463294982910156,20.540774984401338,20.11894033295629,20.11894033295629,82301100
2017-03-29,20.334171295166016,20.463304141441693,20.316953144459063,20.42886784002779,76524100
2017-03-30,20.601037979125977,20.652690768964803,20.32555424396879,20.35137981788191,92566000
2017-03-31,20.428857803344727,20.5838177995491,20.428857803344727,20.523555943694603,70540000
2017-04-03,20.385814666748047,20.51494745323592,20.14476559449487,20.463294667043264,93489100
2017-04-04,20.359989166259766,20.403034526720315,20.265292657271768,20.299727303627602,105795900
2017-04-05,20.205032348632812,20.626867095795834,20.205032348632812,20.54938871873663,104651200
2017-04-06,20.334171295166016,20.420258764674315,20.084513035954906,20.187820298183386,80802100
2017-04-07,20.24807357788086,20.38581544096746,20.144766359559643,20.179202646337558,61525700
2017-04-10,20.19641876220703,20.377205980315182,20.12754783197833,20.24807319138793,60429000
2017-04-11,20.136154174804688,20.170590456258736,19.92954141211723,20.093110464999405,83801200
2017-04-12,19.97258758544922,20.127545932329365,19.920933161143495,20.110329432906468,74023000
2017-04-13,19.71432113647461,20.118939265462647,19.71432113647461,19.895108344365784,120159300
2017-04-17,20.058679580688477,20.06728865336841,19.705715810874715,19.765977677621542,86681200
2017-04-18,19.86928367614746,20.015634618609194,19.748759950124605,19.920936467012595,74890400
2017-04-19,19.809022903442383,20.075897586615994,19.78319568558195,19.998417575047412,55583800
2017-04-20,20.144765853881836,20.187811211273697,19.877891206102248,19.95537120739511,85720400
2017-04-21,19.938156127929688,20.17059616752261,19.929547055128534,20.09311615432497,94675300
2017-04-24,20.385814666748047,20.49772931050088,20.30833466645283,20.394423738115567,98770600
2017-04-25,20.566598892211914,20.669906099842546,20.540773321813525,20.566598892211914,71026100
2017-04-26,20.54937744140625,20.738772027414853,20.506332097759774,20.540768372676954,71691200
2017-04-27,20.45469093322754,20.59243282702601,20.3341671866571,20.59243282702601,68871800
2017-04-28,20.25667953491211,20.480510438514774,20.25667953491211,20.463292297773272,64091900
2017-05-01,20.385814666748047,20.48912023913336,20.273898380982747,20.359987452645484,69086600
2017-05-02,20.359989166259766,20.41164195679982,20.24807451308755,20.385816382536095,76511500
2017-05-03,20.52355194091797,20.52355194091797,20.27389385305537,20.29111199194495,78115400
2017-05-04,20.55799102783203,20.72156009867426,20.471903598768975,20.65268917021634,64482800
2017-05-05,20.52355194091797,20.626857490231245,20.454681027371752,20.618250062798555,46881500
2017-05-08,20.50634002685547,20.583820033366013,20.471905380635558,20.549385387146103,45893000
2017-05-09,20.428857803344727,20.6268615131559,20.359986876366385,20.557990586177564,65737900
2017-05-10,20.49773597717285,20.49773597717285,20.359994074518358,20.394430371188484,51192700
2017-05-11,20.36859703063965,20.454686104443674,20.20502795461325,20.42024981811706,77266700
2017-05-12,20.282506942749023,20.29111601390024,20.170592301808064,20.273897871597807,55787200
2017-05-15,20.437467575073242,20.480512932168082,20.31694385923265,20.325552930651618,52192100
2017-05-16,20.49773597717285,20.514954125507913,20.377212222853423,20.48051947085079,51529600
2017-05-17,19.852062225341797,20.222244055912654,19.77458223094267,20.067284067114404,141192800
2017-05-18,19.929546356201172,20.050071729177766,19.800413552738025,19.826240770235728,101656900
2017-05-19,20.10172462463379,20.21363928366898,19.955373675426117,19.963982747969236,69775600
2017-05-22,20.15337562561035,20.21363748604033,20.015633761195385,20.21363748604033,79181900
2017-05-23,20.308340072631836,20.368601946234016,20.075900009869507,20.17059817810888,65577800
2017-05-24,20.299728393554688,20.351381186868068,20.213639310023925,20.334164683772073,59441200
2017-05-25,20.334171295166016,20.42886784002779,20.282516843045162,20.342778728506264,49362400
2017-05-26,20.32555389404297,20.385815754819557,20.282508534907866,20.282508534907866,42601700
2017-05-30,20.187808990478516,20.291114552829697,20.14476363782193,20.265288983248055,46584200
2017-05-31,20.015626907348633,20.196412426733126,19.886494158929427,20.187804999915564,115877900
2017-06-01,20.265289306640625,20.28250580596569,19.98980397127924,20.127545817953767,81187600
2017-06-02,20.187808990478516,20.291114552829697,20.07589271558371,20.11893806824029,83704500
2017-06-05,20.222246170043945,20.351378960205206,20.19641895520669,20.19641895520669,44055800
2017-06-06,20.136154174804688,20.18780859698576,20.024239544103587,20.06728325390887,60397300
2017-06-07,20.291120529174805,20.342773325563698,20.136160497995334,20.170596790263126,83049100
2017-06-08,20.52355194091797,20.669902837455194,20.27389385305537,20.29111199194495,77987000
2017-06-09,20.91095733642578,20.945391981217814,20.63547196802685,20.652690111429134,133216200
2017-06-12,20.954002380371094,21.10035332453688,20.833478652944905,20.954002380371094,86644400
2017-06-13,21.065919876098633,21.13479082134488,21.00565800425977,21.065919876098633,94978600
2017-06-14,21.100351333618164,21.126178547920844,20.773213187167507,20.88512947379996,117605800
2017-06-15,21.014265060424805,21.126181361964704,20.928175976627813,20.94539412178975,59547700
2017-06-16,20.990930557250977,21.06006488330305,20.93043657969961,21.008212902544734,53818800
2017-06-19,21.206974029541016,21.250182362152323,21.10327172366475,21.129197712206878,58041300
2017-06-20,21.025497436523438,21.155124095166162,21.01685543950827,21.13784010113583,45689600
2017-06-21,20.8526668548584,21.060071546931994,20.844026503623798,21.060071546931994,51938200
2017-06-22,20.72304344177246,20.83538780513593,20.697119087375608,20.77489544715243,58380200
2017-06-23,20.645254135131836,20.81809074809108,20.576119819606557,20.809448752613907,85352600
2017-06-26,20.75759506225586,20.844013354722993,20.61932645362518,20.68846075794052,60302300
2017-06-27,20.861299514770508,21.016852140038274,20.783523202136628,20.835375176087304,75943400
2017-06-28,21.189687728881836,21.22425406154695,20.982284788014972,20.999567130201502,90097600
2017-06-29,21.33660316467285,21.621782478734666,21.181050511858693,21.621782478734666,119176700
2017-06-30,21.31931495666504,21.50079191688548,21.276106627553155,21.492151569696784,72754900
2017-07-03,21.630422592163086,21.768691238557974,21.41437762613454,21.440301967150905,61454400
2017-07-05,21.66499137878418,21.71684171497073,21.535364714171568,21.69091737102369,78100200
2017-07-06,21.50079917907715,21.75141218779197,21.50079917907715,21.65635185368736,97648100
2017-07-07,21.647705078125,21.690915060588285,21.500794434334423,21.61313874044667,59432400
2017-07-10,21.62178611755371,21.673636461120395,21.544009778057333,21.61314411891048,55022500
2017-07-11,21.431659698486328,21.61313832475712,21.371167372493485,21.604496328430677,49857200
2017-07-12,21.50079917907715,21.51808317587665,21.37117249966619,21.431664840171795,47818600
2017-07-13,21.630422592163086,21.630422592163086,21.483511949331984,21.500794293912133,48875900
2017-07-14,21.535362243652344,21.569928581047133,21.250182954903142,21.36252561180156,61742300
2017-07-17,21.466228485107422,21.518078816709348,21.379810166909326,21.474870481756465,43257000
2017-07-18,21.431659698486328,21.466227683792102,21.293391053847753,21.319317042827084,63210700
2017-07-19,21.440298080444336,21.535358375717852,21.36252177491,21.4748660599227,48259400
2017-07-20,21.431659698486328,21.552645998764277,21.38845136514637,21.45758568746566,40163500
2017-07-21,21.431659698486328,21.500794020805614,21.371167372493485,21.371167372493485,39108400
2017-07-24,21.526721954345703,21.55264794566699,21.42302128564537,21.42302128564537,26364800
2017-07-25,21.794614791870117,21.881033104816648,21.73412246729521,21.768690451790714,75786800
2017-07-26,21.647705078125,21.855109697364178,21.595854747461352,21.82054171139355,56086500
2017-07-27,21.526721954345703,21.699558599902804,21.431661634460056,21.690916602795706,67826200
2017-07-28,21.526721954345703,21.587214285802965,21.405737291431176,21.49215561420973,43735800
2017-07-31,21.682273864746094,21.760050187759717,21.57857155129714,21.604497541732467,43039300
2017-08-01,21.83782196044922,21.855105950471323,21.725477673597553,21.829179965438165,60987500
2017-08-02,21.87239646911621,21.889680465599874,21.76005378855766,21.86375447087438,43341500
2017-08-03,21.794614791870117,21.87239110869277,21.760048455666837,21.837824772489494,40816800
2017-08-04,21.941524505615234,22.027942814923403,21.898316175107226,21.993376480175428,50792900
2017-08-07,21.906957626342773,21.950165955776786,21.872389644161874,21.94152396023156,39486800
2017-08-08,21.846471786499023,22.11436713470278,21.83782978839018,21.872396132532955,52736500
2017-08-09,21.846471786499023,21.86375413442411,21.664993122798506,21.664993122798506,46567000
2017-08-10,21.457590103149414,21.760053443648786,21.457590103149414,21.708203103312282,71130300
2017-08-11,21.37116813659668,21.569929114334585,21.319317805076423,21.457586454658646,50477800
2017-08-14,21.66499137878418,21.7254837123839,21.535364714171568,21.544006711584736,49472900
2017-08-15,21.682273864746094,21.87239284972809,21.682273864746094,21.84646850758512,48535000
2017-08-16,21.639070510864258,21.811905542013886,21.60450251565869,21.777339195101053,35084100
2017-08-17,21.26746368408203,21.621777241540805,21.258821688986448,21.58720926115847,76613100
2017-08-18,21.27610969543457,21.431660691642097,21.155123389550045,21.163765386276964,71725900
2017-08-21,21.215614318847656,21.28474863981019,21.129197653863663,21.258824299631883,45047200
2017-08-22,21.448945999145508,21.46622999365823,21.276110998895568,21.302035342372218,42644000
2017-08-23,21.379810333251953,21.500794990695198,21.276109669241272,21.293392014381492,36612700
2017-08-24,21.379810333251953,21.474870648838692,21.33660199796289,21.474870648838692,31067200
2017-08-25,21.440298080444336,21.535358375717852,21.414373744127545,21.423015738997137,37177300
2017-08-28,21.30203628540039,21.466230943955203,21.25018594785927,21.457588946316264,36486900
2017-08-29,21.23290252685547,21.267470518346165,21.042783518534314,21.060067514279663,42814200
2017-08-30,21.31931495666504,21.414375258661707,21.250180641110763,21.267464632072357,35176100
2017-08-31,21.345243453979492,21.41437777766614,21.276109130292845,21.388451788174038,44225200
2017-09-01,21.40574073791504,21.526725420309,21.319322401222493,21.37117274392095,42132600
2017-09-05,20.947723388671875,21.27611271777419,20.88723105128265,21.24154472595602,96579200
2017-09-06,20.999574661254883,21.103276993024988,20.930440322839026,21.02550065627057,77593900
2017-09-07,20.636613845825195,21.051421421563955,20.55883917668468,21.034137429180625,87667800
2017-09-08,20.82674217224121,20.90451851845453,20.610697132380395,20.65390548103542,68639500
2017-09-11,21.189687728881836,21.25018004726483,21.02549311591938,21.06870144382379,73305700
2017-09-12,21.440298080444336,21.457582070183516,21.25017913818928,21.267463127928465,66350600
2017-09-13,21.474870681762695,21.483512678492225,21.32796003394538,21.405736356218803,51049400
2017-09-14,21.431659698486328,21.53536200611139,21.38845136514637,21.48351167644499,47163200
2017-09-15,21.49501609802246,21.512372180123915,21.37352517847939,21.399559301631566,59250200
2017-09-18,21.746671676635742,21.75534971729093,21.555759747722597,21.573115829032975,44010400
2017-09-19,21.911550521850586,21.963617109148824,21.711960557901524,21.746671064378027,58443300
2017-09-20,22.041717529296875,22.119818236805887,21.82477148736449,21.92890631576549,70595500
2017-09-21,22.09377670288086,22.1458449271946,21.972287489814917,21.989643564586164,51050100
2017-09-22,22.067750930786133,22.093783395662523,21.94626168091794,22.007006305852038,42306600
2017-09-25,22.041717529296875,22.119818236805887,21.894194154576176,22.041717529296875,39774600
2017-09-26,22.033035278320312,22.111135970903693,21.97229066301471,22.076425471514764,46811000
2017-09-27,22.302053451538086,22.414864663444845,22.215274704981468,22.31072983654352,65919100
2017-09-28,22.336755752563477,22.388822319306147,22.223944582093306,22.380145937487633,37718900
2017-09-29,22.44089698791504,22.44089698791504,22.30205166660364,22.336762169348095,42740800
2017-10-02,22.631805419921875,22.631805419921875,22.397503355455886,22.397503355455886,52774000
2017-10-03,22.70990753173828,22.70990753173828,22.571062223017297,22.614450761305115,48062900
2017-10-04,22.60577392578125,22.718586779600535,22.597097541795208,22.649164121545102,39283800
2017-10-05,22.84007453918457,22.91817523133806,22.57106196352623,22.63180657849747,61260400
2017-10-06,22.866107940673828,22.961563051861148,22.744617059359815,22.900818438787425,66077800
2017-10-09,22.779333114624023,22.926856481001597,22.7272665309516,22.926856481001597,31340200
2017-10-10,22.883464813232422,22.883464813232422,22.753295889070912,22.814042159424044,35822500
2017-10-11,22.84007453918457,22.86610865495794,22.744617769848833,22.831396500593446,33748600
2017-10-12,22.666522979736328,22.909501485146553,22.640488859085117,22.900823444929483,53834800
2017-10-13,22.675199508666992,22.753300215949256,22.466931507636595,22.553710255190996,69561400
2017-10-16,22.82271957397461,22.831397612988546,22.683874260085034,22.692552299098967,42000700
2017-10-17,22.70990753173828,22.909497456128868,22.65784095475957,22.900819417437976,37844200
2017-10-18,22.83139991760254,22.866112077162146,22.709910669477644,22.8053674530997,52201500
2017-10-19,22.848751068115234,22.857429106132983,22.63180508317105,22.666517235242043,34671600
2017-10-20,23.117765426635742,23.1351215040231,23.013632272644877,23.091732965721345,56083800
2017-10-23,23.100406646728516,23.169829288015343,23.04833842438865,23.12643910273212,43555200
2017-10-24,23.26528549194336,23.30867567929048,23.161152352643082,23.178506772415524,61259200
2017-10-25,23.126445770263672,23.360747872845177,22.99627848721844,23.33471375416941,68653500
2017-10-26,23.256610870361328,23.360745680123138,23.213222331807785,23.213222331807785,41832600
2017-10-27,23.239255905151367,23.282644442691318,23.091732560282285,23.21322178952743,56694400
2017-10-30,23.143796920776367,23.247931718136535,23.083052311968956,23.213219567294328,48157500
2017-10-31,23.083057403564453,23.23058076685121,23.057023284690263,23.14380202577074,39890800
2017-11-01,23.117765426635742,23.282644851482363,23.091732965721345,23.178510042324856,40921900
2017-11-02,23.334714889526367,23.369427049449655,23.030991766032024,23.14380297544894,51098300
2017-11-03,23.239255905151367,23.273966404150006,23.169833251987484,23.25661032706738,42387000
2017-11-06,23.213226318359375,23.2566148643643,23.13512561141696,23.178514157421887,33642100
2017-11-07,22.892141342163086,23.300000884149988,22.83139672659056,23.230578229900438,70325500
2017-11-08,22.779333114624023,22.857433817716082,22.701232411531965,22.848755777909535,55844900
2017-11-09,22.701231002807617,22.779331701053138,22.46692890807105,22.631808343830123,94577000
2017-11-10,22.631805419921875,22.761972681791917,22.614449343628127,22.71858414622408,53209600
2017-11-13,22.666522979736328,22.718589565871813,22.47560940529466,22.4929654857288,50579200
2017-11-14,22.657846450805664,22.666524491601564,22.501645026813584,22.579745738809624,54101800
2017-11-15,22.718582153320312,22.79668283462455,22.440891577645868,22.458245997250728,64952300
2017-11-16,22.72726058959961,22.874783917411687,22.709904514523735,22.82271569218407,53648100
2017-11-17,22.701231002807617,22.753297583249047,22.588419802656723,22.614452265294062,41938700
2017-11-20,22.80536651611328,22.840077019079896,22.675197578279764,22.7446202393798,35232400
2017-11-21,22.874788284301758,22.90949878591346,22.8227200491341,22.883466323496368,35972400
2017-11-22,22.761978149414062,22.93553564370847,22.761978149414062,22.874791017255507,30959400
2017-11-24,22.7532958984375,22.892141206111415,22.73594147635323,22.8487526681508,12172500
2017-11-27,22.73594093322754,22.857430160748372,22.71858485639125,22.73594093322754,42346400
2017-11-28,23.326034545898438,23.352068663269808,22.744619165938232,22.761975244185813,86507000
2017-11-29,23.7252140045166,23.881415384814307,23.490911934070045,23.551656547482136,135340600
2017-11-30,23.88141632080078,24.193817438473577,23.75992543404842,23.93348289788514,135241700
2017-12-01,23.93348503112793,24.046296234060254,23.38678178509672,23.916128952163945,148119600
2017-12-04,24.297956466674805,24.471513960646398,24.297956466674805,24.332668627535895,99820400
2017-12-05,24.16778564453125,24.428120192304767,24.107041027061875,24.40208773062743,77706200
2017-12-06,24.081005096435547,24.21985039881248,24.01158244524708,24.081005096435547,60299100
2017-12-07,24.159114837646484,24.245893597937226,23.933490722957433,24.159114837646484,59625500
2017-12-08,24.306631088256836,24.306631088256836,24.107041156877905,24.280596971272615,55001600
2017-12-11,24.245885848999023,24.341340965161102,24.176463193987214,24.306630465238523,43278400
2017-12-12,24.488859176635742,24.584315927939368,24.263235181387547,24.34133585878755,69517100
2017-12-13,24.18514060974121,24.514897798760966,24.167784532643694,24.462831222635028,97335300
2017-12-14,24.028940200805664,24.306630824962557,24.002906084103447,24.271918669359607,76970000
2017-12-15,24.24515151977539,24.410796677111932,24.088224703651676,24.175406452926357,111826100
2017-12-18,24.46310043334961,24.58515552438393,24.40207371925907,24.44566541707606,61275500
2017-12-19,24.35848617553711,24.62002973777518,24.35848617553711,24.602593056865064,57366300
2017-12-20,24.31489372253418,24.602592297254667,24.29745870501579,24.559002259178644,69680300
2017-12-21,24.524126052856445,24.593871103397454,24.41950930847152,24.445664325994336,46123500
2017-12-22,24.454381942749023,24.628745407233566,24.341046854831337,24.59387204919536,43020300
2017-12-26,24.384641647338867,24.532850122212473,24.288743219729046,24.454386714170354,33710100
2017-12-27,24.410797119140625,24.41951546051132,24.332333709657956,24.40207877776993,29421000
2017-12-28,24.506696701049805,24.515415042238953,24.41079661082272,24.47182333629321,28129700
2017-12-29,24.332332611083984,24.585159510858563,24.332332611083984,24.585159510858563,55169800
2018-01-02,24.341047286987305,24.489255735574517,24.227712197057446,24.489255735574517,55436100
2018-01-03,24.47181510925293,24.48925178576929,24.306170008053492,24.384633389524122,56906200
2018-01-04,24.6984920501709,24.88157386594902,24.567720274817006,24.61131031231719,62247000
2018-01-05,24.76823616027832,24.8292628755851,24.61130937071616,24.8292628755851,37989500
2018-01-08,24.73336410522461,24.785672480035082,24.64618237197166,24.742080781981976,44252100
2018-01-09,24.9251651763916,25.05593695842408,24.79439339435912,24.837983434085473,51418700
2018-01-10,25.134401321411133,25.23901974875002,24.96003783013082,25.00362953437764,64670900
2018-01-11,25.256454467773438,25.28260949001104,25.11696434154648,25.23901944913517,42361700
2018-01-12,25.483125686645508,25.500562367691142,25.247735481089688,25.404662284793567,44537500
2018-01-16,25.413379669189453,25.744669945178725,25.273889551779245,25.70107824420468,67563800
2018-01-17,25.60518455505371,25.6749296266353,25.273894217900892,25.48312943264567,54312000
2018-01-18,25.57030487060547,25.701076639656634,25.535433174856678,25.692358300006124,49247400
2018-01-19,25.75339126586914,25.762107944219384,25.605182791111638,25.657491175480885,60727800
2018-01-22,25.962623596191406,25.971341936431447,25.727233398270386,25.76210509637718,46868900
2018-01-23,25.988779067993164,26.03237077273914,25.77954387377302,25.901597321354725,60862000
2018-01-24,26.16314125061035,26.224167971344034,25.95390606687198,26.110832870389117,66371000
2018-01-25,26.11082649230957,26.267751594641258,26.0236447713344,26.267751594641258,45423700
2018-01-26,26.30263328552246,26.3113516266688,26.067243063131933,26.18929817632714,33871900
2018-01-29,26.19801139831543,26.442119929647053,26.1805763811765,26.320066495407904,41037700
2018-01-30,25.858003616333008,26.17185719462846,25.858003616333008,26.006212065766608,67316900
2018-01-31,25.927749633789062,26.058521408649455,25.840567896264353,25.927749633789062,49504500
2018-02-01,26.171859741210938,26.198013100044825,25.866724472939246,25.87544281350169,60824200
2018-02-02,25.596460342407227,26.189294146304352,25.579023662797713,26.119547427866298,73086000
2018-02-05,24.306175231933594,25.46568786382597,24.062068359653107,25.04721751461369,147871500
2018-02-06,24.75079917907715,24.811825893639973,23.687186686909953,23.748213401472782,159006400
2018-02-07,24.76823616027832,25.116961435497974,24.602591030979006,24.707209444971543,102699400
2018-02-08,23.6784725189209,24.855421970789525,23.66103583658719,24.811830264955248,135270500
2018-02-09,24.13181495666504,24.31489512254985,23.329745904769407,24.03591487195197,149504900
2018-02-12,24.47181510925293,24.715923591922994,24.15796158337042,24.37591505126594,83571800
2018-02-13,24.57644271850586,24.62875110481087,24.262589074968563,24.33233414432645,43365500
2018-02-14,25.160552978515625,25.169271318198835,24.471819109221382,24.559000843200224,57379700
2018-02-15,25.3000431060791,25.404659856646926,25.02106288742721,25.369788160742072,66976000
2018-02-16,25.265169143676758,25.483122642147784,25.143115716646015,25.1779874117177,47508200
2018-02-20,25.186708450317383,25.46568869220053,25.108245049431073,25.212863471563956,58236100
2018-02-21,25.221580505371094,25.63133250655302,25.1692721284412,25.195425485479486,44578800
2018-02-22,25.012344360351562,25.42209634557011,24.951317645835317,25.28260623728919,47602700
2018-02-23,25.387224197387695,25.387224197387695,25.082088967392384,25.09080730686119,41187300
2018-02-26,25.770822525024414,25.770822525024414,25.404660562161776,25.570305695156456,55124200
2018-02-27,25.526716232299805,25.95390492143567,25.509279552044458,25.788259784716583,72752100
2018-02-28,25.169273376464844,25.753388880180996,25.169273376464844,25.657488798676532,65254700
2018-03-01,24.73336410522461,25.378506270731258,24.59387233430793,25.17798778539349,82467900
2018-03-02,24.79439926147461,24.864144339252654,24.314900396753472,24.559009000403535,78991200
2018-03-05,25.14312171936035,25.282611858655677,24.593877840888076,24.60259618245074,58952100
2018-03-06,25.247732162475586,25.300042198736758,24.98618863258256,25.282605519983033,49746100
2018-03-07,25.204143524169922,25.256451900474556,24.907726620354822,24.93388163993379,41530200
2018-03-08,25.282604217529297,25.317477573240218,25.01234236218217,25.26516753967384,50803000
2018-03-09,25.89287567138672,25.91031068708378,25.448250345474467,25.55286709106959,54595700
2018-03-12,25.805696487426758,25.98877664170714,25.76210478675046,25.892878225925994,51784500
2018-03-13,25.518001556396484,25.953908648253535,25.456974829593072,25.927753624114818,47049400
2018-03-14,25.23029899597168,25.631332659584093,25.151835598681714,25.631332659584093,57278900
2018-03-15,25.2390193939209,25.378509519842698,25.160555990233203,25.32619947548192,47451600
2018-03-16,25.26089096069336,25.505886403275184,25.26089096069336,25.29588959438807,61278200
2018-03-19,25.077144622802734,25.313391676662153,24.840897568943312,25.225892582391285,52145000
2018-03-20,25.13839340209961,25.243392648646637,25.07714453699151,25.173393707250753,37146500
2018-03-21,25.12964630126953,25.462142563948763,25.04214886584441,25.18214676521253,53291400
2018-03-22,24.202157974243164,24.893399010500016,24.11465887651481,24.79714983610818,85160300
2018-03-23,23.4671688079834,24.263407446217993,23.423420092482978,24.22840880759896,89289500
2018-03-26,24.228408813476562,24.298407759638128,23.71216595969507,23.93966295194679,84145000
2018-03-27,23.755916595458984,24.41215739460927,23.563419895181298,24.30715980133295,78827400
2018-03-28,23.799663543701172,24.0359089288822,23.493417547910752,23.817162027447104,84244500
2018-03-29,24.1234073638916,24.289655471732143,23.799662893203898,23.90466046843534,58290000
2018-04-02,23.58966636657715,24.14965960036894,23.230921561709202,24.123409369925003,74363900
2018-04-03,23.913415908813477,23.9659147082058,23.52842081915403,23.738417685630072,75160400
2018-04-04,24.167160034179688,24.237158980601876,23.46716890105124,23.484669054883422,70327000
2018-04-05,24.359657287597656,24.534655492186758,24.280908262423218,24.385907518957993,45378300
2018-04-06,23.773414611816406,24.237158668967314,23.554667698446327,24.079660624315817,88521000
2018-04-09,23.904666900634766,24.385911201474205,23.86091817733428,23.904666900634766,54633200
2018-04-10,24.263408660888672,24.403406560186394,24.105910606952087,24.289658892846973,67801500
2018-04-11,23.97466278076172,24.15841106662432,23.913413908443054,24.044661730398282,52480800
2018-04-12,24.394657135009766,24.55215519315675,24.14091156158924,24.158411716695937,63289100
2018-04-13,24.027158737182617,24.70964966718925,23.895910930733066,24.692149514620933,70103900
2018-04-16,24.132158279418945,24.30715646943384,24.062159337194274,24.167158584984495,44633600
2018-04-17,24.132158279418945,24.36840533526712,24.044659184411497,24.34215510609296,50750100
2018-04-18,24.01841163635254,24.289657340290958,23.96591117579169,24.19340816483589,66795500
2018-04-19,24.385908126831055,24.438406921953806,24.04466178626664,24.062161940943096,76142000
2018-04-20,24.394657135009766,24.534656706956703,24.289659542182875,24.429657445223164,49800400
2018-04-23,24.36840057373047,24.49089828146123,24.289651570501807,24.464648057416312,45689200
2018-04-24,24.210906982421875,24.648400782849517,24.04465887096558,24.499652823947862,69592900
2018-04-25,24.193405151367188,24.315904541844468,23.948409708225203,24.184655075696934,51819000
2018-04-26,24.202157974243164,24.33340578638245,24.079660238767357,24.175907744252715,33456200
2018-04-27,24.237159729003906,24.29840860040127,24.123410394488882,24.15841070323399,47185200
2018-04-30,24.01841163635254,24.429655230640236,24.0096615595924,24.2984074170511,41731400
2018-05-01,24.027158737182617,24.04465888975093,23.77341320056767,23.965909872099918,46372400
2018-05-02,23.755916595458984,24.03591240273804,23.72091795400243,23.939664887052526,45430300
2018-05-03,23.55466651916504,23.677164250469264,23.152171350883922,23.642165613913665,68947900
2018-05-04,23.86090850830078,23.99215629392419,23.335915696900997,23.41466470205627,40575600
2018-05-07,24.01841163635254,24.11465914290111,23.852163515722836,23.9484126911779,36873600
2018-05-08,24.184656143188477,24.350904250448803,24.027158111984626,24.035908188041102,47718500
2018-05-09,24.543397903442383,24.604648428317148,24.210903398653002,24.298402479567944,43817000
2018-05-10,24.744647979736328,24.797146764307346,24.4646505679096,24.499650870227793,41445500
2018-05-11,24.727155685424805,24.89340383644764,24.67465688417273,24.76215432995725,25894000
2018-05-14,24.70965576171875,24.84090360054001,24.665907038413934,24.797154877235197,31292900
2018-05-15,24.66590690612793,24.797154744245294,24.569657712685352,24.674656984523327,54655800
2018-05-16,24.70965576171875,24.779654720350543,24.587158001339812,24.639656803086954,31984900
2018-05-17,24.657150268554688,24.744649360325777,24.499652237148005,24.68339882785156,45070400
2018-05-18,24.455902099609375,24.66589890627054,24.447152024051878,24.657148830713044,33266100
2018-05-21,24.630901336669922,24.727150509574326,24.587152622935076,24.595902699463334,29647900
2018-05-22,24.797149658203125,24.937147546001494,24.64840169380405,24.64840169380405,52841400
2018-05-23,24.6396541595459,24.709653110667638,24.377158510066028,24.63090408204235,44968500
2018-05-24,24.447158813476562,24.57840664547644,24.20216163654519,24.56090648950133,43245200
2018-05-25,24.36840057373047,24.41214927823257,24.25465127177525,24.333400275003907,39312500
2018-05-29,23.55466651916504,24.06215926601937,23.379668329667783,24.02715896055735,126469700
2018-05-30,23.983407974243164,24.079657136233813,23.720912383785723,23.782161243632043,65843700
2018-05-31,23.782163619995117,23.965910217894415,23.712164677618276,23.930911581159208,66686900
2018-06-01,24.044658660888672,24.17590646608898,23.974659720188082,24.07090888949129,62934300
2018-06-04,24.1234073638916,24.21090645585538,24.079658652362895,24.158407668239658,44196900
2018-06-05,24.01841163635254,24.079660504767038,23.89591223061705,24.04466019772647,44996800
2018-06-06,24.455902099609375,24.473400581818105,24.132155979606992,24.158406206279487,61960000
2018-06-07,24.534650802612305,24.657148521066414,24.368402706920122,24.560899360048904,65166100
2018-06-08,24.56964874267578,24.595898968278412,24.377152094975067,24.508399885175834,47713400
2018-06-11,24.517154693603516,24.735901609137652,24.517154693603516,24.64840250914269,47319600
2018-06-12,24.455902099609375,24.648398755155547,24.33340271071066,24.58714989515932,55517200
2018-06-13,24.36840057373047,24.657146362600194,24.34215034968555,24.464648057416312,61095800
2018-06-14,24.140905380249023,24.455901415887457,24.070906446652288,24.41215103932311,70635500
2018-06-15,24.140031814575195,24.219121971149466,23.823672864414185,23.990639482838915,63387600
2018-06-18,24.096088409423828,24.13123865138888,23.85003001112562,23.929120150716628,49824600
2018-06-19,24.03458023071289,24.09609442661462,23.84124798515188,23.850035966871573,50214700
2018-06-20,23.973060607910156,24.25426925473725,23.94669666871921,24.25426925473725,42833600
2018-06-21,23.902759552001953,24.043363881920193,23.735791281673112,23.893971571865087,75190900
2018-06-22,23.788516998291016,24.09608959222765,23.770941038377885,24.06972565235795,61389400
2018-06-25,23.533672332763672,23.72700286380057,23.375492045489942,23.683064640062664,80746100
2018-06-26,23.454578399658203,23.57760674715574,23.305186116495964,23.551242811491043,56387800
2018-06-27,23.16458511352539,23.621548330562216,23.155797133717943,23.445793762820596,78099200
2018-06-28,23.366703033447266,23.463369132764033,23.120644633429915,23.164584531362863,78544800
2018-06-29,23.366703033447266,23.78851599678925,23.331551115100908,23.656699655261846,77149900
2018-07-02,23.48094367980957,23.489731659494968,23.155796812128564,23.17337277149936,66202800
2018-07-03,23.27004051208496,23.612765064115717,23.21731430259407,23.5424628927492,30717800
2018-07-05,23.322771072387695,23.44579946735411,23.243680911013236,23.393073251816528,40668500
2018-07-06,23.437009811401367,23.533675929762623,23.173377076407466,23.26125353731473,41285000
2018-07-09,23.973060607910156,23.999422870965354,23.533671678208886,23.560033941264084,73447400
2018-07-10,23.885181427001953,24.06972396474352,23.814879268414355,23.990633826815515,51260600
2018-07-11,23.770944595336914,23.893974657002612,23.718218383843638,23.75337030892985,46023700
2018-07-12,23.814884185791016,23.937912569688706,23.674279839583367,23.920336607378744,64876800
2018-07-13,23.709423065185547,23.78851319601735,23.463366370273725,23.718211043737472,64146900
2018-07-16,24.131240844726562,24.14881680537446,23.76215572793592,23.779730012447956,55812000
2018-07-17,24.15760612487793,24.254272237664193,24.02578976498318,24.15760612487793,55502200
2018-07-18,24.544265747070312,24.588203969345855,24.21911720336977,24.254269122098798,59109200
2018-07-19,24.175180435180664,24.430025156751526,24.140028514337324,24.42123885267653,61765100
2018-07-20,24.219114303588867,24.28941645649383,24.04335975939423,24.13123619342378,51562300
2018-07-23,24.553056716918945,24.588206963792967,24.210332172115567,24.219120152868058,81516200
2018-07-24,24.62335968017578,24.772752005509712,24.56184548906228,24.64972194714671,63133700
2018-07-25,24.676082611083984,24.72002083428731,24.473964102531436,24.605780448277194,44197200
2018-07-26,24.667295455932617,24.834263726732008,24.640933191583546,24.73759762108986,40056800
2018-07-27,24.720022201538086,24.84305225035652,24.579417868147758,24.6585080151968,63149400
2018-07-30,24.73760223388672,24.922146499421167,24.70245198282158,24.73760223388672,56474100
2018-07-31,24.561843872070312,24.816688600782644,24.509115989327714,24.807900620325544,84500100
2018-08-01,24.561843872070312,24.84305254215394,24.500328008870618,24.720022491890436,64046900
2018-08-02,24.570632934570312,24.614572841788288,24.324576158693954,24.403666315550236,38330700
2018-08-03,24.71123695373535,24.71123695373535,24.535480691415856,24.535480691415856,34894300
2018-08-06,24.843046188354492,24.90456035968558,24.693653911063798,24.74638010418538,38230100
2018-08-07,24.957290649414062,25.097894971574704,24.89577646798575,24.913352427289762,44608600
2018-08-08,25.01880645751953,25.06274635863646,24.90456606688721,24.92214202733398,47522000
2018-08-09,24.869415283203125,25.018807601560287,24.869415283203125,24.957293413319558,29357800
2018-08-10,24.579416275024414,24.667294396731485,24.45638791031597,24.544266032023042,83301400
2018-08-13,24.34215545654297,24.640940162015465,24.33336747389539,24.579424283482407,74413500
2018-08-14,24.570632934570312,24.614572841788288,24.35972640833226,24.430028583744946,43659000
2018-08-15,24.377304077148438,24.500332473696172,24.263063662659285,24.36851609508986,55681100
2018-08-16,24.702449798583984,24.772751970634157,24.491543282433472,24.491543282433472,49534200
2018-08-17,24.75517463684082,24.790324882850143,24.63214626160433,24.63214626160433,43193100
2018-08-20,24.834260940551758,24.878199160294628,24.72001888740327,24.75517080410608,30053700
2018-08-21,24.930931091308594,25.053959467512364,24.79911305836351,24.85184094199591,47940000
2018-08-22,24.843046188354492,24.939710596388146,24.807894275516468,24.82547023193548,27323300
2018-08-23,24.728811264038086,24.860629298978832,24.693661017220244,24.834265356763492,31767800
2018-08-24,24.816692352294922,24.869418566872195,24.77275411950322,24.825480334080492,22064500
2018-08-27,25.150617599487305,25.23849402539237,24.904559249001117,24.9133472268187,52254500
2018-08-28,25.124263763427734,25.23850416869855,25.080325532816513,25.220929882135696,28896800
2018-08-29,25.115474700927734,25.185776872561018,24.992446319603488,25.124262681898895,34015300
2018-08-30,24.922138214111328,25.097892763280104,24.878198319717445,25.001228347884734,43264100
2018-08-31,24.895780563354492,24.91335652554976,24.755176218064364,24.83426637180706,34107800
2018-09-04,25.01880645751953,25.045170398189686,24.781537696031503,24.843051881459356,43145600
2018-09-05,25.036380767822266,25.168197110213367,24.983654566092973,25.001230525381317,32727700
2018-09-06,24.922138214111328,25.07153050277936,24.843048080337926,25.001228347884734,38328900
2018-09-07,24.895780563354492,24.992446679292456,24.79032646631889,24.97487071709719,43644300
2018-09-10,24.869415283203125,24.9924453358205,24.84305301746334,24.957293413319558,29927200
2018-09-11,24.895780563354492,24.966082735999557,24.711237988712202,24.799114447416525,32065200
2018-09-12,24.667295455932617,24.948504116561594,24.649719495609347,24.895777911727617,47963400
2018-09-13,24.63214874267578,24.851843249804453,24.579420854146928,24.72881318603987,44977100
2018-09-14,24.807897567749023,24.834261505876277,24.65850527063262,24.66729325000837,34151000
2018-09-17,24.702449798583984,24.878204390641418,24.676085855514174,24.807902218591245,26907900
2018-09-18,24.825477600097656,24.851841542550954,24.65850931683203,24.763963410509255,36405600
2018-09-19,25.247289657592773,25.32637980579391,24.80790069031353,24.80790069031353,75551800
2018-09-20,25.466981887817383,25.546072029020323,25.37031746334159,25.431831645135933,78555500
2018-09-21,25.368127822875977,25.597623963891248,25.332821630797106,25.553490802899617,64710000
2018-09-24,25.08566665649414,25.37694983948272,25.068012722113778,25.341641970721998,47985100
2018-09-25,24.988576889038086,25.20041909486902,24.97974992001527,25.182766840395587,32964400
2018-09-26,24.68846321105957,25.059187440118613,24.626676120145056,25.023881252555444,60288100
2018-09-27,24.600194931030273,24.803210123089272,24.57371402979882,24.714942135889586,57492200
2018-09-28,24.34421730041504,24.511926303355164,24.30891111660078,24.503099336508654,66454900
2018-10-01,24.44131851196289,24.61785284339098,24.361877473569976,24.48545167392686,49855000
2018-10-02,24.44131851196289,24.48545167392686,24.247128558748116,24.406010635533946,47629500
2018-10-03,24.67081069946289,24.7767309446098,24.529582583552386,24.60019664150764,79591400
2018-10-04,24.838520050048828,25.023883019452516,24.644331795810178,24.661985732624256,94700800
2018-10-05,24.714942932128906,24.988572186048778,24.653155844170083,24.90030419600537,58148700
2018-10-08,24.882654190063477,24.962095219913472,24.62667716419749,24.644331100513494,56594900
2018-10-09,24.785552978515625,24.891474886149776,24.609017026982578,24.767899046647997,47963500
2018-10-10,24.01762580871582,24.838515190680177,24.01762580871582,24.7767281074909,101604400
2018-10-11,23.30265998840332,24.026454471554416,23.232045933548868,23.876399394542222,178628200
2018-10-12,23.329139709472656,23.76165098401043,22.9760694530716,23.72634311658443,137933000
2018-10-15,23.22321891784668,23.505675136675826,23.22321891784668,23.337967808978433,82196400
2018-10-16,23.61159896850586,23.62925290450221,23.223220794446163,23.382102851269313,75137300
2018-10-17,23.84992218017578,23.99997726979624,23.443890067967246,23.558638968979835,79472100
2018-10-18,23.45271873474121,23.894057067524667,23.382104668838743,23.717522744554564,81706000
2018-10-19,23.540985107421875,23.726346386237065,23.320315956315024,23.435063174118902,73614300
2018-10-22,23.037860870361328,23.620427323882723,23.037860870361328,23.567467196354986,58645800
2018-10-23,22.85249137878418,22.98489418518682,22.437634078294536,22.570035201125563,93698200
2018-10-24,22.27875518798828,22.817188404540715,22.190487199174,22.817188404540715,98050700
2018-10-25,22.62299919128418,22.808362141877417,22.358196900233164,22.38467780276703,72439400
2018-10-26,22.296411514282227,22.52590763638949,22.084569328545992,22.349371639823275,115308900
2018-10-29,22.4905948638916,22.88779992784527,22.252271825519404,22.570035876682336,97946100
2018-10-30,22.878976821899414,22.896630757403102,22.455292471242675,22.61417452363194,82719100
2018-10-31,23.19674301147461,23.48802623917656,23.064340166869275,23.099648041049925,93781100
2018-11-01,23.30265998840332,23.399754945167643,23.143777944087837,23.25852683545874,62346600
2018-11-02,23.285005569458008,23.664556737745297,23.108471277779806,23.532155598093688,73034200
2018-11-05,23.65572738647461,23.726341432743396,23.382098167629525,23.382098167629525,58705800
2018-11-06,23.7793025970459,23.7793025970459,23.523325633904154,23.638074508268254,51010900
2018-11-07,24.088241577148438,24.114720793655593,23.673382560437673,23.91170561043257,59990800
2018-11-08,24.158859252929688,24.291260406051737,23.867576042632372,23.947015387647998,46730100
2018-11-09,23.93819236755371,24.16768682343511,23.814616487188154,24.097072756185717,47051200
2018-11-12,23.46154022216797,23.99114643449204,23.417407072629185,23.88522451859853,47135500
2018-11-13,23.59393882751465,23.823434884395787,23.47919164085986,23.49684557221338,69820600
2018-11-14,23.276180267333984,23.814611792630398,23.020203271782908,23.779305607751667,104274200
2018-11-15,23.62042808532715,23.63808202292953,22.976074514989552,23.117302648664307,93998000
2018-11-16,23.64690589904785,23.752826143664965,23.36444798506771,23.496850816197,80518300
2018-11-19,23.638076782226562,23.743997017213403,23.426234628681097,23.629249815382362,65491300
2018-11-20,23.117298126220703,23.461541424261988,23.04668407319757,23.36444647001575,103778300
2018-11-21,23.13494873046875,23.470366721138483,23.064334682470655,23.24969761069797,48618000
2018-11-23,22.949594497680664,23.1437827681135,22.88780739725077,23.011381598110557,24252300
2018-11-26,23.417404174804688,23.505670462959596,23.17908115621476,23.187908121744556,50168800
2018-11-27,23.435062408447266,23.50567646715147,23.320315194392414,23.37327531752758,47174300
2018-11-28,23.885231018066406,23.885231018066406,23.302664531057875,23.50567976789402,61375300
2018-11-29,23.682214736938477,23.841096805220587,23.585119765527825,23.70869564284287,43664100
2018-11-30,23.805784225463867,23.902879177683683,23.57628813703544,23.611596004596024,45435200
2018-12-03,23.95583724975586,24.24712039796954,23.78812994387974,24.150027137612742,65332700
2018-12-04,22.91427993774414,23.84109122458793,22.79953273949561,23.832264258019315,110918600
2018-12-06,22.596521377563477,22.6053483456237,22.005127986104625,22.402331447382593,134687100
2018-12-07,22.164005279541016,22.861318770679954,22.05808336915994,22.54355640668003,86740000
2018-12-10,21.855070114135742,22.13752632181895,21.44903805291228,22.07573923683472,101121800
2018-12-11,21.643226623535156,22.26109911884216,21.563785609577273,22.128697990102925,92308200
2018-12-12,21.766799926757812,22.084563970047355,21.66087970137572,21.943335880490142,86748900
2018-12-13,21.60792350769043,21.872727506948223,21.528482476270298,21.75797860219823,67232900
2018-12-14,21.396080017089844,21.696190187852345,21.351946861683814,21.396080017089844,66817000
2018-12-17,21.184232711791992,21.59908999631216,21.087137773120048,21.272500684805436,101180400
2018-12-18,21.104799270629883,21.537310641524883,20.97239810542891,21.307814502842852,90844000
2018-12-19,20.839994430541992,21.528481080103937,20.672285410245536,21.060663573826606,129331700
2018-12-20,20.65462875366211,20.96356585027525,20.53988155504269,20.63697482046782,107016900
2018-12-21,20.241628646850586,21.023226518996417,20.197218618048936,20.63242673588881,118502300
2018-12-24,19.815303802490234,20.206103644010597,19.788659475296104,19.975176541933546,71752700
2018-12-26,20.712360382080078,20.72124238667761,19.5843712092309,19.868590274144445,108133500
2018-12-27,20.961055755615234,20.961055755615234,20.17057412394656,20.36597487729072,98005000
2018-12-28,20.952171325683594,21.22750671692066,20.863352965716032,21.05875200238922,76348400
2018-12-31,21.15645408630371,21.24527245348601,20.890000678826265,21.067635719121412,56435400
2019-01-02,21.33408546447754,21.378493789884693,20.783413081456086,20.845585414653712,62945000
2019-01-03,20.854469299316406,21.227505026213546,20.80117896520801,21.17421469210515,65729700
2019-01-04,21.54725456237793,21.591662900329457,21.156454750940387,21.20974509529612,64638400
2019-01-07,21.57390022277832,21.769299278212507,21.369617467018177,21.502844172726462,48167000
2019-01-08,21.59166145324707,21.80482451045322,21.342972066874587,21.76929818128689,90114700
2019-01-09,21.698244094848633,21.778180454039425,21.49396304094746,21.64495375341124,61037100
2019-01-10,21.707124710083008,21.778179058803847,21.502841975199953,21.573898017990093,48630500
2019-01-11,21.760417938232422,21.804826276805088,21.476200505600513,21.60054520885959,44961600
2019-01-14,21.91141128540039,21.98246565206853,21.52061142169076,21.547257444467462,50610600
2019-01-15,22.10680389404297,22.142331914003986,21.760414169769206,21.822586510631755,59156500
2019-01-16,22.577539443969727,22.710766127438777,22.302204072257794,22.364376411605406,72982400
2019-01-17,22.701889038085938,22.781825404289055,22.355499247252126,22.48872595956747,55771300
2019-01-18,23.09268569946289,23.11933171590415,22.675241606299096,22.861758639179943,58400200
2019-01-22,22.82623291015625,23.012749947930228,22.710768529950993,22.897287261794343,79651700
2019-01-23,22.852874755859375,22.941693109295972,22.59530339436935,22.915047095044237,44072000
2019-01-24,22.906171798706055,22.96834415150094,22.701889032862002,22.772943392351806,25496900
2019-01-25,23.09268569946289,23.24367640449138,23.003867338728014,23.06603968302163,63140000
2019-01-28,23.021635055541992,23.048281076272534,22.835116298567403,22.870644326208126,66894900
2019-01-29,22.941694259643555,23.101566965031964,22.932812254447615,23.01274860714182,29442100
2019-01-30,23.074920654296875,23.217029347475716,22.852875609446283,23.01274831278979,62076800
2019-01-31,23.039390563964844,23.074916884420798,22.843989872215687,22.879517886740615,64021500
2019-02-01,23.13709831237793,23.243680703787792,23.04828162928429,23.074925956584526,42920300
2019-02-04,23.234790802001953,23.24367280610734,23.021627785679897,23.145972455017166,30362500
2019-02-05,23.17262077331543,23.296965455026637,23.08380241749204,23.279201445048113,39094900
2019-02-06,23.145980834960938,23.27032724338657,23.06604446314077,23.101572492425145,51542800
2019-02-07,22.915054321289062,23.137099427867714,22.72853724491646,23.074927069076846,80395700
2019-02-08,22.799585342407227,22.897285704540977,22.50648595007523,22.790703337297863,54911100
2019-02-11,22.870641708374023,22.915050043772233,22.755179019897042,22.870641708374023,53115700
2019-02-12,23.208145141601562,23.296963489933145,23.030510139007486,23.039392143247554,37671300
2019-02-13,23.27032470703125,23.4746057709417,23.261442700678252,23.31473304472674,42969600
2019-02-14,22.986099243164062,23.163735933067983,22.852872572770636,23.09268159592022,47630100
2019-02-15,23.474597930908203,23.474597930908203,22.9860979090593,23.17261659203984,46880800
2019-02-19,23.510129928588867,23.58118427877382,23.28808487250222,23.359139222687176,23868300
2019-02-20,23.661117553710938,23.66999955808625,23.447954530910827,23.501244863093575,27509100
2019-02-21,23.536779403686523,23.696652138611753,23.45684303622391,23.61671577114914,46619900
2019-02-22,23.501243591308594,23.607825943975435,23.412426940500087,23.536771606887214,26343700
2019-02-25,23.598949432373047,23.820994499209935,23.57230510855705,23.607831438334852,33835900
2019-02-26,23.527889251708984,23.70552593881184,23.41242659094043,23.430188904395518,35659700
2019-02-27,23.616710662841797,23.66111899335122,23.45683796249712,23.483483977244305,42542400
2019-02-28,23.55453872680664,23.670001404554554,23.545656721738453,23.625593073282875,39835900
2019-03-01,23.705528259277344,23.927573292856756,23.6344739162947,23.758818592997034,82657300
2019-03-04,23.55453872680664,23.927574469324185,23.359138003445057,23.767701766235344,76611900
2019-03-05,23.465723037719727,23.60783174682676,23.288086304301206,23.598949740748893,39868100
2019-03-06,23.314733505249023,23.545660592779836,23.296969492192147,23.465724228093418,43158900
2019-03-07,23.074920654296875,23.225911352558047,22.941693966200372,23.225911352558047,62622100
2019-03-08,23.066038131713867,23.08380214147999,22.80846676638196,22.817348771265024,55826400
2019-03-11,23.30584716796875,23.37690151292323,23.07492012334939,23.181502487815717,63343500
2019-03-12,23.35913848876953,23.43907484197476,23.305848151322476,23.34137617233337,32521100
2019-03-13,23.519012451171875,23.607830814373017,23.376903747677797,23.447958099424838,42817500
2019-03-14,23.607826232910156,23.69664457887473,23.47459956099782,23.48348156500118,37665700
2019-03-15,23.77298355102539,23.84440063440064,23.594441693946052,23.61229639046926,70020400
2019-03-18,24.014019012451172,24.085436102269583,23.81762244112997,23.81762244112997,43980700
2019-03-19,23.82654571533203,24.19255845089486,23.76405598526776,24.14792171319364,45029300
2019-03-20,23.335552215576172,23.781909383909106,23.308771875215378,23.77298203621635,65860300
2019-03-21,23.26413917541504,23.36233831436528,23.014180207494803,23.17486738570734,104914100
2019-03-22,22.621381759643555,23.11237397093558,22.523182636298152,22.987394506835972,121855900
2019-03-25,22.523178100585938,22.79099337321787,22.389271315628548,22.59459516607769,72835600
2019-03-26,22.79099464416504,22.844557020591488,22.567816089218045,22.701722881642795,51171500
2019-03-27,22.692798614501953,22.853487468303815,22.585672144394888,22.73743365046137,73148100
2019-03-28,22.889196395874023,22.89812374409278,22.630310108400433,22.737434881590342,52089300
2019-03-29,22.951684951782227,23.103446458270728,22.86241487961515,23.085593465467806,50234400
2019-04-01,23.514095306396484,23.53195000143453,23.130227876665682,23.1391552241847,62485300
2019-04-02,23.49624252319336,23.621221993194098,23.41589809170215,23.45160748468383,41002400
2019-04-03,23.567659378051758,23.764057632112625,23.469461953738886,23.65693115692328,52030900
2019-04-04,23.710493087768555,23.808692212912945,23.567658925404455,23.567658925404455,54378900
2019-04-05,23.746198654174805,23.83547041694995,23.674781584498135,23.755126000724044,37088800
2019-04-08,23.77298355102539,23.781910899286995,23.630149384274887,23.68371347384451,34998000
2019-04-09,23.57658576965332,23.66585754490288,23.46946100152784,23.66585754490288,65954800
2019-04-10,23.648000717163086,23.68371010513028,23.460531538487313,23.57658364394603,48232700
2019-04-11,23.79083824157715,23.880110021453202,23.665858771381224,23.73727585473855,62205000
2019-04-12,24.228267669677734,24.397883878228036,24.01401642332251,24.138997594067884,84627600
2019-04-15,24.076507568359375,24.24612378685017,24.022945179310888,24.237196438222483,40030400
2019-04-16,24.415739059448242,24.44251940157616,24.112216028736224,24.13007072529989,56093400
2019-04-17,24.478225708007812,24.51393339391484,24.28182917872575,24.505007749476107,58834000
2019-04-18,24.406810760498047,24.505009885055685,24.371101368761625,24.43359280430036,52495700
2019-04-22,24.335397720336914,24.40681481295017,24.255053278307276,24.335397720336914,39324100
2019-04-23,24.48715591430664,24.513936256184465,24.228267924703893,24.326467052169427,54250300
2019-04-24,24.460372924804688,24.56749939633038,24.353248155996496,24.406810540400592,39505200
2019-04-25,24.505008697509766,24.60320611459111,24.281830118125225,24.344319847918108,44532300
2019-04-26,24.72818946838379,24.74604246225149,24.469301476049885,24.50501086922046,41527900
2019-04-29,24.978151321411133,25.112058155975134,24.754972696231867,24.817462438847215,61643200
2019-04-30,25.01385498046875,25.049562666892704,24.799603753772853,25.01385498046875,38800300
2019-05-01,24.80853271484375,25.120981376568228,24.790678019111635,25.04063694849122,67969500
2019-05-02,24.835311889648438,24.951365703740677,24.656770048862764,24.790676855131377,50972900
2019-05-03,25.05849266052246,25.103129401663082,24.897803797851374,24.942440538991992,34598900
2019-05-06,24.888870239257812,24.978141996546054,24.57642164282469,24.62105667011024,42517000
2019-05-07,24.478225708007812,24.89780080804023,24.30860951747668,24.656769245695045,60090800
2019-05-08,24.424663543701172,24.629987421954382,24.317537079598367,24.380026807526093,44254200
2019-05-09,24.3710994720459,24.424663555481825,24.014014096059956,24.13006790745375,56468300
2019-05-10,24.531787872314453,24.576424607702084,24.022941007916952,24.237192229625514,63453600
2019-05-13,23.81761932373047,24.094360297715507,23.737274895361022,24.04079791304171,54962500
2019-05-14,24.005090713500977,24.21041632848218,23.844401842088587,23.871183888229872,52398400
2019-05-15,23.915817260742188,24.031869372227632,23.674783987598474,23.764055759435116,49061700
2019-05-16,24.156850814819336,24.290757632211413,23.978308959202423,23.99616195286182,44872600
2019-05-17,23.99616241455078,24.22826836376432,23.88011029130281,23.91581968474378,62711500
2019-05-20,24.0229434967041,24.130069970015406,23.906891378107925,23.906891378107925,44357300
2019-05-21,24.272907257080078,24.272907257080078,24.121145726939215,24.121145726939215,36851400
2019-05-22,24.13007164001465,24.20148872625899,24.058654553770307,24.1479246345375,25867600
2019-05-23,23.79083824157715,23.90689206623129,23.585514339764536,23.897964717971927,51832900
2019-05-24,23.978307723999023,23.98723507172763,23.80869152259053,23.880108601701874,30582000
2019-05-28,23.701566696166992,23.978309386792162,23.701566696166992,23.906892302728348,35177700
2019-05-29,23.65692901611328,23.701564050151063,23.40696839843646,23.5140948639315,39700600
2019-05-30,23.57658576965332,23.844399392684508,23.460533653731137,23.710492581168914,40641200
2019-05-31,23.219499588012695,23.38911578499274,23.20164489302165,23.273061970268394,49259200
2019-06-03,23.371259689331055,23.46945880317916,23.13915377651021,23.183788808595345,63329300
2019-06-04,24.005090713500977,24.031872759642265,23.5944428889739,23.656932627252573,45454400
2019-06-05,24.156850814819336,24.174705511196297,23.844400439092784,24.049726041992702,46599700
2019-06-06,24.246124267578125,24.34432340171205,24.03187300441857,24.165779831053584,37297600
2019-06-07,24.210416793823242,24.326468923897423,24.174707398281832,24.246124486646952,33054800
2019-06-10,24.415739059448242,24.59428091693217,24.353249324192987,24.353249324192987,37081400
2019-06-11,24.424663543701172,24.647842116424414,24.35324646853843,24.549642999556625,34273400
2019-06-12,24.183629989624023,24.442516245498847,24.13006760956671,24.397881212570645,36866000
2019-06-13,24.26397705078125,24.344321480966688,24.165777924395147,24.228267658379924,31020000
2019-06-14,24.317541122436523,24.3978855581917,24.103289861328612,24.29075907627891,29724100
2019-06-17,24.094362258911133,24.38003060404711,24.067580213035516,24.308613517763117,40981600
2019-06-18,24.415739059448242,24.51393648511325,24.040798945199136,24.040798945199136,46237400
2019-06-19,24.3710994720459,24.62998743383407,24.344319133045317,24.460371241721727,58118500
2019-06-20,24.478225708007812,24.57642482400753,24.210412104194333,24.505007749476107,50583800
2019-06-21,24.42349624633789,24.656784812624778,24.387606619197793,24.495277212011302,65322300
2019-06-24,24.324798583984375,24.549114316521617,24.297880079978345,24.37863388060321,48377800
2019-06-25,24.24404525756836,24.36068868775623,24.127400115987232,24.32479905977275,47748500
2019-06-26,24.199174880981445,24.41451772786866,24.190202048437044,24.29787432757706,31448000
2019-06-27,24.41451644897461,24.486299105569675,24.288900222718702,24.288900222718702,59459800
2019-06-28,24.764453887939453,24.85418051118059,24.441438728828555,24.701645765088553,76728100
2019-07-01,25.0605525970459,25.168223184630182,24.925963506868978,25.051579762848352,48971100
2019-07-02,24.99774169921875,25.10541227487276,24.863150912561828,25.02465848743578,56626800
2019-07-03,25.195138931274414,25.204111764490474,25.00671456791599,25.078495522251522,23706800
2019-07-05,25.266921997070312,25.365621459301966,25.150278578299975,25.275894831036197,40683100
2019-07-08,25.14130973815918,25.240007504676388,25.069528766422412,25.132336902767914,26286700
2019-07-09,25.186168670654297,25.23103284131717,24.952880117386727,24.970825785651876,25895800
2019-07-10,25.096437454223633,25.32972596485657,25.060547835645462,25.195136900251015,36566700
2019-07-11,25.240001678466797,25.27589301174698,25.087466934811946,25.132331101412177,40907500
2019-07-12,25.41048812866211,25.41048812866211,25.213090882880014,25.275899019656435,31109900
2019-07-15,25.266921997070312,25.437402419635966,25.195141036736313,25.419456751704192,28346100
2019-07-16,25.20411491394043,25.356649674887965,25.150279619309877,25.311785503201538,47287700
2019-07-17,24.98876953125,25.195139566241476,24.952878197481226,25.11438577665473,35062600
2019-07-18,25.177196502685547,25.222060674535477,24.925963985898584,24.952880777615377,46369800
2019-07-19,25.069520950317383,25.284863798388702,25.0515752851299,25.239999635419995,29338500
2019-07-22,25.123363494873047,25.168225959413704,24.970828719484153,25.015691184024814,26683300
2019-07-23,25.383567810058594,25.41945743549449,25.177196046077942,25.186168880285198,45307600
2019-07-24,25.643775939941406,25.643775939941406,25.31178788381054,25.329733554172925,36374200
2019-07-25,25.464317321777344,25.670689064902582,25.410482033367394,25.63479773170064,34180400
2019-07-26,25.742477416992188,25.760421377356376,25.464324638929067,25.518161654201997,33642800
2019-07-29,25.54507064819336,25.769386342470625,25.518153860171562,25.697605388757616,35955100
2019-07-30,25.47329330444336,25.50021180767286,25.29384175042622,25.347677045492045,30726100
2019-07-31,25.347679138183594,25.598913388221167,25.30281667382378,25.473295407505724,64485400
2019-08-01,24.7734317779541,25.500214322905567,24.7375404367746,25.329733875089623,107976300
2019-08-02,24.764453887939453,24.89007013364125,24.43246589536514,24.7285625540858,66036400
2019-08-05,23.9389705657959,24.333766656997458,23.759517330324403,24.217121540523117,85527900
2019-08-06,24.324798583984375,24.342742541928505,23.858221449572536,24.091510016778454,53445000
2019-08-07,24.001779556274414,24.109451843745365,23.544175329460533,23.86719048048044,82354600
2019-08-08,24.459383010864258,24.46835584381963,24.118422204131747,24.235067321158674,66653200
2019-08-09,24.378629684448242,24.504245925401655,24.136368324272716,24.32479439709577,53782700
2019-08-12,23.912057876586914,24.18123779519249,23.84027690723742,24.091511155657297,56837600
2019-08-13,24.208148956298828,24.378629360608794,23.7774632404143,23.867189859071804,72255900
2019-08-14,23.310888290405273,23.79541104792534,23.292942622780146,23.669793085942516,92067300
2019-08-15,23.427534103393555,23.58006885987981,23.257053678757597,23.427534103393555,59504500
2019-08-16,23.840272903442383,23.903081027150872,23.544176240678777,23.544176240678777,48451800
2019-08-19,24.082534790039062,24.253015209023985,24.037672332545004,24.208151040136872,38297700
2019-08-20,23.7595157623291,23.992804268489152,23.732598976759757,23.947941818278395,40579300
2019-08-21,23.8671932220459,23.947947019076864,23.804385093553623,23.91205568199948,44913500
2019-08-22,24.028701782226562,24.091509913244153,23.84027567778057,23.9928104437061,43896700
2019-08-23,23.418563842773438,24.037675770827214,23.257056234464336,23.858222492396372,86245300
2019-08-26,23.642881393432617,23.66082706492693,23.42753846968116,23.571100418848797,34175500
2019-08-27,23.499311447143555,23.804380913154034,23.3557495468319,23.732599962998208,54240800
2019-08-28,23.714656829833984,23.750546453047725,23.355752040731417,23.37369599664177,51870400
2019-08-29,24.07356834411621,24.15432215814776,23.885143918971597,23.93000638836979,49818300
2019-08-30,24.154315948486328,24.27993219962228,24.06458932136362,24.208151240202728,40561000
2019-09-03,23.90308380126953,23.983837601521916,23.696713739021526,23.956920809033264,59997200
2019-09-04,24.136371612548828,24.181235784282173,24.02870102317512,24.082536317861972,43945700
2019-09-05,24.629867553710938,24.836237612189883,24.468359956155872,24.477332790619286,68639200
2019-09-06,24.620895385742188,24.728565979431448,24.531168750072315,24.656785013174197,35660800
2019-09-09,24.99774169921875,25.096439441669432,24.737534670501173,24.791369958328175,67797700
2019-09-10,25.087472915649414,25.19514522976601,24.854186039284638,25.078501791583623,77540100
2019-09-11,25.231029510498047,25.25794629794929,24.88109587109586,25.105411560618307,53285900
2019-09-12,25.365617752075195,25.464315488488925,25.07849395270282,25.159247735200406,72872200
2019-09-13,25.563016891479492,25.661716346835075,25.446373480835323,25.563016891479492,56248700
2019-09-16,25.47329330444336,25.50918464208269,25.311785707852714,25.347677045492045,36693600
2019-09-17,25.50020980834961,25.50020980834961,25.29383976728325,25.383566392953462,40868800
2019-09-18,25.589933395385742,25.652741512478933,25.32972638297928,25.401507332713333,57268900
2019-09-19,25.47329330444336,25.72452753373916,25.464320470033527,25.571992771558346,42335000
2019-09-20,25.323585510253906,25.612173104881887,25.30554835556022,25.51297219430211,82921100
2019-09-23,25.368677139282227,25.44082403925429,25.15223643936603,25.197329326922183,35827300
2019-09-24,25.12518310546875,25.49493619282568,25.05303620354832,25.44082472629699,61659700
2019-09-25,25.33260726928711,25.37769844156687,25.08009223221375,25.17929487537078,53544400
2019-09-26,25.21537208557129,25.323593327020877,25.179299485166947,25.29653758662891,53107500
2019-09-27,25.3145694732666,25.51297475457195,25.179294239724356,25.422790692171148,73386900
2019-09-30,25.25144386291504,25.40475626945889,25.233406704470326,25.37770053179182,30608000
2019-10-01,24.719358444213867,25.386717790902562,24.719358444213867,25.368680633395783,54786200
2019-10-02,24.21432876586914,24.575063295914017,24.16021901639189,24.566044717648158,78141700
2019-10-03,24.31352996826172,24.31352996826172,23.853594512199248,24.17825473294229,81128700
2019-10-04,24.764450073242188,24.78248723108064,24.32255002690834,24.340587184746795,40697200
2019-10-07,24.638195037841797,24.863654365377126,24.611141019413182,24.665250776388575,36922900
2019-10-08,24.151203155517578,24.40371649490177,24.13316599695639,24.394697915621173,60008900
2019-10-09,24.376659393310547,24.49389746889037,24.286475332031813,24.30451248831114,45131000
2019-10-10,24.62917137145996,24.80953948428257,24.439786401102243,24.439786401102243,54305400
2019-10-11,24.935794830322266,25.242419574053837,24.926776253139842,25.01696030484637,78702500
2019-10-14,24.971872329711914,25.025982079602358,24.827578516592112,24.854632531478366,35821000
2019-10-15,25.33260726928711,25.48591966320344,25.0169639029749,25.11616654613193,65130200
2019-10-16,25.269481658935547,25.39573833099792,25.20635332290436,25.33260999496673,44595200
2019-10-17,25.287513732910156,25.476898702921346,25.22438368945529,25.404751801947874,32013600
2019-10-18,25.350645065307617,25.449845990847425,25.21536810482223,25.21536810482223,40523700
2019-10-21,25.702360153198242,25.73843446678917,25.558066339070425,25.567084917468158,44145400
2019-10-22,25.630212783813477,25.801562330043666,25.54904729981591,25.657268518518638,50423000
2019-10-23,25.738433837890625,25.738433837890625,25.567084292756405,25.576102870933774,30615400
2019-10-24,25.702360153198242,25.81058137385308,25.603157510941138,25.76548848186442,33469600
2019-10-25,25.8286190032959,25.90978449564822,25.45886585818779,25.675306597754627,28330200
2019-10-28,25.96389389038086,26.081131969875404,25.918800998176838,25.927819576617644,50104600
2019-10-29,26.027013778686523,26.15327039567636,25.8827200106646,25.909774017095334,48458100
2019-10-30,26.008987426757812,26.08113434072465,25.82861928178166,26.027024585279047,51106700
2019-10-31,25.882726669311523,25.927817838374605,25.675302819314968,25.91879926053842,56795500
2019-11-01,26.261493682861328,26.288547691456582,26.02701586103642,26.081125598344467,42302300
2019-11-04,26.486957550048828,26.532048718987046,26.414810647676973,26.486957550048828,37319100
2019-11-05,26.586158752441406,26.712417123042094,26.52303042719999,26.568121596624472,39516100
2019-11-06,26.721437454223633,26.721437454223633,26.532052453882137,26.568125050087055,40179900
2019-11-07,26.919837951660156,27.082168905920025,26.820635319586287,26.883763641772287,61738600
2019-11-08,26.910825729370117,26.919844308971886,26.7304575775711,26.89278857016658,53808800
2019-11-11,26.838674545288086,26.892784294176995,26.71241789117466,26.748490483727966,19702400
2019-11-12,26.874744415283203,26.955909890453015,26.77554350572278,26.84769040363842,44640600
2019-11-13,26.703401565551758,26.793583914601236,26.559107742930934,26.667327249837527,43495400
2019-11-14,26.75750732421875,26.75750732421875,26.577139212811915,26.63125067830464,46158400
2019-11-15,26.82965660095215,26.874747772738502,26.748491115642352,26.847693757713866,30097000
2019-11-18,26.883771896362305,26.892790476603402,26.74849663298243,26.829662135034013,25440500
2019-11-19,26.93787956237793,27.028061911779055,26.8657326507862,26.9468964212236,30770900
2019-11-20,26.811616897583008,26.883763797659324,26.62223192992685,26.829654052631533,46719500
2019-11-21,26.784564971923828,26.91082162686464,26.694380909772715,26.86573045584804,37192700
2019-11-22,26.982967376708984,27.010023110230723,26.820636415814235,26.820636415814235,35195000
2019-11-25,27.154319763183594,27.190392358211092,27.01002594283756,27.01904280150592,50094100
2019-11-26,27.12725830078125,27.154314031429443,26.991983087775594,27.154314031429443,33516200
2019-11-27,27.235483169555664,27.24450002753454,27.109224796318838,27.199408857168603,31012300
2019-11-29,27.19038963317871,27.271555114003668,27.136279886001358,27.18137105529618,19444200
2019-12-02,27.019039154052734,27.289591320766693,26.99198514146379,27.235481575471017,52427800
2019-12-03,26.640270233154297,26.712417136340097,26.468920693043824,26.70339855842714,66912000
2019-12-04,26.89278793334961,26.964934848337155,26.649291450222346,26.667328608998766,41793900
2019-12-05,27.019039154052734,27.064132041897288,26.901801085892473,27.001003719032703,44933500
2019-12-06,27.37978172302246,27.469964079380432,27.307634805865174,27.31665338552461,40811300
2019-12-09,27.316650390625,27.433888473107707,27.30763181195433,27.32566724917767,21627500
2019-12-10,27.325666427612305,27.379777898009422,27.17235403505636,27.24450094213457,37362100
2019-12-11,27.262540817260742,27.361743469428934,27.235486799482594,27.316652293053274,24490200
2019-12-12,27.794620513916016,27.875785994517724,27.280573616850415,27.298610772565873,68427500
2019-12-13,27.695419311523438,27.929897187610884,27.5330900620333,27.767567938120745,48135700
2019-12-16,27.794620513916016,27.97498863083489,27.767566500460674,27.920877163688523,45914900
2019-12-17,27.902843475341797,27.99302753944848,27.80364083281265,27.812659411235114,30911900
2019-12-18,27.78559684753418,27.993020660039612,27.78559684753418,27.993020660039612,39079700
2019-12-19,27.776588439941406,27.857753935392385,27.74953442153652,27.79462559895677,36946900
2019-12-20,27.809219360351562,27.99050397546306,27.77296140000444,27.91798978364352,97416000
2019-12-23,27.745771408081055,27.890799800864652,27.709513445447747,27.881735310206327,38293100
2019-12-24,27.809219360351562,27.818283850438345,27.736705168532023,27.800154870264784,12315900
2019-12-26,27.96331024169922,27.96331024169922,27.836409118400663,27.836409118400663,15891300
2019-12-27,27.890796661376953,28.017696058559647,27.87266768210096,28.00863156892165,19417400
2019-12-30,27.809219360351562,28.0630181672826,27.78202589009122,28.017697445723403,18819300
2019-12-31,27.89986228942871,27.90892677943657,27.75483390705235,27.791090138209093,15788100
2020-01-02,28.171789169311523,28.171789169311523,27.917988643867407,27.999567322443205,28843300
2020-01-03,27.872669219970703,27.990504134016923,27.7276408355101,27.80921951787853,51363600
2020-01-06,27.85453987121582,27.872668851252254,27.60980382734807,27.618868317366285,27956100
2020-01-07,27.673254013061523,27.836409639428528,27.673254013061523,27.79108892025013,39627500
2020-01-08,27.85453987121582,28.008632743776104,27.700446998655536,27.700446998655536,47966600
2020-01-09,28.026762008666992,28.081147220454348,27.9451833265486,28.053955478998024,27705300
2020-01-10,27.818283081054688,28.053954630168786,27.78202512171037,28.044890140332708,33458200
2020-01-13,28.008634567260742,28.035828039085807,27.809220960501374,27.8817351564934,27542700
2020-01-14,27.954246520996094,28.171789086937256,27.91798856223525,28.008631730262728,37575400
2020-01-15,27.800151824951172,27.9089239652026,27.709508662887398,27.81828080313883,41457300
2020-01-16,28.044889450073242,28.044889450073242,27.87266760517588,27.936117303592116,34444000
2020-01-17,28.126468658447266,28.189918358060762,28.017696509913662,28.126468658447266,38819400
2020-01-21,27.890796661376953,28.117403715702977,27.890796661376953,27.99050258964566,41276500
2020-01-22,27.972375869750977,28.04489005935558,27.93611791051135,27.981440359560885,27391000
2020-01-23,27.89986228942871,27.963311990609032,27.636997265824874,27.82734809824053,43072300
2020-01-24,27.546356201171875,27.90892891371447,27.374136064476446,27.90892891371447,58924900
2020-01-27,27.12033462524414,27.247234033162385,26.96624174611137,27.002499707730735,50289300
2020-01-28,27.437576293945312,27.55541117461072,27.220033778880858,27.26535448785812,34257900
2020-01-29,27.392257690429688,27.627929213623755,27.346936975108488,27.528223294142226,41167500
2020-01-30,27.73670196533203,27.75483094341195,27.1293950306508,27.14752400873072,51210000
2020-01-31,27.156585693359375,27.537285573587518,27.056879775617688,27.501029347738115,58958800
2020-02-03,27.346939086914062,27.618866857589204,27.328810107835825,27.346939086914062,40168200
2020-02-04,27.60980224609375,27.872667254943263,27.600739485469266,27.718574391208104,79273300
2020-02-05,28.162723541259766,28.189917009310754,27.917987515424574,27.981438940876878,51086900
2020-02-06,28.126468658447266,28.344011226639818,28.07208171974314,28.316817757287755,37044400
2020-02-07,28.026762008666992,28.10834069078538,27.908927094981937,27.972376796879637,27982500
2020-02-10,28.108339309692383,28.108339309692383,27.927052974142356,27.93611746380732,17723700
2020-02-11,28.20804786682129,28.33494726842896,28.18085439695907,28.18085439695907,27997400
2020-02-12,28.226177215576172,28.44371980401729,28.189920981940055,28.3530783554896,26964200
2020-02-13,28.21710777282715,28.2805591960855,28.053952156786334,28.135530829243994,22758700
2020-02-14,28.253366470336914,28.27149544888643,28.117402588964655,28.189916774288164,22080200
2020-02-18,28.008634567260742,28.244306136453528,27.845477194059985,28.171791940461503,37768900
2020-02-19,28.21710777282715,28.2896219562479,28.072079405985644,28.108337362133273,25643300
2020-02-20,28.162723541259766,28.35307435986755,27.97237445152655,28.117402823382687,50344300
2020-02-21,27.890796661376953,28.09021024678899,27.73670379528027,28.026760548197643,51128200
2020-02-24,26.984363555908203,27.247226792294427,26.857462452838774,27.01155529102184,70455400
2020-02-25,26.068876266479492,27.047818691891113,25.941976866720005,26.993433481833428,111826900
2020-02-26,25.878524780273438,26.485831751919545,25.878524780273438,26.241097448442456,95015700
2020-02-27,24.77267837524414,25.73349161787222,24.754549399432936,25.325600035365856,143536200
2020-02-28,24.1019229888916,24.337594499145215,23.53993681384462,23.929701168153503,192063500
2020-03-02,25.33466911315918,25.33466911315918,23.89344812367358,24.14724691551407,127115500
2020-03-03,24.38292121887207,25.60659978443415,24.138185159984697,25.253093296402252,256525000
2020-03-04,25.18964195251465,25.19870471362477,24.29227646164007,24.70923435656787,124408000
2020-03-05,23.97502899169922,24.419178646883516,23.703099467038072,24.355728943125012,130265700
2020-03-06,23.15924072265625,23.42210574077909,22.68789935419836,22.88731294358921,160606600
2020-03-09,20.675626754760742,21.64550465199284,20.41276347581563,20.847848596819354,134165700
2020-03-10,21.890241622924805,21.908370602632115,20.702821114090593,21.636442822521115,149282300
2020-03-11,20.70281982421875,21.437026167874073,20.412763082472182,21.219483611564147,146915400
2020-03-12,18.463943481445312,20.131769804781623,18.400492054205273,18.98060728684904,161437500
2020-03-13,20.893171310424805,20.929429271741476,18.94435084039734,19.85077912681707,160945700
2020-03-16,18.028858184814453,19.34317990050608,17.15868785386327,17.539387805873105,110661600
2020-03-17,19.007797241210938,19.207212536054595,17.711606469099422,18.4458127694457,122295100
2020-03-18,17.39435577392578,18.173882766569626,16.56950633882483,17.81131187128477,145056400
2020-03-19,17.775054931640625,18.028853683700177,16.415412832323888,17.03178419396737,105652800
2020-03-20,17.140554428100586,18.056046973591663,16.92301190177711,17.965403822071636,157840900
2020-03-23,16.14326286315918,17.002531030991346,15.987863319439906,16.8562728420244,144547900
2020-03-24,18.14516830444336,18.245719686856525,16.984242782529808,17.10307686848521,158551100
2020-03-25,18.638792037963867,19.406648272618398,17.72467763894989,18.41026343821037,162949600
2020-03-26,19.808860778808594,19.94597760159952,18.858180886192834,18.885604948165017,129753900
2020-03-27,19.205543518066406,19.808858875196464,18.78504999257692,19.00443898020133,109305600
2020-03-30,19.571189880371094,19.680884379538714,18.830757677478122,19.232968516379515,67297200
2020-03-31,19.0318603515625,19.6077533643124,18.867319490776815,19.388364387574992,83819900
2020-04-01,17.870935440063477,18.227441234036263,17.706396316154667,18.026334954478585,79185000
2020-04-02,18.318851470947266,18.465109619959904,17.69725346587621,17.761241188127403,68398300
2020-04-03,17.953205108642578,18.4102622793802,17.697254208891746,18.145170026990442,68418100
2020-04-06,19.242103576660156,19.3975030633418,18.711917400370044,18.849035927792,69015100
2020-04-07,19.43407440185547,20.31162348146505,19.424933047667658,20.29334251662446,70950900
2020-04-08,20.284194946289062,20.41217037862994,19.50719751378836,19.72658471645894,80003400
2020-04-09,21.371990203857422,21.62794281920666,20.77781629545748,20.814381702022178,147845500
2020-04-13,20.59499740600586,21.326288205381406,20.412173834394576,21.308005499513317,66236300
2020-04-14,20.686403274536133,21.152601718902226,20.30247524644255,21.088614004809035,96169000
2020-04-15,19.790571212768555,19.982536092981952,19.690019840784768,19.863700275817852,63482000
2020-04-16,19.443212509155273,19.781433839948434,19.251247590338153,19.74487017283811,68907600
2020-04-17,20.46702003479004,20.585855878389424,20.037386911744427,20.201927776091406,88698600
2020-04-20,20.11051368713379,20.439595378127045,19.881985122507267,20.064808671622316,59063100
2020-04-21,19.46149253845215,19.845418836225644,19.388361727217763,19.498056200534837,71957900
2020-04-22,19.67173957824707,19.918550850466087,19.626032818465063,19.863702738727675,47507800
2020-04-23,19.589468002319336,19.982537395659197,19.562043948062655,19.726584786533717,71740200
2020-04-24,19.872846603393555,19.955117037868778,19.498059843466347,19.79971752203056,33825300
2020-04-27,20.54928970336914,20.658984190035895,20.03738616717195,20.07394983370439,109435100
2020-04-28,20.7686767578125,21.326287051885586,20.722971739149166,21.170887547481676,46452300
2020-04-29,21.371990203857422,21.62794281920666,21.18916840163758,21.40855561042212,70064400
2020-04-30,20.832664489746094,21.170885784167723,20.73211136482015,20.94235722281571,56745700
2020-05-01,20.165361404418945,20.39388998434425,20.028244605170705,20.33904361335189,37534300
2020-05-04,19.9825382232666,20.00996053512451,19.598610165444665,19.900267800623716,50177200
2020-05-05,19.918546676635742,20.366462367433307,19.918546676635742,20.256767910477013,65123000
2020-05-06,19.48891830444336,20.15622138345694,19.470635598393308,20.1013750088416,63738400
2020-05-07,19.94597053527832,20.27505218821976,19.744866049333208,19.744866049333208,61339000
2020-05-08,20.375608444213867,20.403030757163695,20.119655814296046,20.32990168340641,42218300
2020-05-11,19.9825382232666,20.15621867681529,19.87284374523123,20.092230957767395,54994900
2020-05-12,19.46149253845215,20.137936850559672,19.443209835643554,20.06480778285979,62202700
2020-05-13,18.885602951049805,19.324377434995235,18.73934478973466,19.296955119457905,86848300
2020-05-14,19.37008285522461,19.38836381646862,18.36455675834691,18.556519927919222,103763100
2020-05-15,19.242103576660156,19.406644414738896,19.013575022336237,19.187257211812074,70285000
2020-05-18,20.22934913635254,20.384748640508583,19.817998738434564,19.955115537740557,79548500
2020-05-19,19.73572540283203,20.211065197701863,19.726584051753637,20.110512079373972,56673200
2020-05-20,20.174503326416016,20.293339167711633,20.046527875975887,20.064810581334406,50402600
2020-05-21,20.11051368713379,20.30247684452347,20.000819208957843,20.11051368713379,49939900
2020-05-22,20.037385940551758,20.12879772115108,19.836281418061006,20.101373663910874,37584500
2020-05-26,21.0794734954834,21.298860699792716,20.777815871616273,20.79609857452568,108349200
2020-05-27,21.99359130859375,22.0301567203812,21.518253160100503,22.021015367434337,121521200
2020-05-28,21.64622688293457,22.249542180893503,21.58223916095933,22.240400828677803,101590100
2020-05-29,21.3994140625,21.59137895813481,21.18002685572774,21.39027271094267,86969000
2020-06-01,21.64622688293457,21.74678001377261,21.335427881739406,21.48168603012129,52619200
2020-06-02,21.81991195678711,21.975311477816206,21.664512435758013,21.838192920087383,52572800
2020-06-03,22.633472442626953,22.734025583178223,22.249544330154173,22.304390705211762,77622900
2020-06-04,23.127092361450195,23.127092361450195,22.414084284193308,22.596906108103003,97575100
2020-06-05,23.986360549926758,24.525688160747155,23.904090118206035,24.479983140251097,135859300
2020-06-08,24.443416595458984,24.498262966217702,24.105195274989768,24.379428872318037,80298400
2020-06-09,23.9223690032959,24.132614853656086,23.69384045024322,23.867522638752913,92833100
2020-06-10,23.02654266357422,23.91323302082119,23.00825995677699,23.785257560310356,110848900
2020-06-11,21.14346694946289,22.26782907400648,21.106903277256954,21.938747306478117,233116600
2020-06-12,21.783342361450195,21.993588219089776,21.225732114764337,21.993588219089776,127502900
2020-06-15,22.08500099182129,22.158130064898792,20.98806315212412,21.033769912506706,92469500
2020-06-16,22.43236541748047,22.962551633669754,21.893037849206156,22.962551633669754,108121300
2020-06-17,22.094141006469727,22.496351755816217,22.057575600377078,22.496351755816217,56320900
2020-06-18,22.06671905517578,22.276966673179075,21.810768162269554,21.87475588549611,61206500
2020-06-19,21.920459747314453,22.49635271303622,21.673648476290836,22.487211361124093,99903900
2020-06-22,21.811906814575195,21.96829761869895,21.646318099611907,21.784309572743037,47929500
2020-06-23,21.913101196289062,22.281079039766343,21.894701865451005,22.143087567794456,47218900
2020-06-24,21.140342712402344,21.637114019915963,21.075946821722376,21.627914356296476,90217500
2020-06-25,21.701513290405273,21.747509861009814,21.02995353350152,21.066750439053813,110208900
2020-06-26,20.772367477416992,21.397930642678006,20.7171712436165,21.333534744134663,123959100
2020-06-29,21.00235366821289,21.140345128966185,20.818363884104084,20.99315400354179,69107100
2020-06-30,21.28753662109375,21.434727749053692,20.87356223170266,20.891959806705167,60653100
2020-07-01,21.10354995727539,21.480727466469034,21.039154053948195,21.379532901436722,60500300
2020-07-02,21.131149291992188,21.646320078952257,21.085152714961477,21.572724502908954,50841900
2020-07-06,21.535921096801758,21.765907440641723,21.41632897005386,21.6003169923319,60271700
2020-07-07,21.094345092773438,21.37032796891389,21.039148868476612,21.36112830575503,43810900
2020-07-08,21.315135955810547,21.37033219101239,21.011554030215372,21.08514959537006,53046100
2020-07-09,20.864362716674805,21.351932673546514,20.689572592971174,21.30593610372503,71163700
2020-07-10,21.58192253112793,21.609521530289552,20.85516643310807,20.85516643310807,94440600
2020-07-13,21.67391586303711,21.995897144529568,21.545124052302857,21.857905668077606,102487100
2020-07-14,21.78430938720703,21.848705290475984,21.388732547518593,21.58192025732545,102468300
2020-07-15,22.2166805267334,22.31787507979878,21.977494517905757,22.308675415460424,90561800
2020-07-16,22.2166805267334,22.446666871222682,21.940697615208883,22.023492839597548,74678500
2020-07-17,22.032697677612305,22.2810816544468,22.0234980111137,22.262684076106556,47033200
2020-07-20,21.93149757385254,22.060289363062417,21.84870235088718,21.91309824549212,40127600
2020-07-21,22.36387062072754,22.474264833066137,22.051089066200735,22.078688057949506,46491300
2020-07-22,22.36387062072754,22.38226994856005,22.179882606371848,22.25347816304542,44437400
2020-07-23,22.38227653503418,22.51106835844862,22.24428504499628,22.317880623326957,49916100
2020-07-24,22.327077865600586,22.52026557974527,22.253482295261165,22.40067343594001,41245600
2020-07-27,22.14308738708496,22.24428195121165,21.949899678832278,22.225882620523752,43060200
2020-07-28,22.087890625,22.189085186722906,21.986696063277094,22.06029162962374,35370500
2020-07-29,22.501869201660156,22.529468202155858,22.014299142168678,22.051096054839245,36491600
2020-07-30,22.097089767456055,22.143086337338474,21.811905419283732,22.07869043764042,53994600
2020-07-31,22.10628890991211,22.13388614932667,21.81190490378933,22.087889580531318,50115900
2020-08-03,22.170690536499023,22.345480701465156,22.04189695221273,22.198287783044098,42982100
2020-08-04,22.078689575195312,22.115488233389136,21.959097445378575,22.078689575195312,30754400
2020-08-05,22.38227653503418,22.43747278011794,22.198286711878982,22.22588571174936,34860700
2020-08-06,22.373071670532227,22.465066560736886,22.216680883581276,22.30867577378594,33115400
2020-08-07,22.8514461517334,22.86984548268304,22.216683271225033,22.262681598599134,63302800
2020-08-10,23.01703643798828,23.09983167194669,22.879044966276524,22.98023777638154,45436100
2020-08-11,23.283823013305664,23.661000574904257,23.228626767735797,23.44941350467227,73758600
2020-08-12,23.21942138671875,23.70699307412242,23.05383093610405,23.697793409681985,58793600
2020-08-13,23.07223129272461,23.237821750715447,22.934239829284465,23.04463229817392,35222500
2020-08-14,23.164226531982422,23.274619002517987,22.9342401712672,22.96183741157275,28276900
2020-08-17,22.777851104736328,23.09983238510881,22.768651439050622,23.0814330537374,53397000
2020-08-18,22.63066291809082,22.8514496594067,22.612263584316903,22.796253412741994,35502500
2020-08-19,22.6214599609375,22.943441236521064,22.557064056752147,22.71345486176949,59847200
2020-08-20,22.40987205505371,22.5386638584691,22.34547615334602,22.36387372907913,45586100
2020-08-21,22.36387062072754,22.566259717572223,22.290275064053965,22.373070284643795,35349200
2020-08-24,22.897436141967773,22.897436141967773,22.437463528398915,22.492661505379694,51010900
2020-08-25,22.96183967590332,23.15502915037653,22.814648530903185,23.09063324377108,55236900
2020-08-26,22.8514461517334,22.961838628117686,22.768650917116794,22.906642389925544,30646600
2020-08-27,23.237821578979492,23.348214047053105,22.833045101844075,22.833045101844075,66463900
2020-08-28,23.329818725585938,23.41261396196671,23.13662925581187,23.403414296295868,49170600
2020-08-31,23.0538330078125,23.311418371322628,23.0538330078125,23.311418371322628,52259000
2020-09-01,23.118223190307617,23.20101840257077,22.8606396451834,22.934235194455503,42036100
2020-09-02,23.449411392211914,23.532206630436537,23.044634866964525,23.10903252809456,48432500
2020-09-03,23.09063148498535,23.92778171640521,22.94344035119659,23.587401122858246,98405500
2020-09-04,23.265419006347656,23.63339679956997,22.897439458468817,23.504603255949768,111105500
2020-09-08,22.667455673217773,23.0906314991119,22.58466044107885,23.035435262571525,84687600
2020-09-09,22.897436141967773,23.063026563597568,22.731845720337983,22.879038570963786,52321200
2020-09-10,22.575462341308594,23.127428211399202,22.529464015696572,22.97103741363174,55515300
2020-09-11,22.731853485107422,22.851447388093842,22.538665763654254,22.61226133677787,69285700
2020-09-14,23.044635772705078,23.247024920611853,22.86984737816713,22.934243287171313,51021000
2020-09-15,22.731853485107422,23.109032771354936,22.71345590781917,23.090633439409814,48459900
2020-09-16,22.98943519592285,23.247020538035994,22.73184985380971,22.777848176324515,62119900
2020-09-17,22.75025177001953,22.888243243943435,22.61226029609563,22.676656200283,47334200
2020-09-18,22.704252243041992,22.934238587878873,22.65825392128068,22.750248810146743,61707200
2020-09-21,22.135379791259766,22.35738087842093,21.79312701252726,22.227880685320535,72307300
2020-09-22,21.950376510620117,22.29262926608111,21.76537649938548,22.07987845922282,84561500
2020-09-23,21.46012306213379,22.153877017621205,21.46012306213379,21.996626050471754,54282500
2020-09-24,21.506370544433594,21.81162218481455,21.219619431180544,21.469369490177783,56512300
2020-09-25,21.728374481201172,21.802374835296106,21.302872886232198,21.34912244592618,46026600
2020-09-28,22.246374130249023,22.403625083237753,22.033623359825267,22.033623359825267,62803500
2020-09-29,21.968875885009766,22.218627739557384,21.848625972250318,22.181626680672878,53250800
2020-09-30,22.264877319335938,22.449879085313444,22.052126523477124,22.061376788206758,66732200
2020-10-01,22.301881790161133,22.505382352423332,22.126130262025494,22.357381622722123,65766100
2020-10-02,22.477628707885742,22.607130653207747,21.950375954547106,22.005877544388383,63368100
2020-10-05,22.84763526916504,22.921635634425733,22.63488267527115,22.690384272447577,58911700
2020-10-06,22.61638069152832,23.199133264560462,22.533130071908353,23.04188229020137,88404900
2020-10-07,22.995630264282227,23.1066299023346,22.829129042896227,22.829129042896227,53815200
2020-10-08,23.310138702392578,23.365638536949856,23.069637066900466,23.125136901457743,57646300
2020-10-09,23.337881088256836,23.46738301773764,23.152881104338793,23.43963222621159,52031600
2020-10-12,23.596885681152344,23.670886035415588,23.31938302943447,23.31938302943447,45931400
2020-10-13,23.143632888793945,23.596885271322698,23.069632535815938,23.522884918344687,60377800
2020-10-14,22.921628952026367,23.245379352965728,22.89387816152841,23.16213051008658,48982200
2020-10-15,23.097379684448242,23.106629948355604,22.67187813055428,22.708877421876284,41637200
2020-10-16,23.115880966186523,23.263881664916457,23.004881324292825,23.143631758813697,40103600
2020-10-19,22.764379501342773,23.208381592726,22.7273784449071,23.19913132861708,42989000
2020-10-20,22.949377059936523,23.21762939776103,22.903127508597887,22.912377771727073,67293900
2020-10-21,22.82912826538086,23.060379561806016,22.82912826538086,22.912378873238506,44307200
2020-10-22,23.282384872436523,23.31013566825698,22.810631929334985,22.81988219460847,39511800
2020-10-23,23.35637855529785,23.504379228761103,23.17137683131519,23.430378892029477,45092700
2020-10-26,22.82912826538086,23.060379561806016,22.616377496103482,23.02337850751045,54015100
2020-10-27,22.41288185119629,22.819884747218072,22.394381318579867,22.819884747218072,46083300
2020-10-28,21.839378356933594,22.135379806688125,21.70987639943513,21.941127752594333,89288300
2020-10-29,22.005878448486328,22.163127666574173,21.506374705238883,21.783875608615652,60908400
2020-10-30,22.070627212524414,22.10762650740289,21.709873942690507,21.876375180412676,66221600
2020-11-02,22.486875534057617,22.58862666889871,22.163123366723813,22.440625980570232,65136000
2020-11-03,22.98638153076172,23.2176328504589,22.875380121011744,22.903130914526127,79834200
2020-11-04,22.718130111694336,23.125132945542013,22.375879132112587,22.57937966688261,87397400
2020-11-05,23.27313232421875,23.43963355419338,22.91238083547873,22.91238083547873,65942300
2020-11-06,23.088132858276367,23.41188508600972,23.014132500306545,23.38413605446335,60783500
2020-11-09,24.984392166137695,25.382144708345482,24.66063997380758,24.956641373318252,162966800
2020-11-10,25.113893508911133,25.206394391650267,24.780892801080878,25.012144125774917,85851200
2020-11-11,25.01214027404785,25.271140588663744,24.864137825872216,25.252640062103374,65062400
2020-11-12,24.59589195251465,24.762393194790583,24.37389088424929,24.7068916044935,62733800
2020-11-13,25.00289535522461,25.10464474444129,24.762393751453704,24.827143843948235,45031800
2020-11-16,25.557891845703125,25.65039271474989,25.308141792876384,25.63189218807907,67556100
2020-11-17,25.520896911621094,25.567146471882957,25.0953935471199,25.271145051868718,63679700
2020-11-18,25.280393600463867,25.844647371750362,25.271143336177982,25.64114508607588,71578400
2020-11-19,25.363643646240234,25.3913944384759,24.993641904635382,25.15089286535588,47194800
2020-11-20,25.141643524169922,25.335893784027654,25.08614370196879,25.2341444040435,39974700
2020-11-23,25.6133975982666,25.68739795269758,25.33589494591973,25.46539688940465,51870500
2020-11-24,26.51065444946289,26.53840524643219,25.992651922857057,26.057402018144316,60983200
2020-11-25,26.418149948120117,26.436650476905555,26.103648015997823,26.36265012607134,45204600
2020-11-27,26.334897994995117,26.445899397760975,26.233148620459477,26.418148605992652,26981200
2020-11-30,25.789148330688477,26.251651004773553,25.742898769003045,26.17765064749225,72524200
2020-12-01,26.186899185180664,26.4274007715563,26.16840042031144,26.270149802168675,53972100
2020-12-02,26.473648071289062,26.51989762289492,26.103644601212977,26.149895917126138,57471800
2020-12-03,26.482898712158203,26.640149670367144,26.325647753949262,26.492148976089016,49566000
2020-12-04,26.806652069091797,26.852903390775904,26.640150839644047,26.658651368317692,52713100
2020-12-07,26.62165641784668,26.695656780304795,26.464405427084714,26.649405451076092,34631600
2020-12-08,26.612403869628906,26.677153960688088,26.371902271189334,26.371902271189334,31628500
2020-12-09,26.54765510559082,26.778906450537406,26.445903949235845,26.760405919507818,47589600
2020-12-10,26.593904495239258,26.621655291602465,26.2609019961117,26.34415262089359,41298300
2020-12-11,26.325651168823242,26.390403024738326,26.112900363739552,26.297902137738735,48216300
2020-12-14,26.02039909362793,26.677153793778377,26.001900327946515,26.677153793778377,38302900
2020-12-15,26.464405059814453,26.538405421245596,26.075902721223997,26.223903444086286,38604200
2020-12-16,26.51065444946289,26.529154980775758,26.381154258888376,26.51065444946289,55602800
2020-12-17,26.58465003967285,26.63090135965501,26.436649344344854,26.556899247683557,38510900
2020-12-18,26.353404998779297,26.6216574255363,26.196154002065025,26.6216574255363,56080100
2020-12-21,26.708646774291992,26.83884333692557,26.25296323950188,26.662149142204193,77688100
2020-12-22,26.44825553894043,26.76444438387926,26.42965577776265,26.727244861523697,42317900
2020-12-23,26.885343551635742,27.034138117135157,26.597054302702016,26.60635418476712,52681400
2020-12-24,26.922544479370117,26.950442353244473,26.699350845747922,26.941142470695944,16071000
2020-12-28,27.052736282348633,27.266628235890845,26.95973924096518,27.10853379767029,32824800
2020-12-29,26.959739685058594,27.173631642124136,26.931840040052673,27.164331760455497,23607000
2020-12-30,27.08063507080078,27.164330454251907,26.98763803235723,27.052735427136422,16616700
2020-12-31,27.415424346923828,27.452623875094663,26.969040651500613,27.04343793407115,26239300
2021-01-04,27.04343605041504,27.527019240326073,26.810944336854465,27.517719358931128,47086300
2021-01-05,27.164329528808594,27.28522620679776,26.894640077658227,27.034134743685723,35265400
2021-01-06,28.36398696899414,28.58717878475011,27.685111641015027,27.685111641015027,102254900
2021-01-07,28.77318000793457,29.07076916962596,28.717380709788944,28.78247989095884,64342700
2021-01-08,28.75457763671875,28.921971968447043,28.37329133612481,28.912672086265342,54266400
2021-01-11,28.84757423400879,28.894071870419587,28.354691128707113,28.475587821409,56590400
2021-01-12,29.145160675048828,29.284655345182067,28.9312687292598,29.014965886093936,60546600
2021-01-13,29.12656021118164,29.200957485045578,28.912668270544177,29.09866234208949,55394700
2021-01-14,29.256755828857422,29.40555215458695,29.098663169451065,29.21025819653449,49828800
2021-01-15,28.77318000793457,29.005671762227383,28.55928624591898,28.828977532308876,68732700
2021-01-19,28.84757423400879,28.996368799048703,28.670880022859716,28.921971516528746,97457200
2021-01-20,28.7266788482666,28.940572597292608,28.624383688754556,28.940572597292608,56113100
2021-01-21,28.419784545898438,28.763873037933053,28.419784545898438,28.7080755273064,43713800
2021-01-22,28.215192794799805,28.326787817254342,28.08499801067921,28.13149564107345,37928000
2021-01-25,28.010601043701172,28.047798793668633,27.6572126632702,27.936203769995323,68321500
2021-01-26,27.78740882873535,28.159396989508444,27.768810839713503,28.12219746392273,55504600
2021-01-27,26.969039916992188,27.434023363836882,26.91324240002673,27.40612371846861,84059200
2021-01-28,27.471221923828125,27.787409024681267,27.229430327129,27.31312748651604,62985900
2021-01-29,26.922544479370117,27.471225133334627,26.80164778001049,27.396826072946407,78260700
2021-02-01,27.27592658996582,27.313126113944456,26.98763737421513,27.2201290777688,41947400
2021-02-02,27.936206817626953,28.07570149932188,27.582818398643944,27.592118280593088,54263000
2021-02-03,28.094297409057617,28.103597290318103,27.843207710108462,27.89900522390039,46195200
2021-02-04,28.717378616333008,28.72667849867933,28.17799785664462,28.187297738990942,63061800
2021-02-05,28.7266788482666,28.949870705980892,28.661581444821334,28.921972832373612,38461900
2021-02-08,29.098665237426758,29.098665237426758,28.81967410234898,28.81967410234898,48756300
2021-02-09,29.10796356201172,29.200960607729264,28.90337148045001,29.005668408116417,33572000
2021-02-10,29.10796356201172,29.29395765344681,28.968468880320955,29.256758125651345,38899600
2021-02-11,29.014968872070312,29.238160722006715,28.819674894768998,29.12656391015294,31909500
2021-02-12,29.31255531311035,29.340453183183158,28.959166919506277,28.98706656335007,38271800
2021-02-16,29.81473731994629,29.95423021345563,29.479948699456894,29.610143485749024,71330600
2021-02-17,29.963531494140625,30.000727470086968,29.619442996958796,29.721738139009414,60460900
2021-02-18,29.78683853149414,29.944934748471468,29.545048699551504,29.749640778030308,45188200
2021-02-19,30.14022445678711,30.2425213744665,29.944932276240216,29.98213180040397,54361800
2021-02-22,30.419219970703125,30.5308185658587,30.028635530286408,30.03793363944474,65930200
2021-02-23,30.60521125793457,30.642410786220847,30.289022362585772,30.63310913037814,94331400
2021-02-24,31.20038604736328,31.284083202919753,30.63310572054073,30.65170548261349,66000600
2021-02-25,30.63310432434082,31.47007584175794,30.549407172599107,31.451476080532924,92189400
2021-02-26,30.047231674194336,30.67960944701083,29.93563309249107,30.58661062892477,103105700
2021-03-01,30.986494064331055,31.172488137273607,30.55871017984249,30.55871017984249,67590700
2021-03-02,30.87489891052246,31.125990375814045,30.846997493795488,30.949294410863377,49987000
2021-03-03,31.116689682006836,31.581673103008285,30.95859702168649,30.995796546776678,72541700
2021-03-04,30.763307571411133,31.330584415533668,30.31692032572496,31.032995283437742,101311800
2021-03-05,31.349180221557617,31.432877376113314,30.48431080699604,31.28408282885228,109299800
2021-03-08,31.749069213867188,32.158256917915985,31.451480091400153,31.58167488903671,90538200
2021-03-09,31.460779190063477,31.925762599570472,31.17248819905406,31.497975166692207,117224600
2021-03-10,32.102447509765625,32.223344161273175,31.553767072974185,31.609566346179452,73269300
2021-03-11,32.00944900512695,32.26054041546714,31.74905948960724,31.935053521067502,50904800
2021-03-12,32.3349494934082,32.50234381897708,32.23265256694476,32.38144712883463,68126000
2021-03-15,32.14895248413086,32.465141342870766,31.851363387380577,32.45584323564688,57836400
2021-03-16,31.814167022705078,32.01876087736627,31.563075532223305,31.981561349692925,67373600
2021-03-17,32.02804946899414,32.214043504554105,31.69326446203559,32.04664922730425,64051100
2021-03-18,32.19545364379883,32.81853332234125,32.083858607172665,32.353549864266284,96690500
2021-03-19,31.823467254638672,31.9722618111329,31.488678615641145,31.944360392855067,98510500
2021-03-22,31.41340446472168,31.656265962642202,31.30131125343621,31.590880037691843,68170600
2021-03-23,30.974388122558594,31.441432577701676,30.86229845103885,31.22659255592783,70441900
2021-03-24,31.086471557617188,31.572198121113168,31.086471557617188,31.19856476991559,63357100
2021-03-25,31.609560012817383,31.656263732596756,30.824925405421492,31.067786886233485,60532600
2021-03-26,32.10463333129883,32.1606799460427,31.712317717890496,31.93649705033347,53779900
2021-03-29,31.824398040771484,32.029898671233056,31.49746845891462,31.65626180916933,71777800
2021-03-30,32.048580169677734,32.19803419858124,31.95516917457234,31.992533572614498,55011400
2021-03-31,31.80571937561035,32.11397035555572,31.78703717410467,31.983198508281536,51138300
2021-04-01,32.19803237915039,32.19803237915039,31.759009635125935,31.759009635125935,51690100
2021-04-05,32.45024108886719,32.60903444811912,32.34749076781458,32.54364852804298,51790700
2021-04-06,32.384849548339844,32.53430714275174,32.272759915796094,32.37551023032169,41336800
2021-04-07,32.543643951416016,32.61836917959493,32.31946114034948,32.47825804053513,38660800
2021-04-08,32.55299758911133,32.59036200127022,32.19804636340124,32.42222570982167,39927400
2021-04-09,32.833213806152344,32.851892441392835,32.590348788845695,32.77716721063581,40133700
2021-04-12,32.973331451416016,32.982674334143425,32.82387739716899,32.89860620592536,44435500
2021-04-13,32.66508483886719,32.823878216539796,32.48760569527332,32.78651381122889,39950900
2021-04-14,32.86124801635742,33.09477024298687,32.53431832438275,32.581022057055364,44065300
2021-04-15,32.833213806152344,32.97332495004616,32.52496287570891,32.93596055303514,55483500
2021-04-16,33.06673812866211,33.18816708207825,32.91728409400241,33.122781164618715,39115700
2021-04-19,32.973331451416016,33.15081059057954,32.86124180154718,33.05739957963407,31172300
2021-04-20,32.3568229675293,32.79584567424904,32.244733352526346,32.77716347787111,50227700
2021-04-21,32.80518341064453,32.83320848549382,32.15132082197083,32.24473179936104,39680000
2021-04-22,32.440895080566406,32.8145319277919,32.38484848450307,32.76782821270498,43611200
2021-04-23,33.048057556152344,33.18816871620794,32.38485190413362,32.44089850611511,50437700
2021-04-26,33.178829193115234,33.48707659395097,33.141464792024415,33.16948631120982,43749700
2021-04-27,33.44037628173828,33.48708000622813,33.15081105194175,33.225536298472356,50852400
2021-04-28,33.57114791870117,33.664558930343084,33.468401150793696,33.57114791870117,35771700
2021-04-29,34.16896057128906,34.1969820872998,33.80466304682444,33.83268812610018,48573000
2021-04-30,33.870052337646484,34.103574496399126,33.81400930003568,33.982145539398815,43940900
2021-05-03,34.0381965637207,34.22501504721092,33.907424694257415,34.15962911247927,33317300
2021-05-04,34.30907440185547,34.30907440185547,33.66455454027163,33.88873381244632,66939700
2021-05-05,34.58930587768555,34.72007773485197,34.41183029485481,34.41183029485481,38954200
2021-05-06,35.103050231933594,35.112389549813166,34.52391275197688,34.729413377978624,43332900
2021-05-07,35.28986358642578,35.29920646717091,34.617322266640166,34.70139037702149,64616700
2021-05-10,35.261844635009766,35.73822825297055,35.23382311726655,35.47668458532661,56341100
2021-05-11,34.636009216308594,35.224482506440935,34.50523381079151,34.90689221957321,82723700
2021-05-12,34.281044006347656,35.03765330808987,34.14092932507313,34.906881505974646,97911900
2021-05-13,34.83216094970703,35.04700087668056,34.1315945761245,34.150276773678485,66882600
2021-05-14,35.383270263671875,35.47667768014526,34.99095127530171,35.02831566719688,44850200
2021-05-17,35.44866943359375,35.48603383947157,35.131079110164045,35.27119028730706,40376700
2021-05-18,34.95359420776367,35.54207103199913,34.934915571166606,35.420638514526516,40299200
2021-05-19,34.73875427246094,34.75743647233308,34.17830252935775,34.551939400270065,63573900
2021-05-20,34.75743865966797,35.0003037100244,34.51457717257704,34.79480306176365,59216100
2021-05-21,35.103050231933594,35.28986509564596,34.87886740690759,34.89754960593185,44950300
2021-05-24,35.27118682861328,35.35525495196171,35.075029061888785,35.25250819077187,29159600
2021-05-25,34.91624069213867,35.58878221186752,34.869536964323146,35.317899165231054,38755900
2021-05-26,35.01899337768555,35.17778677555125,34.76678895466391,35.0470149035992,38601900
2021-05-27,35.4206428527832,35.51405386353575,35.131077627614594,35.33657828800448,39789500
2021-05-28,35.486026763916016,35.579434196720186,35.22447953818704,35.579434196720186,39265000
2021-06-01,35.700870513916016,35.94373200304293,35.607459507893715,35.840981678051165,35710700
2021-06-02,35.75691223144531,35.850323234011896,35.56075447095359,35.81295883298526,37537500
2021-06-03,35.840980529785156,36.05582049185515,35.53273312795097,35.64482276832109,54877500
2021-06-04,35.93438720703125,35.96240872293419,35.616796961492916,35.887679929506355,27250900
2021-06-07,35.700870513916016,35.99043572442131,35.635484591333174,35.99043572442131,37401800
2021-06-08,35.60745620727539,35.71954940411172,35.24316222572033,35.50470589180802,47747700
2021-06-09,35.27118682861328,35.51405187973786,35.17777938634414,35.4673481586033,40776200
2021-06-10,34.86018753051758,35.66350432575788,34.83216601174676,35.570096887678226,53775500
2021-06-11,35.08436965942383,35.1030518593142,34.91623342367579,34.92557274198833,40416700
2021-06-14,34.72006607055664,35.075020680236065,34.51456903401774,35.01897765357303,50613400
2021-06-15,34.785457611083984,34.96293314485581,34.5612748012931,34.72941101782005,51315100
2021-06-16,34.74810028076172,34.981622455278576,34.31842033483444,34.67337147454884,84961100
2021-06-17,33.72060012817383,34.944257589205904,33.617853365890774,34.925575387900196,97659900
2021-06-18,32.90794372558594,33.384330947188936,32.861240004300384,33.27223774018498,180960000
2021-06-21,33.67599105834961,33.69474726106959,33.178964207099874,33.23522923787991,89831400
2021-06-22,33.732261657714844,33.86355150712478,33.41341334741352,33.75101786154199,42576400
2021-06-23,33.79790496826172,33.95732732710846,33.71350384376052,33.760392562398984,48094900
2021-06-24,34.219913482666016,34.304314614299884,33.835420233529554,33.99484260584896,42942800
2021-06-25,34.63254165649414,34.726319108212685,34.20115965478006,34.39809444981729,56845000
2021-06-28,34.37933349609375,34.59502446716313,34.18239872825388,34.566891951008856,70250700
2021-06-29,34.25741958618164,34.745070132633685,34.16364214844776,34.55751167978598,61051200
2021-06-30,34.407474517822266,34.482499349286535,34.14489476245903,34.15427107770164,42414100
2021-07-01,34.67942810058594,34.69818430517166,34.398092186560596,34.57627076405459,36615600
2021-07-02,34.64191818237305,34.71694300611066,34.50125200393576,34.67943059424185,27018400
2021-07-06,34.09799575805664,34.57626639370961,33.87292490885656,34.55751019149462,49225300
2021-07-07,34.14488983154297,34.2199146521728,33.816665184738355,33.891686427987835,43747100
2021-07-08,33.460296630859375,33.79790109012577,33.30087071292601,33.60096634801354,75084200
2021-07-09,34.42621994018555,34.473108656470366,33.844791988018336,33.94794931027279,70546500
2021-07-12,34.763832092285156,34.829477025045165,34.06987035242775,34.21991642407642,62953400
2021-07-13,34.388710021972656,34.70755832408883,34.257420175933056,34.651293291431855,44476200
2021-07-14,34.22929382324219,34.63254332433659,33.85417684354207,34.40747242104039,69632700
2021-07-15,34.34181594848633,34.55750688726565,33.89167787050607,33.89167787050607,53977600
2021-07-16,33.872920989990234,34.51999737071577,33.797899767189506,34.51999737071577,56160700
2021-07-19,32.9257698059082,33.39466426950159,32.72883498977039,33.21648208381235,89972200
2021-07-20,33.741634368896484,33.96670521341503,32.82260194375686,32.88824686145399,70635800
2021-07-21,34.323062896728516,34.4918651386288,33.98546199030772,34.013594504831175,59975000
2021-07-22,33.94795227050781,34.28555678100496,33.80728253200732,34.201155653380674,35292300
2021-07-23,34.00421142578125,34.36995196718188,33.910434001245356,34.27617096526655,36766900
2021-07-26,34.20115661621094,34.266801542057856,33.91981713128968,33.93857333544311,25396000
2021-07-27,34.191776275634766,34.341822329508105,33.77915052182812,33.93857288896474,38988400
2021-07-28,34.14488983154297,34.36058082478319,33.91044263314529,34.31369210057973,42908200
2021-07-29,34.52000427246094,34.67005032544117,34.21991216650048,34.36995821948071,41434200
2021-07-30,34.24803924560547,34.67942113225638,34.16363813061903,34.426217787297055,52385300
2021-08-02,34.25741958618164,34.87635997641309,34.2105308673147,34.482490445074866,47589900
2021-08-03,34.64191818237305,34.6888104858993,33.87293162596499,34.37933845405239,42169600
2021-08-04,34.3511962890625,34.71693325864423,34.1636378597597,34.31368388772604,52346400
2021-08-05,34.80134201049805,34.80134201049805,34.55751492568003,34.566894816762414,37168200
2021-08-06,35.50468063354492,35.57032555613111,35.120187410948695,35.129563723869595,58081000
2021-08-09,35.59846496582031,35.76726725012432,35.2608603972123,35.45779878048742,48015600
2021-08-10,35.97357177734375,36.076729097183986,35.53280998434627,35.57032238744811,40907400
2021-08-11,36.38620376586914,36.39558365695502,35.90793306451734,36.07673533026039,48372100
2021-08-12,36.45185470581055,36.498743436832285,36.19865126543612,36.42372218267368,44566400
2021-08-13,36.17988586425781,36.52686664419942,36.095484747258006,36.479977929728335,43077200
2021-08-16,36.08611297607422,36.12362538704194,35.62659846255105,35.94544680101587,48011800
2021-08-17,35.83290100097656,36.10486054940028,35.476543914124335,35.8422808901661,52414800
2021-08-18,35.392154693603516,35.945450288223334,35.36401859395792,35.692246855697576,39550400
2021-08-19,35.12956619262695,35.39214947880492,34.90449889290896,35.007656229188136,48961300
2021-08-20,35.34524917602539,35.401517776904875,34.99826841405044,35.129558238723156,33898600
2021-08-23,35.6359748840332,35.786020950976024,35.523441228171194,35.523441228171194,28807400
2021-08-24,35.85165786743164,35.9360589848063,35.673479320698284,35.70161183402997,37677300
2021-08-25,36.2736701965332,36.498737499779416,35.8704207360551,35.9454455553907,47904800
2021-08-26,36.095489501953125,36.479982735071005,36.05797709448307,36.4330904370434,38484300
2021-08-27,36.57376480102539,36.58314111538848,36.13300290096921,36.14238279271283,38511100
2021-08-30,36.0579719543457,36.61126736482536,36.03921575328441,36.59251116376407,30096500
2021-08-31,36.01108169555664,36.28303765582994,35.879788293759894,36.029834318433906,49876200
2021-09-01,35.80477523803711,36.057978633194885,35.68286169724702,36.03922242865947,43976200
2021-09-02,35.92668533325195,36.05797517502819,35.78601560141748,35.88917292777877,29611500
2021-09-03,35.701622009277344,35.93606922687301,35.61722086784768,35.861047977480325,34847500
2021-09-07,35.485923767089844,35.823528264011806,35.485923767089844,35.823528264011806,39214900
2021-09-08,35.40152359008789,35.57032584306547,35.213965133737254,35.40152359008789,32523900
2021-09-09,35.50468063354492,35.842285136776724,35.32649849162815,35.354634585150784,33421000
2021-09-10,35.24210739135742,35.73913434684399,35.232727499340335,35.70162193353691,39350500
2021-09-13,35.64534378051758,35.70161238542961,35.39214400186261,35.49529774479849,40357300
2021-09-14,35.16707992553711,35.89855404322657,35.05454627144189,35.767264183885416,45670600
2021-09-15,35.50468063354492,35.58908175935287,35.110807520647825,35.14831992709136,36371300
2021-09-16,35.40152359008789,35.814149332155296,35.24210122748685,35.63597076618119,42630200
2021-09-17,35.24210739135742,35.57970837897923,35.148326358089726,35.35464105389802,82987200
2021-09-20,34.4245719909668,34.55643024454392,33.93481019706037,34.46224680423681,95008800
2021-09-21,34.37748718261719,34.7730620228813,34.29272063215078,34.641203742793266,45837600
2021-09-22,34.95201110839844,35.196890226504905,34.73538630583973,34.81073234492319,58347800
2021-09-23,35.80908966064453,35.97862272191168,35.234561352224524,35.29107357026951,71805000
2021-09-24,35.997459411621094,36.11989715898047,35.73373932552667,35.78083463606094,48066100
2021-09-27,36.48722839355469,36.590828755756746,36.25176616580112,36.317695302142646,58794500
2021-09-28,35.88444137573242,36.65675718033868,35.827932741604606,36.47780718415327,96152700
2021-09-29,35.91270446777344,36.07281707806394,35.743171355190015,35.99747102406515,49882500
2021-09-30,35.34758377075195,36.129319987308065,35.338166863758694,36.11989948744682,73319300
2021-10-01,35.93153381347656,36.17641292508761,35.3099137378367,35.441771997386354,70444000
2021-10-04,35.62071990966797,36.34594388792383,35.56420769048656,35.875019506682456,69772700
2021-10-05,36.317691802978516,36.496641785396974,35.75258035509666,35.884438615075325,56058400
2021-10-06,36.35536193847656,36.38361984539025,35.724324972336426,35.98804148441075,63405900
2021-10-07,36.57199478149414,36.958152689629415,36.52489946185182,36.732107371099,53295600
2021-10-08,36.750938415527344,36.882796664805184,36.44012660548573,36.609659666805186,38607500
2021-10-11,36.383628845214844,37.10885302567811,36.36479143356878,36.83571594611359,50748300
2021-10-12,36.27059555053711,36.515478249485916,36.17641210809097,36.33652827169104,58527700
2021-10-13,36.06338882446289,36.29885100755361,35.545372740236864,36.261176195970826,72105100
2021-10-14,36.66617965698242,36.67559656555501,36.11990554518894,36.46839224114075,51893500
2021-10-15,37.212440490722656,37.40081094896505,36.90163228856021,37.02407362534791,58411100
2021-10-18,37.221866607666016,37.43849140983661,37.03349612099257,37.137100068306374,56312700
2021-10-19,37.58917999267578,37.58917999267578,37.25011389917252,37.39139263575472,33082600
2021-10-20,37.89058303833008,37.89058303833008,37.41965856070797,37.52326252064382,44670200
2021-10-21,37.73046112060547,37.96592330125433,37.532670158280936,37.88115677250603,35067600
2021-10-22,38.25789260864258,38.32382172921477,37.87173479120503,37.90940960092274,41458200
2021-10-25,38.210811614990234,38.39918212356849,38.11662815713541,38.35209039464108,33121000
2021-10-26,38.23906326293945,38.48394598484777,38.18255462932089,38.304992397406686,41586900
2021-10-27,37.6080207824707,38.31440734323406,37.59860028298787,38.144874281221426,62449500
2021-10-28,38.069522857666016,38.08836026287359,37.73046034253267,37.7587146539102,44566600
2021-10-29,37.91883850097656,38.19197556852421,37.84349245057613,38.11662951812377,42092000
2021-11-01,37.93766784667969,38.26731707659956,37.78697218504625,38.182550542376504,37503800
2021-11-02,38.03185272216797,38.14487356376132,37.82464485185701,37.92824878701249,31436800
2021-11-03,38.17313003540039,38.31440879003507,37.83406389857155,37.909413525808176,42946800
2021-11-04,37.6739501953125,38.126037166512106,37.381975787866395,38.03185372817097,48279700
2021-11-05,37.69278335571289,38.135453370361695,37.570342025367324,37.975337231776344,57866300
2021-11-08,37.89999771118164,38.17313113561663,37.80581067442123,37.92825202577572,32864600
2021-11-09,37.69278335571289,37.824641591684674,37.44790069502176,37.70220026133911,48420400
2021-11-10,37.62686538696289,37.86232761893028,37.532678338454815,37.65511970508105,60695100
2021-11-11,37.73046112060547,37.8528988676781,37.52325325191679,37.6833658101815,31438900
2021-11-12,37.81522750854492,37.824644414874,37.47616139481427,37.786969603822214,39218800
2021-11-15,37.81522750854492,38.01301487726522,37.73987788644134,37.91882784963575,30081100
2021-11-16,37.777557373046875,38.00359908159829,37.67395342626573,37.8623239119707,32599500
2021-11-17,37.34430694580078,37.72104431601842,37.2407030013088,37.72104431601842,53557200
2021-11-18,37.155941009521484,37.45733237971186,36.98640791468083,37.381982740729995,42990100
2021-11-19,36.750938415527344,36.96756319546491,36.46838451095086,36.83570494618707,71858100
2021-11-22,37.26895523071289,37.63627567309121,36.939309601108725,37.240700917566215,81965800
2021-11-23,37.852901458740234,37.88115936550244,37.35372275131314,37.51383891340568,61571200
2021-11-24,37.76813888549805,37.91883456351955,37.62686370834134,37.777559386362846,40410300
2021-11-26,36.515472412109375,36.74151407499222,36.101060301579196,36.581401529855825,76492200
2021-11-29,36.628501892089844,37.07117200965203,36.355364858152825,36.939313743025416,79316500
2021-11-30,35.752586364746094,36.336535318333425,35.696077725467056,36.18583603260607,121263700
2021-12-01,35.35700988769531,36.619087604506625,35.35700988769531,36.38362537071995,101946500
2021-12-02,36.41187286376953,36.609660240787285,35.55479063715806,35.68664888850322,98076400
2021-12-03,35.81850051879883,36.55314485785815,35.53594666202242,36.45895784368787,97178200
2021-12-06,36.36479187011719,36.713275007580485,36.10107528964431,36.383629281989386,69716600
2021-12-07,37.0146598815918,37.118263832176375,36.60966457996204,36.788618164742076,115475500
2021-12-08,36.81686782836914,37.18418826648074,36.72268439039565,37.03349261000245,53033200
2021-12-09,36.74152374267578,36.92989423988846,36.50606151937703,36.63792338243378,45521100
2021-12-10,36.779197692871094,37.005243002766356,36.543735475128166,36.99582250205039,38900900
2021-12-13,36.383628845214844,36.70385765746007,36.2611874659499,36.694437155202586,44343000
2021-12-14,36.60024642944336,36.87338345482564,36.29885508863126,36.32710940406108,51734400
2021-12-15,36.703853607177734,36.816874471713305,36.242346054949024,36.69443310595981,70424900
2021-12-16,37.16535568237305,37.42907581007761,36.939313964761496,37.12768086514835,71156600
2021-12-17,36.345943450927734,36.967563482977745,36.1198981697878,36.92047176399338,97654400
2021-12-20,35.63996505737305,35.82923803218693,35.214101766562244,35.78192069100389,85242300
2021-12-21,36.37812423706055,36.539007522763875,35.999581912613245,35.999581912613245,57667900
2021-12-22,36.54846954345703,36.576862835097295,36.21724455833384,36.27402753153278,49702700
2021-12-23,36.73773956298828,37.06896452153506,36.71881190677399,36.75666721920256,39057300
2021-12-27,37.11629104614258,37.11629104614258,36.66203805896382,36.85130742939359,36120300
2021-12-28,37.13521957397461,37.37180990262865,37.04058127646384,37.050046911255876,34055200
2021-12-29,37.087894439697266,37.3150227180397,37.040577101316366,37.210922407552815,27150500
2021-12-30,37.021644592285156,37.40965249229077,36.90808227303697,37.201455508682585,30089100
2021-12-31,36.95540237426758,37.135213304138155,36.879695359123104,36.94594035115501,28497800
2022-01-03,37.409664154052734,37.551619804925764,37.21092913089622,37.22985679168477,49884400
2022-01-04,38.39387512207031,38.51690309378579,37.82605982352159,37.8449874814841,74210200
2022-01-05,37.9490852355957,38.70617713472598,37.92069555290692,38.50743852565934,76288400
2022-01-06,38.5074348449707,38.53582813502727,37.996402555010434,38.34655517833614,57725200
2022-01-07,38.96168899536133,39.0563272817119,38.46011871298852,38.59260870379783,62185500
2022-01-10,38.82919692993164,39.23613251429305,38.42226134557023,39.20774283494546,73620000
2022-01-11,39.16988754272461,39.18881519899324,38.6115343180846,38.97115256702595,60706300
2022-01-12,39.198280334472656,39.42540861764913,39.00901097692078,39.27399096555868,51560600
2022-01-13,39.04685974121094,39.463260960655816,38.91436975687168,39.25506035093338,51659600
2022-01-14,38.639930725097656,38.677782430607586,38.17621213430548,38.422264465487196,81135500
2022-01-18,37.77873611450195,38.422261997902446,37.54214582237181,38.38441029482346,82526700
2022-01-19,37.144676208496094,38.08157536244557,37.11628652840354,38.06264770569007,85975100
2022-01-20,36.90808868408203,37.73142195928868,36.83237805137804,37.24877931108662,80314000
2022-01-21,36.1509895324707,36.86076025518905,35.99957192269401,36.75665997157747,117914300
2022-01-24,36.255096435546875,36.330803449217534,34.84501675385826,35.52639792730041,169153300
2022-01-25,36.406517028808594,36.67149701329145,35.26141721711869,35.848163768590055,97364900
2022-01-26,36.50115203857422,37.10682264295556,36.06582674293532,36.803987340764884,106682000
2022-01-27,36.169921875,37.22984528087398,35.93333160341592,36.851299402307035,91498900
2022-01-28,36.64310073852539,36.65256276051937,35.573711749161205,36.02796461657091,79753600
2022-01-31,36.96487045288086,36.993260134177994,36.169926885827024,36.38758953262871,58740900
2022-02-01,37.47590255737305,37.570540844637634,36.82291462061427,37.012187585061916,64601500
2022-02-02,37.731414794921875,37.79765978091856,37.22038256153045,37.4569728286846,46649400
2022-02-03,37.31502151489258,37.854447097221474,37.25823854461744,37.72195710999422,50677000
2022-02-04,37.9490852355957,38.270848209701555,37.362342262843285,37.38126992132971,77792400
2022-02-07,38.062644958496094,38.30869725839581,37.77873373773648,37.996399969673824,52710400
2022-02-08,38.59260559082031,38.68724386953712,38.23299096194004,38.327625630575646,56921200
2022-02-09,38.83866500854492,39.09418296900553,38.70617501647235,38.80080969364375,67505300
2022-02-10,38.49797439575195,39.169889989901,38.33709111245792,38.65885406896446,67260800
2022-02-11,37.95854568481445,38.838661828761744,37.73141742408431,38.374943284391605,77962800
2022-02-14,37.53268814086914,38.072113780519615,37.220390796373394,37.939623779213434,71521600
2022-02-15,38.04372787475586,38.24246289644747,37.854454878347696,37.986944892808765,55439600
2022-02-16,38.07211685180664,38.242462184394036,37.80713682781827,37.854454173518754,41168800
2022-02-17,37.12575149536133,37.79766711808997,37.0216511799929,37.67464275454699,59107800
2022-02-18,37.11629104614258,37.42858839541717,36.927018065630975,37.087897752512646,47816500
2022-02-22,36.9270133972168,37.28663165371674,36.61471247734231,36.94594105388325,60719700
2022-02-23,36.283485412597656,37.31501917573674,36.1888507448195,37.20145685238671,64169800
2022-02-24,35.8481559753418,35.96171828542052,34.826084354391085,35.08160225962877,143075700
2022-02-25,37.002716064453125,37.0973543366615,36.075282657296704,36.08474828955802,99127100
2022-02-28,36.453826904296875,36.69041715917153,36.07528105246511,36.12259838142388,107370200
2022-03-01,35.10999298095703,36.207771637982034,34.87340272202853,36.10367495652142,129873100
2022-03-02,36.01850509643555,36.22670208549255,35.38444127636991,35.403368931753484,88182500
2022-03-03,35.90494155883789,36.368660121460536,35.60210627266523,36.17938716508229,71952600
2022-03-04,35.23301315307617,35.280330472406234,34.826077708693546,35.270868452572245,105904100
2022-03-07,33.94597244262695,34.949116531792185,33.927044786973134,34.911261220484555,116046200
2022-03-08,33.74723815917969,34.70306132359359,33.58635849797469,34.0879287477094,114915000
2022-03-09,34.98697280883789,35.280342454366924,34.73145486558012,34.87340687178025,88716400
2022-03-10,34.693599700927734,34.920727965928684,34.30559177286547,34.40969207723752,71547300
2022-03-11,34.447547912597656,35.21409814718783,34.42862025605352,34.99643551205227,76788200
2022-03-14,34.88287353515625,35.45068879688945,34.72199025794696,34.96804618542437,70969700
2022-03-15,35.37498092651367,35.431760285268204,34.93019002916955,35.233025309464736,51828700
2022-03-16,36.36865234375,36.425435301544425,35.71566457447683,35.82922687998508,87007600
2022-03-17,36.82291030883789,36.832372331415634,35.923866540546186,36.16045681588184,58266400
2022-03-18,36.90808868408203,37.00272336488034,36.46329774215029,36.81345400328372,82342500
2022-03-21,36.871986389160156,37.185505635154165,36.681972857905805,37.07149896608422,46828600
2022-03-22,37.470523834228516,37.708039840433784,37.26151221322839,37.30901468962812,61053100
2022-03-23,36.776973724365234,37.31850987252431,36.757972010930814,37.23300397417255,42142600
2022-03-24,37.071495056152344,37.10949848323632,36.767474887893066,37.033491629068365,30421500
2022-03-25,37.546531677246094,37.62253491663094,37.13800384595817,37.195008993651854,48613100
2022-03-28,37.4420166015625,37.47051735763479,37.01448713944804,37.43251755760707,44761000
2022-03-29,37.52752685546875,38.01205788604043,37.30901257703788,37.89805122429529,67968600
2022-03-30,37.26151657104492,37.546535086983454,37.04300225468514,37.52753336935994,47405300
2022-03-31,36.40644836425781,37.366014932976526,36.39694931990691,37.21400122971274,66619600
2022-04-01,36.31144332885742,36.7294701391199,36.054925641580624,36.653466911893155,68422500
2022-04-04,36.14993667602539,36.44445783867067,35.89341894550339,36.225943540271956,134312400
2022-04-05,35.921913146972656,36.39694504121041,35.836407261041636,36.007419032903684,56165700
2022-04-06,35.67490005493164,35.826910139650835,35.541891683828126,35.63689662770027,55835100
2022-04-07,35.636898040771484,35.807909845887316,35.133365294711794,35.646400710059275,53346900
2022-04-08,35.997920989990234,36.159433739367024,35.68440178410359,35.7794067254738,44672300
2022-04-11,35.83641052246094,36.2544373227201,35.77940538525039,35.902914703770215,54435500
2022-04-12,35.44689178466797,36.140438121415954,35.29488167831508,35.807913522126825,67215400
2022-04-13,35.44689178466797,35.46589350098793,35.047862990362376,35.11436718537884,57445600
2022-04-14,35.0478630065918,35.61790362383421,35.03836396053082,35.370884935767116,68544200
2022-04-18,35.256874084472656,35.41838321781996,34.819845533314364,34.82934457824982,52748400
2022-04-19,35.74140930175781,35.798414450677264,35.342384131942076,35.35188317799191,41519100
2022-04-20,35.98841857910156,36.24493624585335,35.9029126901843,36.016919334005365,54635800
2022-04-21,35.41837692260742,36.40644413377,35.351872747260494,36.23543236167626,54998100
2022-04-22,34.36381530761719,35.37088451584478,34.32581549961761,35.361385469896575,73170900
2022-04-25,34.420814514160156,34.49682136545245,33.56575918235875,34.07879093175713,91392800
2022-04-26,33.55625915527344,34.39231646426938,33.53725744095462,34.03129114062465,81457500
2022-04-27,33.52775573730469,33.869779319509725,33.404246416129276,33.50875402449261,81603000
2022-04-28,33.95528793334961,34.078793640206115,33.36624566163801,33.86978203095318,62680000
2022-04-29,32.78670120239258,33.9077768125409,32.71069798052461,33.78427112397971,74631700
2022-05-02,32.79620361328125,33.05272128046179,32.150159923538986,32.938711012244305,104408800
2022-05-03,33.223731994628906,33.556252872433284,32.91020920337985,33.02421584374053,73896300
2022-05-04,34.24030685424805,34.2973083737977,33.16673353751642,33.280740200822194,87794900
2022-05-05,33.24273681640625,33.907778634252836,32.83420905732558,33.84127445246818,101093900
2022-05-06,33.00522232055664,33.157232403456696,32.53019035846818,33.109726307882845,99281900
2022-05-09,32.21666717529297,32.75820331627799,32.06465709403763,32.55869076416903,85922800
2022-05-10,31.93164825439453,32.72019940669673,31.532619531863293,32.51118781318623,107581200
2022-05-11,31.63713264465332,32.61570109621843,31.58963016623718,31.969657241979892,110212200
2022-05-12,31.399614334106445,31.694135477497763,30.79157395671091,31.37111357398057,114304100
2022-05-13,31.85564422607422,32.121664606073836,31.570625755694934,31.779640991936102,64036200
2022-05-16,31.58963394165039,31.87465247041782,31.342618849840544,31.732145018137718,55662200
2022-05-17,32.4351806640625,32.53018922770139,32.02665290093057,32.207167359741405,62859300
2022-05-18,31.5421199798584,32.178661008337805,31.41861066679303,32.131158541529864,74279300
2022-05-19,31.33310890197754,31.56112584656321,31.06709215346624,31.114594626528064,71525400
2022-05-20,31.276103973388672,31.713136151478846,30.620561142563023,31.551623392917904,77984600
2022-05-23,32.29267120361328,32.5301871613138,31.713131686951066,31.87464079856859,78189300
2022-05-24,32.22616195678711,32.330669553364174,31.561120204398037,32.1026562737467,77871200
2022-05-25,32.48269271850586,32.68220894891609,32.05516674070142,32.15017170816747,72192600
2022-05-26,33.233238220214844,33.347244885214444,32.80570869620819,32.83421308061299,50803200
2022-05-27,33.79378128051758,33.860285480598776,33.31874920896214,33.37575436226334,43862500
2022-05-31,33.69877243041992,33.95529015438821,33.33774708288603,33.51825794454964,64778900
2022-06-01,33.15723419189453,33.69877036794829,32.84371134038633,33.613264465192096,48642400
2022-06-02,33.61326217651367,33.64176293408968,32.92921500103988,33.18573269184255,45334700
2022-06-03,33.12873458862305,33.44225748537237,33.090734778519746,33.29974641881232,36699400
2022-06-06,33.223731994628906,33.746266355838245,33.214229327145496,33.40424281055046,32829600
2022-06-07,33.480255126953125,33.50875588565116,32.96721972515032,32.99572048384836,32031400
2022-06-08,32.89121627807617,33.31874582388182,32.76771056144865,33.22374086890578,38251800
2022-06-09,32.064659118652344,32.872212046772866,32.04565740426985,32.85321395659681,49715100
2022-06-10,30.90557861328125,31.485118192894394,30.877077855007258,31.371111535592128,74190900
2022-06-13,29.984020233154297,30.497053866269102,29.80350937244717,30.12652947501378,104065100
2022-06-14,29.727502822875977,30.316541476071997,29.499485872880424,30.107528052696512,75592200
2022-06-15,30.06002426147461,30.487553784628382,29.546990645793347,30.041024358748093,87858800
2022-06-16,29.299972534179688,29.461483479107585,29.052955688283888,29.45198262209969,100838500
2022-06-17,29.385478973388672,29.718001726343044,29.100458694240686,29.36647725902483,116937700
2022-06-21,29.971925735473633,30.162952127257412,29.790452667217995,30.057887429600065,58065800
2022-06-22,29.90506935119629,30.182057458468194,29.589877055678887,29.628083065687214,48035800
2022-06-23,29.790454864501953,29.98147944861264,29.303339169111055,29.924172255555714,69348900
2022-06-24,30.88884925842285,30.917501941393347,29.866862272521775,29.9146179586477,65489300
2022-06-27,30.783782958984375,31.127629710816983,30.640515908070864,31.127629710816983,47244800
2022-06-28,30.4781436920166,31.395065979095047,30.45904068892847,31.098978540042275,42459900
2022-06-29,30.30622100830078,30.621415101252932,30.20115813241275,30.50679890183736,64507500
2022-06-30,30.038787841796875,30.30622261836999,29.46571045779869,29.828658435331963,75294300
2022-07-01,30.44948959350586,30.54500278845777,29.742694865681987,29.94327275725727,77308400
2022-07-05,30.344430923461914,30.363533929451926,29.628084594702734,29.971929593708357,51536800
2022-07-06,30.268020629882812,30.51635424171447,29.981481006186478,30.27757213284898,48001700
2022-07-07,30.707380294799805,30.793341998717043,30.497250875551938,30.525903562349086,33120100
2022-07-08,30.640520095825195,30.88885187079745,30.516352386576266,30.793340490467877,29062200
2022-07-11,30.39218521118164,30.621417628935053,30.306223509964823,30.468595409845168,30564300
2022-07-12,30.201160430908203,30.75513482309186,30.143851415957503,30.16295442094107,38211000
2022-07-13,29.9337215423584,30.134297614092578,29.56122208241624,29.8764143535433,51441600
2022-07-14,29.360645294189453,29.456158493651962,29.007248824469755,29.322441107462105,57782300
2022-07-15,30.353979110717773,30.525900680559143,29.704491552107967,29.78090174595837,59650200
2022-07-18,30.239362716674805,30.9939149701894,30.105645333728003,30.783785572115608,38671600
2022-07-19,31.146739959716797,31.24225134921458,30.554559507310465,30.64052303703183,40568000
2022-07-20,31.2613468170166,31.31865582301054,30.984358753333506,31.079873763323405,38507700
2022-07-21,31.461929321289062,31.461929321289062,30.93660941101041,31.17539151963942,40561800
2022-07-22,31.280452728271484,31.6720551968386,31.041670646376282,31.50968513004206,25741200
2022-07-25,31.481033325195312,31.624304052324934,31.251804534019055,31.47148364369878,24699300
2022-07-26,31.041671752929688,31.509686253278947,30.965259735107136,31.32820953271316,26357800
2022-07-27,31.51923179626465,31.672052168323717,31.060770680087444,31.165835369039,44817200
2022-07-28,31.748472213745117,31.758021895374245,31.041675536831967,31.547892464273524,40974600
2022-07-29,32.1973762512207,32.302440954143954,31.79622408754162,31.8248767725114,38724000
2022-08-01,31.92993927001953,32.111412334836274,31.71026019886495,31.891733263681697,35131300
2022-08-02,31.576549530029297,31.987255076620116,31.538343515572922,31.77712564063614,36806900
2022-08-03,32.05411148071289,32.13051986061831,31.633852638892744,31.815329372779015,27314900
2022-08-04,31.94904327392578,32.11141334065952,31.89173426262395,32.025451645469474,24505800
2022-08-05,32.17827224731445,32.331092634949435,31.74846741201481,31.86308179185969,34366100
2022-08-08,32.15917205810547,32.522121876827256,32.13051937151783,32.41705716797155,24369100
2022-08-09,32.3215446472168,32.40750634748302,32.159170927369196,32.21647994205522,26425400
2022-08-10,33.04744338989258,33.17161111037318,32.81821459895633,32.8850732999399,45366000
2022-08-11,33.43904495239258,33.64917437431112,33.31488087900965,33.35308324738279,46985200
2022-08-12,33.96436309814453,33.97391277783551,33.429489947318345,33.601413329958,36370300
2022-08-15,33.95480728149414,34.050322289016165,33.55365518047661,33.62051386397953,25366000
2022-08-16,34.20315170288086,34.35597211180594,33.801995852248794,33.801995852248794,41300800
2022-08-17,34.031227111816406,34.184047515462424,33.79244500339914,33.81154800929562,33158000
2022-08-18,34.069427490234375,34.11718682394907,33.84019871991653,34.00256879526454,15966200
2022-08-19,33.39128494262695,33.868849099049626,33.27667056527262,33.868849099049626,33587400
2022-08-22,32.65584182739258,32.91372695743661,32.569880117377906,32.90417727566878,36810100
2022-08-23,32.522117614746094,32.856414703070016,32.522117614746094,32.61763263006376,23244000
2022-08-24,32.69404602050781,32.799110731732256,32.39795489283218,32.46481723558706,20682200
2022-08-25,33.200260162353516,33.22891649072664,32.67494029350317,32.76090199157145,26402600
2022-08-26,32.206932067871094,33.35308327767472,32.17827573715792,33.34353359645422,38230600
2022-08-29,31.977697372436523,32.206929784259174,31.78667096983858,31.968147691893137,34872100
2022-08-30,31.805770874023438,32.18782364197681,31.614744490046753,32.082758948613375,41870700
2022-08-31,31.56699562072754,32.08276587576965,31.51923992530349,31.968151478046742,39768200
2022-09-01,31.662506103515625,31.71026179207464,31.0512209019736,31.43327369749668,40604600
2022-09-02,31.414169311523438,32.29288924516325,31.261348928741555,32.02545084265096,43208800
2022-09-06,31.3377628326416,31.652953297103743,31.022568724653915,31.57654492286541,45877100
2022-09-07,31.958589553833008,32.01589855903749,31.194487702065114,31.242243384639664,35023000
2022-09-08,32.522117614746094,32.54122061780963,31.662504338038765,31.79622171595822,50760900
2022-09-09,32.81821060180664,32.90417229881937,32.6558368881046,32.665390211953515,41327100
2022-09-12,33.08564758300781,33.257570988516285,32.87551816660285,32.951930188395835,41969600
2022-09-13,31.853534698486328,32.550781724693536,31.748473621802464,32.4361636789047,60771600
2022-09-14,31.758020401000977,32.0732145328206,31.471482599772298,31.920390485737762,39233200
2022-09-15,31.86307716369629,32.273782578970696,31.710256798258715,31.796218481537657,47653000
2022-09-16,31.576549530029297,31.63385490818778,31.242252368825145,31.547893197423978,53893300
2022-09-19,31.93467903137207,31.95388252600213,31.204964548890235,31.204964548890235,36491400
2022-09-20,31.464204788208008,31.742649953525618,31.176159707362032,31.675439556751286,42193600
2022-09-21,30.811304092407227,31.78105682751498,30.792100596514,31.665839514847956,49644600
2022-09-22,30.292818069458008,30.92651872831697,30.23520941811065,30.878511824085173,52299500
2022-09-23,29.812742233276367,30.062382168693667,29.380674593448994,29.995171769032478,56801000
2022-09-26,29.342266082763672,29.870351168074748,29.131033147446807,29.591906005235934,49969700
2022-09-27,29.21744728088379,29.72632704551545,28.919800453330748,29.572702758304462,60630400
2022-09-28,29.793540954589844,29.96636691394381,29.227050676782444,29.303862824721783,46088700
2022-09-29,29.419082641601562,29.59191044705083,29.05422536558906,29.47669313098213,41860000
2022-09-30,29.150239944458008,29.803144149322225,29.07342779278846,29.438285055382266,37984300
2022-10-03,29.937564849853516,30.091189152643263,29.09262935316377,29.43828495011377,47086100
2022-10-04,31.051340103149414,31.08014351360803,30.36003078195217,30.398435939678997,53441800
2022-10-05,30.811304092407227,30.98413189275393,30.46564849171382,30.5712658877804,41766800
2022-10-06,30.379234313964844,30.849710802319297,30.31202391029882,30.6384760121162,34717900
2022-10-07,29.65911865234375,30.206405441422046,29.49589260723741,30.110391628938622,36380700
2022-10-10,29.52469825744629,29.94716599732162,29.351870462436104,29.82234510921599,31011700
2022-10-11,29.150239944458008,29.63991809810617,29.02541905340365,29.332667660081835,50431900
2022-10-12,29.08302879333496,29.467089541813696,28.97741140074852,29.15984094303071,48265700
2022-10-13,30.283218383789062,30.360030529951185,28.410919802986584,28.497333696337222,83086100
2022-10-14,29.774337768554688,30.907316504573412,29.707127367328994,30.55206100342443,60886900
2022-10-17,30.52325439453125,30.72488557708484,30.32162138063177,30.40803526782499,47222200
2022-10-18,31.012937545776367,31.358593171441655,30.65768200281709,31.32018617688049,48150700
2022-10-19,30.504056930541992,31.003336859373555,30.33122912199674,30.744095146555676,35205700
2022-10-20,30.014375686645508,30.772895419529124,29.92796179119286,30.465646827406847,43124400
2022-10-21,30.907316207885742,30.936123281486058,29.879954872995647,30.100789569573386,54487300
2022-10-24,31.320180892944336,31.46420526690447,30.99372881963441,31.08974628983849,40117200
2022-10-25,31.694644927978516,31.752255419294695,31.09935116848156,31.156961659797744,33950300
2022-10-26,31.771455764770508,32.126711269248645,31.704245362914975,31.790659259970973,38012100
2022-10-27,32.03069305419922,32.38594850985724,31.9730825765148,32.069100039322166,41232200
2022-10-28,32.82762145996094,32.866028449306576,32.0594999865086,32.11711047052706,36421300
2022-10-31,32.62599563598633,32.84683036707436,32.57798872273983,32.61639571841411,40083800
2022-11-01,32.71240234375,32.981243928902984,32.56837797302268,32.894830039004965,38946100
2022-11-02,32.299537658691406,33.22128341207496,32.27073424848943,32.64519323188325,58039800
2022-11-03,31.973085403442383,32.222727166122134,31.761854291973382,31.89627508909693,40828100
2022-11-04,32.558780670166016,32.731608463830206,32.097907774625575,32.433959783032506,41825600
2022-11-07,32.88523483276367,32.90443832912341,32.58758613322632,32.79882093049105,30060300
2022-11-08,33.077266693115234,33.24049092089506,32.73161107817855,32.89483530595838,34839600
2022-11-09,32.5203742980957,32.981247202397604,32.45316389513661,32.85642997558343,42126200
2022-11-10,34.162235260009766,34.21024216308397,33.42291723205288,33.50933112266321,67677700
2022-11-11,34.44068145751953,34.59430576591264,34.21024682627609,34.33506405874444,46076100
2022-11-14,33.95099639892578,34.373462222825,33.9221929930915,34.344658816990716,38002700
2022-11-15,34.02781295776367,34.45028252202171,33.68216103613277,34.315861719827666,57802100
2022-11-16,33.86458969116211,34.09502431202477,33.74937238073078,34.00861041352821,32852400
2022-11-17,33.682159423828125,33.70135925520065,33.374907181488,33.470924651810535,35706900
2022-11-18,33.960601806640625,34.18143650003827,33.68216029225617,34.13342959498522,39455400
2022-11-21,34.066219329833984,34.133429729711935,33.874188046171795,33.91259503544265,24630900
2022-11-22,34.4118766784668,34.45028366971379,34.24864879701321,34.24864879701321,29582300
2022-11-23,34.55590057373047,34.64231447146331,34.35426570389236,34.35426570389236,27916900
2022-11-25,34.67111587524414,34.71912277949501,34.52709149979951,34.59430189828913,11266500
2022-11-28,34.07582473754883,34.62311154461233,34.01821425055025,34.47908715846202,34196600
2022-11-29,34.27744674682617,34.35425704618028,33.99900162844851,34.037408609471214,31489600
2022-11-30,34.8631477355957,34.87274765152896,33.73976711141661,34.2294470659305,58607000
2022-12-01,34.6615104675293,35.03597309138478,34.39266888775883,35.03597309138478,58157600
2022-12-02,34.498291015625,34.52709442807997,34.19104240713092,34.29665980305557,40483300
2022-12-05,33.64375686645508,34.296661099865396,33.461325480162735,34.239050610084796,53402000
2022-12-06,33.346107482910156,33.79738048691942,33.07726586147096,33.60534918759469,45102200
2022-12-07,33.2116813659668,33.58614032534198,33.1348673934325,33.2116813659668,37775900
2022-12-08,33.2404899597168,33.47092825057542,33.12527264563368,33.307700364822985,46600900
2022-12-09,33.15407180786133,33.39410998466355,33.10606490503927,33.11566848321882,40885600
2022-12-12,33.595741271972656,33.63414459254018,33.0196475111616,33.173271781506244,72570900
2022-12-13,33.682159423828125,34.46948436701298,33.46132107343229,34.46948436701298,55659000
2022-12-14,33.25969314575195,33.922200936610906,33.11567242016391,33.59574883084207,54685100
2022-12-15,32.606788635253906,32.87563391339952,32.395557507123016,32.741209442980555,70330100
2022-12-16,32.357147216796875,32.453161023186745,32.059498556681184,32.26112974771507,59619300
2022-12-19,32.270198822021484,32.59869798436517,32.067299570530025,32.270198822021484,37456800
2022-12-20,32.405460357666016,32.62767982232829,32.27985676958406,32.39579655861232,45446400
2022-12-21,32.90786361694336,33.004479471775944,32.69530431352135,32.714628221619584,31318100
2022-12-22,32.618011474609375,32.72429113542241,32.08661685620311,32.69530711362211,25605100
2022-12-23,32.80158996582031,32.849897902073856,32.434443016106655,32.59869442215985,17116200
2022-12-27,32.791927337646484,32.94651495057124,32.65666363704475,32.869222986938574,25601100
2022-12-28,32.67598342895508,32.93685068393162,32.63733560918249,32.84989493227277,24395100
2022-12-29,33.13008117675781,33.188049212148506,32.77259442544265,32.84989005350811,26624200
2022-12-30,33.04313278198242,33.110764628741954,32.772601709285084,32.88854517715218,24735700
2023-01-03,33.15907287597656,33.516556024446714,32.917529510804435,33.28467645785066,37396500
2023-01-04,33.690467834472656,33.93201120174006,33.40061653088363,33.49723240352688,44669300
2023-01-05,33.439266204833984,33.57452990828414,33.207382937734074,33.57452990828414,45585700
2023-01-06,34.18321990966797,34.28949958576538,33.42960206354975,33.661485328276775,41229700
2023-01-09,34.057613372802734,34.49239215299162,33.97065761676495,34.29915673005665,48726600
2023-01-10,34.250850677490234,34.279834702542175,33.883703722308546,33.99964350817564,34663700
2023-01-11,34.56968688964844,34.56968688964844,34.27017546139925,34.33780731201419,32014700
2023-01-12,34.6373176574707,34.840216888632156,34.41509820015989,34.68562927982205,56642400
2023-01-13,34.89817810058594,34.9464860278127,34.0672684839146,34.19287204323107,65920900
2023-01-17,34.66630554199219,34.83055326470127,34.56002586934074,34.811229352795614,65345200
2023-01-18,34.01896286010742,34.68562483221563,33.98997883894058,34.47306551523518,53693000
2023-01-19,33.62282943725586,33.79674092266573,33.39094991381509,33.60350552935937,61169500
2023-01-20,34.15422821044922,34.17355212072531,33.56486553249403,33.71945312904374,42330100
2023-01-23,34.55036163330078,34.69528912792939,34.07693869741133,34.18321836871774,44997300
2023-01-24,34.56968688964844,34.72427450329108,34.10592404872051,34.49239492565683,34333500
2023-01-25,34.840213775634766,34.84987388784631,34.26050753014957,34.2701713280201,38458700
2023-01-26,35.02378463745117,35.08175636644692,34.69528554445976,34.92716877478384,29944200
2023-01-27,35.02378463745117,35.22668016044793,34.92716877478384,34.975476706117504,30787400
2023-01-30,34.849876403808594,35.10108356735227,34.791904669377146,34.84021629089965,31595000
2023-01-31,35.32330322265625,35.332963335620384,34.75326073063105,34.9175084506363,30282100
2023-02-01,35.32330322265625,35.63247843673847,34.8788606274612,34.95615627381139,51418700
2023-02-02,35.419918060302734,35.56484555014631,35.139726878956715,35.516533929759,42107300
2023-02-03,35.352291107177734,35.65180624099863,35.130071628146624,35.13973174216551,43155000
2023-02-06,35.34262466430664,35.352284776595674,35.07209360664644,35.14938924759479,32273600
2023-02-07,35.7484130859375,35.85469274157406,35.12039894935348,35.12039894935348,33000500
2023-02-08,35.535858154296875,35.84503336207564,35.439242283988214,35.48755021914255,34555500
2023-02-09,35.13972854614258,35.787066696321546,35.06243658404232,35.68078702348176,44329600
2023-02-10,35.25566482543945,35.284648844606735,34.8498701288045,34.96580989113223,28108900
2023-02-13,35.661468505859375,35.661468505859375,35.207365720730394,35.23635343585473,32209000
2023-02-14,35.46822738647461,35.825714225937446,35.24600792948003,35.59383097022261,33525300
2023-02-15,35.50687026977539,35.52619417886793,35.13972336833474,35.188031298236695,28510000
2023-02-16,35.14938735961914,35.41991471708951,35.08175552025155,35.168711268818285,34379100
2023-02-17,35.1590461730957,35.20735410148032,34.86919491712933,34.97547457097069,35889800
2023-02-21,34.43442153930664,34.90784815659761,34.279833933067415,34.859540220708965,36425200
2023-02-22,34.39577102661133,34.569682530738135,34.21219941032591,34.43441884656372,31065200
2023-02-23,34.42476272583008,34.704950238824225,34.10592370274306,34.54070251347108,42357600
2023-02-24,34.4537467956543,34.560026470153375,34.06727592214118,34.125247658865966,48732600
2023-02-27,34.44408416748047,34.83055132711688,34.37645232240262,34.77258328028394,31664600
2023-02-28,34.51171112060547,34.68562260777101,34.40543146893113,34.4923872125139,32531400
2023-03-01,34.39577102661133,34.55035862076193,34.26050734243692,34.35712689231791,32790300
2023-03-02,34.23152160644531,34.27016942446274,33.82572688857989,34.19287378842788,38401900
2023-03-03,34.772579193115234,34.782239304565564,34.29915264755771,34.366784484686114,33091600
2023-03-06,34.80156326293945,35.01412257173795,34.69528360854021,34.79189946581659,30111100
2023-03-07,33.90302658081055,34.70494862949171,33.81607082269724,34.675964605340354,53804400
2023-03-08,33.77742004394531,34.047951093099,33.603508542938975,33.86437579444848,50860300
2023-03-09,32.405460357666016,33.64216126905934,32.241208944688154,33.58418953171549,107108500
2023-03-10,31.816083908081055,32.57936162393119,31.429613152150832,32.0286431924085,166569400
2023-03-13,30.5600643157959,31.226724488360485,30.30886084950213,30.68566789177233,165965900
2023-03-14,31.17841911315918,31.738797823486777,30.791950083883407,31.729137710230866,128115500
2023-03-15,30.34750747680664,30.473111055469026,29.912728693482357,30.299199542139313,132235000
2023-03-16,30.927209854125977,31.246048854951805,29.854758600591047,30.144611735115554,133892600
2023-03-17,29.93205451965332,30.637360730770276,29.85476071354228,30.637360730770276,136760600
2023-03-20,30.26509666442871,30.52725867705804,30.119451719182184,30.16799941693904,75384500
2023-03-21,31.03215980529785,31.109839081803578,30.886514865801384,30.95448238076801,115899200
2023-03-22,30.313642501831055,31.119546458177716,30.29422453510557,31.032159125997584,67874100
2023-03-23,30.109737396240234,30.68260903529354,29.896124964651555,30.371899370446126,82366300
2023-03-24,30.09032440185547,30.119454134030654,29.507742722184496,29.740775023657662,76619100
2023-03-27,30.507837295532227,30.67290205222256,30.33306262939236,30.604934538051694,61393300
2023-03-28,30.498126983642578,30.604934134202196,30.313642410487557,30.46899725567836,42980100
2023-03-29,30.944774627685547,30.954482685368408,30.69232253248539,30.82825756375628,52147200
2023-03-30,30.87680435180664,31.187514043843684,30.702031539017693,31.168094225097406,45061700
2023-03-31,31.216644287109375,31.226352344090923,30.935062483274432,31.05157768681072,49034400
2023-04-03,31.27490234375,31.401129317529925,31.090419615880734,31.187515008664178,51213500
2023-04-04,30.98360824584961,31.401125045124765,30.77970572637606,31.352577355338394,45939300
2023-04-05,30.944774627685547,31.032160110662613,30.74087022880331,30.750580138462073,57965300
2023-04-06,31.061288833618164,31.11954643770798,30.857386293315876,30.886514169372866,36762300
2023-04-10,31.129257202148438,31.138965259205982,30.87680327123348,30.944772634466776,27900700
2023-04-11,31.401124954223633,31.53705996681249,31.187510675040404,31.206930491688997,53912600
2023-04-12,31.333162307739258,31.72154758909624,31.255483029096737,31.556484677908692,63645800
2023-04-13,31.614742279052734,31.63416209757216,31.138965985205935,31.352580284967967,58550300
2023-04-14,31.925451278686523,32.187613267115296,31.770096437834464,31.944871096786976,65276200
2023-04-17,32.29441452026367,32.30412628063095,31.77009428292148,31.90602929645284,69670600
2023-04-18,32.391510009765625,32.4594775089891,32.11964001287173,32.36238213979868,49507500
2023-04-19,32.46919250488281,32.55657983741431,32.28470978240596,32.342969238744196,39478900
2023-04-20,32.372100830078125,32.459488172638515,32.245873845501535,32.25558560798165,39291800
2023-04-21,32.255584716796875,32.29442065378796,32.071098274293135,32.27500453726843,41545000
2023-04-24,32.17790603637695,32.352680719935776,32.100230456990865,32.236165498880595,32774200
2023-04-25,31.624446868896484,32.03225560518722,31.61473881267703,31.973996156016756,58534300
2023-04-26,31.323450088500977,31.711839068137994,31.187515056813567,31.53706439769652,54294200
2023-04-27,31.828353881835938,31.886613339237403,31.439968611014802,31.439968611014802,46398800
2023-04-28,32.20703125,32.23616283081676,31.605031669762635,31.672999185082087,54577500
2023-05-01,32.11964797973633,32.459485560146035,32.080808340846126,32.29441894683858,31950600
2023-05-02,31.39141845703125,32.003126044063535,31.100124896785612,31.993417987232704,76096700
2023-05-03,31.03215980529785,31.58561168656996,31.00303192858409,31.430256837510274,65642400
2023-05-04,30.63405990600586,30.925351609712326,30.352479962929557,30.760286866538042,76076600
2023-05-05,31.39141845703125,31.439966149088363,31.09041683995478,31.138964532011894,54989500
2023-05-08,31.43996810913086,31.672998527113265,31.401128471483222,31.566191375558116,34323600
2023-05-09,31.323450088500977,31.44967706247578,31.138967360346893,31.206934876190598,29736200
2023-05-10,31.1486759185791,31.59532060646099,30.876802179212852,31.527353097607286,39706100
2023-05-11,31.100126266479492,31.14867766462636,30.818546306590726,30.954481331918004,36693200
2023-05-12,30.973899841308594,31.30403118539159,30.76999731193539,31.30403118539159,36217700
2023-05-15,31.226354598999023,31.284614056949952,30.97390250380604,31.032160109781067,33208500
2023-05-16,30.9350643157959,31.255482070489386,30.915644496730877,31.16809473667266,31241400
2023-05-17,31.556482315063477,31.643869645017098,31.109837608167883,31.177805119914968,46818800
2023-05-18,31.789514541625977,31.82835047178101,31.381705791411434,31.498220989779288,42232500
2023-05-19,31.653575897216797,31.964285562901154,31.50793282489991,31.86719018135656,40131500
2023-05-22,31.71183967590332,31.82835489044674,31.517645182363026,31.76038737330042,35286200
2023-05-23,31.342866897583008,31.740963896697796,31.323447080071134,31.57590100377405,42217200
2023-05-24,30.9350643157959,31.138966860051003,30.867096801044198,31.10983898342935,46610700
2023-05-25,30.925352096557617,31.032157389486574,30.74086753317016,30.857384586882173,41658900
2023-05-26,31.177804946899414,31.255480515342928,30.94477268564152,30.99332037891266,44183000
2023-05-30,31.168092727661133,31.294319691471653,30.96419019654904,31.226352181100957,57900500
2023-05-31,30.837968826293945,31.012743503867352,30.575806809933837,30.983613773613122,67667900
2023-06-01,31.168092727661133,31.236060238031833,30.799125449087732,31.012739741082225,48643400
2023-06-02,31.847768783569336,31.96428397643017,31.46909162880823,31.46909162880823,65747500
2023-06-05,31.682706832885742,31.88660935236874,31.537060059568567,31.88660935236874,53591100
2023-06-06,32.08080291748047,32.12935060591016,31.634158257605367,31.653574369816283,46236100
2023-06-07,32.20703125,32.27500246927124,31.91574136949494,32.10993585781557,48467100
2023-06-08,32.17790603637695,32.22645373648727,31.925455773432038,32.100230456990865,36261200
2023-06-09,32.1876106262207,32.32354563781926,32.100223303914305,32.11964312042143,34021700
2023-06-12,32.17790603637695,32.30413301982546,31.935163831873265,32.216745678046045,33655200
2023-06-13,32.372100830078125,32.5080358731827,32.109938802396954,32.14877844441316,46054400
2023-06-14,32.24587631225586,32.61484553173103,32.1390691405168,32.44977889251092,57195400
2023-06-15,32.673099517822266,32.75077509081338,32.1099358718416,32.139063748719295,52241800
2023-06-16,32.605133056640625,32.847875249007686,32.56629341691343,32.81874366723634,49842000
2023-06-20,32.36130142211914,32.44908086874799,32.16623557176929,32.39055999747155,50683100
2023-06-21,32.32228088378906,32.47833278797325,32.18573593269925,32.28326697760029,35967600
2023-06-22,32.068702697753906,32.273520154809425,31.961416300085368,32.263768537099295,38690000
2023-06-23,31.932153701782227,32.03943636535786,31.71758093348905,31.824867317635636,35529600
2023-06-26,31.86387825012207,32.127216548127755,31.776102538024556,31.883385204111867,25728300
2023-06-27,32.117462158203125,32.18573463098683,31.902889403413912,31.92239635571936,34348100
2023-06-28,32.0394401550293,32.08820940491603,31.893143567083285,32.07845406671012,36663200
2023-06-29,32.59537124633789,32.59537124633789,32.16622943391299,32.20524334065278,47471000
2023-06-30,32.87821960449219,33.014764570447895,32.75142997643119,32.809947121514334,44727600
2023-07-03,33.063533782958984,33.161064838372745,32.829454041166166,32.87821956887305,19128000
2023-07-05,32.995262145996094,33.08303786577613,32.77093401576476,32.86846879425042,39831600
2023-07-06,32.71241760253906,32.75143151480788,32.42957231944733,32.72216922032054,45808400
2023-07-07,32.76118469238281,33.0342746501237,32.5758741811403,32.5758741811403,33479500
2023-07-10,32.9074821472168,33.09279264233784,32.74167488689055,32.77093345965405,27254400
2023-07-11,33.297607421875,33.33662132947773,32.956245031778614,33.024517509797896,33754200
2023-07-12,33.512184143066406,33.74626017513039,33.42440470089955,33.57070129079668,46546000
2023-07-13,33.62922286987305,33.677988400869445,33.50242951282519,33.560950382363785,40453700
2023-07-14,33.40489959716797,33.88281074670453,33.356134064498114,33.873055407827565,47547500
2023-07-17,33.72675704956055,33.82428810980995,33.36588394138056,33.36588394138056,38568900
2023-07-18,34.10712814331055,34.136386712767376,33.75601042754503,33.804775950163375,47176500
2023-07-19,34.2534294128418,34.38997438314389,34.09737748670064,34.10713282490587,45599800
2023-07-20,34.50701141357422,34.51676302987854,34.185152266968174,34.19490760384339,45591500
2023-07-21,34.38997268676758,34.585038514964744,34.302193250107415,34.565531560087905,30609200
2023-07-24,34.72158432006836,34.82887071420563,34.39972885822785,34.40948047561701,32299800
2023-07-25,34.49726104736328,34.7020822249754,34.46800247366359,34.62405440101432,36218600
2023-07-26,34.70207977294922,34.80936244245804,34.40947917434157,34.45824842115695,35638700
2023-07-27,34.263179779052734,34.78985262799554,34.214414256817214,34.70207692031413,44072800
2023-07-28,34.331451416015625,34.546020452726886,34.14613722724632,34.53626883674624,32422700
2023-07-31,34.458251953125,34.565534633630286,34.311951638825406,34.39973108329085,28627000
2023-08-01,34.458251953125,34.4875105277563,34.27293772560264,34.38997574469939,26480300
2023-08-02,34.165645599365234,34.2924389358066,33.97058350708119,34.165645599365234,48923800
2023-08-03,34.185157775878906,34.26318560117118,33.863302297977,33.96083335902085,31861600
2023-08-04,34.04861068725586,34.487507875834034,34.0193521148744,34.15589708008289,36191800
2023-08-07,34.52652359008789,34.585040737908365,34.25342992483036,34.263185263181406,33119300
2023-08-08,34.21441650390625,34.243675075054995,33.81452952182752,34.07786782387953,37254800
2023-08-09,33.9608268737793,34.29243762680329,33.92181296858335,34.194906584384206,38304200
2023-08-10,33.990089416503906,34.38997269008967,33.902309979835266,34.13638971780871,38097500
2023-08-11,34.0583610534668,34.11688191665134,33.80477808747603,33.88280590505542,27516100
2023-08-14,33.990089416503906,34.058361898293825,33.83403749804534,33.96083084447143,23773800
2023-08-15,33.365882873535156,33.746259205134244,33.32686896245542,33.70724901462585,57472100
2023-08-16,33.31711959838867,33.57070259641548,33.27810568467021,33.30736798024485,33566500
2023-08-17,33.15131378173828,33.47316924650416,33.05377900410367,33.424403717972524,38205400
2023-08-18,33.14155578613281,33.239090555946305,32.88797282575981,32.91723139641834,40858300
2023-08-21,33.102542877197266,33.25859479303725,32.8392045716102,33.19032231239295,32308300
2023-08-22,32.79043960571289,33.15131269022211,32.74167407878687,33.11229878045281,43148900
2023-08-23,33.11229705810547,33.12204867475495,32.80019323732767,32.848958761717135,30240500
2023-08-24,32.995262145996094,33.463417921013146,32.995262145996094,33.063534630650366,35784900
2023-08-25,33.15131378173828,33.27810341180627,32.878220124932696,33.13180682621136,40347200
2023-08-28,33.33662033081055,33.45365832954162,33.22933394840253,33.25859251794257,34905300
2023-08-29,33.63897705078125,33.64872866841633,33.258596992727874,33.30736624261748,43394300
2023-08-30,33.658485412597656,33.853551280152494,33.59021291703926,33.68774771110266,33799900
2023-08-31,33.53168869018555,33.76576470543306,33.49267478078723,33.756013088369066,27999700
2023-09-01,33.83403778076172,33.941324173205565,33.707248153847395,33.736506726124354,41069200
2023-09-05,33.49267578125,33.93157297366339,33.48292416389472,33.795028007261735,38612300
2023-09-06,33.47317123413086,33.54144372224342,33.2293398564227,33.4048987460183,35672800
2023-09-07,33.38539123535156,33.53169154777744,33.2878601741153,33.336625704733436,47632600
2023-09-08,33.45365905761719,33.52193153507709,33.287855532520574,33.41464515033411,39720800
2023-09-11,33.60971450805664,33.78527338876035,33.52193506770478,33.60971450805664,28965100
2023-09-12,33.83403778076172,34.07786913792637,33.56094785132011,33.59996176140355,48615200
2023-09-13,33.83403778076172,34.02910361060769,33.707248153847395,33.990089700524244,31994900
2023-09-14,34.14613723754883,34.19490647917911,33.90230591168051,34.068113147967765,65685500
2023-09-15,33.97058868408203,34.17540614453631,33.90231247669245,33.92181943300783,51766400
2023-09-18,34.063655853271484,34.112639367270155,33.818734546075575,33.926500519194185,32458700
2023-09-19,34.02446746826172,34.16162280202085,33.808935522524486,34.09304513514128,36112900
2023-09-20,33.789344787597656,34.2497942984112,33.779545842591666,34.14202832656042,31618000
2023-09-21,33.230918884277344,33.67177795439353,33.230918884277344,33.67177795439353,48103300
2023-09-22,32.97620391845703,33.30929703832842,32.97620391845703,33.279907678022916,41688300
2023-09-25,33.05458068847656,33.074171103973164,32.79986044059076,32.90762641183456,40141700
2023-09-26,32.61372375488281,32.956612106811086,32.55494129289393,32.809661557643004,46165400
2023-09-27,32.56473922729492,32.70189456380729,32.28062960897494,32.70189456380729,49360900
2023-09-28,32.799861907958984,32.91742309221042,32.584329955829126,32.594128901218305,63638100
2023-09-29,32.496158599853516,33.00559538852676,32.41778572162833,32.956611872485674,52853400
2023-10-02,32.22184753417969,32.466768848653174,32.04550388878256,32.388395971367046,49350600
2023-10-03,31.71240997314453,32.15326907581528,31.585053583530545,32.06509725528113,52921800
2023-10-04,31.947538375854492,31.967132530407703,31.555662759195958,31.722211204296833,40136000
2023-10-05,32.09449005126953,32.15327251698429,31.79078998808408,31.85936766281647,41407800
2023-10-06,32.36880111694336,32.554939966520244,31.849565400203474,31.957331374191046,54048800
2023-10-09,32.38839340209961,32.45697106573593,32.045501346715646,32.07489444341863,61396600
2023-10-10,32.62351989746094,32.829252914509105,32.47656934408489,32.486364552762154,44743400
2023-10-11,32.67250061035156,32.84884424902617,32.427579305214884,32.72148786114092,35746400
2023-10-12,32.466766357421875,32.770470109458245,32.24143921386033,32.770470109458245,41991200
2023-10-13,32.53534698486328,32.97620610468583,32.35900333693426,32.672502324985246,53213800
2023-10-16,32.878238677978516,33.03498817012371,32.711690240397736,32.78026790963609,45589300
2023-10-17,33.03498840332031,33.25051662078971,32.72148941681691,32.73128462511895,41925200
2023-10-18,32.466766357421875,32.897830229628646,32.398188693607594,32.868437132849394,46942100
2023-10-19,32.03571319580078,32.58433462573635,32.016119039416914,32.40799469268792,66656200
2023-10-20,31.54586410522461,32.08469021637981,31.516471008003546,32.025907759140125,59901700
2023-10-23,31.349925994873047,31.702613260267754,31.32053476655642,31.477286115643892,55913700
2023-10-24,31.56545639038086,31.712406918983532,31.398907973321833,31.496878729592503,35825000
2023-10-25,31.447893142700195,31.66342508066939,31.35972132600393,31.447893142700195,59240100
2023-10-26,31.379316329956055,31.692815300673125,31.32053574009692,31.36952112214725,56046100
2023-10-27,30.81110191345215,31.37931741609363,30.72293009131091,31.340130977698262,73057300
2023-10-30,31.359722137451172,31.43809874863252,30.948256140356662,31.02663088293675,48978100
2023-10-31,31.70261573791504,31.7124109461849,31.359723653226702,31.41850611445397,41050100
2023-11-01,31.908349990844727,32.035710126536216,31.692818028474953,31.761395700646638,51764100
2023-11-02,32.6627082824707,32.68230243707361,32.14347626570373,32.202254992309584,47417000
2023-11-03,33.09376907348633,33.25051857595507,32.966412672057494,32.976207880935505,58794800
2023-11-06,32.99580001831055,33.230922389035236,32.81945637166568,33.181938873234486,40599700
2023-11-07,32.94681167602539,33.02518454238496,32.839045714729096,32.89782816740039,27442000
2023-11-08,32.986000061035156,33.01539315937618,32.78026705866092,32.9370165467369,30165800
2023-11-09,32.848846435546875,33.14275501103637,32.7900677102112,33.09376775698627,34336600
2023-11-10,33.221126556396484,33.25051591788405,32.80966054676004,33.00559460628065,35146100
2023-11-13,33.172142028808594,33.260313847782136,33.05458084924471,33.10356436262945,28327300
2023-11-14,33.79914093017578,33.98527978120989,33.50523610431043,33.53462546573618,54296300
2023-11-15,33.98527908325195,34.08324984799678,33.848123749811734,33.857922694887485,35000200
2023-11-16,34.122440338134766,34.16162490933843,33.97548605021198,34.083252029728314,33222500
2023-11-17,34.29877471923828,34.30857366336074,34.16161939914136,34.24979121023255,31336100
2023-11-20,34.43593978881836,34.51431266947047,34.18121951799263,34.24979719001429,37285400
2023-11-21,34.41633987426758,34.50451168599611,34.35755742071449,34.38694677888993,27285700
2023-11-22,34.55350112915039,34.62207880147125,34.43593993905791,34.494718665502724,32719200
2023-11-24,34.66126251220703,34.72004123085392,34.54369760050854,34.55349654508459,13168500
2023-11-27,34.543697357177734,34.60247981261291,34.46532448713317,34.533902149873036,35017000
2023-11-28,34.53390121459961,34.651462385083754,34.44572940243595,34.50451185627913,39329300
2023-11-29,34.77882766723633,34.98456068045188,34.63187337939506,34.63187337939506,36651300
2023-11-30,35.17070007324219,35.17070007324219,34.749435139483396,34.857201109124354,37334500
2023-12-01,35.43521499633789,35.47440330470166,35.05313833279804,35.11192079534371,51261600
2023-12-04,35.396026611328125,35.53318193862035,35.19028988318741,35.22947818732872,41366600
2023-12-05,35.21968460083008,35.29805747551733,35.06293511425302,35.288262267632376,39510900
2023-12-06,35.04334259033203,35.54298043414714,34.994359074225095,35.41562403970965,35616100
2023-12-07,35.20988464355469,35.22947879596386,35.04333995388039,35.131511771120444,26050900
2023-12-08,35.396026611328125,35.45480533033772,35.131511164177816,35.17069946831913,33210100
2023-12-11,35.61155700683594,35.6801346747131,35.40582400320444,35.40582400320444,31165700
2023-12-12,35.866275787353516,35.876070994989185,35.55277682217761,35.69972735992744,37245700
2023-12-13,36.44429016113281,36.48347846603311,35.80749328671151,35.87607095168581,56989000
2023-12-14,36.8067741394043,36.94392947494598,36.610836344115064,36.73819647163346,66865700
2023-12-15,36.591243743896484,36.679415568658754,36.43449424845275,36.503071919134214,69241700
2023-12-18,36.71332550048828,36.841312396753445,36.673943183620025,36.77239522008622,43434000
2023-12-19,36.98899459838867,36.998842055562115,36.59517893694962,36.69363473016163,32509000
2023-12-20,36.3293571472168,36.97915034998746,36.3293571472168,36.890542015259435,52985700
2023-12-21,36.68379211425781,36.69363957273085,36.349049884569034,36.48688801325675,27522200
2023-12-22,36.76255416870117,36.91023598975036,36.62471980543111,36.79208903062912,30327700
2023-12-26,36.91023254394531,36.979149719146484,36.73301587751248,36.79208559585385,17837600
2023-12-27,37.028377532958984,37.028377532958984,36.77239622204489,36.83146969895689,32640800
2023-12-28,37.13667678833008,37.21543766799682,36.95946011444925,36.969303816018396,25308000
2023-12-29,37.018531799316406,37.185904780508174,36.910236053492,37.126831300845545,30211300
