Price,Close,High,Low,Open,Volume
Ticker,XLK,XLK,XLK,XLK,XLK
Date,,,,,
2014-01-02,30.678442001342773,30.877821140605956,30.626432064827238,30.877821140605956,8552500
2014-01-03,30.531076431274414,30.75646054120077,30.51373868330511,30.75646054120077,5204800
2014-01-06,30.479055404663086,30.59174908426904,30.366361725057132,30.496393148205268,4524700
2014-01-07,30.756458282470703,30.799800995792257,30.5570791557219,30.61775961573949,7161800
2014-01-08,30.756458282470703,30.860481455809847,30.652435109131556,30.773796029166736,4696400
2014-01-09,30.557086944580078,30.886497602095837,30.479068717979974,30.886497602095837,6341900
2014-01-10,30.61775779724121,30.70444321873576,30.461721393081522,30.643762762322204,12960100
2014-01-13,30.28835105895996,30.7391225825606,30.19299840603824,30.59175668608744,6445300
2014-01-14,30.799795150756836,30.817132894162597,30.375032011243192,30.409707498054715,6419400
2014-01-15,31.172544479370117,31.2505626615482,30.92982271563209,30.97316541532302,9674000
2014-01-16,31.16388511657715,31.21589504658022,31.094534134123922,31.189890081578685,6931300
2014-01-17,30.990507125854492,31.17254847197401,30.92115615199766,31.111868023267505,6338700
2014-01-21,31.14654541015625,31.233230825928718,30.88648585600221,31.233230825928718,6294200
2014-01-22,31.11187171936035,31.163884955932154,31.03385351792107,31.11187171936035,4215900
2014-01-23,31.051193237304688,31.051193237304688,30.843146891466084,30.97317503090595,6418000
2014-01-24,30.453046798706055,30.97316581538738,30.444376274554266,30.92115259098482,15496700
2014-01-27,30.166982650756836,30.513730908113537,30.019616790823935,30.496393164562054,8014000
2014-01-28,29.984941482543945,30.03695471350858,29.811567352831634,29.898256071106026,13145500
2014-01-29,29.75088119506836,29.92425529151487,29.638187536352753,29.733543454740126,11219400
2014-01-30,30.114978790283203,30.219001965699636,29.950271846800298,30.10630826334351,8329900
2014-01-31,30.18433380126953,30.33170303349581,29.86359367019529,29.87226089240252,10943500
2014-02-03,29.551513671875,30.227669274317485,29.438819969188874,30.11497887846849,15975800
2014-02-04,29.664196014404297,29.742214193026637,29.516826873968384,29.603515576235353,5725700
2014-02-05,29.69020652770996,29.77689193936284,29.40413871694978,29.60352111605708,9203100
2014-02-06,30.019622802734375,30.028290022827633,29.71621719007631,29.71621719007631,9139700
2014-02-07,30.427051544189453,30.4357220720489,30.080306487073425,30.21033464342788,10464800
2014-02-10,30.487720489501953,30.53973371648864,30.34902185770701,30.42704004476893,6758700
2014-02-11,30.860475540161133,30.947164257023932,30.58307825987303,30.61775374661815,7041400
2014-02-12,30.981840133666992,31.033850057602777,30.91248915930399,30.938494121271884,8047800
2014-02-13,31.207237243652344,31.233242216500607,30.765136171042588,30.808478894735646,6914300
2014-02-14,31.26793098449707,31.328611484780346,31.10322724184807,31.181245500332178,12376300
2014-02-18,31.285247802734375,31.36326600899903,31.198562376590107,31.302585549330637,5946500
2014-02-19,31.18122673034668,31.363268121614087,31.111875739290184,31.224569446338357,8611700
2014-02-20,31.285247802734375,31.35459548228238,31.042525964060797,31.181224629993846,6697000
2014-02-21,31.16388511657715,31.432611906491275,31.15521459035207,31.380601976488204,6372600
2014-02-24,31.285247802734375,31.441284215263686,31.129211390205064,31.129211390205064,7845200
2014-02-25,31.198570251464844,31.345936174474346,31.1205520255075,31.33726895240703,5611600
2014-02-26,31.224571228027344,31.345932162463864,31.103210293590827,31.21590070023191,5820700
2014-02-27,31.475954055786133,31.49329179926876,31.189886248577423,31.21589121038314,5449400
2014-02-28,31.510644912719727,31.59733368151453,31.155229227757044,31.45863495828125,9701000
2014-03-03,31.172544479370117,31.2505626615482,30.92115219159229,31.12053456247541,9027300
2014-03-04,31.57999610900879,31.666681571462718,31.46730236234794,31.510645093574905,11604900
2014-03-05,31.623332977294922,31.684013451130244,31.5626525034596,31.649337949842113,8930800
2014-03-06,31.666677474975586,31.72735795221123,31.59732977535113,31.666677474975586,8665400
2014-03-07,31.571308135986328,31.770690541783743,31.441280014144024,31.753352797504117,7197400
2014-03-10,31.519311904907227,31.623335108945756,31.397950949055936,31.55398740853275,7557700
2014-03-11,31.449941635131836,31.683996180992846,31.363256235999316,31.571302516651766,9456600
2014-03-12,31.50197410583496,31.53664960940846,31.215906161610626,31.319932672331127,6356100
2014-03-13,31.077199935913086,31.59732244317271,30.964509536818476,31.588651915957907,9397400
2014-03-14,30.88648796081543,31.120542567555116,30.860479688842,31.01651609333512,8939800
2014-03-17,31.250579833984375,31.3372685878384,31.033862909606068,31.094543383884968,16444900
2014-03-18,31.65799903869629,31.69267452964477,31.267908032617967,31.267908032617967,6864000
2014-03-19,31.527969360351562,31.744686230617347,31.328590236527486,31.59732034611838,7789400
2014-03-20,31.770692825317383,31.85737824610948,31.44128227400112,31.49329551057848,5895500
2014-03-21,31.611377716064453,31.985734685241916,31.550436192808956,31.91608533234195,9109700
2014-03-24,31.58525276184082,31.829022138986524,31.324074370172188,31.707135789881953,10354100
2014-03-25,31.776796340942383,31.84644570785546,31.52432236747939,31.646205438512666,7626300
2014-03-26,31.39373207092285,31.985738354223944,31.39373207092285,31.92479350291372,7513400
2014-03-27,31.28054428100586,31.428544147585814,31.115132079346495,31.376310463410928,12927400
2014-03-28,31.402442932128906,31.60267990358994,31.271852014579757,31.37632607704507,6355800
2014-03-31,31.646196365356445,31.768082722508773,31.559138002739864,31.602667184048155,7283500
2014-04-01,32.02055740356445,32.02055740356445,31.698437435351117,31.707141944302148,7024200
2014-04-02,32.037960052490234,32.133726227306994,31.916077037655477,32.107609387288996,10504700
2014-04-03,31.881261825561523,32.151148096354646,31.78549562234254,32.08149874089936,7762600
2014-04-04,31.271846771240234,32.098914694559014,31.184788388181175,32.04668099314935,10095800
2014-04-07,31.028057098388672,31.315355522403564,30.906174126162444,31.14123556733956,11181300
2014-04-08,31.306657791137695,31.35018696367175,30.993242435191714,31.089008607404427,7329700
2014-04-09,31.724563598632812,31.733271431204827,31.315385136504755,31.411151368406554,6656900
2014-04-10,30.99325180053711,31.77679042716682,30.941018106137786,31.724553411703507,8086800
2014-04-11,30.645009994506836,31.02807141555267,30.618889830504465,30.78430535862018,14254400
2014-04-14,30.949716567993164,31.06289508551922,30.732067361015627,30.845245878541682,4992300
2014-04-15,31.106435775756836,31.184789652111473,30.58407881410232,31.001965047638848,8589300
2014-04-16,31.4111385345459,31.419843042496396,31.062898437379452,31.28054766784256,13999700
2014-04-17,31.367616653442383,31.489499732404113,31.097733641759927,31.26314591734159,7881700
2014-04-21,31.489490509033203,31.52431518455482,31.306665944140498,31.393727632944536,3526000
2014-04-22,31.62007713317871,31.689726474863733,31.445957100029556,31.50689861347225,5478500
2014-04-23,31.28054428100586,31.567839507157732,31.271836452934487,31.567839507157732,11424100
2014-04-24,31.524309158325195,31.80289986711464,31.31536778726472,31.794195360430127,5010700
2014-04-25,31.12383460998535,31.41113313895706,31.054185274090468,31.332779296606876,6402000
2014-04-28,31.41985321044922,31.524323944982026,31.010671462020625,31.228320762918425,12069100
2014-04-29,31.637489318847656,31.707135339139615,31.437252444046116,31.49819395720035,5476100
2014-04-30,31.733253479003906,31.81160732250024,31.506896455097536,31.59395812623967,9165600
2014-05-01,31.768081665039062,31.924786048319927,31.689727812866856,31.724549164116194,4977700
2014-05-02,31.6810359954834,31.855156123982532,31.654919138581356,31.846451612036923,6720100
2014-05-05,31.846433639526367,31.846433639526367,31.489485750960544,31.602664268772553,4082200
2014-05-06,31.489490509033203,31.785493608839236,31.480786000684727,31.785493608839236,4699900
2014-05-07,31.506900787353516,31.585254641623642,31.149956189248176,31.541725460598823,6826900
2014-05-08,31.593957901000977,31.872548604543333,31.385013212812634,31.428542387541786,3787400
2014-05-09,31.62879180908203,31.64620082720895,31.4024347206626,31.56784696138132,7438500
2014-05-12,32.05537033081055,32.07278266339376,31.759367319021575,31.77677965160479,5593400
2014-05-13,32.07278823852539,32.15984659551175,31.985729881539033,32.09890508140861,5744100
2014-05-14,31.92479133605957,32.08149906635966,31.855145300961805,32.02055754025008,5111600
2014-05-15,31.733253479003906,32.003136356886586,31.602662632822295,31.97701951607553,7288300
2014-05-16,31.93349838256836,31.95091072118158,31.628790759496983,31.724553640273694,5803700
2014-05-19,32.14243698120117,32.18596948444342,31.820317047803638,31.820317047803638,3298500
2014-05-20,31.959625244140625,32.20339474004413,31.855154500790583,32.17727456340783,4237100
2014-05-21,32.177284240722656,32.18599207590866,31.985755040489366,31.985755040489366,4161400
2014-05-22,32.23820495605469,32.34267898433265,32.13373424884063,32.1772634334245,3175000
2014-05-23,32.50809097290039,32.52550331081748,32.26432488418887,32.31655857687627,3312100
2014-05-27,32.78668212890625,32.795386637436785,32.57773739247032,32.58644522206477,5674500
2014-05-28,32.699623107910156,32.83021065965015,32.673502940711074,32.80409381351492,6776900
2014-05-29,32.89113235473633,32.89984017890827,32.7344247302598,32.812778542498066,4664000
2014-05-30,32.92598342895508,32.96951262155688,32.78668801999061,32.8998665776069,6219200
2014-06-02,32.87373352050781,33.00432436819333,32.73443816613943,32.97820752708151,5461500
2014-06-03,32.82150650024414,32.89986036054672,32.717035793528666,32.82150650024414,5669300
2014-06-04,32.88242721557617,32.92595637240836,32.68219043729869,32.76924875096306,3499200
2014-06-05,33.100101470947266,33.13492615129825,32.795390499472624,32.995630750958625,5667600
2014-06-06,33.248085021972656,33.274205179916294,33.16102668499433,33.274205179916294,4798900
2014-06-09,33.35257339477539,33.40480709106287,33.230687020955024,33.29163186839726,6392000
2014-06-10,33.36997604370117,33.41350521832182,33.30032670745762,33.352563709640286,3594700
2014-06-11,33.291629791259766,33.378688160349874,33.20456810110576,33.23068494762001,4254700
2014-06-12,33.004337310791016,33.41351902767325,32.8998665843125,33.309044980130224,4818000
2014-06-13,33.19585418701172,33.256795692320594,33.05655884329671,33.204558693028865,7331700
2014-06-16,33.19585418701172,33.29162035851509,33.08267568241111,33.13491268170284,7064400
2014-06-17,33.27421951293945,33.335161039287655,33.134924121134404,33.16974547828759,7037600
2014-06-18,33.44832992553711,33.46574226134721,33.10009317252556,33.34385923173999,13035300
2014-06-19,33.38739776611328,33.5005763200606,33.25681019254122,33.5005763200606,5918700
2014-06-20,33.313926696777344,33.427627039028444,33.24395622881496,33.41013442203785,5427200
2014-06-23,33.410125732421875,33.410125732421875,33.25269555682796,33.278932807302056,3767100
2014-06-24,33.23520278930664,33.56755575138461,33.156487701876976,33.39263296416596,8471300
2014-06-25,33.36640548706055,33.41888000313402,33.130260155603,33.165242054193435,5111900
2014-06-26,33.331424713134766,33.41013983415576,33.13900923144432,33.39264721433153,11352300
2014-06-27,33.5325813293457,33.5325813293457,33.287691350171926,33.30518396816658,10883300
2014-06-30,33.541324615478516,33.655024959663784,33.48010212315774,33.50634271727779,4490400
2014-07-01,33.8824348449707,33.98738724081202,33.63754147283896,33.66378207408167,7488900
2014-07-02,33.91740798950195,33.961141201481716,33.86493347332727,33.94364858396494,4970000
2014-07-03,34.06608963012695,34.08358224562053,33.92615204255356,34.039849038698954,2193000
2014-07-07,34.101078033447266,34.12731529094079,33.97862971360115,34.06609279920552,10482200
2014-07-08,33.794960021972656,34.08358318097453,33.61129255881256,34.08358318097453,6923900
2014-07-09,33.96113967895508,33.97862895931214,33.777468871450985,33.84743933838121,7118100
2014-07-10,33.86493682861328,34.01361908767361,33.42763135649328,33.42763135649328,4421900
2014-07-11,34.039852142333984,34.039852142333984,33.856184667468106,33.94364775291059,3261300
2014-07-14,34.284759521484375,34.32848941397201,34.162314487968224,34.197296400132174,4209100
2014-07-15,34.2235107421875,34.40717815151849,34.03109535924587,34.3634482925884,7414500
2014-07-16,34.53838348388672,34.62584323319539,34.468413015339316,34.54712812426735,8064800
2014-07-17,34.092342376708984,34.54714057707621,33.98738997243248,34.503410686659066,5670700
2014-07-18,34.503387451171875,34.52962470047795,34.206019725663026,34.24974958663134,4770500
2014-07-21,34.45967483520508,34.55587924293009,34.319737208251375,34.48591209764134,6181600
2014-07-22,34.748287200927734,34.77452445767819,34.599604964174524,34.6608274541759,4789800
2014-07-23,34.80951690673828,34.90572464993389,34.678327259415695,34.82700952698986,5473400
2014-07-24,34.783267974853516,34.914457578162335,34.713297517322104,34.914457578162335,11659600
2014-07-25,34.739540100097656,34.783269970376054,34.57336192211441,34.67831761443285,4749500
2014-07-28,34.80077362060547,34.87074076796147,34.52964300070725,34.765788378739316,7762200
2014-07-29,34.73078155517578,35.05438983678313,34.71328894511261,35.05438983678313,7312400
2014-07-30,34.765785217285156,34.88823021630575,34.59961033809664,34.88823021630575,7762300
2014-07-31,34.10981750488281,34.582108086449665,34.05733966147258,34.547122857509514,17416500
2014-08-01,33.926151275634766,34.16229657489704,33.75997310038992,34.02235899048701,15507400
2014-08-04,34.17104721069336,34.25850696515663,33.85618675642437,34.031109601726676,6333700
2014-08-05,33.84743881225586,34.07483615349343,33.7075012169461,33.96113915106237,12293400
2014-08-06,33.74248123168945,33.90865605780401,33.57630306919997,33.62003293540118,9140900
2014-08-07,33.6025390625,33.943640013387586,33.488842081912274,33.882417535725025,6865000
2014-08-08,33.821197509765625,33.84743810209376,33.48009983687821,33.58505553344001,6022800
2014-08-11,33.987388610839844,34.083596367729385,33.90867347669173,33.978640631280804,6507700
2014-08-12,33.969879150390625,34.057338884370324,33.80370432127919,33.952386536319686,6704900
2014-08-13,34.30222702026367,34.30222702026367,34.04858915869084,34.04858915869084,5492700
2014-08-14,34.36346435546875,34.36346435546875,34.214778761955515,34.32847911742141,4614600
2014-08-15,34.36346435546875,34.52963923162972,34.1185710255133,34.442179472887304,8910900
2014-08-18,34.687068939208984,34.70456155796676,34.50340144681616,34.59960918179599,4248000
2014-08-19,34.90570831298828,34.91445295083323,34.739533502937455,34.7832633649114,5047800
2014-08-20,34.90570831298828,34.96693078702672,34.82699322688534,34.853230476794785,7005300
2014-08-21,35.0718994140625,35.12437727463215,34.905724526822844,34.905724526822844,3454500
2014-08-22,35.08064270019531,35.15060983522036,35.00192758805732,35.0981353180455,4407700
2014-08-25,35.115623474121094,35.25556106276649,35.04565301161075,35.24681308676505,3430700
2014-08-26,35.13311767578125,35.1768508891652,35.08938779877305,35.168102911938114,3352300
2014-08-27,35.12437057495117,35.168100448896695,35.02816285044571,35.14186319180448,4330700
2014-08-28,35.0718994140625,35.12437727463215,34.940709767202605,35.00193226967912,3528300
2014-08-29,35.22932052612305,35.238068502138134,35.03690842666987,35.13311280820881,7684000
2014-09-02,35.238075256347656,35.30804239600277,35.13311954230109,35.30804239600277,5688800
2014-09-03,35.04563903808594,35.369243957229116,35.001909184640745,35.369243957229116,6891600
2014-09-04,35.028160095214844,35.281798015074045,34.92320773872579,35.11562317260177,5213200
2014-09-05,35.238075256347656,35.24681989766357,35.01067454562269,35.0981376406615,7025200
2014-09-08,35.29054641723633,35.378009503948405,35.14186417438922,35.220579284242284,6386100
2014-09-09,35.03691101074219,35.456723808296005,34.940703285732354,35.308038232451125,8562700
2014-09-10,35.246829986572266,35.29055987842077,34.9494620510748,35.045669814967646,7229800
2014-09-11,35.32552719116211,35.34301980629563,35.05439999753051,35.17684496708997,10322200
2014-09-12,35.17685317993164,35.31679079729626,35.0631528232054,35.299298178078686,5555700
2014-09-15,34.96693801879883,35.23806855731116,34.90571553209851,35.23806855731116,6882200
2014-09-16,35.22932052612305,35.27305373344791,34.80076311989182,34.86198560649628,11910600
2014-09-17,35.299293518066406,35.430483140315346,35.08938545154236,35.22057841016683,7654500
2014-09-18,35.50920104980469,35.52669366809311,35.3692634398731,35.3692634398731,7395300
2014-09-19,35.433650970458984,35.635676837393554,35.301893367758815,35.635676837393554,15726300
2014-09-22,35.19649887084961,35.442442888678855,35.09987704934928,35.442442888678855,6380400
2014-09-23,35.1174430847168,35.275550902241015,35.055957083539134,35.14379327072558,5968500
2014-09-24,35.3458137512207,35.35459602746317,34.96811220883125,35.12621998707497,7144500
2014-09-25,34.57283020019531,35.2228256294607,34.57283020019531,35.20526108335835,9351500
2014-09-26,34.9505500793457,35.0208183530983,34.63433447062031,34.63433447062031,4881500
2014-09-29,34.94176483154297,34.99446855048314,34.55528094485496,34.669470660524226,4826400
2014-09-30,35.047176361083984,35.20528418562762,34.90663644490474,35.00325491480505,6759900
2014-10-01,34.5025749206543,34.976898307217745,34.40595311775412,34.93298021973638,13059200
2014-10-02,34.485008239746094,34.607983580089,34.13366017668688,34.52014405127264,13376800
2014-10-03,34.7661018371582,34.871505952702805,34.57285816637942,34.69583019297085,6705100
2014-10-06,34.77486801147461,35.00324404783922,34.68703184765781,34.94175806302048,6947800
2014-10-07,34.230281829833984,34.704601880378064,34.230281829833984,34.67825169721878,9006700
2014-10-08,34.88026809692383,34.94175407472448,34.0370289578854,34.274190594002675,8670600
2014-10-09,34.300559997558594,34.90664119095988,34.26542417605259,34.845151827956194,15300100
2014-10-10,33.42217254638672,34.24784730119997,33.42217254638672,34.07217160757576,30182600
2014-10-13,33.05326461791992,33.7032604859401,33.00934652155142,33.378262551930014,28603900
2014-10-14,33.1059684753418,33.4836701751622,33.01813227336621,33.32556233101709,21542100
2014-10-15,32.877601623535156,33.00935931443977,32.130983643708376,32.63165750796629,29067200
2014-10-16,32.68434143066406,32.90393523767052,32.23637153869455,32.3242077212029,27123100
2014-10-17,33.07081985473633,33.307978154400544,32.85122610630046,33.00933387323306,12785900
2014-10-20,33.307987213134766,33.32555511987572,32.71947741562296,32.88636750355864,9221400
2014-10-21,33.957984924316406,33.975552830314825,33.54514751019222,33.54514751019222,11572800
2014-10-22,33.79987716674805,34.15122858572037,33.77352698308253,34.072174683988365,12079200
2014-10-23,34.177581787109375,34.36203979052568,33.966770246965204,34.03704187725851,32216000
2014-10-24,34.47622299194336,34.50257317295037,34.133657235911734,34.326900831923474,6903200
2014-10-27,34.5113639831543,34.599200166858466,34.33568826501034,34.37082407878626,5943500
2014-10-28,34.98569107055664,35.00325562854328,34.607989409860366,34.607989409860366,7745400
2014-10-29,34.9505500793457,35.064736443035606,34.73095627892368,34.94176445091695,13176100
2014-10-30,35.064754486083984,35.12624386451899,34.7748922627568,34.92421451552655,9188200
2014-10-31,35.609336853027344,35.61811913204561,35.424878837019996,35.49514712137404,9962900
2014-11-03,35.7586555480957,35.8201415474075,35.600547735369474,35.653251456523435,9529800
2014-11-04,35.74987030029297,35.84649210568129,35.530276506496,35.70595221168065,6433200
2014-11-05,35.84649658203125,35.98703649358189,35.68838876269481,35.969468585796086,7278100
2014-11-06,35.828914642333984,35.8552648183251,35.60932090711605,35.828914642333984,8589600
2014-11-07,35.872833251953125,35.90796905428605,35.69715759102304,35.86405097673716,7475700
2014-11-10,35.969451904296875,36.004587703573605,35.79377625864746,35.855262232014624,4820900
2014-11-11,35.987037658691406,36.004605567045985,35.837712113045434,35.99581993750074,3054300
2014-11-12,36.101219177246094,36.127572711598425,35.85527519486073,35.87284310085046,4516600
2014-11-13,36.294464111328125,36.41743610698958,36.127574024464096,36.189060022294825,5396100
2014-11-14,36.54920196533203,36.54920196533203,36.303257918601545,36.303257918601545,4343300
2014-11-17,36.47892379760742,36.53162751993755,36.30325142464511,36.443791333456396,4132700
2014-11-18,36.60189437866211,36.680948283721804,36.44378991927832,36.45257219729135,4829900
2014-11-19,36.36473083496094,36.61067479312441,36.19783741986276,36.61067479312441,7167000
2014-11-20,36.54920196533203,36.54920196533203,36.171500264575165,36.24176855618259,4897400
2014-11-21,36.60189437866211,36.85662400060286,36.45257219729135,36.839056093841194,6462800
2014-11-24,36.79513168334961,36.803917310589455,36.56675563613897,36.672159707871955,3113200
2014-11-25,36.81271743774414,36.96204301661495,36.786367244717326,36.847853262270995,4744600
2014-11-26,37.14649200439453,37.16405991237085,36.82149073293636,36.82149073293636,10241000
2014-11-28,37.32215881347656,37.401212705108314,37.14648312643545,37.21675139081087,5432500
2014-12-01,36.900543212890625,37.27824484289907,36.742438748704856,37.23432675002881,11664700
2014-12-02,36.909324645996094,36.970810639171766,36.75999912632995,36.882974463416616,5630600
2014-12-03,37.041072845458984,37.10256217930327,36.83026471786489,36.988372488927844,4271700
2014-12-04,37.041072845458984,37.1552625358344,36.900532976818,37.01472266719342,3766800
2014-12-05,36.99716567993164,37.13770559003569,36.90932949264252,37.06743731035154,7179500
2014-12-08,36.61946487426758,36.98838424087241,36.46135705297063,36.92689823822759,6689900
2014-12-09,36.61067199707031,36.663375705823846,36.01337670080308,36.13634867049312,8221700
2014-12-10,36.05729675292969,36.619456274078075,35.98702848815367,36.619456274078075,8270600
2014-12-11,36.21540832519531,36.628245732667686,36.118786519128555,36.118786519128555,9038200
2014-12-12,35.67959213256836,36.20661915144015,35.63567405201273,35.93432169081965,8983000
2014-12-15,35.46000671386719,36.066087760491286,35.301898906116165,35.91676223062174,10251100
2014-12-16,34.98569107055664,35.8464984935489,34.98569107055664,35.20528490348536,15651500
2014-12-17,35.644466400146484,35.75865276097661,35.02960310421687,35.09108909873628,15283000
2014-12-18,36.66339111328125,36.68095567284557,36.17149967707331,36.27690378814062,10659300
2014-12-19,36.70399856567383,36.89824741215961,36.65985201915404,36.81878228115775,11694400
2014-12-22,37.14546203613281,37.14546203613281,36.78345505069562,36.84526087492894,6107000
2014-12-23,37.24258804321289,37.3661996970122,37.22492875436085,37.30439387011255,6699400
2014-12-24,37.207271575927734,37.330883236738366,37.19844361508346,37.330883236738366,2655600
2014-12-26,37.3662109375,37.43684811415719,37.26025854068018,37.27791783484447,2278500
2014-12-29,37.180782318115234,37.330881221521096,37.14546374031446,37.224928856283725,4638300
2014-12-30,36.9158935546875,37.16311682166804,36.880574982786165,37.11013896381604,5503400
2014-12-31,36.509742736816406,37.08365783631101,36.47442752725386,37.03951129823411,5955300
2015-01-02,36.43912124633789,36.82761562794759,36.253703702944584,36.73932252199823,8495200
2015-01-05,35.88286590576172,36.30667888478652,35.776913503047055,36.30667888478652,7194700
2015-01-06,35.45022201538086,35.98881531582389,35.28246040951954,35.98881531582389,8745600
2015-01-07,35.75041961669922,35.83871270789857,35.49436493678936,35.72392899480699,6534600
2015-01-08,36.536231994628906,36.6156971074763,35.988804164718026,36.0417820293379,14211700
2015-01-09,36.42144775390625,36.730476872431055,36.15656517114716,36.64218380089962,9169900
2015-01-12,35.99764633178711,36.49209644595693,35.874034645286116,36.403799978337766,5628700
2015-01-13,35.97114944458008,36.7481379426009,35.715094809289944,36.29783786688804,11679200
2015-01-14,35.76807403564453,35.927004287649595,35.44138557015207,35.67978094815967,8830700
2015-01-15,35.30896759033203,36.006491492780015,35.282476953310244,35.918198351153926,9327700
2015-01-16,35.65330505371094,35.68862027905611,35.17651414580326,35.194173442559084,18821500
2015-01-20,35.9534912109375,36.03295632876777,35.503187753844315,35.865194764367736,12015800
2015-01-21,36.015289306640625,36.16538818133406,35.61796380279873,35.79455328985783,13919100
2015-01-22,36.60688400268555,36.63337463226529,35.81223584678996,36.11243715941714,8812200
2015-01-23,36.5980339050293,36.76579207280288,36.47442226896829,36.5980339050293,6478800
2015-01-26,36.44795227050781,36.65102912577828,36.333171896767794,36.553908048344354,9733500
2015-01-27,35.39723587036133,35.8475359654496,35.238305632526625,35.8475359654496,10792000
2015-01-28,35.33544158935547,36.14774896539835,35.33544158935547,36.032968598022414,13047200
2015-01-29,35.670955657958984,35.74158945960333,35.017575309879156,35.35309513014532,16817600
2015-01-30,35.22947311401367,35.75041029992776,35.15883596493023,35.57382079538381,13006300
2015-02-02,35.591487884521484,35.63563442829349,34.77917733282186,35.35309250635416,15623600
2015-02-03,35.99764633178711,36.03296491883478,35.60032064791545,35.69744507821362,9883700
2015-02-04,36.06827163696289,36.33315760922489,35.93583201899695,35.93583201899695,5889400
2015-02-05,36.4037971496582,36.42145644180986,36.103595919411205,36.21837963431418,5091800
2015-02-06,36.28901290893555,36.624532718624245,36.18306052572642,36.45677449786266,4790300
2015-02-09,36.23604202270508,36.412631591145,36.1565768853154,36.19189547263656,7165700
2015-02-10,36.77464294433594,36.81878949951069,36.35082658379277,36.48326961748329,11245700
2015-02-11,36.9158935546875,36.977699371432635,36.72164477739456,36.827597124934165,6250000
2015-02-12,37.419193267822266,37.44568052813414,37.1454792279896,37.1984571167797,6769200
2015-02-13,37.65757751464844,37.68406476708221,37.43684142925933,37.50747522513785,4315800
2015-02-17,37.67523956298828,37.73704877565873,37.57811849888538,37.69289885687042,5340300
2015-02-18,37.71055603027344,37.745874616051736,37.569285055325956,37.67523744449514,3749800
2015-02-19,37.84299850463867,37.87831708991465,37.613431068510444,37.68406823906242,3125400
2015-02-20,38.037235260009766,38.09020975291268,37.64873768184384,37.8429864709268,6933500
2015-02-23,38.0637321472168,38.090219400376924,37.869483308934626,38.08139143871203,4047000
2015-02-24,38.17851638793945,38.23149089499523,37.842996581202335,38.037245422181535,4655500
2015-02-25,37.940120697021484,38.116706876676716,37.86065556891044,38.07256033176291,5867400
2015-02-26,38.17851638793945,38.23149089499523,37.948948963479396,38.05490134575646,7559400
2015-02-27,38.04607391357422,38.24915071916774,38.01075532960173,38.1696855893124,6056000
2015-03-02,38.346256256103516,38.37274349695557,38.054883134075276,38.17849811710064,6844500
2015-03-03,38.090206146240234,38.31094216087368,37.92244798765796,38.31094216087368,8612100
2015-03-04,37.940120697021484,38.01075449525048,37.73704389588559,37.99309520365186,5882700
2015-03-05,37.8959846496582,38.028427701024526,37.76354496645858,38.028427701024526,7704300
2015-03-06,37.428016662597656,37.93129475608039,37.366210817304406,37.87832024192386,8076700
2015-03-09,37.60460662841797,37.76353690888004,37.445676347955896,37.49865423083192,6249300
2015-03-10,36.83644104003906,37.40152491090785,36.83644104003906,37.39269358083241,8797900
2015-03-11,36.5980339050293,36.92472228149974,36.57154329147018,36.92472228149974,11520200
2015-03-12,36.83644104003906,36.8629282939343,36.45677468276805,36.49209326673874,12334900
2015-03-13,36.63336181640625,36.87175382205903,36.43028165606224,36.783460736125804,15187700
2015-03-16,37.06599807739258,37.09248532626983,36.71282240909122,36.82760273300258,8639400
2015-03-17,37.074832916259766,37.18078528996588,36.91590267161798,36.97770850362698,9533700
2015-03-18,37.57810592651367,37.71054553407101,36.880579208284765,37.03067810381604,15855400
2015-03-19,37.4721565246582,37.65757739560458,37.44566927230816,37.525134397523644,8992400
2015-03-20,37.71419143676758,37.90036787078023,37.634401053340504,37.696459864678054,19296100
2015-03-23,37.71419143676758,37.90036787078023,37.705323959747034,37.72305553183656,3753100
2015-03-24,37.59008026123047,37.84717964574519,37.59008026123047,37.74079357691316,7117400
2015-03-25,36.62373352050781,37.61667811167216,36.62373352050781,37.54575180704139,8174300
2015-03-26,36.65031814575195,36.83649456635745,36.29569349340225,36.41981448909058,9002400
2015-03-27,36.67691421508789,36.77443616465609,36.48187369790287,36.65918264407991,7909300
2015-03-30,37.120182037353516,37.146781076738904,36.88081097458704,36.9517372370143,6605400
2015-03-31,36.73897933959961,37.075872482774415,36.73897933959961,37.00494956849926,7963600
2015-04-01,36.68578338623047,36.80990100706843,36.42868066766523,36.7744378634143,10427800
2015-04-02,36.67691421508789,36.82763087768002,36.605991313007344,36.7478404991198,5469300
2015-04-06,37.03154373168945,37.10246664307854,36.38435652373688,36.41981967040733,7344700
2015-04-07,36.951744079589844,37.253173986822574,36.94287660416922,37.03153444862059,4684300
2015-04-08,37.06700134277344,37.18225147931323,36.88082154153357,36.951747824282336,7203500
2015-04-09,37.16452407836914,37.22658627371315,36.87196158408414,37.06700550157527,7290100
2015-04-10,37.30636215209961,37.34182190171159,37.084722652760476,37.19997275741256,4316300
2015-04-13,37.199974060058594,37.5368670577973,37.191109967832794,37.37728634212899,3887200
2015-04-14,37.084739685058594,37.26204866040416,36.9074273277611,37.21772141656777,5851300
2015-04-15,37.41275405883789,37.49254442644816,37.14678729412062,37.18224704931893,12583100
2015-04-16,37.279781341552734,37.39503488451197,37.173395276795304,37.26204976710116,9114300
2015-04-17,36.76557159423828,37.04926996279104,36.65031807515393,36.96947958526361,10159400
2015-04-20,37.39503479003906,37.43936203508,36.91629242691205,36.93402400131883,4845800
2015-04-21,37.37730407714844,37.62553936066095,37.33297683108579,37.61667526422926,5001400
2015-04-22,37.758522033691406,37.79398518102401,37.31524283788942,37.439360471601674,6095100
2015-04-23,37.90922546386719,38.05994210980227,37.58119989135106,37.669857736592576,5899800
2015-04-24,38.237266540527344,38.28159378622548,38.024491026443414,38.210667487546814,6228800
2015-04-27,38.34363555908203,38.50321627820767,38.26384519951921,38.379098692654516,9250700
2015-04-28,38.46776580810547,38.60961500714118,38.07768135624518,38.37911132694003,9149800
2015-04-29,38.28158950805664,38.51209318909818,38.042218349695226,38.28158950805664,8571100
2015-04-30,37.74966049194336,38.201803814194186,37.598943796558345,38.08655026854119,8652600
2015-05-01,38.210670471191406,38.22840204724562,37.873780672018206,37.9801667463912,10548400
2015-05-04,38.24612045288086,38.44116434035972,38.22838888293268,38.299315162725414,7698800
2015-05-05,37.65213394165039,38.210663263213064,37.625534891610485,38.1486044497061,8104900
2015-05-06,37.332969665527344,37.864903280085855,37.11133009580272,37.793980376388724,9873900
2015-05-07,37.6077995300293,37.74078462097591,37.315237064678634,37.39502744285633,5640300
2015-05-08,38.14858627319336,38.17518531055972,37.92694679285744,37.98900557679549,9819200
2015-05-11,37.95357131958008,38.16634346970682,37.918108167241506,38.12201622025977,6046500
2015-05-12,37.74966049194336,37.918105380242274,37.42163142985038,37.74966049194336,7650500
2015-05-13,37.90922546386719,38.13086500404449,37.82943509412532,37.90922546386719,9306500
2015-05-14,38.520957946777344,38.53868951821354,38.1752007586502,38.21066051957114,6976200
2015-05-15,38.3968391418457,38.63621027590828,38.30818128740512,38.60074713413205,8468200
2015-05-18,38.58302307128906,38.653945986691404,38.29045716763041,38.343651890646164,3393300
2015-05-19,38.485496520996094,38.67167295645551,38.4411692814036,38.62734571686302,4565400
2015-05-20,38.51209259033203,38.71600060014705,38.370243392984555,38.51209259033203,11010900
2015-05-21,38.680545806884766,38.72487305263501,38.41457895043123,38.45890619618147,3713100
2015-05-22,38.65394592285156,38.75146789057672,38.556427337078404,38.556427337078404,3968500
2015-05-26,38.09541702270508,38.56529191088896,37.98016347924321,38.538696240071616,7924400
2015-05-27,38.81352615356445,38.84012520562329,38.21066616349398,38.237265215552824,12587100
2015-05-28,38.73373794555664,38.80466424577727,38.61848778062632,38.68941069889481,4664800
2015-05-29,38.45003128051758,38.75146122804691,38.352509329559346,38.73372965678619,7738400
2015-06-01,38.55641555786133,38.68939725162638,38.31704445074308,38.67166568273418,6936300
2015-06-02,38.47663116455078,38.65394011710835,38.22839254345751,38.41457235476533,5637800
2015-06-03,38.55641555786133,38.7691876206658,38.485489282292534,38.53868398896913,5657300
2015-06-04,38.20179748535156,38.56528625500574,38.1131430076609,38.34364667882755,8347300
2015-06-05,38.07768249511719,38.23726327154925,37.90923424113235,38.15747288333322,7727500
2015-06-08,37.65213394165039,38.07768154082029,37.58120765081289,38.06881406348976,8379500
2015-06-09,37.563472747802734,37.70532193494998,37.31523751578291,37.59007179548443,7706700
2015-06-10,38.14858627319336,38.228376621392286,37.65211600168896,37.65211600168896,8964800
2015-06-11,38.166324615478516,38.37910004244619,38.11313329519961,38.28157811266728,5644700
2015-06-12,37.82944869995117,38.04222422310715,37.79398893105201,37.98016540009336,6158800
2015-06-15,37.598934173583984,37.65212888456749,37.3152358122411,37.58120260325615,9179100
2015-06-16,37.8471794128418,37.89151004137181,37.51915372982288,37.581212551422354,9173300
2015-06-17,37.864898681640625,38.01561532936456,37.64325913883268,37.87376615724552,11023900
2015-06-18,38.20179748535156,38.26385629612533,37.83830871569739,37.84717281068584,8963200
2015-06-19,37.883880615234375,38.21338214465654,37.883880615234375,38.12432877902941,13434800
2015-06-22,38.195560455322266,38.31133251704093,38.10650711379543,38.20446782777528,5438000
2015-06-23,38.22228240966797,38.28462383615326,38.13322905269094,38.27571646215487,3993300
2015-06-24,38.04417419433594,38.35586432862277,38.04417419433594,38.133227547798555,4846800
2015-06-25,37.95512390136719,38.27572146384716,37.94621992337308,38.24900613269658,4913800
2015-06-26,37.63451385498047,37.97292265836187,37.527649168658435,37.92839598882495,10174300
2015-06-29,36.833038330078125,37.45642214419683,36.82413095431113,37.23378531038075,13107400
2015-06-30,36.868648529052734,37.126904586803484,36.77068781186537,37.10909323848148,11382900
2015-07-01,37.11799240112305,37.27829110339741,36.95769369884869,37.19814175226023,8149500
2015-07-02,37.17143630981445,37.296112356447544,37.028948914066994,37.224866959990074,5160700
2015-07-06,37.02003860473633,37.18924131215153,36.81521320191775,36.91317391569342,7509000
2015-07-07,37.07346725463867,37.12689789280378,36.378838383991756,37.09127859974928,19659900
2015-07-08,36.46788787841797,36.85082322944799,36.45007653683913,36.77067389092622,16160000
2015-07-09,36.32541275024414,36.9844156242915,36.32541275024414,36.886454911270825,8993800
2015-07-10,36.904266357421875,37.02894579070584,36.69944095563473,36.7884976936947,6748300
2015-07-13,37.46531677246094,37.49203209875753,37.12690791831107,37.135815291855025,7071500
2015-07-14,37.6077995300293,37.70576024390866,37.456408170155534,37.47421951787608,6126400
2015-07-15,37.61670684814453,37.73247551241001,37.509838761975644,37.5899881280187,6538500
2015-07-16,38.09761428833008,38.11542564286988,37.83935814042423,37.91060016141492,5206600
2015-07-17,38.685367584228516,38.685367584228516,38.373677435671084,38.42711148849571,7775000
2015-07-20,38.89018630981445,39.01486574487903,38.68536090510208,38.81894431551622,9309500
2015-07-21,38.631927490234375,38.83675288026858,38.59630479705443,38.69426550471579,5975200
2015-07-22,38.008544921875,38.19555897010976,37.84824619562604,37.87496151761184,8591300
2015-07-23,37.92839431762695,38.26680310609741,37.83934098247698,38.115408359742084,6322600
2015-07-24,37.72357177734375,38.16884528104768,37.69685645421503,38.115411237623,9746100
2015-07-27,37.38516616821289,37.66123698715605,37.33173212020751,37.42078886688314,8653600
2015-07-28,37.72357177734375,37.794813771409416,37.28720224896031,37.54546169642873,7887500
2015-07-29,37.972930908203125,38.05308028964935,37.589995352089815,37.72357878688948,8376300
2015-07-30,38.04417419433594,38.106512221193306,37.63451993577195,37.81263003986486,6808200
2015-07-31,37.919498443603516,38.15103920275697,37.84825304253002,38.08870117540151,10912000
2015-08-03,37.71466827392578,37.96402377165457,37.483127523000036,37.90168574651426,9198300
2015-08-04,37.492034912109375,37.714671707067666,37.358454873435136,37.67905240172194,7382700
2015-08-05,37.85715866088867,38.124325529333206,37.65233321967096,37.732482600770744,10392800
2015-08-06,37.483116149902344,38.00853891463836,37.349532766751985,37.85714418725685,6509900
2015-08-07,37.50984573364258,37.5632797866584,37.25158963698571,37.39407704786006,7912500
2015-08-10,38.09761428833008,38.14214437326385,37.67905934673452,37.67905934673452,5572000
2015-08-11,37.527645111083984,38.04416393393299,37.420780436316406,37.99072989796583,27344500
2015-08-12,37.69685745239258,37.76809944834467,36.90426774119207,37.25158393689822,10035700
2015-08-13,37.589996337890625,37.839351862911506,37.51875432871891,37.723579776193525,6643900
2015-08-14,37.77700424194336,37.81262693927446,37.46531413321474,37.49202945762937,5953000
2015-08-17,37.990726470947266,37.999630444221886,37.50983038212309,37.63450639096644,5591700
2015-08-18,37.79481887817383,37.95511763293989,37.750292201220525,37.901686979462994,4691900
2015-08-19,37.545475006103516,37.866072585967274,37.33174215380487,37.67905846343623,9227600
2015-08-20,36.628196716308594,37.3050108982261,36.628196716308594,37.144712176714876,13726900
2015-08-21,35.230045318603516,36.51243194945777,35.230045318603516,36.23636111905468,23666400
2015-08-24,33.84077835083008,35.274559240293456,27.891925463700318,32.95913552535785,36103900
2015-08-25,33.57362747192383,35.21223432659521,33.53800477141261,35.14989629928442,18605400
2015-08-26,35.26565933227539,35.31909337448457,33.94765019895336,34.24153233535312,34388400
2015-08-27,36.08496856689453,36.09387254305868,35.29238219875035,35.746559720808314,20105500
2015-08-28,36.15621566772461,36.218553701169434,35.84452550050052,35.92467488595357,13836100
2015-08-31,35.82670974731445,36.21854925185558,35.737656395381165,35.86233244695482,11050300
2015-09-01,34.67789840698242,35.37252736603838,34.50869570264639,35.06974125495429,21289000
2015-09-02,35.515018463134766,35.55063776444887,34.856012129894935,35.19442097113526,12685100
2015-09-03,35.541725158691406,35.995902563969004,35.43486048636139,35.7109278396445,11031100
2015-09-04,34.99849319458008,35.247848641669435,34.829290503156535,35.06973857865329,13780500
2015-09-08,35.97809982299805,36.004815145655144,35.577352997305724,35.6664063376075,9454600
2015-09-09,35.50611877441406,36.38776206822415,35.42596938406769,36.20965193443574,9652300
2015-09-10,35.86233139038086,36.06715681152696,35.43486919879324,35.45268054808866,14024400
2015-09-11,36.03152847290039,36.03152847290039,35.604066348223654,35.61297372006085,6859700
2015-09-14,35.942481994628906,36.218549425244284,35.85342524510166,36.18293012260102,7445400
2015-09-15,36.40556716918945,36.50352789580815,35.96029360977186,36.058254336390554,8806000
2015-09-16,36.55694580078125,36.59256848843272,36.316497754883564,36.361027813031136,7718100
2015-09-17,36.307594299316406,36.8686397477451,36.182918287924814,36.40555499317166,16782600
2015-09-18,35.836177825927734,36.21189246778801,35.75566705803119,35.880905271984616,18115100
2015-09-21,36.19398880004883,36.30133872995607,35.863001714045495,35.89878502401457,6960600
2015-09-22,35.585689544677734,35.75565857685711,35.36204895495506,35.61252873593397,12288200
2015-09-23,35.675148010253906,35.80933031728205,35.47834319829778,35.71092791130398,5678200
2015-09-24,35.675148010253906,35.77355041623197,35.08473698687013,35.272594264200286,11028200
2015-09-25,35.612518310546875,36.05085182709201,35.451496860086,36.00612440473812,10828900
2015-09-28,34.79848098754883,35.51413027158252,34.780589328887366,35.46045529559814,12583300
2015-09-29,34.64638900756836,35.12050581877645,34.395912716738955,34.88792117907536,13103400
2015-09-30,35.335208892822266,35.38888385634364,34.968438506636645,35.06684090018374,12466800
2015-10-01,35.35310745239258,35.46045398791776,34.87899045904527,35.33521579439091,13518000
2015-10-02,35.85406494140625,35.85406494140625,34.81636921452349,34.94161082508466,14917000
2015-10-05,36.56075668334961,36.65021495212421,36.00612906688321,36.07769568190289,8568900
2015-10-06,36.60549545288086,36.686006213480425,36.42658568486857,36.43552980827515,9857900
2015-10-07,36.77546310424805,36.92753708374256,36.33712599940894,36.80229888592709,15218900
2015-10-08,36.94541931152344,37.01698592771245,36.45341076891829,36.632323896906726,15374800
2015-10-09,37.10643768310547,37.13327345569065,36.90068879749025,37.052762725451316,11376500
2015-10-12,37.151180267333984,37.2137993705729,36.99015874115243,37.18696358703771,6343700
2015-10-13,37.070674896240234,37.29431555818965,36.945436671546275,36.95438420901623,8951800
2015-10-14,36.99909973144531,37.22274032129933,36.90069732591201,36.96331641807237,12756100
2015-10-15,37.47322082519531,37.49111248385617,37.13328613560897,37.15117779426983,8421900
2015-10-16,37.5447883605957,37.571624142988334,37.321147740696965,37.571624142988334,7486300
2015-10-19,37.68791961669922,37.68791961669922,37.35692903000078,37.46427898851738,7092100
2015-10-20,37.58950424194336,37.696850750986,37.43742689268929,37.53582928118004,5928900
2015-10-21,37.30324935913086,37.768422174188935,37.25852192570852,37.67001977316913,9417200
2015-10-22,38.144142150878906,38.22465290751712,37.571622731444954,37.571622731444954,14236000
2015-10-23,39.20867156982422,39.36074553959817,38.967139312696695,39.09237750250695,16691700
2015-10-26,39.05659484863281,39.172888917918456,38.91346499892925,39.172888917918456,8288100
2015-10-27,38.832950592041016,39.07448283053491,38.788223158057214,38.96713630647689,7679000
2015-10-28,39.4144172668457,39.4144172668457,38.89556948036829,39.011863538110546,14779600
2015-10-29,39.30707550048828,39.36075047963699,39.06554321304684,39.18183729495979,7609000
2015-10-30,39.047645568847656,39.37863266273179,39.038698034900214,39.36968512878435,9339500
2015-11-02,39.39653396606445,39.41442562585653,39.02081593540121,39.11921835801504,13743300
2015-11-03,39.602272033691406,39.745401860143716,39.199718330392955,39.271284949861226,6879000
2015-11-04,39.64699172973633,39.754338225511866,39.54858935340726,39.691719151935835,7298600
2015-11-05,39.53071594238281,39.87959818648161,39.450205180280804,39.68279334301334,6728800
2015-11-06,39.664894104003906,39.68278576021721,39.34285111713355,39.48598095435543,6868900
2015-11-09,39.28023910522461,39.548607171817025,39.09238179985843,39.548607171817025,10146200
2015-11-10,39.02081298828125,39.06554042814073,38.859791474799195,39.0565963051628,17273300
2015-11-11,39.002925872802734,39.30707727675286,38.94030676720877,39.11027583595124,8201100
2015-11-12,38.6629753112793,39.0029064545532,38.65402777922894,38.815049231299156,8034000
2015-11-13,37.902618408203125,38.582487931100026,37.89367428322439,38.52881294377058,15044900
2015-11-16,38.48408126831055,38.4930253923072,37.822103480542694,37.83999514102132,9079200
2015-11-17,38.493019104003906,38.788226334947545,38.412508351245165,38.56458573422712,9394400
2015-11-18,39.07448196411133,39.11026527549871,38.627200809222224,38.67192824221425,10166800
2015-11-19,39.25340270996094,39.44126001239656,39.101325313357066,39.11027284917879,9367500
2015-11-20,39.5396614074707,39.55755306616572,39.36969235611053,39.41442320909055,7288200
2015-11-23,39.30707550048828,39.5843911073622,39.16394563524356,39.56649944764597,7227100
2015-11-24,39.316017150878906,39.441255337658916,38.92240752101642,39.01186580620546,11303400
2015-11-25,39.19078063964844,39.333910489585584,39.18183310450467,39.32496295444181,6576600
2015-11-27,39.28023910522461,39.35180574297465,39.172892561084666,39.23551166287339,3800700
2015-11-30,39.32497024536133,39.45020846071512,39.19078790569031,39.33391778216399,17025600
2015-12-01,39.6738395690918,39.68278710374363,39.40547154177529,39.485982291218704,7779000
2015-12-02,39.423370361328125,39.87065162561593,39.37864291739639,39.71857763375098,9697100
2015-12-03,38.9134635925293,39.64700447230924,38.72560631142375,39.530710407226664,11854300
2015-12-04,39.87064743041992,39.94221406316863,38.949249214931996,39.029759970531856,12840200
2015-12-07,39.6738395690918,39.861700259449506,39.485982291218704,39.82591694581141,12814900
2015-12-08,39.57545471191406,39.68280127868861,39.217628272684465,39.333922377306955,11378300
2015-12-09,38.99396896362305,39.70067396645563,38.8061117084349,39.40546678331637,16253900
2015-12-10,39.101318359375,39.39652556425984,38.98502771425471,39.101318359375,9073400
2015-12-11,38.28727722167969,38.770341827317665,38.260441436639375,38.671939398856,16960300
2015-12-14,38.58246612548828,38.59141024541207,37.884705334500964,38.27831486082298,21034200
2015-12-15,38.75244140625,39.02080943344317,38.698766435817525,38.87767959144117,17021900
2015-12-16,39.28023910522461,39.35180574297465,38.600373109024815,38.993979379194684,18173800
2015-12-17,38.6629753112793,39.44124338796291,38.65402777922894,39.44124338796291,12108600
2015-12-18,37.91315841674805,38.632405363680846,37.85022482333497,38.55149025363209,22813900
2015-12-21,38.29975891113281,38.32673290544838,37.97610184596377,38.22783626208109,11163300
2015-12-22,38.578468322753906,38.641401928416485,38.26380029444098,38.443608636548774,9482600
2015-12-23,38.902137756347656,38.93810080487463,38.65939232322819,38.785259563447525,8045300
2015-12-24,38.8841438293457,38.98304046643763,38.83919174783773,38.929095910853675,2432800
2015-12-28,38.857181549072266,38.884152117801236,38.524528529832956,38.74030336853887,7177200
2015-12-29,39.38761901855469,39.48651223345275,39.01001396034447,39.09092908498779,6809200
2015-12-30,39.05497360229492,39.369645116629165,39.05497360229492,39.369645116629165,7196500
2015-12-31,38.50654602050781,38.947081264134894,38.50654602050781,38.92011069849937,8834500
2016-01-04,38.00307846069336,38.012067507146796,37.40970193564908,37.81427761854853,21638600
2016-01-05,37.9041862487793,38.20986530843175,37.7333669091243,38.119961114850206,16067200
2016-01-06,37.43667984008789,37.688414345606596,37.21191590883892,37.34677563943847,13858400
2016-01-07,36.33083724975586,37.14897772187836,36.312855725908385,36.67247934360783,16840700
2016-01-08,36.04313278198242,36.771368924162424,35.99818069583845,36.645498281485224,19233100
2016-01-11,36.276885986328125,36.438716241478055,35.8273582619393,36.2948675068586,19135100
2016-01-12,36.708431243896484,36.78934293220182,36.24092205470771,36.66347573311714,15841600
2016-01-13,35.719482421875,36.97816176922983,35.65654879746979,36.97816176922983,21962300
2016-01-14,36.393775939941406,36.672484453978214,35.44077562097322,35.87232539419972,19795600
2016-01-15,35.36885452270508,35.71049667940335,34.93730815985625,35.207024207933564,20177800
2016-01-19,35.404808044433594,35.845343337435125,35.09013654837923,35.78240972414919,19658800
2016-01-20,35.12609100341797,35.47672202873337,34.19107264949434,34.802430540165645,29631800
2016-01-21,35.323890686035156,35.836352036044616,34.883351991130354,35.323890686035156,22135700
2016-01-22,36.30385971069336,36.312848756079255,35.944236162019465,35.99818072320785,11248200
2016-01-25,35.88129806518555,36.420729891066436,35.818364466486905,36.106061897573234,10480600
2016-01-26,36.23194122314453,36.31285636707435,35.8003949320605,36.025158839685,11473700
2016-01-27,35.485713958740234,36.15101296334302,35.32388372959387,35.93524161089707,18022400
2016-01-28,35.944236755371094,36.079096445756086,35.51269054761325,36.007170362984255,17566800
2016-01-29,37.07705307006836,37.10402363958238,36.169005027348405,36.24093111888555,16113300
2016-02-01,37.21190643310547,37.38272917231622,36.897238381334944,36.92420894873683,14797300
2016-02-02,36.546607971191406,37.113010474988016,36.429729794219654,37.10402142889386,13951200
2016-02-03,36.501651763916016,36.79834172380089,35.935249270794145,36.78036020232685,21506200
2016-02-04,36.53760528564453,36.78035061785104,36.15101124875532,36.42971961453841,18202900
2016-02-05,35.512699127197266,36.45670689908379,35.36885035652527,36.39377327626637,23777400
2016-02-08,35.000221252441406,35.09911787895123,34.397852449892305,34.91930614253552,24821400
2016-02-09,34.8383903503418,35.33287004358323,34.52372238999458,34.57766350912636,24755300
2016-02-10,34.8923454284668,35.53966306075232,34.87436390678878,35.13509082668308,16975000
2016-02-11,34.82041931152344,35.04518318786657,34.38887308049957,34.46079916714917,24627300
2016-02-12,35.305912017822266,35.33288258696287,34.90133633258944,35.09912965195321,10893400
2016-02-16,35.93524169921875,35.944230743249506,35.50369556364239,35.701485398933336,10293300
2016-02-17,36.6724739074707,36.74439656257415,36.09707894814514,36.14203103628786,11128700
2016-02-18,36.52863311767578,36.84330123278319,36.45670701729396,36.79834913485716,11578400
2016-02-19,36.555599212646484,36.663484920378586,36.303864751396645,36.39376893623593,8579300
2016-02-22,37.04108810424805,37.09502924048002,36.8343057462347,36.88824688246666,6590700
2016-02-23,36.456703186035156,36.92421250051047,36.38478052283696,36.88824945409893,8189500
2016-02-24,36.73541259765625,36.8073352627073,35.8723200392939,36.06112089338099,10144400
2016-02-25,37.19392776489258,37.21190928774811,36.57358065968854,36.86127816612735,9403400
2016-02-26,37.09503173828125,37.43667381912832,37.01411659886023,37.40071077280234,9772600
2016-02-29,36.83431625366211,37.409711401772306,36.83431625366211,37.05908019774426,13601900
2016-03-01,37.93115997314453,37.93115997314453,37.09503787077585,37.14898244918285,12304200
2016-03-02,38.039039611816406,38.039039611816406,37.73336060324803,37.79629421416288,8748100
2016-03-03,38.039039611816406,38.06601017945861,37.7423496492539,38.057021133452736,7883900
2016-03-04,38.13793182373047,38.326736081086416,37.895189862146864,38.04802764756058,7885900
2016-03-07,37.9041862487793,38.07500558843429,37.62547776127627,37.92216777342063,15813500
2016-03-08,37.67043685913086,37.9851049961243,37.53557712634768,37.67942590749118,11700500
2016-03-09,37.99409484863281,38.00308732680893,37.724378806983374,37.724378806983374,12160600
2016-03-10,37.9581184387207,38.326730999544004,37.49060923944803,38.15590828599543,12928400
2016-03-11,38.542510986328125,38.55150346253887,38.24582443424467,38.33572861860334,8820100
2016-03-14,38.58747482299805,38.65940093607627,38.40766639955418,38.42564792782373,10060900
2016-03-15,38.73131561279297,38.76727522908829,38.41664410542892,38.434625628389,6321100
2016-03-16,39.180843353271484,39.24377696874761,38.54251129260319,38.55150376888539,14756900
2016-03-17,39.32468795776367,39.45055517543487,39.06396104708793,39.10891313488129,9367100
2016-03-18,39.38793182373047,39.50540081180137,39.2162490311354,39.478290462578165,9414400
2016-03-21,39.52348709106445,39.54155606760244,39.27951454425366,39.29758696775398,8003500
2016-03-22,39.53252029418945,39.68613071850501,39.342765024048276,39.342765024048276,13112900
2016-03-23,39.30662536621094,39.52349102282602,39.22530117585061,39.478308236099316,10675100
2016-03-24,39.415042877197266,39.415042877197266,39.080711741895584,39.13492899909105,6743200
2016-03-28,39.315650939941406,39.50540963905986,39.24336470210353,39.45119237546003,6408000
2016-03-29,39.93010330200195,39.95721365988257,39.19818913150752,39.24336846535892,10081500
2016-03-30,40.165042877197266,40.36383264307877,40.074680759103536,40.13793251828797,10988300
2016-03-31,40.08372116088867,40.28251438596499,40.011431461965444,40.1108280745036,14594900
2016-04-01,40.39093780517578,40.40901022646928,39.767451334916785,39.803596177503785,9654900
2016-04-04,40.23732376098633,40.418044526120966,40.155999589023835,40.32768586703459,7646200
2016-04-05,39.84878158569336,40.074681715877475,39.76745740094858,39.97528855404491,10726100
2016-04-06,40.23732376098633,40.23732376098633,39.71323733375396,39.85781325646929,11138500
2016-04-07,39.659027099609375,40.02950318266869,39.50541666254302,39.948178996291645,10630900
2016-04-08,39.659027099609375,40.020468693943464,39.52348908695597,39.8668548099146,8762800
2016-04-11,39.55059051513672,40.065642475108696,39.55059051513672,39.83070788424651,8138600
2016-04-12,39.8216667175293,39.85781155840873,39.35179412698196,39.62287353965418,9592000
2016-04-13,40.22829818725586,40.2915499520234,40.01143253165094,40.05661531816718,7876600
2016-04-14,40.2192497253418,40.34575666873127,40.08371174215284,40.17407039761215,6502700
2016-04-15,40.065643310546875,40.2734709963637,39.98431913375229,40.165039909624944,6460900
2016-04-18,40.23732376098633,40.23732376098633,39.88492016480282,39.94817191555566,7112900
2016-04-19,40.011436462402344,40.35480568127519,39.78553629547918,40.309626337283156,6471000
2016-04-20,40.09274673461914,40.27346749477899,39.93009839517145,40.04756740631962,6877800
2016-04-21,39.94816970825195,40.11985597677633,39.848773120571884,40.029493875720945,11277900
2016-04-22,39.25239944458008,39.514444383241155,39.044571769871546,39.31565119571042,14924400
2016-04-25,39.261436462402344,39.279508883298064,39.04457085861549,39.143967450061055,9357500
2016-04-26,39.071678161621094,39.39697137145055,38.94517122523226,39.30661272099152,7367400
2016-04-27,38.89096450805664,38.93614384152757,38.430126344551475,38.57470227983576,12779600
2016-04-28,38.40302276611328,39.08975765656146,38.27651924263303,38.95421964438797,22669600
2016-04-29,38.06868362426758,38.24940438324986,37.78856627549695,38.18614918768855,11896200
2016-05-02,38.348812103271484,38.39399489541332,37.98737389487838,38.150022295092356,12552700
2016-05-03,37.996395111083984,38.16808138853295,37.86989160999226,38.08675721683657,12531200
2016-05-04,37.87892150878906,37.987356022557414,37.770490441982176,37.82470769886635,11245700
2016-05-05,37.89699935913086,38.07772012768413,37.8066406983352,37.98736146688847,13559900
2016-05-06,38.17711639404297,38.17711639404297,37.73435068724763,37.73435068724763,9229900
2016-05-09,38.17711639404297,38.357837161040294,38.15000948543005,38.1951888154389,7541200
2016-05-10,38.674095153808594,38.674095153808594,38.24940532376358,38.29458465287963,13920200
2016-05-11,38.39398193359375,38.791564862690976,38.39398193359375,38.57469925329854,7152100
2016-05-12,38.28556442260742,38.53857498718387,38.04159179621055,38.53857498718387,9336500
2016-05-13,38.14097595214844,38.51145201610747,38.09579661692657,38.276517404776364,10921300
2016-05-16,38.674095153808594,38.76445725900253,38.17711563960843,38.17711563960843,6394200
2016-05-17,38.28556442260742,38.74640275478933,38.168098801980506,38.556643969616125,9940100
2016-05-18,38.35783386230469,38.656020172288905,38.131933784725696,38.186147597289214,10903500
2016-05-19,38.15001678466797,38.312665161388864,37.92411664444035,38.26748237577327,8634800
2016-05-20,38.610843658447266,38.70120576423751,38.33072630094034,38.357836656158355,5873000
2016-05-23,38.53855514526367,38.75541729243184,38.50241030508175,38.59276895857487,8427700
2016-05-24,39.261436462402344,39.32468821205646,38.69216726855346,38.69216726855346,9461500
2016-05-25,39.53252029418945,39.659023807616904,39.369871934936384,39.42408920367481,9814700
2016-05-26,39.659027099609375,39.722278861573464,39.45119938930415,39.532523575681196,6517100
2016-05-27,39.84878158569336,39.902998857844025,39.60481247842146,39.64999181506579,7788000
2016-05-31,39.93010330200195,39.98432057080097,39.69516869779735,39.88492396815055,12371400
2016-06-01,39.830711364746094,39.93914245869883,39.73131475905512,39.794566517774406,6885500
2016-06-02,39.79457473754883,39.79457473754883,39.469277941536554,39.66807119398029,7764500
2016-06-03,39.70419692993164,39.794559030359075,39.48733478282915,39.74034177010262,8304700
2016-06-06,39.77649688720703,39.9210728382829,39.695172699291696,39.73131754880131,8635600
2016-06-07,39.939144134521484,40.029502808779775,39.893964797392336,39.90299928603318,4409400
2016-06-08,40.02045822143555,40.08370996684799,39.86684437760418,39.930096123016625,8158500
2016-06-09,40.02949905395508,40.07467838684634,39.83070929984111,39.85781621018344,12919500
2016-06-10,39.72227096557617,39.857812398249145,39.586732979865026,39.72227096557617,8282600
2016-06-13,39.279518127441406,39.60481488619695,39.270480191385616,39.36987680622344,11783100
2016-06-14,39.36986541748047,39.43311716372323,39.089748079147064,39.18914466523187,8420600
2016-06-15,39.270477294921875,39.5144498459939,39.225297958863145,39.433125662303226,7078100
2016-06-16,39.351802825927734,39.41505458796804,38.85482321834145,39.0716888645957,9596300
2016-06-17,39.08938980102539,39.36178904203106,38.9168710899288,39.27099044961059,11465200
2016-06-20,39.252830505371094,39.59787139541353,39.243752031518746,39.43443115611681,6856000
2016-06-21,39.52523422241211,39.61603628993256,39.33455507623622,39.3708759032444,5743900
2016-06-22,39.38903045654297,39.679590101890234,39.34363116140949,39.5343102792166,6495200
2016-06-23,39.92474365234375,39.961061004018646,39.49798273053542,39.643262528465804,9763400
2016-06-24,38.39022445678711,39.17110471737352,38.308504348964256,38.517343854790695,23623000
2016-06-27,37.618431091308594,38.10875180287931,37.464069327853686,38.10875180287931,18409000
2016-06-28,38.36298370361328,38.36298370361328,37.972543592370506,38.03610328827108,13244700
2016-06-29,38.95318603515625,39.01674573300957,38.61722367365297,38.6263056097713,10504200
2016-06-30,39.37994384765625,39.39810425630412,38.953186367534485,39.04398494703006,13355300
2016-07-01,39.47074890136719,39.588786370965515,39.352707968024816,39.40718919812377,7474700
2016-07-05,39.18018341064453,39.316381269913414,39.06214249495002,39.261903511703274,8680700
2016-07-06,39.45258712768555,39.46166560051623,38.91686717333343,39.05306504825716,7850800
2016-07-07,39.45258712768555,39.634187757994454,39.307307316187206,39.41626630887498,6166100
2016-07-08,40.07002258300781,40.09726146211033,39.59786238401748,39.643261670436196,12748000
2016-07-11,40.30610656738281,40.39690861661724,40.16082675235174,40.19714757204551,5831800
2016-07-12,40.63298416137695,40.687465387088565,40.45138353941534,40.578502935665334,16042800
2016-07-13,40.642066955566406,40.778268302456866,40.61482807168597,40.75102941857643,10609400
2016-07-14,40.90537643432617,40.99617846179977,40.77825705960631,40.86905562333673,15488300
2016-07-15,40.86906814575195,41.04159031894156,40.75103066948398,41.04159031894156,4864800
2016-07-18,41.14146041870117,41.18685970296834,40.85997931425536,40.93262094007752,4107200
2016-07-19,41.050662994384766,41.1505435092302,40.98710329652745,41.06882340287882,4457900
2016-07-20,41.586387634277344,41.65902927648506,41.3139884034867,41.36846963514248,5384900
2016-07-21,41.36846923828125,41.649946939775475,41.2685887130759,41.59546917238646,5473400
2016-07-22,41.61362075805664,41.61362075805664,41.25041955501218,41.341218123901605,4707300
2016-07-25,41.55914306640625,41.64086317084125,41.43202367367262,41.54098265833806,4244800
2016-07-26,41.64994430541992,41.77706370627949,41.45018673138799,41.604545014219205,9057700
2016-07-27,41.99498748779297,42.10394648548052,41.79522643891239,42.10394648548052,10910100
2016-07-28,42.0222282409668,42.149347654548855,41.85878800529151,42.049470589408834,6329300
2016-07-29,42.17658615112305,42.276466670885505,42.04946674915044,42.203825033333196,10589700
2016-08-01,42.258323669433594,42.34004381347185,42.103961857918954,42.176603525395336,7841700
2016-08-02,41.94050216674805,42.26738259167514,41.7407446010933,42.176584013081495,11112200
2016-08-03,42.08578872680664,42.08578872680664,41.895109602903894,41.90419154046744,7980900
2016-08-04,42.312782287597656,42.33094269623965,42.058543494097236,42.09486431138124,8376200
2016-08-05,42.72138214111328,42.739542549465554,42.403583654307866,42.44898294331668,6063100
2016-08-08,42.71230697631836,42.87574720040137,42.62150492752558,42.76678474185004,5219600
2016-08-09,42.80311584472656,42.912074865711084,42.7123172378636,42.7123172378636,14918400
2016-08-10,42.66691207885742,42.83943079371865,42.61243084396971,42.82127038208941,3556200
2016-08-11,42.82127380371094,42.93931475686083,42.757714089802064,42.8031133906306,5259300
2016-08-12,42.77586364746094,42.81218446440432,42.685061605102476,42.81218446440432,3468700
2016-08-15,42.984710693359375,43.066430813952515,42.80311004051414,42.830348926130405,8280700
2016-08-16,42.66691207885742,42.91206897649124,42.66691207885742,42.91206897649124,4539000
2016-08-17,42.64874267578125,42.703220435439306,42.40358236608915,42.68506002763875,5287500
2016-08-18,42.66691207885742,42.71231137605834,42.512550311881085,42.63966972954139,3543200
2016-08-19,42.69413757324219,42.73045838510849,42.44897728875952,42.54885778952023,4788100
2016-08-22,42.69413757324219,42.739536856203436,42.50345850655898,42.576096666548324,4628700
2016-08-23,42.84850311279297,42.94838363053451,42.812185758495566,42.82126423113395,8315300
2016-08-24,42.612430572509766,42.84850899469722,42.51255004105742,42.83034858318368,6824400
2016-08-25,42.70322799682617,42.75770922987475,42.46714958110417,42.53978776142469,5912700
2016-08-26,42.72138214111328,43.03010215561442,42.49438223232549,42.67598285210447,12113600
2016-08-29,42.884822845458984,42.94838254355063,42.70322222359269,42.70322222359269,6982400
2016-08-30,42.73952865600586,42.8938903449495,42.59424890015792,42.803088332705414,5718200
2016-08-31,42.66691207885742,42.73047178768758,42.53071072351032,42.685069026742305,11161200
2016-09-01,42.80311584472656,42.839436672969676,42.467156842839806,42.65783599549892,9239600
2016-09-02,42.99378204345703,43.11182296780929,42.80310294824909,43.0119424521069,6907200
2016-09-06,43.21171951293945,43.21171951293945,42.96655910083942,43.021040346998895,15107400
2016-09-07,43.32067108154297,43.3297530195448,43.09367112391961,43.21171207173221,11585000
2016-09-08,42.96654510498047,43.17538461828044,42.857586111898726,43.16630614541694,8302600
2016-09-09,41.913272857666016,42.73047410660825,41.913272857666016,42.57611233125492,16809200
2016-09-12,42.612430572509766,42.70322916633317,41.64087107087313,41.704430779298384,19010300
2016-09-13,42.30370330810547,42.60334138774759,42.131184623689926,42.448983111756384,17358800
2016-09-14,42.50347137451172,42.76678868090376,42.303710312512514,42.31278878635597,17108700
2016-09-15,43.20262908935547,43.28434574037819,42.50346887718234,42.59426746525922,16286300
2016-09-16,43.043983459472656,43.21721925917086,42.85251560745318,43.21721925917086,15883100
2016-09-19,42.961917877197266,43.36309252027796,42.843392167260866,43.153389174154505,7121300
2016-09-20,42.934566497802734,43.18985692400938,42.879859915870796,43.10779879014708,5001100
2016-09-21,43.41780090332031,43.44515593653827,42.93457154601962,43.09868783304091,12047600
2016-09-22,43.682220458984375,43.73692705936608,43.57281073629334,43.67310443129028,10498500
2016-09-23,43.29927062988281,43.67309024925244,43.226328519727154,43.67309024925244,11986500
2016-09-26,43.043983459472656,43.18986422454537,42.96192531173977,43.11692558104491,9620400
2016-09-27,43.518096923828125,43.53633245426659,42.989280453399815,43.09869015795881,8784500
2016-09-28,43.600154876708984,43.61839040706587,43.32662887749928,43.55456778985266,9048400
2016-09-29,43.33574676513672,43.65486334298223,43.208101525227285,43.54545015614106,11406900
2016-09-30,43.56367874145508,43.70044346416471,43.39956246543208,43.4360335218975,9255300
2016-10-03,43.43604278564453,43.545452500303576,43.33574909801036,43.44516229074152,6231400
2016-10-04,43.281044006347656,43.65486370262144,43.12604372941504,43.581921577459745,8902200
2016-10-05,43.43604278564453,43.5363364732787,43.35398463013222,43.39957172140081,9007600
2016-10-06,43.53633499145508,43.581922081172046,43.28104450658247,43.47251237023693,5005900
2016-10-07,43.41780090332031,43.62750427494272,43.20809753169791,43.57280116465003,6073900
2016-10-10,43.71868133544922,43.818975007068545,43.618387663829886,43.64573921860914,6657800
2016-10-11,43.22632598876953,43.77337787062138,43.034858177928484,43.71867476927882,8727300
2016-10-12,43.29927062988281,43.41779634177889,43.043976722409255,43.26279957480498,5520400
2016-10-13,43.02573776245117,43.16250246904687,42.66103767498092,43.01662173844458,9669200
2016-10-14,43.189857482910156,43.481618967513654,43.153389905888154,43.19897698571909,9448300
2016-10-17,43.098690032958984,43.28104185874297,43.071338476416514,43.18986420681508,5075100
2016-10-18,43.33574676513672,43.5272181030728,43.28104364978807,43.41780491623163,5058900
2016-10-19,43.41780090332031,43.46338798792143,43.22633306115267,43.30839120466332,5035000
2016-10-20,43.21721649169922,43.32662618897961,43.00750964464375,43.30839065975429,6148000
2016-10-21,43.33574676513672,43.36310180088297,43.16251443641276,43.28104364978807,8076900
2016-10-24,43.755149841308594,43.78250139449223,43.52721095658804,43.5636785348091,5393100
2016-10-25,43.600154876708984,43.818977762919815,43.5180967291389,43.818977762919815,4362400
2016-10-26,43.353981018066406,43.59103943782779,43.21721975565499,43.235451808185715,6279700
2016-10-27,43.29927062988281,43.55456105928512,43.24456404726607,43.54544155648004,8821100
2016-10-28,43.25368118286133,43.70044292386056,43.144271492889175,43.41779745685522,10418900
2016-10-31,43.235443115234375,43.42691440902792,43.235443115234375,43.363091803787114,5880000
2016-11-01,42.861629486083984,43.37221387729217,42.56986797055691,43.32662679262949,9065300
2016-11-02,42.58810043334961,42.989275096865235,42.48780676747071,42.861626399701215,8167300
2016-11-03,42.17781066894531,42.56074981268523,42.15957861845091,42.469575647927435,10125700
2016-11-04,42.10487365722656,42.44222225353159,41.995463959681715,42.14134471576537,8154000
2016-11-07,43.01662826538086,43.0348637942319,42.62457309026214,42.72486675990714,13226000
2016-11-08,43.22632598876953,43.408677775410496,42.88897744422992,42.93456452137241,9780000
2016-11-09,43.171634674072266,43.2445768057481,42.34193705565716,42.569876000035734,27129400
2016-11-10,42.47869873046875,43.417806000166244,41.88605612686873,43.417806000166244,39515500
2016-11-11,42.6063346862793,42.69751232438173,42.241634568083334,42.241634568083334,14091600
2016-11-14,41.95899200439453,42.670160240344295,41.75840466478962,42.64280868606053,18971000
2016-11-15,42.551631927490234,42.6975161615646,42.22340283503763,42.241638364296925,17370800
2016-11-16,42.943687438964844,42.97104247209824,42.3966354692993,42.45134205749449,10124200
2016-11-17,43.21721649169922,43.25368407207831,42.89809994736335,42.98015808984154,8524100
2016-11-18,43.18075180053711,43.40869073235745,43.0986936459589,43.31751307278607,8823000
2016-11-21,43.61839294433594,43.65486400717122,43.27192480354474,43.33574742447049,8975500
2016-11-22,43.755149841308594,43.828088475822064,43.65485617554013,43.76426586634602,8488800
2016-11-23,43.58191680908203,43.72779756537238,43.426920027179854,43.72779756537238,8116800
2016-11-25,43.76426315307617,43.77337917754842,43.56367583397514,43.60926639054984,3109500
2016-11-28,43.80072784423828,44.001311656129644,43.70043419925728,43.727785746771865,7487800
2016-11-29,43.828086853027344,44.03779020183713,43.67309008663059,43.773380270614304,5928400
2016-11-30,43.30839538574219,43.89191847234278,43.299279359170534,43.89191847234278,11816600
2016-12-01,42.41486740112305,43.36309398098279,42.29633820912275,43.253680813872684,21865600
2016-12-02,42.56986999511719,42.67016367298787,42.27810846571437,42.37840214358504,10052700
2016-12-05,42.98015594482422,43.08956563664429,42.63368786297738,42.806923642936496,9005000
2016-12-06,43.1077880859375,43.180730177067645,42.907204291470286,43.08043654079887,9254800
2016-12-07,43.928382873535156,43.96485393043526,43.05309837636118,43.08044993000055,9972900
2016-12-08,44.03779602050781,44.22926386714505,43.828092643990125,43.946621849177234,9677100
2016-12-09,44.356910705566406,44.356910705566406,44.12897180878152,44.201910447155484,12307500
2016-12-12,44.22014236450195,44.32043602738707,44.083377646372924,44.22014236450195,9585100
2016-12-13,44.77631378173828,44.995133157049516,44.38425863306179,44.411610185457874,13967000
2016-12-14,44.62131881713867,44.976906430729606,44.5301446463133,44.80367063686107,17915000
2016-12-15,44.82190704345703,45.04984595305111,44.60308415989515,44.67602628043969,11570000
2016-12-16,44.49770736694336,44.95559692474544,44.433603108324675,44.946440670694244,10565700
2016-12-19,44.8182373046875,44.964761851709376,44.497715949771134,44.53434795988179,6627000
2016-12-20,44.98307800292969,45.056342023389064,44.87318546566139,44.93728973685297,5706500
2016-12-21,44.89149475097656,44.98307126942194,44.79991473911094,44.964755267048815,4623700
2016-12-22,44.7999267578125,44.91897905846645,44.662561943292886,44.891506794246766,11105200
2016-12-23,44.84571838378906,44.854874640693524,44.671718061813685,44.75413834763855,6358700
2016-12-27,45.028865814208984,45.23949812419189,44.87318501243636,44.89150101736621,6840700
2016-12-28,44.62593460083008,45.14792863618137,44.60761859162563,45.083824350676586,7777600
2016-12-29,44.63508987426758,44.75413868202095,44.525193830065874,44.6259301238735,4796500
2016-12-30,44.28709030151367,44.735820230513404,44.14972200047726,44.735820230513404,8501600
2017-01-03,44.68088912963867,44.83656999039614,44.415312197664335,44.570993058421806,13940600
2017-01-04,44.8365592956543,44.90066357519582,44.69003472907064,44.71751048703217,7223100
2017-01-05,44.909820556640625,45.01971310144739,44.73582024282381,44.79076826193771,5502900
2017-01-06,45.239505767822266,45.30361004919738,44.78161604747354,44.90982461022377,8750600
2017-01-09,45.2303466796875,45.37687125260871,45.20287441395896,45.26697869627315,8313500
2017-01-10,45.239505767822266,45.39518659589859,45.083821446324606,45.239505767822266,7735800
2017-01-11,45.45012664794922,45.45012664794922,45.10212954336546,45.15707755780101,7586500
2017-01-12,45.340232849121094,45.39518086625925,44.90981894184531,45.27612857583702,6862700
2017-01-13,45.477603912353516,45.56002419636519,45.34023560786036,45.34023560786036,4832900
2017-01-17,45.30360794067383,45.431816497456964,45.20287164793817,45.35855246876879,4825800
2017-01-18,45.42264938354492,45.48675365154434,45.31275685174887,45.43180913235661,6157700
2017-01-19,45.358558654785156,45.58750353552753,45.27613835798103,45.42266294191929,7250000
2017-01-20,45.60581588745117,45.724868194046856,45.48676358085549,45.56002761365941,8755400
2017-01-23,45.688232421875,45.70654842857032,45.36771103825951,45.56002386842881,11977600
2017-01-24,45.97211837768555,46.04537890003754,45.633281038288914,45.6515935488115,6510900
2017-01-25,46.41169738769531,46.41169738769531,46.182752551920736,46.2193845640657,9197800
2017-01-26,46.28348922729492,46.43917004008697,46.15528067713183,46.40253802763438,7126500
2017-01-27,46.46664810180664,46.54906838720417,46.365911809273975,46.44833209467151,6023000
2017-01-30,46.09117889404297,46.3109639937996,45.88054655776287,46.3109639937996,8446600
2017-01-31,45.86223220825195,45.99044076021508,45.660759630355024,45.94464899729593,9557800
2017-02-01,46.21022415161133,46.35674870466889,45.95380705711583,46.28348817485056,11681100
2017-02-02,46.118656158447266,46.20107645314749,45.880551532237035,46.07286788215193,8598900
2017-02-03,46.42085647583008,46.48496075428383,46.28349166203825,46.292647918922576,6833600
2017-02-06,46.44833755493164,46.457493812865,46.23770868824873,46.35675750849022,6726500
2017-02-07,46.6314811706543,46.68642918733627,46.503272625150544,46.539904636271864,10053100
2017-02-08,46.71391296386719,46.78717700416929,46.50328408813124,46.63149266523819,6353100
2017-02-09,46.86042404174805,46.979476326206736,46.71389949680685,46.71389949680685,4869600
2017-02-10,46.99779510498047,47.07105912848573,46.85127055139087,46.970322842876456,4177900
2017-02-13,47.208431243896484,47.26337927003558,47.01611839254184,47.08022267632672,6579700
2017-02-14,47.364097595214844,47.364097595214844,47.016100548585015,47.153468815086825,6233800
2017-02-15,47.51979064941406,47.55642266240313,47.2816895518272,47.327477821353014,5947500
2017-02-16,47.62969207763672,47.7579041470093,47.5197995115962,47.583903799571644,7061500
2017-02-17,47.794532775878906,47.794532775878906,47.501483603528094,47.574747643326646,7087700
2017-02-21,48.04177474975586,48.060090752492094,47.82198970376162,47.89525022128626,7618700
2017-02-22,48.096736907958984,48.13336892420855,47.895264312007704,47.99600060998334,6884800
2017-02-23,48.08756637573242,48.19746239984193,47.87693756965337,48.160830391805426,6702700
2017-02-24,48.19746780395508,48.215783810027,47.77620665114275,47.80368240696111,7772100
2017-02-27,48.16999435424805,48.188310361196834,48.060101805976416,48.188310361196834,7975600
2017-02-28,47.941043853759766,48.13336015733137,47.867783328025446,48.08756839864912,7621500
2017-03-01,48.61872482299805,48.682829096694995,48.12420314583223,48.234095687395445,9095300
2017-03-02,48.29820251464844,48.58209186594743,48.27072675972662,48.57293560992072,7170100
2017-03-03,48.40809631347656,48.40809631347656,48.16083547327243,48.26157175929126,7857000
2017-03-06,48.33482360839844,48.417243873663224,48.12419481792628,48.20661508319106,6715200
2017-03-07,48.33482360839844,48.5362961442502,48.26156309117435,48.29819509649655,6980400
2017-03-08,48.38978958129883,48.53631416356518,48.32568529489615,48.38978958129883,5680900
2017-03-09,48.380619049072266,48.45387957187987,48.14251448975126,48.398931559708736,7650200
2017-03-10,48.63703918457031,48.73777546652307,48.435566620664794,48.60956692346348,7354500
2017-03-13,48.68282699584961,48.73777501097046,48.591250464068956,48.637038729959286,7461200
2017-03-14,48.57294464111328,48.64620518321087,48.38978804573708,48.64620518321087,7239900
2017-03-15,48.902610778808594,48.98503104671638,48.49966569418369,48.64619022675081,8933600
2017-03-16,48.93009948730469,49.10409633653213,48.8751514590858,49.08578032712583,10978000
2017-03-17,49.03580856323242,49.19208898401712,49.01742201251493,49.11854628802313,6895400
2017-03-20,49.0817756652832,49.19209146828326,48.94388178825216,49.04500256199113,4541800
2017-03-21,48.36471176147461,49.32998280996438,48.346325212080664,49.21047199234162,14905500
2017-03-22,48.668087005615234,48.74163321217697,48.30955801581713,48.373909193120575,11383300
2017-03-23,48.53938674926758,48.74163531917901,48.465844046402886,48.59454640657332,11359400
2017-03-24,48.5761604309082,48.870338259612495,48.41068496390249,48.70486279260679,13140900
2017-03-27,48.5761604309082,48.677284717064616,48.10731561230959,48.171666793158884,6845000
2017-03-28,48.92549514770508,49.03581095050468,48.44745532640526,48.530193055224,8453900
2017-03-29,49.00823974609375,49.035817823940285,48.79679963322485,48.90711545148762,5705100
2017-03-30,49.100162506103516,49.16451368380556,48.93468704719079,48.971460150699436,8754200
2017-03-31,49.00823974609375,49.17371522692622,48.95308008352405,49.05420437813019,6103500
2017-04-03,48.962276458740234,49.12775195596929,48.668098576305695,49.054209238799146,13017900
2017-04-04,48.99903869628906,48.99903869628906,48.74163398300453,48.76002053493574,7520800
2017-04-05,48.796791076660156,49.37595165114078,48.75082294580765,49.04500074750842,10477900
2017-04-06,48.80598068237305,48.95306957744809,48.686469859225866,48.85194530454477,6935100
2017-04-07,48.77840805053711,48.90711040972203,48.603737557177915,48.732439916362836,6469400
2017-04-10,48.68647003173828,48.92549167887959,48.58534575847664,48.80598085530893,4843600
2017-04-11,48.50261688232422,48.67728738868154,48.10731825264418,48.603741174030766,8457100
2017-04-12,48.33714294433594,48.51180993670252,48.2452101797669,48.456650277961096,8684200
2017-04-13,48.14408874511719,48.60374207457148,48.14408874511719,48.281986146704114,9766600
2017-04-17,48.58535385131836,48.603740404690015,48.291176011124826,48.291176011124826,7066000
2017-04-18,48.5761604309082,48.66808968729967,48.383106888360324,48.45664959209822,6243600
2017-04-19,48.53938674926758,48.824373051699475,48.44745749396764,48.64970255700277,7260500
2017-04-20,48.980648040771484,49.06338576409208,48.59454100319264,48.66808369787989,7581900
2017-04-21,48.8795166015625,49.00822243543038,48.78758736996084,48.999027408144975,7616500
2017-04-24,49.45868682861328,49.49545992865009,49.3024064137706,49.41272220700519,8105000
2017-04-25,49.71611022949219,49.817231025211164,49.57821281561108,49.66095056256436,10044800
2017-04-26,49.660945892333984,49.835612894197304,49.61498126098854,49.71610555407447,8147200
2017-04-27,49.863189697265625,49.8999592946903,49.74367886172576,49.789643488663785,8591700
2017-04-28,49.991886138916016,50.093010410337385,49.87237531752022,50.01946421043972,11418400
2017-05-01,50.368797302246094,50.433148468168795,50.08381106253446,50.17574380447798,7563000
2017-05-02,50.4791259765625,50.552672188898825,50.29526395259811,50.46993445345867,7535100
2017-05-03,50.38719940185547,50.42396900310572,50.157372736377546,50.313653185601765,7154500
2017-05-04,50.35041046142578,50.433148175256655,50.184935033764035,50.40557010627153,7579900
2017-05-05,50.53427505493164,50.55266160416594,50.313639970995744,50.43315078758084,6825800
2017-05-08,50.75490951538086,50.782491094237066,50.47911827495004,50.57104751946835,6070100
2017-05-09,50.81926727294922,50.957164664470966,50.71814298675012,50.810075750056725,7694300
2017-05-10,51.0123176574707,51.049087251112894,50.764104489287504,50.874420283965854,5302000
2017-05-11,50.94796371459961,50.97554529382481,50.6537859199543,50.856034468851426,9098000
2017-05-12,51.07666778564453,51.104245857031295,50.93877041495909,50.99393006460843,4653800
2017-05-15,51.361656188964844,51.361656188964844,51.11344299856497,51.1410245798602,9949300
2017-05-16,51.600685119628906,51.600685119628906,51.30650726149982,51.481174268865,9061100
2017-05-17,50.19413757324219,51.24215001412141,50.16655949820304,51.19618187988779,18545000
2017-05-18,50.488319396972656,50.6813764581722,49.98270144222724,50.0654391807766,16822200
2017-05-19,50.782493591308594,50.93877401604951,50.70894738657683,50.76410704012565,10219100
2017-05-22,51.18699645996094,51.25134764730877,50.89281860154894,50.90201012536576,10510300
2017-05-23,51.2789192199707,51.45358971222042,51.14102533895257,51.39843005568742,6610500
2017-05-24,51.490352630615234,51.49954765894945,51.29729911810608,51.41680993832042,9321900
2017-05-25,51.858089447021484,51.96840526620354,51.55472006755165,51.65584085612382,6113500
2017-05-26,51.830501556396484,51.89485273097612,51.70179920723723,51.81211500553431,36282200
2017-05-30,52.05112838745117,52.10628803498757,51.784532191547775,51.84888336023573,5925300
2017-05-31,51.96840286254883,52.262580704679046,51.793735864682915,52.244197658062845,14246100
2017-06-01,52.09709930419922,52.09709930419922,51.77534342186716,52.078716259674046,8436200
2017-06-02,52.575138092041016,52.584333120999915,52.124679865583616,52.29015531808357,8491000
2017-06-05,52.62112045288086,52.75901436266938,52.51080111679766,52.5751523094077,6765800
2017-06-06,52.51998519897461,52.78658143840373,52.45563401978038,52.5567547964597,7685200
2017-06-07,52.68545913696289,52.77738838832949,52.40966436911079,52.63949100440344,8703700
2017-06-08,52.80495834350586,52.84173144114903,52.51078057611173,52.77738027371129,7102400
2017-06-09,51.49955749511719,52.970446690704115,50.76411289732373,52.878517431058604,35142500
2017-06-12,51.19618225097656,51.27891998356999,50.35042187946706,50.96635560564772,35706400
2017-06-13,51.56391143798828,51.72938691970776,51.18699584226651,51.44440058855163,18293400
2017-06-14,51.3156852722168,51.77533849286143,50.89280515087392,51.76614697147387,16180600
2017-06-15,51.08585739135742,51.159403588131795,50.51588839385877,50.73651997043053,14750500
2017-06-16,50.99632263183594,51.10708288967976,50.78403067054981,51.088622259871606,21611300
2017-06-19,51.753204345703125,51.79012561494816,51.35630950383404,51.3839986952648,9929200
2017-06-20,51.33785629272461,51.76244390842634,51.33785629272461,51.734751191985154,10957700
2017-06-21,51.62398147583008,51.65167066621573,51.35630756541581,51.51322119328159,12293200
2017-06-22,51.64244079589844,51.817811532222365,51.47629861579965,51.78089026531023,8792800
2017-06-23,51.965484619140625,52.09470551129076,51.51321149661515,51.59628257314099,16423600
2017-06-26,51.6885986328125,52.353167456242126,51.63321672385791,52.24240363833295,9727900
2017-06-27,50.839412689208984,51.50397775896637,50.839412689208984,51.41167813069608,12895500
2017-06-28,51.47629928588867,51.522449109626685,50.691738198319,51.03325464019319,12976000
2017-06-29,50.553279876708984,51.236305598867894,50.14715656950653,51.236305598867894,20973400
2017-06-30,50.507144927978516,50.84865788958333,50.46099157772937,50.76558678854364,15371900
2017-07-03,50.15639877319336,50.81173548849362,50.101016866729005,50.71943583205923,16552600
2017-07-05,50.654823303222656,50.75635503376488,50.174857363117795,50.34099955473125,14809400
2017-07-06,50.19330978393555,50.47021221764207,50.07331743829405,50.21177041565005,12757400
2017-07-07,50.77480697631836,50.94094915101101,50.34099442773705,50.3779156934478,8818200
2017-07-10,51.14401626586914,51.26400862754709,50.71020016511451,50.78404270184123,5594200
2017-07-11,51.25476837158203,51.337839451641536,50.89479486499262,51.08862621146301,6856500
2017-07-12,51.919349670410156,51.96549949924927,51.5778367117932,51.60552590489543,16551900
2017-07-13,52.0208854675293,52.20548831830324,51.90089308637526,51.99319627226549,8125100
2017-07-14,52.48236846923828,52.53774683616708,52.168544812956675,52.24238380919675,6689600
2017-07-17,52.491607666015625,52.639289209443085,52.39007594472067,52.52852893212392,9837100
2017-07-18,52.73159408569336,52.73159408569336,52.26085673005289,52.39007764461903,9920200
2017-07-19,52.999263763427734,53.0454171074472,52.768511127353584,52.81466447137306,6673600
2017-07-20,53.11003112792969,53.16540951086006,52.805435937788516,53.14695239722062,10372900
2017-07-21,53.0454216003418,53.05465015732386,52.82389750170519,52.87927940661587,5805000
2017-07-24,53.17463684082031,53.22078666281033,52.906962943870184,53.01772322084738,5378100
2017-07-25,53.07311248779297,53.18387278014662,52.842359824802564,53.00850202383615,6880300
2017-07-26,53.27617645263672,53.36847611028744,53.10080217369162,53.35924755292486,10602600
2017-07-27,53.07311248779297,53.71922064836734,52.417775769941706,53.65461018441052,23047200
2017-07-28,53.01771545410156,53.11924716020931,52.75927367201289,52.805423487242265,10293100
2017-07-31,52.7592887878418,53.22079411436981,52.7039068810962,53.100801743590786,10982800
2017-08-01,53.026954650878906,53.073104472305864,52.83312328828228,53.026954650878906,8307200
2017-08-02,53.17463684082031,53.580760203740496,52.842352488883016,53.571531647744784,12573900
2017-08-03,53.05463790893555,53.24846924986515,52.897727829422614,53.24846924986515,10687800
2017-08-04,53.17463684082031,53.34077901678896,53.05464448684168,53.16540476381888,4756900
2017-08-07,53.497684478759766,53.497684478759766,53.2300106050107,53.248471236407745,7683000
2017-08-08,53.423858642578125,53.83921414887878,53.276177076005254,53.423858642578125,10460700
2017-08-09,53.39616012573242,53.433081393615076,53.05464720033266,53.082336390741695,6972800
2017-08-10,52.343929290771484,53.16540814587065,52.316240100017204,53.11002976436209,14911900
2017-08-11,52.70391082763672,52.8792851182936,52.36239784631478,52.42700831518632,14968100
2017-08-14,53.543846130371094,53.61768867227909,53.073112249229354,53.18387254108514,9758500
2017-08-15,53.62690734863281,53.74689969662133,53.46076518095811,53.65460005724896,7052600
2017-08-16,53.78382110595703,53.97765246176556,53.608450382273915,53.70997857745537,9055900
2017-08-17,52.73159408569336,53.663833198638955,52.73159408569336,53.580762107702746,12968900
2017-08-18,52.67620086669922,53.04540641842265,52.47313746115083,52.73158275575926,16696500
2017-08-21,52.657745361328125,52.7685056292216,52.307000405159116,52.71312725577758,7978600
2017-08-22,53.44231414794922,53.47923189529354,52.89773776330358,52.9346555106479,8461200
2017-08-23,53.313087463378906,53.46076900955425,53.12848817141408,53.14694880481172,8923700
2017-08-24,53.26693344116211,53.49768605893287,52.9992595595067,53.44230768411142,8093900
2017-08-25,53.257713317871094,53.59922626036128,53.14695302968624,53.44231614551657,8333100
2017-08-28,53.35924530029297,53.46077351102011,53.21156374168265,53.386934492217996,5993300
2017-08-29,53.590003967285156,53.663842994370356,52.860824649408926,52.92543511848591,8689800
2017-08-30,53.977657318115234,54.01457858568786,53.52538411387114,53.645372951973364,7654000
2017-08-31,54.30072021484375,54.393019874815785,54.04227482911064,54.10688529529234,9425800
2017-09-01,54.25456237792969,54.48531502978683,54.18995191709017,54.43916520361661,6013100
2017-09-05,53.77458190917969,54.19916934983415,53.41460843291152,54.09763764709081,11901700
2017-09-06,53.820743560791016,54.01457492088734,53.58999093562711,53.94073239075219,9113700
2017-09-07,54.00535202026367,54.116115834286475,53.802292069900986,53.99612346293155,7693800
2017-09-08,53.56229782104492,53.9961138797924,53.52538007726231,53.92227135021597,6259200
2017-09-11,54.31916046142578,54.374542352814174,53.98687967611117,53.98687967611117,7037300
2017-09-12,54.44839096069336,54.549919158079305,54.19917770309739,54.476080148979925,7861700
2017-09-13,54.374549865722656,54.393010498736146,54.16225786757606,54.38377842172654,8128300
2017-09-14,54.1899528503418,54.43916614116015,54.069964004434,54.171492215354576,7626700
2017-09-15,54.41133117675781,54.457645868084825,54.05006810380441,54.14270102004289,13123800
2017-09-18,54.45764923095703,54.66143459209696,54.253860336232435,54.49470239974053,10412000
2017-09-19,54.698486328125,54.80964229797926,54.40206805279061,54.541015665296854,5616100
2017-09-20,54.47617721557617,54.707754226048394,54.096391059745116,54.68922764118045,8950800
2017-09-21,54.17975997924805,54.4576516905058,54.00375918636978,54.4576516905058,8104600
2017-09-22,54.20753860473633,54.28164139909852,53.97596163028013,54.00374973646793,4824800
2017-09-25,53.56840133666992,54.03155540584292,53.327559241892295,54.03155540584292,13573100
2017-09-26,53.762916564941406,53.98522850364011,53.5961808441251,53.85554595046844,9053300
2017-09-27,54.3094482421875,54.476183993158486,53.9203969787268,54.00376485421229,7635500
2017-09-28,54.3742790222168,54.40206713081328,54.05933416831345,54.170490136283895,5589200
2017-09-29,54.744808197021484,54.79112642965132,54.40207518378793,54.46691646916765,12428700
2017-10-02,54.82817077636719,55.004171562767745,54.55954413440291,54.88375053000705,7571900
2017-10-03,54.95786666870117,54.98565478368415,54.80965396589778,54.874498790166925,6466000
2017-10-04,54.92081069946289,55.00417857375665,54.67996860324309,54.86523093873867,6649600
2017-10-05,55.448814392089844,55.4580759201432,55.05976307572084,55.08755472705227,6422700
2017-10-06,55.532169342041016,55.5599574533132,55.245012569083904,55.26353915446032,5926400
2017-10-09,55.67112350463867,55.79154456458087,55.5784940945819,55.6155472720388,6949200
2017-10-10,55.72669219970703,55.893427931552544,55.43953543184315,55.84711323572541,5472900
2017-10-11,55.911949157714844,55.93047574098697,55.65258405907394,55.65258405907394,4980900
2017-10-12,55.77301025390625,56.041640452897894,55.70816896912689,55.782275313780445,6106400
2017-10-13,56.04164123535156,56.14353569388036,55.97679994966689,55.97679994966689,5950000
2017-10-16,56.24542236328125,56.254683888417176,56.050894999581224,56.1805810865761,8306400
2017-10-17,56.24542236328125,56.24542236328125,56.06016005830171,56.226895779424844,5131700
2017-10-18,56.38437271118164,56.45847905484713,56.208375445353525,56.41216435684868,6091300
2017-10-19,56.21763610839844,56.28247739131775,55.84711499651452,56.14353329945561,6872600
2017-10-20,56.59743118286133,56.662272475980394,56.467748596623196,56.560381539354324,7407400
2017-10-23,56.32879638671875,56.736370675398376,56.263955102919375,56.69005597748239,7054900
2017-10-24,56.48626708984375,56.5789000192992,56.25469006658254,56.4399523919085,8035800
2017-10-25,56.18059158325195,56.52332461466974,55.81006690406474,56.35658886239401,9225900
2017-10-26,56.41215896606445,56.6529974927927,56.37510579777253,56.504788353209634,9436400
2017-10-27,57.931312561035156,58.08878325044683,57.319949323252196,57.319949323252196,14539200
2017-10-30,58.06099319458008,58.28330516438213,57.31994740593151,57.31994740593151,8574700
2017-10-31,58.31108093261719,58.43150194472712,58.051712327027786,58.28328929377084,10111300
2017-11-01,58.32035446166992,58.663090987181995,58.01467464010907,58.58898464644918,9550700
2017-11-02,58.348148345947266,58.40372457004538,57.90351735165268,58.320356700313255,10224600
2017-11-03,58.811302185058594,58.86687840896062,58.31109496843069,58.65382797230465,7659700
2017-11-06,58.940975189208984,58.95950177203207,58.737186311739414,58.774239477385585,6000200
2017-11-07,58.96876907348633,59.024348827400416,58.72793054036138,59.005822242762385,5775600
2017-11-08,59.29298782348633,59.30224581680531,58.811307152006755,58.96877784447505,9100500
2017-11-09,58.82056427001953,58.922458726254575,58.22772765219923,58.839090856024534,10245400
2017-11-10,58.82056427001953,58.86687896823956,58.60751383133942,58.74645792599951,5983200
2017-11-13,58.80204772949219,58.87615408617221,58.58899725441549,58.59825878220771,4300300
2017-11-14,58.68162155151367,58.74646284116381,58.35741510326298,58.626045322433704,7370800
2017-11-15,58.246253967285156,58.477830990893146,58.08877975376755,58.39446312105087,8492500
2017-11-16,59.0614013671875,59.18182240646353,58.67235367141325,58.67235367141325,7641100
2017-11-17,58.68162155151367,59.0243581209047,58.644571909988784,58.978039885224376,8302100
2017-11-20,58.90393829345703,58.95025299651517,58.73720253557944,58.82057041451824,6579900
2017-11-21,59.52455139160156,59.56160455800157,59.089185520362584,59.135500211570374,8174000
2017-11-22,59.41341018676758,59.543092775514566,59.31151571458479,59.524569720195444,12115800
2017-11-24,59.746864318847656,59.774652427318685,59.48749921689272,59.50602226681708,4339100
2017-11-27,59.746864318847656,59.82097065288306,59.54307543383478,59.64496987634122,6889100
2017-11-28,59.94138717651367,59.99696339255748,59.59865068751612,59.8394927356541,11311600
2017-11-29,58.61677551269531,59.84876698340173,58.209201220261335,59.83950192358222,33640200
2017-11-30,59.13551330566406,59.292987530940636,58.66309769700479,58.87614815060291,21047500
2017-12-01,58.82981872558594,59.12624053245469,57.977617073289984,58.774242507835496,19211800
2017-12-04,57.88498306274414,59.22812671029747,57.829403315850186,59.20033860364263,16805500
2017-12-05,57.90352249145508,58.57046550851315,57.533001341433575,57.78310497283035,13927100
2017-12-06,58.274051666259766,58.40373425544123,57.53300577551888,57.671949892390934,13262100
2017-12-07,58.63529586791992,58.7464518388473,58.2740363122175,58.52413989699255,11685500
2017-12-08,58.9131965637207,59.20035336054277,58.77425246222756,59.02435608521739,10059000
2017-12-11,59.42266082763672,59.42266082763672,58.84834731172067,58.885400480538095,11421600
2017-12-12,59.404144287109375,59.617198289713045,59.16330570191918,59.38562123205169,8397000
2017-12-13,59.42266082763672,59.709814052010074,59.348554490001874,59.607919604554496,10356100
2017-12-14,59.34856033325195,59.68203181827185,59.320772220695304,59.496773023114145,10946000
2017-12-15,60.02542495727539,60.10910721546056,59.38389053419006,59.53265229375014,21305200
2017-12-18,60.55538558959961,60.6204686341258,60.350843945031464,60.45311122055562,10760800
2017-12-19,60.18349075317383,60.47171467150512,60.03472544466713,60.43452334437845,11976800
2017-12-20,60.164886474609375,60.4438178578023,59.87666258055782,60.4438178578023,8965200
2017-12-21,60.044029235839844,60.36944450398437,59.98823869450019,60.267170120635974,15941900
2017-12-22,60.006832122802734,60.06261556524528,59.848774306868755,59.94174907544638,5485500
2017-12-26,59.607032775878906,59.67211582164345,59.39318797597253,59.634924496418,6219100
2017-12-27,59.672122955322266,59.783696944337066,59.56984857210558,59.616339507575276,5346600
2017-12-28,59.77438735961914,59.88596133000744,59.672112993476446,59.84877000654467,9658000
2017-12-29,59.458274841308594,59.830177477174004,59.41178745517044,59.81158536012691,6693200
2018-01-02,60.192787170410156,60.192787170410156,59.55125624303039,59.700014467668886,13722800
2018-01-03,60.694854736328125,60.732046062961885,60.239273398725,60.30435644695401,11331800
2018-01-04,61.00166702270508,61.15972481267613,60.797118309321846,60.93658398603941,10746600
2018-01-05,61.64321517944336,61.69899862204363,61.19692635808065,61.31779284822131,9678000
2018-01-08,61.87564468383789,61.98721154926861,61.5781212201578,61.61530544628876,6733900
2018-01-09,61.71758270263672,62.01510618030024,61.61530834217245,61.996514066360945,10606400
2018-01-10,61.503746032714844,61.522338148032965,61.206222532986494,61.38287245582785,10407800
2018-01-11,61.75478744506836,61.78267916879858,61.49445523222524,61.64322055014747,7887800
2018-01-12,62.11738967895508,62.20107193779068,61.59672528982793,61.68040045514324,8154300
2018-01-16,61.87564468383789,62.7217241519361,61.71757980194619,62.498583327555764,18221800
2018-01-17,62.805419921875,62.86120336660528,62.024416228048935,62.22896498342053,14688100
2018-01-18,62.9169807434082,63.08433815497896,62.74962333183745,62.80541386470754,14922900
2018-01-19,63.03785705566406,63.14013142792455,62.71243472927884,63.03785705566406,11947200
2018-01-22,63.65150451660156,63.66080412261915,62.86120824961119,62.991374359773324,9002100
2018-01-23,63.93043899536133,64.0606051117261,63.72589021435343,63.85605633071821,10230100
2018-01-24,63.43767547607422,64.20937267996406,63.223827057523934,64.09780576030509,18509500
2018-01-25,63.32609176635742,63.89324716618847,63.1680339253609,63.83746371490059,12975900
2018-01-26,64.33024597167969,64.33024597167969,63.623624745526214,63.76309048790842,10048600
2018-01-29,63.744468688964844,64.14426655894138,63.66079352929338,64.14426655894138,27589900
2018-01-30,63.16800308227539,63.53990203396894,63.00064571660617,63.223786506325865,14831200
2018-01-31,63.6422004699707,63.74447484846493,63.223810444145585,63.53992609147648,15067900
2018-02-01,63.697994232177734,64.1442760031731,63.40047068700721,63.40976319932567,16325000
2018-02-02,61.810569763183594,63.037855098688986,61.80127015867042,62.982064565129754,21964700
2018-02-05,59.22583770751953,62.31264359183643,59.19794243685361,61.15044113896815,49279800
2018-02-06,60.92729568481445,61.02957006047822,58.09152262184355,58.42623747064854,45134700
2018-02-07,60.146297454833984,61.40147455676105,60.146297454833984,60.778535808226,23712600
2018-02-08,57.65453338623047,60.42522339992708,57.63594126953169,60.313656512693846,27814300
2018-02-09,59.06777572631836,59.49546892014351,56.687587397081124,58.584299085251956,36350200
2018-02-12,60.12770080566406,60.4996069870594,59.26302549542628,59.70001117979157,17814800
2018-02-13,60.276458740234375,60.425216938478286,59.607029114337905,59.78368612492712,9542000
2018-02-14,61.38288116455078,61.485155547110104,59.90456306059097,59.94175439002352,16058800
2018-02-15,62.554378509521484,62.554378509521484,61.24341793984756,61.96863107543572,12152500
2018-02-16,62.461387634277344,63.13081715406295,62.30332985697197,62.36841288842233,10167100
2018-02-20,62.517173767089844,63.009946325601504,62.080184639800265,62.14526767406561,16917600
2018-02-21,62.11738967895508,63.28889164801145,62.10809716737801,62.75892765378695,14551200
2018-02-22,62.191776275634766,62.758931632685886,62.015119235186496,62.331241986856,10979400
2018-02-23,63.493431091308594,63.493431091308594,62.554369732704295,62.70313501837277,10386200
2018-02-26,64.48826599121094,64.48826599121094,63.76305306864055,63.76305306864055,10797200
2018-02-27,63.83744812011719,64.81369374677547,63.83744812011718,64.51617025671968,12790600
2018-02-28,63.381866455078125,64.46968616592798,63.37257394349569,64.20006145963143,15232000
2018-03-01,62.331233978271484,63.77236055967341,61.857053458452356,63.53062759103762,21486800
2018-03-02,62.9262809753418,63.05644706413716,61.457255580628576,61.624612993868304,19196100
2018-03-05,63.56781768798828,63.781658932538335,62.48929058036646,62.628756270975444,10888900
2018-03-06,63.70728302001953,64.01410615309177,63.42835870283421,63.93043098599232,10151900
2018-03-07,64.06060028076172,64.12568333403604,63.23311270619358,63.23311270619358,11109800
2018-03-08,64.33950805664062,64.39529858332085,63.939710234107366,64.25583290689875,7624000
2018-03-09,65.55750274658203,65.55750274658203,64.71141615218835,64.79509839802206,12342500
2018-03-12,65.76205444335938,66.02238660926179,65.57609782948657,65.75275483928586,13506200
2018-03-13,65.00891876220703,66.32917831633912,64.78577800080143,66.09673795426586,13809400
2018-03-14,64.95316314697266,65.39015234967648,64.62774791948681,65.33436181530752,13881400
2018-03-15,64.9903564453125,65.37155512522149,64.6742337193566,64.97175723545148,11501400
2018-03-16,64.92321014404297,65.33358754264712,64.8392660780953,65.10041985993348,12202300
2018-03-19,63.636138916015625,64.41957905989655,63.11383837104738,64.31698469119105,19868400
2018-03-20,63.60813522338867,63.850631583795675,63.25372293949561,63.47756190218006,9382800
2018-03-21,63.22576904296875,64.06517438070352,63.05788797542179,63.46826549958439,10933500
2018-03-22,61.59357833862305,62.82470346707528,61.546941953963476,62.46096243701302,21195100
2018-03-23,59.95206832885742,61.71481529061058,59.92408934783156,61.556262987655764,20950800
2018-03-26,62.2277946472168,62.311731600616035,60.32514543065505,61.173872127560294,25125800
2018-03-27,60.231876373291016,62.64749010522015,59.76554101663632,62.61018242280224,29748600
2018-03-28,59.8308219909668,60.81945057601052,59.47640615742067,60.09196862733969,26811000
2018-03-29,61.01532745361328,61.62156495066164,59.84016726443365,60.259866315467214,17684100
2018-04-02,59.56034469604492,61.04328752481251,58.89814942825764,60.77281931440649,26017100
2018-04-03,60.14793014526367,60.287832170370045,59.14064766120913,60.00802812015729,18050700
2018-04-04,60.987335205078125,61.15521621213177,58.91680515665397,59.04738204047281,18149200
2018-04-05,61.239158630371094,61.6402001809865,60.82878126509267,61.54693453861751,16369100
2018-04-06,59.7375602722168,61.164545282987326,59.47641006084857,60.60494429464571,20238900
2018-04-09,60.20388412475586,61.379043841271375,60.12926877636117,60.1758980323244,10929700
2018-04-10,61.68683624267578,61.93866130306016,60.819452253252955,61.15521425662388,15648900
2018-04-11,61.32310485839844,61.873377212687984,61.220510501545554,61.304454573385854,8657800
2018-04-12,62.05990982055664,62.330385180007774,61.62155344888456,61.70549751285144,10628000
2018-04-13,61.854705810546875,62.516900995979626,61.55625154224323,62.48892202015601,11210800
2018-04-16,62.33036422729492,62.563531826126,61.919986976324886,62.283727861244536,9738700
2018-04-17,63.486900329589844,63.69208904170658,62.768746952894695,62.88066289353043,15222800
2018-04-18,63.31901550292969,63.56151188594309,62.936624202517194,63.42160985283101,9882200
2018-04-19,62.61949920654297,62.98324014626076,62.39566027034237,62.917953493380935,12905800
2018-04-20,61.75212097167969,62.4796029176536,61.49097433627492,62.43297365602397,16238500
2018-04-23,61.528289794921875,62.16250618211758,61.23916414283854,61.98529646466623,18960300
2018-04-24,60.455711364746094,61.98529066443348,60.0173550198883,61.882696323479,17423800
2018-04-25,60.46503448486328,60.670223147840524,59.690916207526115,60.548971420238495,15290800
2018-04-26,61.56558609008789,61.80807531407736,60.96867749675551,61.22049541880972,16543400
2018-04-27,61.45366287231445,62.22778114794843,61.127229598165094,62.18114477347922,13156500
2018-04-30,61.052616119384766,61.99461541002735,60.978000764228305,61.61221705163441,8686100
2018-05-01,61.817420959472656,61.85472864624785,60.8194634643057,60.968694211406465,9273900
2018-05-02,61.75212097167969,62.44229523892261,61.640197935486725,62.20912758363804,13293700
2018-05-03,61.892032623291016,62.12520031487493,60.93138287247941,61.47233362472527,15545400
2018-05-04,63.067176818847656,63.179092716003474,61.58422714013723,61.65884248204821,10841300
2018-05-07,63.50553894042969,63.804000369162175,63.26304970315271,63.36564404035148,13457400
2018-05-08,63.645442962646484,63.701408040154185,63.11382097845352,63.40295371772502,15147400
2018-05-09,64.42887878417969,64.42887878417969,63.59880262213947,63.803991267266014,14413300
2018-05-10,65.26830291748047,65.31493218605381,64.66206550032142,64.72735216889467,11566300
2018-05-11,65.17501831054688,65.4268433548117,64.96050805950401,65.20300440546333,8760600
2018-05-14,65.16571044921875,65.6786751126397,65.10042377875742,65.38954944569856,10130900
2018-05-15,64.55013275146484,64.76465012496206,64.2143707590331,64.70868504908202,14262600
2018-05-16,64.83926391601562,64.98849464351845,64.50350901055974,64.65273262234983,6680500
2018-05-17,64.50348663330078,65.04443004355502,64.2423329507691,64.60607382822896,10800100
2018-05-18,64.23303985595703,64.5781234941306,64.17707476988322,64.28899782631741,7882900
2018-05-21,64.7926254272461,65.10973000448077,64.46619215194227,64.82060440574189,11289200
2018-05-22,64.6993637084961,65.20300669902986,64.55946169184024,65.10973394411786,7391000
2018-05-23,65.17501831054688,65.17501831054688,64.15841078231782,64.16773948062331,14693800
2018-05-24,65.10041046142578,65.23098377563758,64.4475367746548,65.15636842017028,11200700
2018-05-25,65.05377960205078,65.28694727087534,64.8952272950211,65.1470452464381,9391400
2018-05-29,64.6993637084961,65.06310468237402,64.27033607560706,64.72734268868483,29330400
2018-05-30,65.17501831054688,65.25896236387246,64.83925632866838,65.0257947162186,9965200
2018-05-31,65.19367980957031,65.62270745436518,65.04444909013957,65.17502241178529,15284000
2018-06-01,66.30354309082031,66.3128717883125,65.52010327854707,65.63202630131951,12722900
2018-06-04,66.83517456054688,66.90046121396126,66.40613984872488,66.47142650213925,9933000
2018-06-05,67.0683364868164,67.18958108548958,66.81651147671938,67.00304272324901,17274800
2018-06-06,67.5066909790039,67.5066909790039,66.83517416883937,67.18025771384514,17689500
2018-06-07,66.96575164794922,67.46938750802937,66.48075895316633,67.46938750802937,19523600
2018-06-08,66.85384368896484,66.97508833214285,66.32222161393278,66.46212365803882,9904800
2018-06-11,66.92843627929688,67.14294650695665,66.74189791208063,66.89112860585362,7323500
2018-06-12,67.25489807128906,67.31085604734778,66.93778627028993,67.04970933812153,7813400
2018-06-13,66.90978240966797,67.55332735797285,66.88180343203932,67.25487307041479,14639000
2018-06-14,67.38543701171875,67.55331796987117,67.06833248838112,67.17091968685878,11327400
2018-06-15,67.12806701660156,67.23102474412339,66.72559784744786,67.14678335755278,16820600
2018-06-18,67.20294189453125,67.2497363140475,66.45415977311585,66.66007521355085,8290200
2018-06-19,66.85661315917969,66.88469123245605,66.00487351825636,66.3792644907401,12956700
2018-06-20,66.99702453613281,67.31525228702917,66.9221448979518,67.0157408752204,11465600
2018-06-21,66.48223876953125,67.29653880222776,66.32312488733449,67.25909898154929,14817100
2018-06-22,66.26698303222656,66.66945226525901,65.99554962939844,66.65072878042001,15692900
2018-06-25,64.89107513427734,65.79897100086583,64.32013045819416,65.73345311054061,18027700
2018-06-26,65.15315246582031,65.58369966050498,64.93787529802043,65.09699630940082,13859500
2018-06-27,64.26398468017578,65.65858407987872,64.24526119939512,65.35907265562878,22054600
2018-06-28,65.05020141601562,65.26547860587016,64.1797451977618,64.1797451977618,17799000
2018-06-29,65.02210235595703,65.58368521923893,64.9846625462831,65.30289021714121,10009600
2018-07-02,65.60240936279297,65.62113284031551,64.36692406013778,64.46052716592169,12545600
2018-07-03,64.8255615234375,65.84576976026757,64.77875996686652,65.79897534461152,6361400
2018-07-05,65.74280548095703,65.78024529429067,65.04082504800843,65.2280241146766,13660000
2018-07-06,66.51031494140625,66.61327266008892,65.6211424337818,65.78025631141304,12801900
2018-07-09,67.01573181152344,67.03445528899407,66.51966677226744,66.8659796963303,8727600
2018-07-10,67.17485809326172,67.36205719802923,67.0251059503634,67.0251059503634,11493100
2018-07-11,66.91277313232422,67.17484468577595,66.59454542910832,66.69750313095211,12974900
2018-07-12,67.9704360961914,68.00787591400756,67.12805804761572,67.20293768324802,11853300
2018-07-13,67.89556884765625,68.06404448810865,67.67093704069184,67.97980309742425,9258400
2018-07-16,67.73646545410156,68.05469330157995,67.60542961797312,67.91429572260874,6666000
2018-07-17,68.24185180664062,68.3541640901865,67.2122749347151,67.24971474286814,7451600
2018-07-18,68.12956237792969,68.23252011045196,67.88620708824827,68.22315836906365,7082000
2018-07-19,67.8862075805664,68.22315886382539,67.7645335053015,67.96108723038317,7455000
2018-07-20,67.90493774414062,68.2793217482244,67.82069634457977,68.14828591861165,7219800
2018-07-23,68.25122833251953,68.28866815270221,67.49309161133803,67.76452495197579,12575500
2018-07-24,68.62560272216797,69.20590908265197,68.34480770946936,68.93447580795366,10778600
2018-07-25,69.48670196533203,69.48670196533203,68.54137344563145,68.64432400740363,15233100
2018-07-26,68.4197006225586,68.6443323918052,68.17634537367427,68.29802656857403,12547200
2018-07-27,67.24974822998047,68.55075186225407,66.82856267512696,68.50395743444635,31775100
2018-07-30,66.20146179199219,67.31526629278528,65.81770892215651,67.2123085540936,17847700
2018-07-31,66.37928009033203,66.80982731055005,66.01425077012728,66.40735817020693,14977000
2018-08-01,66.97830200195312,67.19357917953474,66.61327268681009,66.85662794387726,14661400
2018-08-02,67.8207015991211,67.90494300520871,66.36058387550086,66.36058387550086,13104900
2018-08-03,68.06402587890625,68.06402587890625,67.53052102015717,67.8393941333578,7245700
2018-08-06,68.4290771484375,68.46651697488774,67.87684863444233,68.03596968208505,7500200
2018-08-07,68.6911392211914,68.93449448875029,68.56946515786983,68.6724228810326,10272700
2018-08-08,68.87833404541016,69.00937699562401,68.4758720175069,68.6537022496019,7098600
2018-08-09,68.90641021728516,69.1684818014575,68.85024692002315,68.9438500351548,11723100
2018-08-10,68.35418701171875,68.68177651676844,68.15763330868893,68.39162683242667,11569200
2018-08-13,68.26060485839844,68.98130191550402,68.24188851471081,68.45715860124541,12064400
2018-08-14,68.68177032470703,68.7660116989339,68.11082560698772,68.49457837895955,9179500
2018-08-15,68.06402587890625,68.50393477208635,67.53052102015717,68.25121781004421,17792200
2018-08-16,68.36356353759766,68.77539451353867,68.2138042223765,68.58819536951222,9104400
2018-08-17,68.46649169921875,68.65368362144787,67.93298686586023,68.157618600718,9024100
2018-08-20,68.36356353759766,68.64435154226156,68.09213013444719,68.62563519831751,10619800
2018-08-21,68.47588348388672,68.90643080666328,68.39164208327976,68.55075600108295,8002300
2018-08-22,68.68177032470703,68.78472803714266,68.16698890344396,68.26994661587958,6371200
2018-08-23,68.83153533935547,69.20592640301558,68.56010199672478,68.56010199672478,9367500
2018-08-24,69.52415466308594,69.54287814390652,69.00937319517035,69.018727794665,6557600
2018-08-27,70.16062927246094,70.19806909955739,69.71136562913722,69.89855762370262,8207500
2018-08-28,70.28230285644531,70.44142390570607,70.08574912127038,70.3010263403192,7385200
2018-08-29,70.91873931884766,70.9655408702515,70.35715640657239,70.366518145036,11182300
2018-08-30,70.70349884033203,71.16212424373302,70.48822161127279,70.72221518415942,10520300
2018-08-31,70.7596435546875,70.94684266723411,70.5162882788349,70.6379694872192,10268900
2018-09-04,70.48818969726562,70.59114739399432,70.01084816615688,70.4320335502914,11073800
2018-09-05,69.6083984375,70.4507694395729,69.25272369884036,70.39461327701228,16426600
2018-09-06,69.10296630859375,69.65518757431639,68.56009964197752,69.50543543854504,13978800
2018-09-07,68.86898040771484,69.42120173448387,68.57882356228725,68.65370320890831,14231000
2018-09-10,69.0842514038086,69.21528721671693,68.7098674474512,69.12169122762758,16654500
2018-09-11,69.67390441894531,69.82365654045496,68.71920697327693,68.88768257304696,13594900
2018-09-12,69.38374328613281,69.53350253917428,68.82216036905574,69.52414080063063,16268200
2018-09-13,70.19804382324219,70.37588115268697,69.79557475301903,69.8142910893696,12727400
2018-09-14,70.14189147949219,70.45075746198006,69.8236566169492,70.26356552465924,9439200
2018-09-17,69.26207733154297,70.16061153190724,69.18719769628385,70.03893748029745,14792100
2018-09-18,69.70198822021484,70.03893944742953,69.1778450405099,69.1778450405099,9651000
2018-09-19,69.52415466308594,69.92662380974063,69.13104725684154,69.69263028589292,10435300
2018-09-20,70.34783935546875,70.42271188039645,69.72073108015867,69.9360083342355,13700900
2018-09-21,70.06982421875,70.72722487168856,70.0416509286426,70.61453171125893,23020500
2018-09-24,70.41732025146484,70.42670657257864,69.4593852781917,69.73173905823482,17256800
2018-09-25,70.33277130126953,70.47364489054,70.04163780453807,70.33277130126953,10550500
2018-09-26,70.06982421875,70.71783855173925,69.94773757324133,70.40791803029832,13320600
2018-09-27,70.48304748535156,70.68026766977393,70.32338690880357,70.32338690880357,14233200
2018-09-28,70.74601745605469,70.81175752656549,70.2482701843114,70.28582979734874,11710600
2018-10-01,71.0841064453125,71.37523999983873,70.8680992768664,71.19679960699759,10334100
2018-10-02,71.09349060058594,71.49732446963041,70.77418376536126,70.99957724699806,14007000
2018-10-03,71.30952453613281,71.6288314912436,71.1780443587187,71.33769783627409,13292400
2018-10-04,70.02287292480469,71.01837468189376,69.56269240882229,70.9620209293332,23292400
2018-10-05,69.14006805419922,70.2106960417226,68.4638804483677,69.99468888119826,22288500
2018-10-08,68.36058044433594,69.02737463198575,67.58108592273804,68.8113674498678,19973000
2018-10-09,68.60475158691406,69.00858543888502,68.19152425044258,68.33239785743325,15138900
2018-10-10,65.28019714355469,68.20094878678482,65.23323686480039,68.19155529800746,44143000
2018-10-11,64.45372009277344,66.20053582218856,63.92779954288677,65.09234097412015,68269500
2018-10-12,66.51985168457031,66.73585170276141,65.2238229149025,66.27567120888749,35909400
2018-10-15,65.43043518066406,66.33201634215293,65.39286840329409,66.27566975866304,19152500
2018-10-16,67.40264129638672,67.61864846497362,66.09722629506497,66.25688688277259,20999300
2018-10-17,67.09272766113281,67.5341283165555,66.4916735837874,67.4871680559289,24164900
2018-10-18,65.77790069580078,66.83913493552474,65.38346041184616,66.7921818532222,22960300
2018-10-19,65.74974060058594,66.87671511366894,65.5055601622039,66.16296076731413,22141700
2018-10-22,66.29443359375,66.72644784686278,65.66520634593334,66.05964666559795,15981000
2018-10-23,66.04087829589844,66.38836558916091,64.25649590003466,64.91390371173694,24066100
2018-10-24,63.08257293701172,66.03149724725903,63.00743937321575,65.87184379804084,34165400
2018-10-25,65.25199890136719,65.59008555166906,63.880836669266586,63.98414351093348,23377200
2018-10-26,63.94655990600586,65.11110814828953,63.026199223539,63.62725314498248,42743600
2018-10-29,62.866573333740234,65.2895698793598,61.5987177225614,64.82938933689557,34055300
2018-10-30,63.570926666259766,63.79632016673953,62.27489791695823,62.810211958804025,30560800
2018-10-31,65.08293914794922,65.5994660892047,64.49127150515888,64.5194447900292,21144100
2018-11-01,65.84365844726562,65.89061870732269,64.62276333707922,65.17686431220771,15553100
2018-11-02,64.55703735351562,65.72158613775335,64.01233690974195,65.33653198365913,20213100
2018-11-05,64.49129486083984,64.6227750146028,63.56154029776435,64.51946815591319,14208200
2018-11-06,64.89511108398438,65.20503157540425,64.37858409674696,64.43493067150365,9133800
2018-11-07,66.80157470703125,66.80157470703125,65.56190000392529,65.64642702454513,16314800
2018-11-08,66.74525451660156,66.82978157062925,66.32264074185709,66.54803427737872,10409700
2018-11-09,65.590087890625,66.22870876864377,65.0359940520433,66.17236218577243,12941800
2018-11-12,63.27978515625,65.10173443940407,63.20465876709682,64.98903410797914,16431100
2018-11-13,63.35492706298828,64.44434224832963,63.16710031764786,63.430060627176864,15703500
2018-11-14,62.594200134277344,64.1907484729089,62.27488616747373,64.05926835867471,19496700
2018-11-15,64.16259002685547,64.31285714366719,62.33125432277815,62.69752146359362,26301100
2018-11-16,64.05926513671875,64.44431914127259,63.279770809301326,63.41125091692252,17972900
2018-11-19,61.617488861083984,63.82448479852763,61.448441967379026,63.75874473792732,19198600
2018-11-20,60.293296813964844,61.110358127393326,59.523199347658405,59.89885638615677,28064800
2018-11-21,60.73469543457031,61.354536512950965,60.481128643951955,61.11035604281948,16503300
2018-11-23,60.180599212646484,60.84739336250695,60.058508982404526,60.08668227301231,5338100
2018-11-26,61.542362213134766,61.542362213134766,60.65017455283888,60.96948140721677,12534600
2018-11-27,61.664451599121094,61.75836495159604,60.762863352998956,61.11974412358508,11538200
2018-11-28,63.82450866699219,63.82450866699219,62.04951920186155,62.28430624397018,16609600
2018-11-29,63.20465087890625,63.72117787859648,62.86655709195702,63.627264530028185,14115400
2018-11-30,63.80570983886719,63.85266293421531,62.93230201593872,63.24221537365158,16509800
2018-12-03,65.21443176269531,65.46799854029254,64.51007084532218,65.40225847460957,16231700
2018-12-04,62.74447250366211,64.89512217778687,62.59421255691436,64.75424855168382,20991100
2018-12-06,62.88535690307617,62.88535690307617,60.96010756694108,61.27002099930486,21577900
2018-12-07,60.66895294189453,62.86656275502698,60.387212870810274,62.58481551881287,19937500
2018-12-10,61.504791259765625,61.739578224439626,59.983372731796216,60.33085643639561,20447800
2018-12-11,61.579917907714844,62.58480571731104,61.08217074480206,62.46271908880769,15813100
2018-12-12,62.05888748168945,63.03560203993926,62.03071419450141,62.57541446543791,16928800
2018-12-13,62.16220474243164,62.81960543756272,61.805323937820326,62.35942495097097,12819300
2018-12-14,60.64078903198242,61.75837749934995,60.58444244207514,61.420283629644324,15516200
2018-12-17,59.354156494140625,60.82861503906608,58.87518899033135,60.415394776194375,23263500
2018-12-18,59.8237190246582,60.34024962791731,59.344751612815124,59.81432553988063,19626600
2018-12-19,58.64039611816406,60.80043566491403,58.00177523198545,59.73920107154038,33606100
2018-12-20,57.588558197021484,58.97849688250449,56.75271700489557,58.38683260729409,39501800
2018-12-21,55.838863372802734,58.31010932734651,55.59362310971986,57.602691303868724,41613700
2018-12-24,54.34857177734375,55.989783298826815,54.3014112918427,55.310660793645624,21117000
2018-12-26,57.6309928894043,57.6309928894043,54.41459875082975,54.72586444074721,29060100
2018-12-27,58.04601287841797,58.064877792484474,55.72568241995404,56.829252906986476,23438800
2018-12-28,57.91395950317383,58.87604489098971,57.414048297923834,58.47046184999282,19842900
2018-12-31,58.461036682128906,58.677977820800386,57.97055965630496,58.41387619078551,16860100
2019-01-02,58.49876022338867,58.84775213953638,57.18767927521816,57.26313533362993,15442900
2019-01-03,55.54646682739258,57.04619329447753,55.471010770202746,57.00846346682541,24946700
2019-01-04,58.008277893066406,58.25351455789939,56.38593140872559,56.56514627736713,20767800
2019-01-07,58.52705764770508,58.92321366077587,57.87623428108505,58.00828508607045,11908600
2019-01-08,59.01752853393555,59.3004950293764,58.31954475172239,59.09298818504735,13002600
2019-01-09,59.78154373168945,60.09280580984941,59.272201860393864,59.33822725873429,14022400
2019-01-10,60.045650482177734,60.073946055864035,59.03640090873364,59.30993678141672,10934100
2019-01-11,59.932464599609375,59.97019442994069,59.564607749165695,59.69665855721064,7725600
2019-01-14,59.375953674316406,59.58346051512909,59.16844323538958,59.404249243946744,7241900
2019-01-15,60.272029876708984,60.39464643625202,59.460856461320176,59.564611702560356,14327000
2019-01-16,60.32861328125,60.696470108873626,60.21542739539221,60.3380475373049,9468500
2019-01-17,60.71533966064453,61.064327982134266,59.951326822264406,60.111673196799096,10128400
2019-01-18,61.63969039916992,61.76231413159611,60.92283810423827,61.318997675470335,13651600
2019-01-22,60.602149963378906,61.243542655509735,60.121107243338024,61.13978742617762,14992500
2019-01-23,60.80965042114258,61.30955797322008,60.13052801219662,60.85680730184684,9576100
2019-01-24,61.319000244140625,61.535937755441815,60.9983003107784,61.02659588214562,14170900
2019-01-25,62.18677520751953,62.375417179382985,61.554816685923996,61.781188491406134,10030800
2019-01-28,61.35673141479492,61.3755927307098,60.84738953034655,61.262403246533864,9662400
2019-01-29,60.696468353271484,61.48878032570222,60.60214738413724,61.479346069920204,8573900
2019-01-30,62.58293151855469,62.76214644021777,61.43219670915455,61.70573262255544,16995300
2019-01-31,62.516883850097656,62.856445056461816,62.064140372430664,62.262216543438456,18250900
2019-02-01,62.884765625,63.22432696636149,62.45088328797826,62.54520428363852,9737800
2019-02-04,63.894012451171875,63.90344670917308,62.92249256772816,62.969656661503834,7604300
2019-02-05,64.43163299560547,64.59198655434132,64.03548061897716,64.11094027059069,12060700
2019-02-06,64.6485595703125,64.82777439359351,64.26183436138535,64.50707456226046,10189600
2019-02-07,63.761940002441406,64.3278729546901,63.32805783250983,64.05434433148176,14632000
2019-02-08,64.12980651855469,64.12980651855469,63.14885256080455,63.18658238951367,8488800
2019-02-11,64.10153198242188,64.52598729752218,63.95061981428922,64.32790383273655,7434700
2019-02-12,64.9504165649414,65.0353032855848,64.45050890898551,64.54482988622127,9709100
2019-02-13,65.03529357910156,65.50690559112182,64.99757095082077,65.27109958511168,9120900
2019-02-14,65.14849090576172,65.38429694019639,64.74290423868491,64.79006832406348,9742000
2019-02-15,65.6672592163086,65.73328461021467,65.29940242222791,65.63895645072466,7356000
2019-02-19,65.68611145019531,65.88418760453199,65.33711601851991,65.40314140329879,8319100
2019-02-20,65.76158905029297,66.03512491800973,65.4125935232966,65.74272053735847,9852100
2019-02-21,65.78990173339844,66.05400341333268,65.38431495457627,65.60125973236858,9754100
2019-02-22,66.62936401367188,66.66709384924067,66.0728651305503,66.09172645021954,12246600
2019-02-25,66.9500503540039,67.41222815199241,66.90288627011108,67.12925804109317,20170500
2019-02-26,67.09152221679688,67.28017133927845,66.65764002943153,66.71423836429011,14134000
2019-02-27,67.02550506591797,67.11039898053215,66.33695547380852,66.83686311646503,9777500
2019-02-28,66.83684539794922,67.09151268182104,66.66706480995893,66.78025426736151,9438300
2019-03-01,67.28961181640625,67.46882671944383,66.75197430352317,67.36507148044625,12334000
2019-03-04,67.03495025634766,67.74236847652702,66.28980220087776,67.57258781583477,15826500
2019-03-05,66.83684539794922,67.08208562420789,66.62933499082473,66.99719173209915,8953800
2019-03-06,66.48786926269531,66.86516036729876,66.40298254217991,66.78970070713221,13122100
2019-03-07,65.85591125488281,66.3558189135355,65.63896652946387,66.29922776613462,18498300
2019-03-08,65.84647369384766,65.90307203463757,64.93154514355771,65.06360314124822,12890700
2019-03-11,67.26132202148438,67.32734743413579,66.08229165540182,66.08229165540182,14576900
2019-03-12,67.65746307373047,67.88383482677447,67.2424421962929,67.44995263501168,18050600
2019-03-13,68.10078430175781,68.50637099525115,67.91214234041514,67.94987217192958,17833600
2019-03-14,68.24227905273438,68.44978955738954,68.05363706462818,68.2139834741415,10656600
2019-03-15,69.06834411621094,69.38061539574716,68.43434404162105,68.48166049711834,21024500
2019-03-18,69.36172485351562,69.54151158374327,68.93589821780839,69.11569216751683,14837600
2019-03-19,69.5036392211914,69.83484002384232,69.22922683761914,69.64558139097342,16153100
2019-03-20,69.31439208984375,69.8821535845678,68.89803029128919,69.4279472765802,13704300
2019-03-21,71.05552673339844,71.20693364570265,69.31439055877367,69.32385529566241,27274100
2019-03-22,69.380615234375,70.97981612936134,69.35222824893364,70.68646710101986,26747400
2019-03-25,69.07779693603516,69.54146779812505,68.6330483211938,69.15350036398182,21946900
2019-03-26,69.45633697509766,70.12818894564232,69.0494398977842,69.68344013794163,13965100
2019-03-27,69.05890655517578,69.82538426325787,68.45328607162251,69.56042936266059,15831200
2019-03-28,69.3427734375,69.62665777149479,68.9169541559863,69.26706998583758,10539700
2019-03-29,70.02409362792969,70.05248061887845,69.57934485112216,69.92000318146499,14347200
2019-04-01,70.97984313964844,71.06500412837921,70.3079910904559,70.70542347682665,12590500
2019-04-02,71.22586822509766,71.32050117140277,70.8189711022183,71.03661677144781,11787100
2019-04-03,71.80309295654297,72.16268081779974,71.5192157823445,71.65169324086645,13869000
2019-04-04,71.50025939941406,71.963937549234,71.07444018861656,71.77467895150832,11503100
2019-04-05,71.84093475341797,71.91663821052506,71.6138316015757,71.73684430476547,6709800
2019-04-08,72.11534881591797,72.15320054155588,71.36779347839591,71.67060006402068,7309900
2019-04-09,71.77468872070312,72.06803778223612,71.61382430534915,71.80307570935638,13440100
2019-04-10,72.27620697021484,72.29513644113219,71.80307126997114,71.84092299232798,8617400
2019-04-11,72.18159484863281,72.44654973548062,72.03019515021087,72.42762748048257,7697300
2019-04-12,72.68310546875,72.68310546875,72.18158277120587,72.58847977063417,8555000
2019-04-15,72.65473175048828,72.86291265605082,72.26676415151388,72.68311874315965,9910700
2019-04-16,73.02377319335938,73.09947664942531,72.67365734314257,72.88183101810549,9609300
2019-04-17,73.43067169189453,73.52529740410154,73.07109109771626,73.48745289480199,12247900
2019-04-18,73.63883972167969,73.6577619730227,73.09000057952073,73.59152326410543,11491900
2019-04-22,73.8091812133789,73.83756820488279,73.2319549878698,73.29819370787187,8084400
2019-04-23,74.61349487304688,74.70812056461992,73.84701738598451,73.92272082703394,16692800
2019-04-24,74.64191436767578,74.9825727812891,74.5283663761251,74.6703085850441,10938300
2019-04-25,74.62298583984375,75.1907474083415,74.22555346384334,74.98256648201365,11387600
2019-04-26,74.33909606933594,74.35802554462215,73.54423137482308,74.16876688915754,11050200
2019-04-29,74.3580322265625,74.59460015254204,74.27286401908019,74.34856748806888,10613200
2019-04-30,74.48100280761719,74.58509321371211,73.90377681726387,74.32013844164359,18842900
2019-05-01,74.29177856445312,75.41783675654716,74.28231382786177,75.2285853415925,15446800
2019-05-02,73.90380096435547,74.81222071660859,73.50636867639693,74.2728462630996,24988800
2019-05-03,74.60404205322266,74.67028798932932,74.0646675836864,74.1687580268845,13288300
2019-05-06,74.02684020996094,74.14985293517583,72.54119389075828,72.82507107651885,13022500
2019-05-07,72.4371109008789,73.47800846174292,71.77471629343376,73.1941240271977,20625600
2019-05-08,72.35192108154297,72.97646376328836,72.07750146860747,72.20052138927309,13667300
2019-05-09,71.85984802246094,72.0964158579634,70.6486218598047,71.45295105661761,19300900
2019-05-10,72.08696746826172,72.4086963321455,70.36475352408397,71.39618605539503,19596200
2019-05-13,69.37114715576172,70.46882533643681,69.1724310477727,70.05246365142527,25461200
2019-05-14,70.4877700805664,70.92305415404535,69.66451840181512,69.7212923880795,18404300
2019-05-15,71.25423431396484,71.47187267780414,69.8821365484411,69.99569170749464,15048600
2019-05-16,71.90715789794922,72.42761002847836,71.2069191200825,71.3015448112303,15444700
2019-05-17,71.32991790771484,72.2951185401261,71.15958880902322,71.16905354213833,13543900
2019-05-20,70.0903549194336,70.67704605940932,69.74969647938075,70.12820665938182,14674600
2019-05-21,70.9514389038086,71.17854203805665,70.66755457138969,70.82841899067046,14841100
2019-05-22,70.5823974609375,71.00822402639426,70.44992001021218,70.48777174177364,11521100
2019-05-23,69.3427734375,69.66450949732601,68.83178596799645,69.62665777149479,16085700
2019-05-24,69.36172485351562,70.08088621338781,69.28602137790357,69.72130553345171,11750000
2019-05-28,69.16294860839844,70.02405874206111,69.12510411897341,69.57931018682656,25772800
2019-05-29,68.756103515625,69.08729715867638,68.29242519587311,68.65201305359743,14754800
2019-05-30,69.18190002441406,69.3238421729605,68.70876434224435,68.91694519751543,11420500
2019-05-31,68.02747344970703,68.67093850880953,67.99908645319196,68.34920958899842,12039800
2019-06-03,66.83516693115234,68.51007186700174,66.38096056241628,68.13156174673499,19703700
2019-06-04,69.06834411621094,69.06834411621094,67.34613054048052,67.68678880552412,15096200
2019-06-05,69.9673080444336,70.12817244612214,69.17243633227534,69.98623029543556,14395800
2019-06-06,70.78109741210938,70.92303233410311,69.83482609493934,70.15655487742809,11922500
2019-06-07,72.096435546875,72.52225487927605,71.00822176248644,71.15016394644658,11992100
2019-06-10,72.83451843261719,73.51583506700881,72.61687281127818,72.61687281127818,13463800
2019-06-11,72.83451843261719,73.64831249930955,72.41815666282706,73.57260904671524,11550100
2019-06-12,72.42764282226562,72.6831330259933,72.25731361328694,72.48441681876494,7596900
2019-06-13,72.64525604248047,72.90075337689724,72.38030119158768,72.68310776681919,9867400
2019-06-14,72.01126098632812,72.24782886553386,71.69898965310166,71.98287399594004,8441700
2019-06-17,72.06804656982422,72.42762716907458,71.90717491537613,72.05858183262629,9351100
2019-06-18,73.3739013671875,73.73348197929592,72.60742367476824,72.83452683928516,16181200
2019-06-19,73.63883972167969,73.82809111302107,73.06161359276732,73.563136277352,12371200
2019-06-20,74.71759033203125,74.96362292227404,74.09305495000324,74.71759033203125,13891900
2019-06-21,74.36433410644531,75.01007247272148,74.33584682109264,74.44030503070984,20715200
2019-06-24,74.50679016113281,74.75369208353423,74.39283375579662,74.49729198277463,8215900
2019-06-25,73.13934326171875,74.53527845468439,73.05388139030651,74.46880569525685,13122700
2019-06-26,73.92752075195312,74.4498118607446,73.83256070807839,73.85154981885856,9069200
2019-06-27,74.11744689941406,74.37383973827434,73.95600685792309,74.17442147583039,6837500
2019-06-28,74.10795593261719,74.4308215570413,73.88005035978914,74.3453596841011,17783400
2019-07-01,75.28548431396484,75.90273558079242,74.97210959073094,75.8077755193547,14276600
2019-07-02,75.48490142822266,75.53238508068819,75.07656664997889,75.24749765587136,7784200
2019-07-03,76.06415557861328,76.06415557861328,75.52287535023876,75.67481721889894,5341800
2019-07-05,75.92170715332031,76.05465265761362,75.17151776980235,75.44689971084804,5923900
2019-07-08,75.34245300292969,75.43742030192027,74.99110007862032,75.33296206902081,7459900
2019-07-09,75.60834503173828,75.66531961042118,74.83915199458349,74.95310839693641,9249800
2019-07-10,76.20659637451172,76.66241471819083,75.96919264748831,76.02616722357816,10108600
2019-07-11,76.49147033691406,76.78584858842639,76.23507029947999,76.39650306676188,11352200
2019-07-12,77.0517578125,77.09924145882623,76.59594668571198,76.72889220144076,7753400
2019-07-15,77.30815887451172,77.40311892336086,77.08974424167012,77.2606752275935,6286000
2019-07-16,76.5864486694336,77.2226889596223,76.45350315342363,77.21319078133952,8005700
2019-07-17,76.38703918457031,76.8998321960342,76.37754100519466,76.7289011922129,6708000
2019-07-18,76.95679473876953,77.07075113847921,76.15911443077573,76.21609625312404,8022000
2019-07-19,76.62444305419922,77.75448007178387,76.52947575029475,77.72599277860776,11679700
2019-07-22,77.50757598876953,77.69749608362095,76.90931392451188,76.9188121027506,6924700
2019-07-23,77.93489074707031,78.01086167415691,77.35562510676115,77.95387985634878,5505400
2019-07-24,78.58063507080078,78.60912235936267,77.8304384103941,77.8304384103941,9257100
2019-07-25,78.25777435302734,78.40970898315932,77.8399414414365,78.40970898315932,9923400
2019-07-26,78.42870330810547,78.5806451933242,78.2197940834115,78.29575778103302,11120200
2019-07-29,78.3812255859375,78.51417111077652,77.77347254524835,78.46668746119641,8473200
2019-07-30,77.87792205810547,78.21028583298722,77.6690056153264,77.83993659169228,7364000
2019-07-31,76.70039367675781,78.38121613744504,75.8932224461109,78.29574702750129,16869300
2019-08-01,76.31106567382812,78.45719770631916,75.93121820644215,76.83335684710731,28833000
2019-08-02,75.06707000732422,75.72229944259776,74.38334603574522,75.6938121512799,22371900
2019-08-05,71.93333435058594,73.16783671598365,71.35406863628256,73.06337848914289,27826600
2019-08-06,73.12982177734375,73.39571270397471,72.2941562993786,72.90190905881632,19150800
2019-08-07,73.58566284179688,73.78508111838862,71.89534933498246,72.29418588816596,20582400
2019-08-08,75.38992309570312,75.40891945008038,73.98449716121587,74.17441723506991,15991600
2019-08-09,74.53527069091797,75.15252181844357,73.9655032058892,74.94360538343615,15572600
2019-08-12,73.55716705322266,74.29786549355548,73.21530511999421,74.02247631151108,10893400
2019-08-13,75.3994369506836,75.68431712069973,73.32927583728615,73.49070865812742,26042800
2019-08-14,73.08238220214844,74.34537210993167,72.89246206721373,74.01300825130154,23569300
2019-08-15,72.94941711425781,73.32926452734816,72.33216597360935,73.14883537600821,15662300
2019-08-16,74.33585357666016,74.48779543899751,73.59515511023247,73.69961332934271,10847000
2019-08-19,75.46588897705078,75.69379449943351,75.07654343320209,75.50387443827888,7878100
2019-08-20,75.08606719970703,75.75079488527882,75.04808172553315,75.37095463351689,8337700
2019-08-21,75.96920013427734,76.15912023661804,75.6273381540741,75.807767322789,8401300
2019-08-22,75.78874206542969,76.33952029517476,75.11451654073544,76.16858937025334,7594100
2019-08-23,73.28177642822266,76.06414823583171,72.9778999652238,75.3709334507029,20398900
2019-08-26,74.29788208007812,74.32636937337568,73.68063082700792,74.18393290688789,10358500
2019-08-27,74.18392181396484,74.91512213088691,73.75659074343709,74.78217661871926,10033000
2019-08-28,74.2503890991211,74.3738364241846,73.25329058634505,73.7850725958328,7139500
2019-08-29,75.54187774658203,75.76978332280838,74.99109929612968,75.25699034255837,8120600
2019-08-30,75.52287292480469,76.13062588995315,74.9815927138135,76.03566584758374,10075400
2019-09-03,74.60176086425781,75.560874155768,74.3358697921532,74.89614647550648,11837500
2019-09-04,75.87422943115234,75.91221489528522,75.33294924598523,75.40892017425098,7729400
2019-09-05,77.46009063720703,77.77346530730112,76.83334854200592,76.8713267641503,10043300
2019-09-06,77.39362335205078,77.66901257448113,77.18470689055276,77.63102710466444,9150100
2019-09-09,76.8143539428711,77.79245619766924,76.40601921810237,77.75447072966898,12610700
2019-09-10,76.42500305175781,76.46298126854782,75.56085009757149,76.46298126854782,9858500
2019-09-11,77.22268676757812,77.24167587861741,76.50097738330533,76.662417429581,9409300
2019-09-12,77.6405258178711,78.26726796169233,77.31765294470021,77.69750040049459,12771000
2019-09-13,77.07075500488281,77.51706795824855,76.9852858895661,77.51706795824855,16533600
2019-09-16,76.88082122802734,77.05175219936753,76.35853738142272,76.4345010670287,7725900
2019-09-17,77.19420623779297,77.19420623779297,76.7573841957699,76.9378061238959,7701300
2019-09-18,77.18470764160156,77.24168222438722,76.14013256893473,77.07075847603026,8630700
2019-09-19,77.35565185546875,78.03937594569943,77.25119360585079,77.42212462840845,8193500
2019-09-20,76.45355987548828,77.64427688646154,76.25352028975196,77.60617307000321,15013600
2019-09-23,76.69168090820312,76.92029647271049,76.30112235409352,76.463058076138,7824200
2019-09-24,75.94867706298828,77.4918412523598,75.624798342002,77.19654583687424,17724100
2019-09-25,76.85363006591797,77.063197398169,75.14852263335432,75.84390448422738,11956600
2019-09-26,76.9393539428711,77.20608061217855,76.33923528893621,76.82504978072653,9089300
2019-09-27,75.91059875488281,77.10131585284466,75.3390487338128,76.93937280417593,12782100
2019-09-30,76.71073913574219,76.89173041773407,76.12966874703442,76.2344524084446,11001400
2019-10-01,75.99629974365234,77.5680472048809,75.96772370632128,77.05365673024839,11022300
2019-10-02,74.56745147705078,75.51049719524441,74.00543660756496,75.49144892321056,19754800
2019-10-03,75.48191833496094,75.51049437572419,73.6148752403219,74.53887265198011,17472200
2019-10-04,76.72977447509766,76.82503034196876,75.93913697170957,76.01534457222917,10938400
2019-10-07,76.40589904785156,77.04412137727422,76.34874697881584,76.47257888424562,10619400
2019-10-08,75.00562286376953,76.13918746560644,74.99610236299758,75.91057189859623,14366800
2019-10-09,76.1201400756836,76.40590772085747,75.67242943726413,75.78673358831051,10251500
2019-10-10,76.64405822753906,76.94888143810303,75.98678022731485,76.04393957574213,9398100
2019-10-11,77.701416015625,78.3872700623446,77.46327265315618,77.58710458531884,15970600
2019-10-14,77.6537857055664,77.97766446294918,77.61568916240023,77.62520966441238,5662800
2019-10-15,78.51111602783203,78.70163511239627,77.89194172122818,77.96814935505388,8102900
2019-10-16,77.96813201904297,78.12054725280524,77.68236435707625,78.08244344436467,10033000
2019-10-17,77.81572723388672,78.45394969934995,77.40612036085416,78.23485460874984,6865900
2019-10-18,77.07270812988281,77.81571413083996,76.58689371865796,77.70140272009371,8726300
2019-10-21,77.90145874023438,77.93956255188806,77.25370847723966,77.52995566105965,6339300
2019-10-22,76.85363006591797,78.33012189400732,76.79647798168915,78.05387470763633,9458000
2019-10-23,76.92031860351562,76.92984637448235,76.4535595719838,76.61549534061895,8808500
2019-10-24,78.04435729980469,78.11103716277782,77.45375903664257,77.73953403084747,7254100
2019-10-25,78.98738098144531,79.08263686358937,77.99670381851968,78.04433539337067,8152700
2019-10-28,79.98759460449219,80.02569841500186,79.64466757746399,79.68277138797365,7229900
2019-10-29,79.2636489868164,80.06381459603402,79.2350729414086,79.92092710143517,7760400
2019-10-30,79.74946594238281,79.84472185243932,78.96835585182328,79.50179476218781,12779300
2019-10-31,79.70182800292969,79.95902693390474,79.18743740853908,79.87329153439322,11230900
2019-11-01,80.65438079833984,80.65438079833984,79.84469493448783,79.96852684905798,9920600
2019-11-04,81.07352447509766,81.32119559957295,80.90206096854683,81.27356402148054,10181600
2019-11-05,80.978271484375,81.33071901166113,80.70202431018181,81.30214297080643,7899800
2019-11-06,80.94017028808594,81.01637791119877,80.53056339830309,80.96874632986352,8538600
2019-11-07,81.57838439941406,82.03562282356182,81.34976882111928,81.48312851408775,14042500
2019-11-08,82.03561401367188,82.03561401367188,81.04493692404007,81.36880835288028,6286500
2019-11-11,82.07373809814453,82.18804226948285,81.46408435825029,81.56886802701655,4244000
2019-11-12,82.3499755859375,82.65479881308069,81.98800027481715,82.18803983629621,8281200
2019-11-13,82.53096008300781,82.6071677004115,82.00704179780547,82.02609733593559,7686100
2019-11-14,82.43572235107422,82.50240221409874,81.97848381350607,82.20710671607014,6091300
2019-11-15,83.1025161743164,83.1025161743164,82.75958910786666,83.01678804148376,7062400
2019-11-18,83.35016632080078,83.47399823729947,82.75956824026403,83.07391918317349,6511100
2019-11-19,83.51211547851562,83.75978661891757,83.20729225477434,83.68357899609254,7043700
2019-11-20,83.00724029541016,83.56926234533803,82.37854566991896,83.32159124193468,12379900
2019-11-21,82.58811950683594,82.94057431800296,82.41665598620861,82.84531842155646,9377700
2019-11-22,82.48332977294922,82.95961648770484,82.15945829534348,82.82625678897794,5890000
2019-11-25,83.6835708618164,83.6835708618164,82.82625335726554,82.85483666371574,7369900
2019-11-26,83.7597885131836,83.96935584691248,83.5978527616873,83.73121247086767,9727200
2019-11-27,84.22654724121094,84.22654724121094,83.76931603041741,84.0169799081143,9348500
2019-11-29,83.97887420654297,84.1408099398934,83.83598674341565,84.00745024565678,5680100
2019-12-02,82.77863311767578,84.01697422507405,82.41665056042699,84.01697422507405,11583800
2019-12-03,82.045166015625,82.10232537667562,81.1211756781024,81.47362327804024,11247200
2019-12-04,82.37853240966797,82.6452517392195,82.25469324412143,82.57857190683161,6914500
2019-12-05,82.6833724975586,82.75005234362283,82.29281392235511,82.67384472881852,7810300
2019-12-06,83.59785461425781,83.67405497293588,83.24539979357964,83.31207964964749,9203500
2019-12-09,83.15967559814453,83.72169051621948,83.15967559814453,83.45497107933241,5685100
2019-12-10,83.22634887695312,83.66453181255912,83.01678154523744,83.29302873090276,6175400
2019-12-11,83.78836059570312,83.86456821665011,83.27397005564909,83.44543356900043,4939500
2019-12-12,84.68379974365234,84.80763170300803,83.35019516746092,83.5502347637556,12094700
2019-12-13,85.24580383300781,85.43632290103682,84.4361177796727,84.59805353682786,13128100
2019-12-16,86.00786590576172,86.30316137791027,85.87450619140047,85.89355446449807,9872300
2019-12-17,85.80783081054688,86.19838220367598,85.69351936331995,86.16027838793367,7459700
2019-12-18,85.79828643798828,86.13168567677195,85.76971039860086,85.91259786309625,6485100
2019-12-19,86.41744995117188,86.42697771897909,85.82685189560092,85.85542793146513,6862000
2019-12-20,86.91920471191406,87.02433023022523,86.6994021127319,86.92876356574303,11700400
2019-12-23,87.16767120361328,87.38748106211736,87.06254570058108,87.18678890849263,7765200
2019-12-24,87.19633483886719,87.3205780387556,86.99564269820237,87.3205780387556,2445400
2019-12-26,87.84622955322266,87.86534726368451,87.32060917584465,87.37794772468983,4134600
2019-12-27,87.83665466308594,88.19981086144823,87.61684479876912,88.19981086144823,9666100
2019-12-30,87.33012390136719,87.82708208596108,86.661150142799,87.81752323476236,8245600
2019-12-31,87.6072769165039,87.7028435597737,86.91918541893335,87.03386976561761,5800900
2020-01-02,89.25105285644531,89.25105285644531,88.22847442253088,88.40049730352901,13283500
2020-01-03,88.24758911132812,88.85923172216603,87.94177145154325,87.95133030408068,15011800
2020-01-06,88.45783233642578,88.5534062708547,87.20589254109619,87.36835656359733,7815000
2020-01-07,88.41961669921875,88.85923644408449,88.28582192165736,88.61075730378397,7681800
2020-01-08,89.36576080322266,89.75758634651038,88.35273366264008,88.51520502572984,11627200
2020-01-09,90.3787612915039,90.43609982427027,89.72889785216844,90.1876279881039,7777400
2020-01-10,90.16849517822266,90.89481473375432,90.01559001937053,90.77057883648278,7665300
2020-01-13,91.29621124267578,91.40133674343791,90.53167076317689,90.57945044180737,7762200
2020-01-14,90.86615753173828,91.49690324402329,90.7228039135428,91.41089544786675,8067300
2020-01-15,90.97127532958984,91.4108877079032,90.66545770592545,90.92348836381494,7208500
2020-01-16,92.19457244873047,92.21368286579887,91.43002452314526,91.55426775353276,5771600
2020-01-17,92.81575775146484,92.9017655568597,92.12766614323132,92.62461714291737,10830500
2020-01-21,92.77751159667969,93.31269061405301,92.50992208799303,92.52903249949897,8987500
2020-01-22,93.11201477050781,93.76187824439835,93.03555852857515,93.36049391115469,7745800
2020-01-23,93.5516357421875,93.62809199108118,92.80620554364724,93.20758991343519,7478200
2020-01-24,93.11201477050781,94.4499698392552,92.78707938792827,94.23971881957466,11808700
2020-01-27,90.89482116699219,91.61158192230465,90.51254730590539,90.94260813385333,17787300
2020-01-28,92.63417053222656,92.88264966304763,91.49690767507266,91.6880482723459,15592200
2020-01-29,92.87309265136719,93.53251496531195,92.50037759338146,93.39872019020264,10563300
2020-01-30,93.67585754394531,93.76187263378964,92.27101246165692,92.834860806816,9966800
2020-01-31,91.1050796508789,93.17890585697074,90.78014429027726,93.1311188861779,13482300
2020-02-03,92.30924224853516,92.53861098287032,91.10508920398519,91.21021471773827,12537800
2020-02-04,94.72711181640625,94.92780396940229,93.68541564178717,93.91477706074434,9548900
2020-02-05,95.28141021728516,96.33266534264891,94.59332589604988,96.28487836739829,16348500
2020-02-06,96.15106201171875,96.17973127392878,95.2431680158213,95.67322153150596,6752800
2020-02-07,95.2718505859375,96.07461920502031,95.08070999239294,95.70190416169356,8299000
2020-02-10,96.56201934814453,96.58112976201211,94.69843682589031,94.71755453102605,8173800
2020-02-11,96.2370834350586,97.38390512483316,95.95038348106605,97.29789003474771,7552900
2020-02-12,97.27879333496094,97.31702145913616,96.35178137470223,96.89651938447798,6076400
2020-02-13,97.020751953125,97.52726911241932,96.37088844723397,96.51424208509957,7401400
2020-02-14,97.44123077392578,97.60369478883443,96.90605176421865,97.21186938280376,6196200
2020-02-18,97.07808685302734,97.28833785938892,96.55245933712341,96.6575848403042,10316600
2020-02-19,98.2344741821289,98.37782782440917,97.64194919662945,97.70884659085769,8307800
2020-02-20,97.2118911743164,98.26313901815156,95.883494912251,98.02421872222226,13162300
2020-02-21,95.03295135498047,96.80096031195463,94.44042632069558,96.71494520299679,14949500
2020-02-24,91.1050796508789,92.42391692430569,89.64288875634163,90.47432663449997,21182600
2020-02-25,88.19027709960938,92.26148184396163,87.86534892830393,91.92699481724415,31467200
2020-02-26,88.59162902832031,90.51254995023235,87.92265522032491,88.52473164752078,27879800
2020-02-27,83.8132553100586,87.5021860730016,83.75591675964375,85.68639725800791,33912900
2020-02-28,84.45354461669922,85.25631327116385,80.33455396230488,80.47790759096455,55927200
2020-03-02,89.33708190917969,89.3561923250481,84.46310194934374,85.9730799973614,35004300
2020-03-03,85.94438934326172,90.46476350898759,85.03649534440072,89.84356942442984,47494600
2020-03-04,89.6333236694336,89.66199293340797,86.58469888485368,87.79841786239778,22363800
2020-03-05,86.80450439453125,88.90699961540388,86.240648829866,87.24411676648582,24509500
2020-03-06,84.96961975097656,85.47612962489899,82.6568656849487,83.89925417255648,28815900
2020-03-09,78.51876831054688,82.1885804980947,77.88801523947346,77.96447148286454,29559900
2020-03-10,83.75589752197266,83.76545637526971,78.95838123573934,81.88276329552899,35582300
2020-03-11,79.79935455322266,82.01653393299088,78.66209195752232,81.51002422638146,31652100
2020-03-12,72.01056671142578,78.27028059689644,71.67607979729199,74.00794392656962,32745300
2020-03-13,80.45877075195312,80.64034515010509,72.91844964830915,76.54047354803085,32924800
2020-03-16,69.3442153930664,75.69949590148136,68.03493700703856,68.54144680232827,40622400
2020-03-17,74.06529235839844,74.96363501182248,68.75170726563421,70.97843890098044,50407300
2020-03-18,71.27468872070312,72.45973108574245,67.15569876875375,69.14351694262224,53706200
2020-03-19,71.53271484375,73.96014523649879,68.9237100356841,70.61526204268434,61727100
2020-03-20,68.2547378540039,73.62566790218656,68.02537644687588,72.88023786056972,45222000
2020-03-23,67.63127136230469,69.37969310338549,65.4217241015652,67.9098669615695,42479200
2020-03-24,74.55770874023438,74.61534667946358,71.43552665673828,71.7237310115667,37664500
2020-03-25,74.46165466308594,77.90085327736729,73.03024876165037,75.12451305549104,28740400
2020-03-26,79.07286071777344,79.26499939569196,75.22057367460648,75.40309625695267,28212900
2020-03-27,75.4991455078125,78.06414316233426,75.17252082041381,76.62313637344454,29242700
2020-03-30,78.6789779663086,78.86150052246825,76.26769104210184,76.50785885803725,23740100
2020-03-31,77.20915985107422,79.90864402761072,76.80567230952653,78.49645595554587,19994400
2020-04-01,73.52979278564453,76.1332115045766,72.98221035884836,74.53849339851041,27492400
2020-04-02,75.24939727783203,75.34546295803646,72.97260327734473,73.27040908478097,22111800
2020-04-03,74.08699798583984,75.72974557680422,73.15514534158304,74.9227776046057,15786000
2020-04-06,80.40818786621094,80.93656003258126,76.8537068558635,77.343651289285,17993600
2020-04-07,79.68769836425781,83.27100630085071,79.60124144693941,83.24218732841125,22149400
2020-04-08,81.82998657226562,82.16622008171657,79.97589055804659,80.73482181043063,13714300
2020-04-09,81.84919738769531,83.22295773317866,81.27279603441256,82.80026731641976,19629900
2020-04-13,82.03173828125,82.14702149908595,80.36017193400887,81.52258356215611,12650800
2020-04-14,85.47093963623047,85.6246432561763,83.52077777553207,83.8570113154212,15889500
2020-04-15,83.60724639892578,84.28932234091279,82.98280840632451,83.7705588084137,12929100
2020-04-16,84.62553405761719,84.83688292320139,83.24217232447253,84.70238952316427,11833800
2020-04-17,85.74954223632812,86.14341374968919,84.51027509154262,86.12420354413048,14142400
2020-04-20,84.37579345703125,85.71112647492158,84.26051021954073,84.58714239442565,10203500
2020-04-21,80.84050750732422,83.38628842666684,80.35056299425119,83.18454096355184,16382500
2020-04-22,83.95307922363281,84.41420475439955,82.50246325091057,82.80027639072848,12016000
2020-04-23,83.37666320800781,85.09626571868422,83.30941651001892,84.14519585226081,10584800
2020-04-24,85.14432525634766,85.16354279367941,83.18455422105961,83.72253532620375,8442500
2020-04-27,85.87442016601562,86.16262453220472,85.35565670448015,85.9128479034636,7799300
2020-04-28,84.73121643066406,86.99840157137945,84.61594055088139,86.94076363148811,12633800
2020-04-29,88.20884704589844,88.51626159860264,86.229866320949,86.5372808736532,11462900
2020-04-30,87.81497955322266,88.39138094941633,87.16172268304545,88.39138094941633,15430600
2020-05-01,85.40369415283203,87.08486920572503,85.07706204558377,85.88402988223004,11995100
2020-05-04,86.53728485107422,86.62374176236737,84.61594197602909,85.0098134541558,10729000
2020-05-05,87.72850799560547,88.84289028739671,87.37305695508431,87.52676789023101,8687300
2020-05-06,88.41058349609375,89.26558041442128,88.0167120523884,88.57389586715838,8470500
2020-05-07,89.73634338378906,90.24549819149053,89.47695793085312,89.61145137706319,10544400
2020-05-08,91.05243682861328,91.17732880510782,90.06294642986511,90.59131864732352,7610800
2020-05-11,91.65766143798828,92.1956350745208,90.24547331274931,90.42799589409222,10384400
2020-05-12,89.76513671875,92.29169982721142,89.69789001485456,92.03232177771214,13521000
2020-05-13,88.21846008300781,90.50485547135374,87.0560485202768,89.81317086194719,16971100
2020-05-14,89.3424301147461,89.40006804685058,86.64294613086147,87.60361742241788,15237600
2020-05-15,89.79395294189453,89.81316314413108,87.68047155817429,87.93024816329431,14016400
2020-05-18,91.993896484375,92.51265992648331,91.24457395555451,91.5615899512808,10016700
2020-05-19,91.65766143798828,93.07945100006454,91.6192337026158,92.03232269619357,10046400
2020-05-20,93.66545867919922,93.83837981916523,92.87770844809651,92.92574494838631,9096000
2020-05-21,92.35894775390625,93.84799135474394,92.31091125219879,93.56939576939116,10290800
2020-05-22,92.69517517089844,92.81045836979658,91.8497870336673,92.22444826841047,9244800
2020-05-26,92.59911346435547,94.61652189065944,92.52225799513565,94.54927518742734,13000700
2020-05-27,93.12747955322266,93.16590728531536,90.62012683656341,92.58949863326549,19428400
2020-05-28,92.9449462890625,94.64533122882092,92.71438723420411,92.78163393059364,10573700
2020-05-29,94.11697387695312,94.33792418430119,92.44540777049333,93.22354922310826,17777500
2020-06-01,94.08815002441406,94.28989011908757,93.26197211517565,93.67506106979485,13359700
2020-06-02,94.97196197509766,94.97196197509766,93.3868529197957,94.28027749065025,11207600
2020-06-03,95.71170043945312,96.01911503120331,94.94316762474865,95.35625666953878,11017900
2020-06-04,94.9239501953125,95.99990493230277,94.39558525886866,95.3370392405609,7569400
2020-06-05,97.42167663574219,97.70026485315611,95.43308007829027,95.5963997638634,10378200
2020-06-08,97.91162872314453,97.95005645921265,96.35534572376257,97.2487704316579,8065100
2020-06-09,98.37274932861328,98.85308501153685,97.33522249445659,97.42168672864007,7353900
2020-06-10,100.0155029296875,100.76482547064005,98.90112055541046,99.0836504720727,12194800
2020-06-11,94.28030395507812,98.42079592977774,94.25148498169337,98.27670106285393,19871000
2020-06-12,95.5003662109375,97.28720862405044,93.83840113652838,96.80687282939772,21643500
2020-06-15,96.42259216308594,96.85489136631044,93.45411369176298,93.76152825011715,14962000
2020-06-16,98.4784164428711,99.32380454339527,96.95094527349157,98.7281857022944,13967900
2020-06-17,98.45922088623047,99.3910734224757,98.29590848877399,99.03562232565106,8662100
2020-06-18,98.9011001586914,99.00677458029791,98.06532087969063,98.27666972290365,6858600
2020-06-19,98.21903991699219,100.20762938199793,97.7483129926338,100.0923535070846,15640000
2020-06-22,100.06956481933594,100.15626734221209,98.19109590165209,98.34522310409643,7369000
2020-06-23,100.79207611083984,101.948063455746,100.64758412357544,100.96547384509869,9514000
2020-06-24,98.51863861083984,100.93657154805081,97.97918228044999,100.37784472040916,12712800
2020-06-25,99.78060150146484,99.88656719824392,97.59386286743309,98.66314773526426,10267200
2020-06-26,97.81544494628906,99.73244834132267,97.51681830799174,99.5879489729538,22137800
2020-06-29,98.88471221923828,98.89434746861018,96.6305415864348,97.80579212538325,9273600
2020-06-30,100.6572036743164,101.0618032537231,98.75946400386971,98.89433543003258,8250000
2020-07-01,100.82097625732422,101.40859412182147,100.26224943913341,100.72463847177734,10854600
2020-07-02,101.4085922241211,102.32374972290263,101.19666820869078,101.77465816345011,9572300
2020-07-06,103.18108367919922,103.66274310918351,102.66089061287141,102.71868739261684,8023100
2020-07-07,102.10218048095703,104.10588579877421,101.99621480119953,103.06549949726828,7931800
2020-07-08,103.76872253417969,103.77835778192836,102.36227769403907,102.91136922306342,6663500
2020-07-09,104.1444091796875,104.63570388746882,102.65126191171335,104.61643339329851,8883900
2020-07-10,104.11553192138672,104.16369346750812,102.8824846276465,103.90360053973608,7362300
2020-07-13,101.95767211914062,105.69535427475535,101.69757924159413,105.00176346857776,14455200
2020-07-14,103.13296508789062,103.27746445725715,100.06960932540163,101.14852962052277,15026600
2020-07-15,103.6916732788086,104.58756038713528,102.47788908537264,104.07700241080084,11889600
2020-07-16,102.41044616699219,102.87284254620506,101.62052483755691,102.58384389050438,8590300
2020-07-17,102.911376953125,103.2003682614268,101.96732104044034,103.01734263769801,6355200
2020-07-20,105.5412368774414,105.79170189806962,102.62238121816573,103.20037120077276,8509200
2020-07-21,104.4815673828125,106.3311379134862,104.09623835153715,106.29260427540467,9397400
2020-07-22,105.3196792602539,105.64720422738631,104.49122424398297,104.57791943544454,7514000
2020-07-23,102.58385467529297,105.45454898867474,102.12146559700957,104.76095802170776,11674800
2020-07-24,101.34117126464844,102.00586382753872,99.67463325706748,100.86914694076931,11455800
2020-07-27,102.9402847290039,103.04625042323259,101.7553989433294,101.9576950824364,8454000
2020-07-28,101.73612976074219,102.94027862416397,101.65906246959325,102.62238156033068,8912700
2020-07-29,103.21000671386719,103.48937013191006,102.1214587880102,102.1214587880102,6593500
2020-07-30,103.7879867553711,103.85541879122914,101.7264846882356,102.2755762229485,10778400
2020-07-31,106.37933349609375,106.41786714384592,103.71094269774645,105.42564960023829,12592900
2020-08-03,108.99954223632812,109.34633765129897,107.77612303641973,107.82429192443142,12163500
2020-08-04,109.27892303466797,109.28855093417245,108.29633341913208,108.76836507834946,8985800
2020-08-05,109.6834945678711,109.93395954893553,109.1344030686984,109.62569778360246,6480100
2020-08-06,111.22480773925781,111.33077341424975,109.355966579808,109.59679632305502,8199700
2020-08-07,109.56792449951172,110.79134400762287,108.70093574367355,110.78170875768515,13738100
2020-08-10,109.25965118408203,109.96287736490922,107.78577412856451,109.7798443830073,8240600
2020-08-11,107.29446411132812,109.36560136439209,107.07290486422156,108.90321237505809,9422200
2020-08-12,109.731689453125,110.02068079247896,108.02661041781465,108.16147451275489,7098400
2020-08-13,109.77983093261719,110.69498838045874,109.38487396950669,109.88579660920453,5726800
2020-08-14,109.7027816772461,110.02067875924833,109.09589326123059,109.82801786990615,4167100
2020-08-17,110.43489837646484,110.68536339430457,110.23260225228165,110.36746633507045,4087300
2020-08-18,110.84912109375,111.14774764282846,109.91470045361818,110.64682497828966,4465000
2020-08-19,110.71426391601562,111.61978621744439,110.53123093605667,111.1284914209733,7119700
2020-08-20,112.18812561035156,112.40969220576045,110.18442040232674,110.30002132378448,6401500
2020-08-21,113.61383056640625,113.73905937442892,112.2362842799979,112.29408106069457,7644300
2020-08-24,114.5964126586914,115.29000342565054,113.64272902889249,115.2514697886484,8220300
2020-08-25,115.1744155883789,115.2225844774843,114.16293506303097,114.33633277445357,9314100
2020-08-26,117.51529693603516,117.82355875926024,116.11848715725876,116.37858008485364,8231500
2020-08-27,117.61161804199219,118.54603868652944,116.55196856811507,118.00658237609186,9087100
2020-08-28,118.64239501953125,119.0277168160643,117.91990562671855,118.07403287542333,6546300
2020-08-31,119.01806640625,119.78871720310705,118.37263708508698,119.11439683716453,9520000
2020-09-01,121.29150390625,121.44563113095485,119.33596008059604,120.08735510573307,12806300
2020-09-02,122.37040710449219,123.03509954304504,120.23183782353124,123.0254642955114,20197500
2020-09-03,115.3959732055664,120.51119427001238,114.4422895417548,120.4148638488413,27081000
2020-09-04,113.7872314453125,116.38818954307348,108.90320490206625,114.7505503481188,31272100
2020-09-08,108.64312744140625,112.06291320257002,108.45046656030189,109.46194721041206,23930200
2020-09-09,112.18812561035156,113.28630864080854,110.07845472837559,111.2922386802903,18391900
2020-09-10,109.65460205078125,113.90283496156157,108.98990959791837,113.7294372499252,16054900
2020-09-11,108.81651306152344,111.10920962944104,107.42933135345056,110.68535426828376,18583200
2020-09-14,111.09957122802734,111.69682424623075,110.10735393045975,110.62753967226917,12365100
2020-09-15,112.19778442382812,112.99734109538333,111.4463966503828,112.79503760295546,9130200
2020-09-16,110.46380615234375,112.85284089946094,110.35784045693481,112.69870630630541,9818500
2020-09-17,109.54863739013672,110.30966027884581,107.70869458018043,107.88209229342479,15201800
2020-09-18,107.6605453491211,109.9243437784114,106.33116027907661,109.73168289701961,20918800
2020-09-21,108.55551147460938,108.60377969346558,105.34055199281903,105.71707798266979,19190900
2020-09-22,110.27400207519531,110.55398422559713,107.91829526893113,109.78161916477701,12768700
2020-09-23,106.83702087402344,110.43815604676298,106.50876305956493,110.33195563906943,11853900
2020-09-24,107.43560028076172,108.76793003095692,105.70743866167145,105.84260148186208,15919300
2020-09-25,110.00369262695312,110.33194303810124,106.81769549166033,107.49350949450658,9663300
2020-09-28,112.10836791992188,112.11801714333764,110.90155206920466,111.82838575865715,8736600
2020-09-29,111.73184204101562,112.4366183734629,111.4904788707053,111.9635486220841,10425500
2020-09-30,112.66834259033203,113.81723381790555,111.62565912940457,111.67392735153034,11159200
2020-10-01,113.85584259033203,114.38684454677306,113.13175303108693,114.23236857187389,13538200
2020-10-02,110.9691390991211,112.90004455835302,110.52503172739613,111.05602630919304,18625800
2020-10-05,113.40209197998047,113.46967338550489,111.69324365982236,111.7608250653468,6135300
2020-10-06,111.64497375488281,114.20342543569139,111.24914189260633,113.1317721179407,13431100
2020-10-07,113.69173431396484,113.91378435365887,112.72628142460059,112.8131686490493,6496200
2020-10-08,114.28064727783203,114.68613567429117,113.89446469585282,114.68613567429117,5054800
2020-10-09,116.02811431884766,116.0570767234478,114.79233595044099,114.82129835504114,7212700
2020-10-12,119.19480895996094,119.97682341784667,117.14804624938824,117.73697308201008,9581900
2020-10-13,118.43209075927734,119.79338271472244,117.97832677412897,119.5809819245832,8806900
2020-10-14,117.80453491210938,119.34926512081903,116.92597678757981,118.72171939425817,7267000
2020-10-15,117.27355194091797,117.50525854880173,115.54539055759851,115.85433515671694,6592500
2020-10-16,116.93565368652344,118.39348220960694,116.82945328208413,117.92041236808147,5772100
2020-10-19,114.79232788085938,117.96866815820867,114.435107728989,117.5245607986458,8308200
2020-10-20,115.18816375732422,116.40463626903822,114.48338738378838,115.2267827507237,7283300
2020-10-21,115.01437377929688,116.11498923243317,114.75370479968852,114.90817339646624,6085900
2020-10-22,114.47374725341797,115.43920012976149,113.16073075232511,115.06267409725318,6743200
2020-10-23,114.34822845458984,114.65717304640764,113.39242490874285,114.63785986614523,5156400
2020-10-26,111.86701202392578,113.99100511297287,110.47675771643611,113.08347717715935,9094600
2020-10-27,112.42697143554688,112.90004859335652,111.78977644145351,112.40766562122526,9532400
2020-10-28,107.65763092041016,110.36089401775416,107.47419255327694,110.29331262446605,16378300
2020-10-29,109.45338439941406,110.71812518506583,108.00520522836725,108.07278662838328,9704500
2020-10-30,107.03009796142578,108.59413414859738,105.78466296594439,107.9183127693315,12924300
2020-11-02,107.3004150390625,108.72928830998472,106.277037509801,107.85072279650949,12019900
2020-11-03,109.19271087646484,110.15816368238552,107.69626344678001,108.14037085360508,10485100
2020-11-04,113.4406967163086,114.29029247406325,111.38428503604001,112.51386297171628,15381900
2020-11-05,116.96461486816406,117.30252189428386,115.94122983300316,116.42395626055165,11094900
2020-11-06,117.37974548339844,117.75627146140612,115.09161984596571,116.6846183345166,9727600
2020-11-09,116.53013610839844,121.0291491551353,116.42393572380547,119.87060887970938,19884100
2020-11-10,114.35787200927734,116.32739644665341,113.43103827977443,115.51641969552077,11769200
2020-11-11,117.07080078125,117.38939458597484,115.2847146935545,115.51642128766888,7244300
2020-11-12,116.02811431884766,117.65007526883645,115.48746312412477,117.07080507937333,7176400
2020-11-13,117.01287078857422,117.25423397697129,115.80605484658884,116.9066703964139,5925800
2020-11-16,118.14244842529297,118.35484182998132,116.78115659566699,117.02251976836781,7432100
2020-11-17,117.48591613769531,118.12311095234809,116.98387671687267,117.55349751751936,4969700
2020-11-18,116.2308578491211,117.84316219970708,116.18258226451815,117.28320519374108,4771400
2020-11-19,117.16734313964844,117.37974391739749,115.48745746280912,115.99914622784836,6077600
2020-11-20,115.9605484008789,117.30252734252774,115.92192940098285,117.27356493406096,4957900
2020-11-23,115.93157196044922,117.08045576356072,114.92750018214409,116.31775454684661,4903500
2020-11-24,117.54387664794922,117.77558325406582,115.53573308608473,116.37567966126022,6817000
2020-11-25,117.79490661621094,118.28728227603958,117.3507991803427,117.9493752450334,6093200
2020-11-27,118.42243194580078,118.92446410980763,118.20037458341227,118.42243194580078,3512900
2020-11-30,119.21409606933594,119.3878778403949,117.0418276140084,118.38380620381187,16114600
2020-12-01,120.73951721191406,121.40568195904993,119.69683385156122,120.19886603500372,11340600
2020-12-02,120.55610656738281,120.69126938444528,119.32032066509285,120.2278487503589,8019400
2020-12-03,120.47886657714844,121.2898434661263,120.16026535684101,120.69126739068673,6887700
2020-12-04,121.68567657470703,121.70498239050427,120.3919659416742,120.6526423327708,5179400
2020-12-07,122.0332260131836,122.39043880760174,121.54084306060051,121.75324383880576,4452700
2020-12-08,122.4290542602539,122.81523681256715,121.39602016816224,121.91736550891217,3943400
2020-12-09,120.0830078125,122.71869700431496,119.66786284428943,122.35182761889483,8635900
2020-12-10,120.25679779052734,120.8264187698152,119.06929497751311,119.3492771719671,4998700
2020-12-11,120.00577545166016,120.00577545166016,118.65414017714896,119.53269831779846,6511600
2020-12-14,120.44023132324219,121.52154106176728,120.29541193666347,120.37264992494812,5527900
2020-12-15,122.44839477539062,122.44839477539062,120.96159640484306,121.74361090764114,4549600
2020-12-16,123.27867126464844,123.713122081406,122.2070180597714,122.61250647085451,5154600
2020-12-17,124.2537612915039,124.52408687277534,123.66483454695413,124.17652330662074,5752500
2020-12-18,123.81932067871094,124.45652305756353,123.02764968323426,124.43720987684786,8846700
2020-12-21,123.94318389892578,124.0012436141972,121.15619943829873,122.2497066290767,7616100
2020-12-22,125.01732635498047,125.57859484967175,124.05929680553257,124.63023699694381,7167100
2020-12-23,124.06900024414062,125.24958234132721,123.88513461965915,125.16249276108374,5650400
2020-12-24,124.89152526855469,125.20119676688742,124.1947791632558,124.28186873493073,2192300
2020-12-28,126.30439758300781,126.55599464465251,125.53990516739701,126.13020364344432,4085500
2020-12-29,125.70437622070312,127.1559279773669,125.48180908581347,126.9914205501921,4420700
2020-12-30,125.63664245605469,126.40111986984775,125.45277687444747,126.13985119004062,4070700
2020-12-31,125.82050323486328,126.17854792267471,124.80441410988936,125.6946973646821,5529200
2021-01-04,123.76900482177734,126.48825065064443,122.16261702812113,126.45920602531011,10508600
2021-01-05,124.57219696044922,124.77542075126058,123.4109582348242,123.48837611865939,6180700
2021-01-06,122.42388916015625,124.81410508413545,122.04648625726612,122.79161298315888,13629000
2021-01-07,125.7237548828125,125.96568021504527,123.55610597323994,123.60449399287658,9826000
2021-01-08,126.53660583496094,126.87530716733268,125.10441216808795,126.34306854472655,6193800
2021-01-11,125.49151611328125,126.38181443539494,124.9689638307775,125.3076652424046,8926600
2021-01-12,124.89152526855469,125.50118180217866,123.70125682448149,125.33667435592055,8544600
2021-01-13,125.68507385253906,126.07214854094521,124.81413365469594,125.05605902643799,6802600
2021-01-14,124.58186340332031,126.25598242010133,124.39799780450434,125.99469894989186,7812400
2021-01-15,123.30448150634766,124.94957054478452,123.05288451748726,124.39798855529686,6320600
2021-01-19,124.91088104248047,125.12377650202978,123.72060523817055,124.15607523715089,5784800
2021-01-20,127.38821411132812,127.83336326075428,125.69473662934361,125.8689305629284,5885000
2021-01-21,129.03329467773438,129.45908563498793,127.38820533321449,128.07527978986468,4472600
2021-01-22,128.53976440429688,129.18812249810372,128.23009290316233,128.49137638650086,5621800
2021-01-25,129.61390686035156,130.43644405739795,126.47854951703879,129.99130975451382,9102600
2021-01-26,129.70101928710938,130.2719595773207,129.2074968819024,130.0687505493921,4296700
2021-01-27,127.25273895263672,129.49781337390678,126.10117188017078,129.08169407774375,12242300
2021-01-28,127.7752914428711,129.9042464203386,127.46563466084534,127.90109735498112,8090800
2021-01-29,124.7657241821289,127.63979828569813,124.08833621087277,127.1366042304509,9511600
2021-02-01,127.89140319824219,128.51073141948999,125.31731428001402,126.24631399486049,5616300
2021-02-02,129.62356567382812,130.00096853048052,128.9461778241889,129.1300434046512,4297500
2021-02-03,129.1784210205078,130.15579378448703,128.79133173332806,129.88483866643443,5787400
2021-02-04,131.23965454101562,131.23965454101562,129.49780389485434,129.87520683698276,4067100
2021-02-05,130.9493408203125,131.6557586014899,130.5719231558219,131.63640044193798,4706900
2021-02-08,132.32345581054688,132.38151551490836,131.29768022502094,131.4815457994638,5856600
2021-02-09,132.16864013671875,132.797640050643,131.93638651809547,131.9751028375074,5276100
2021-02-10,131.97511291503906,132.86539637215228,130.85257582156785,132.70088891696346,4732200
2021-02-11,133.42666625976562,133.51375583704362,132.35251717548476,132.86539770738952,3782900
2021-02-12,134.1136932373047,134.20078279334246,132.71052958155667,133.0782607283123,3377800
2021-02-16,133.67828369140625,134.74276124039818,133.32991056318642,134.64598518468875,4861100
2021-02-17,132.4976806640625,132.7879940520382,131.16224793894574,132.44929263840783,7637400
2021-02-18,131.8493194580078,132.07188665180067,130.18487182192231,131.12354338759675,5477400
2021-02-19,131.65577697753906,132.64283652916706,131.06547853938278,132.52670232159522,5842800
2021-02-22,128.75265502929688,130.46549038642115,128.67523715692383,130.039699471344,7131300
2021-02-23,128.3946075439453,129.18812973559557,124.4560707426601,126.61404061051883,12099200
2021-02-24,130.35903930664062,130.47515872924058,126.45918976158765,127.43657745496714,8236100
2021-02-25,125.80120849609375,130.05908964650277,125.23993979396586,129.19783580974462,17156900
2021-02-26,126.46887969970703,128.41395391145537,125.34634269722818,127.04949159461208,17755800
2021-03-01,130.54290771484375,130.62032559565108,127.80432585678224,128.61719145633302,12386900
2021-03-02,128.4720001220703,130.81383514707963,128.28814930587333,130.7267455868893,12401400
2021-03-03,125.23991394042969,128.22043603682246,125.10443633450053,127.85270477817839,14944800
2021-03-04,122.47225952148438,125.7624524076472,120.92393910321148,124.8528109318607,38477800
2021-03-05,124.78507232666016,125.13344536476417,120.68202112373744,124.00123668241343,23042900
2021-03-08,121.76585388183594,125.26892779169918,121.64004799028292,124.66895772296894,17621200
2021-03-09,125.90760803222656,126.68177197191449,124.44638448595299,124.61089192366995,11493600
2021-03-10,125.40440368652344,127.2817465076515,125.30764241936242,127.26238834783949,9229500
2021-03-11,128.0849609375,128.87846842605623,127.02048346583102,127.29143868299187,6681400
2021-03-12,127.16563415527344,127.20433571110102,125.74311203191671,126.55597759784902,6221100
2021-03-15,128.52041625976562,128.59783414108256,126.75920744914654,127.26240152877998,8292500
2021-03-16,129.48809814453125,130.72675452733176,128.93651612632186,129.50745630343562,6553400
2021-03-17,129.38168334960938,130.15584747738657,127.46563857697404,128.44301174414682,9683200
2021-03-18,125.79148864746094,127.83333884060623,125.63665290628666,127.61075692543731,8792400
2021-03-19,125.41409301757812,126.3721078439141,124.8141081772805,125.82052578722822,13612400
2021-03-22,127.88014221191406,128.5007778075327,125.88247185092662,126.08612461068388,7992100
2021-03-23,127.0849380493164,128.79168194599563,126.74552177349535,128.22922872164156,6464600
2021-03-24,125.54305267333984,127.87043213059549,125.5236536520127,127.85103310926834,7104700
2021-03-25,125.46546936035156,126.02792259282015,123.85569094988465,124.79634370798173,11286500
2021-03-26,128.6559600830078,128.79172367790375,125.34912883939401,125.397619008383,7441600
2021-03-29,127.98682403564453,128.62685870225914,127.01707992154515,128.26805811512105,8658900
2021-03-30,126.77462768554688,127.22071643173567,126.0085364440823,127.08495286500325,6617700
2021-03-31,128.79171752929688,129.57720791920372,127.63771962921297,127.74439207704731,7715200
2021-04-01,131.3809356689453,131.39064258077815,130.0717899211009,130.1978466008324,7175800
2021-04-05,134.09619140625,134.32893527979635,131.9724498011341,132.14701140557347,6433400
2021-04-06,133.52407836914062,134.31926090138802,133.0779895360834,133.88287898027843,5657800
2021-04-07,134.23193359375,134.47436954117342,132.93248046686824,133.4173523617151,5042600
2021-04-08,136.1714630126953,136.20055415155528,135.25990120276143,135.49264511076174,7072300
2021-04-09,137.48060607910156,137.51938932697442,135.43444572080102,135.67688171208252,4700500
2021-04-12,136.8212127685547,137.25759472190873,136.15208686808776,136.9181931124658,7953500
2021-04-13,138.11094665527344,138.21761909329925,137.09271243723074,137.34485536190266,5657900
2021-04-14,136.6466522216797,138.15945073360783,136.38481715703935,138.0915615402442,5608100
2021-04-15,138.99342346191406,139.10009590467092,137.8782088699795,137.89760789515,5514400
2021-04-16,138.9643096923828,139.22614469962267,138.3824574089872,139.10007325222603,5847800
2021-04-19,137.8103485107422,138.98374550055422,136.98606002394575,138.34371077883856,5127000
2021-04-20,136.5884246826172,138.12060691601266,135.8223187688029,137.519370475133,4936700
2021-04-21,137.9654998779297,138.01399004327737,135.9678293614207,136.3460289757392,4627100
2021-04-22,136.34600830078125,138.31458737899843,135.7447569764589,137.72304296454627,5826100
2021-04-23,138.38246154785156,138.81884337489086,136.5690450591832,136.59813619451123,4443000
2021-04-26,139.09036254882812,139.23583301426828,138.3339634793163,138.43094378960976,3867500
2021-04-27,138.75096130371094,139.42008697341893,138.2563972334179,139.31341455075363,5411000
2021-04-28,137.4612579345703,138.130383885707,137.13154841570193,137.94613009659702,5345600
2021-04-29,137.34487915039062,138.76069743073472,135.94844510059409,138.58615057307142,6708300
2021-04-30,135.4732666015625,136.68544689469945,135.15324922851963,135.94844660343637,5291700
2021-05-03,135.0950469970703,136.472081831119,134.75564544337357,136.2005546693134,5402900
2021-05-04,132.67066955566406,134.1252855039486,131.1966545848759,134.08650225605984,9959800
2021-05-05,132.35067749023438,133.81500062735046,132.09854933811917,133.75680354875024,5622900
2021-05-06,133.67922973632812,133.75679624264868,131.34214291044444,132.2924879826379,7169300
2021-05-07,134.82350158691406,135.61869873680104,134.24164929201538,135.01744741950745,9598300
2021-05-10,131.41969299316406,134.24163640019904,131.3712028403928,134.17376202401297,10140500
2021-05-11,131.02212524414062,131.29365240692292,128.5977650070698,128.90807542291216,13523400
2021-05-12,127.33708190917969,129.80023994853923,126.99768038841945,129.0923161766331,14707300
2021-05-13,129.02444458007812,130.18813444248653,128.16137299577062,128.73351841519616,11305200
2021-05-14,131.8657989501953,132.32157986226247,130.2172369349264,130.46936507468072,8411500
2021-05-17,130.89602661132812,131.12877047274802,129.7032457654259,131.08997243061927,8133600
2021-05-18,129.84873962402344,131.54579193694371,129.76146619923963,131.27426475064624,5868600
2021-05-19,130.30450439453125,130.40148471922106,127.52134368195036,127.8316688832617,15290600
2021-05-20,132.7967529296875,133.2428269074933,130.80877466244692,130.82817368669237,8414100
2021-05-21,132.0694580078125,133.60165553874742,131.95309344502195,133.47558406431006,7074200
2021-05-24,134.41622924804688,134.8817022692349,133.09737669041368,133.1652658795039,6614500
2021-05-25,134.4550018310547,135.26959804989042,134.15438355378694,134.95927286231122,5622900
2021-05-26,134.44529724121094,135.03684162765848,134.00891543415378,134.64894997630054,6655700
2021-05-27,133.73741149902344,134.8817024268479,133.70832035998524,134.32895598800133,5677300
2021-05-28,134.21253967285156,134.98833769349855,134.14466529949507,134.41619238715404,4611300
2021-06-01,133.5531463623047,134.95927221865833,133.31071035958445,134.81381653587388,6453700
2021-06-02,134.4744110107422,135.01746533290063,133.57255611082633,133.8246842469369,5049100
2021-06-03,133.22341918945312,133.9216359679754,132.40882308309892,133.38827387367127,6360600
2021-06-04,135.7835693359375,135.93871714191042,134.03802704393996,134.03802704393996,5591300
2021-06-07,135.7544708251953,135.90961862274273,135.09503719642075,135.6671826174955,5892000
2021-06-08,135.76417541503906,136.97635555267334,135.385975803982,136.40421007901895,4451300
2021-06-09,135.8611602783203,136.65634278063925,135.78357897126847,136.42359885948377,4881700
2021-06-10,136.8599395751953,137.19934100794467,135.65745200348255,136.14232387636613,5637700
2021-06-11,137.67454528808594,137.67454528808594,136.90843930611345,137.0345107505915,6050300
2021-06-14,139.0709991455078,139.08069125914108,137.24787557829012,137.8103289085407,5713300
2021-06-15,138.21762084960938,138.9643279252783,137.9654927188537,138.9643279252783,7539800
2021-06-16,137.4709014892578,138.7412785345914,136.12295794686952,138.47944351639543,9601400
2021-06-17,139.06129455566406,139.6334548062172,137.0733310379018,137.0733310379018,7932100
2021-06-18,137.79092407226562,138.93522970888765,137.62606936473318,138.39217542592917,10408300
2021-06-21,139.2676544189453,139.34536311674893,136.95542781676727,137.84922608396943,6138000
2021-06-22,140.53065490722656,140.60837844809265,139.02480762872628,139.1802398862088,4626600
2021-06-23,140.37518310546875,140.87065386163303,140.06428902958456,140.5500499049695,4135500
2021-06-24,141.25924682617188,141.68671873871526,140.97751206067434,141.2786814106269,6139500
2021-06-25,141.09408569335938,141.49241312941314,140.8609299838598,141.38554515447782,7192900
2021-06-28,142.57080078125,142.7359576812696,141.64785818737857,141.67700265066182,6278700
2021-06-29,143.6103515625,143.6783503760902,142.31822586183213,142.6485396975455,4914600
2021-06-30,143.4549102783203,143.8046587137619,143.00800373471594,143.3868966377572,5506800
2021-07-01,143.69778442382812,143.69778442382812,142.7262626817822,143.2606026047565,5818300
2021-07-02,145.59226989746094,145.73799225013,144.34872307386019,144.38757742648943,6390000
2021-07-06,146.14601135253906,146.83579832533283,144.74703246943923,145.90313091235396,5935300
2021-07-07,146.94268798828125,147.24385740665858,145.76713996170596,147.078700461879,7441900
2021-07-08,145.5534210205078,145.96145844757888,143.97954543123603,144.63046333805755,8543100
2021-07-09,146.8940887451172,147.03010120002696,145.16478117944482,145.37851715490956,4887900
2021-07-12,147.0106658935547,147.54499095147267,146.53461493958397,147.47699214333068,4809800
2021-07-13,147.61300659179688,148.68167154641378,146.6317602064121,146.75806276870782,7601400
2021-07-14,148.70111083984375,149.45889658912657,148.0501930718313,148.79826894072406,6443400
2021-07-15,147.4770050048828,148.642828143117,146.6900747571809,148.52625027656723,6253100
2021-07-16,146.01974487304688,148.46798421750663,145.87400769316068,147.7684872619467,7540200
2021-07-19,144.0086669921875,144.67901938153057,143.17315768179907,144.28069190029112,12127000
2021-07-20,146.14601135253906,146.95237619286306,143.89208857622907,144.72759788343564,7357800
2021-07-21,147.5547332763672,147.5838777439433,145.8157009816806,146.08772589522164,6117000
2021-07-22,148.64280700683594,148.7593848568089,147.86558675044824,147.86558675044824,4788900
2021-07-23,150.1195526123047,150.19727613517566,148.76913790394457,149.3034630342825,6288100
2021-07-26,150.04183959960938,150.3138645365896,149.1771857304407,149.74067019254178,4496700
2021-07-27,148.62338256835938,149.90579830256954,146.74835284017425,149.8572192536838,9044900
2021-07-28,148.43881225585938,149.22575738190017,147.02039870118602,148.67198282923218,6970600
2021-07-29,149.1285858154297,149.63378126670057,148.26393206718953,148.2833666526121,6015300
2021-07-30,149.0314483642578,149.18689542068884,148.13765002615028,148.17651920238166,5074400
2021-08-02,148.4971160888672,149.90581976275385,148.29308998403695,149.70179365792362,6102600
2021-08-03,149.44918823242188,149.52691174906957,147.56443372038916,148.76912599206085,5412400
2021-08-04,149.7503662109375,150.11954923019562,148.8565679544273,149.33261896219457,5661400
2021-08-05,150.57615661621094,150.6247208427816,149.57549043123714,150.02238212055332,3337300
2021-08-06,150.44984436035156,150.624711142933,150.01266257965392,150.05151692325734,3801400
2021-08-09,149.96405029296875,150.89671739941286,149.81832800644972,150.6246777575094,3599100
2021-08-10,148.88571166992188,150.37213879624963,148.45823971804407,150.23612634103813,5210700
2021-08-11,148.9051513671875,149.67264707131469,148.14736554439236,149.4006221515547,5415800
2021-08-12,149.7600555419922,149.84750375640616,148.13761617488962,148.74967955456827,3473900
2021-08-13,150.57615661621094,150.6150109623165,149.69206829379874,149.85722520717604,2815400
2021-08-16,151.2562255859375,151.27566017197762,148.94399904726941,150.21669018435287,4746900
2021-08-17,150.00294494628906,150.57615401722822,149.07029241340402,150.33327359158704,9526300
2021-08-18,147.93359375,150.32352851281013,147.76843686185808,149.65317625701812,6740600
2021-08-19,149.38119506835938,149.93496964127488,146.90382619783392,147.11754736759843,9645500
2021-08-20,151.3048095703125,151.44082202853502,149.58521184373416,149.94467016384098,7384700
2021-08-23,153.25758361816406,153.47131962753335,151.6934327264604,151.70314260897788,5401200
2021-08-24,153.08265686035156,153.62670655331408,152.94662961286863,153.45182496672336,4768500
2021-08-25,152.99526977539062,153.85021381972814,152.74267940967647,153.4421763869984,4715200
2021-08-26,152.03343200683594,153.12153153728391,151.907129445536,152.81063748615918,6028300
2021-08-27,153.5004425048828,153.60731049453327,151.90714736552349,152.1694623990739,7044400
2021-08-30,155.15203857421875,155.33663010008968,153.95707083337956,153.95707083337956,5013400
2021-08-31,154.33595275878906,155.2977646713968,154.04449325579463,155.24918561685672,10985500
2021-09-01,154.37477111816406,155.5697533194279,154.24848339489688,154.87025660501484,10144900
2021-09-02,154.20965576171875,155.15203312175998,153.5878823841474,154.9480218392543,10884800
2021-09-03,154.82171630859375,155.22975369007926,153.97649707724847,154.0250613083746,10602400
2021-09-07,154.86056518554688,155.19089385585818,154.1319238534488,155.006302346514,9860900
2021-09-08,154.2679443359375,154.8897177120432,153.17013475227617,154.84115348010647,5733200
2021-09-09,153.68505859375,154.90917090566813,153.55875599735228,154.37483087196435,5580500
2021-09-10,152.16943359375,154.91884151225875,152.0139865792758,154.53994867962993,8540100
2021-09-13,152.21798706054688,153.7238484053614,151.2173210649604,153.32553584224604,11318900
2021-09-14,152.02371215820312,153.17982535835233,151.61567482125247,152.86894612154245,9215800
2021-09-15,153.3546905517578,153.48097827932355,151.68367221314213,152.53860114100274,8169600
2021-09-16,153.4421844482422,153.59763152342435,151.86832357870753,152.81068626440802,8074300
2021-09-17,151.05218505859375,153.05351732635532,150.82873922534458,153.04380744638596,11331500
2021-09-20,148.30088806152344,149.5952865806766,146.3252310718478,148.83615302744195,17834700
2021-09-21,148.3592529296875,149.57579099838367,147.78505052533927,149.20595867339821,9227500
2021-09-22,150.39329528808594,150.97723947894534,148.50522590133392,149.1670303076624,13995300
2021-09-23,152.40789794921875,152.76798847197867,150.70474462216953,151.17189109092814,9767000
2021-09-24,152.51495361328125,152.76798818957474,151.4151984291748,151.48331683996525,5826200
2021-09-27,151.03565979003906,151.58066655215282,150.0721561460962,151.2303029407482,7507500
2021-09-28,146.5587921142578,149.4395612170147,146.4420091946597,149.09892456775967,19095300
2021-09-29,146.37388610839844,147.93106111287304,146.1208514815579,147.1622154214936,12506000
2021-09-30,145.32281494140625,147.86293280666555,145.24495470353412,147.23033879314704,16707800
2021-10-01,147.5125732421875,147.83372628077083,144.3690276251803,145.848342336106,22741900
2021-10-04,144.09652709960938,146.84104465003398,142.9481220652532,146.66585541155186,25386500
2021-10-05,146.14999389648438,146.98697255724488,144.25219776171227,144.3884494111237,16483500
2021-10-06,147.1038055419922,147.21086150658414,143.98947045884577,144.46635881935924,20002400
2021-10-07,148.44683837890625,149.5952580245554,148.1743350427152,148.3787199700175,9947800
2021-10-08,147.89212036132812,149.1281124629946,147.6488127247343,149.02105650888055,9213200
2021-10-11,147.07461547851562,149.0502725691304,146.9675595097981,147.23033595125415,7485300
2021-10-12,146.3154754638672,147.83371272652562,146.0721678294586,147.64881139864346,8926700
2021-10-13,147.21087646484375,147.53204439125386,145.99433803919453,146.94811485713578,9760800
2021-10-14,150.52957153320312,150.59770480173347,148.4955231917465,148.70963510667036,7598600
2021-10-15,151.7364044189453,151.76560015238476,150.5977262638395,151.05514588815407,6389600
2021-10-18,153.02102661132812,153.09888683298703,150.47116746585417,150.88964945066206,5815100
2021-10-19,154.53927612304688,154.53927612304688,153.11836780291716,153.42979386405133,6600700
2021-10-20,154.11105346679688,154.90909474350622,153.4395220551071,154.68525588971588,6012700
2021-10-21,154.70472717285156,154.78257254475142,153.3227267913665,153.64389463914944,5011600
2021-10-22,154.16944885253906,155.28865800035874,153.52711315103187,154.64632229885154,6245000
2021-10-25,154.675537109375,155.23028569738804,154.0721388700521,154.75339734192005,5168400
2021-10-26,155.1134796142578,156.36894040708572,155.0356193933378,155.71687776348935,6594800
2021-10-27,154.97726440429688,156.16460706463477,154.82154392581796,155.3762777112061,8724000
2021-10-28,156.53440856933594,156.65120634136653,155.62931122544265,155.92128338003812,6378400
2021-10-29,157.20591735839844,157.3032463459761,154.81177870730014,154.99668002318808,10065900
2021-11-01,156.9723358154297,157.2837766936716,156.17429455299208,157.20591647411112,12210600
2021-11-02,158.35433959960938,158.74362585557424,157.1864511310773,157.1864511310773,13407300
2021-11-03,159.27890014648438,159.6097949377668,157.70225670802904,158.6268375223744,12989300
2021-11-04,161.7703857421875,162.15967202815546,159.6000857397923,159.88231606957106,14345700
2021-11-05,162.60736083984375,163.52219992594,161.59519275935958,162.95772442919295,12111800
2021-11-08,163.4832763671875,163.76552156485502,162.75335339782234,163.1329127478794,6390500
2021-11-09,162.81173706054688,163.9017654074707,161.98449997841732,163.7265761810479,8411500
2021-11-10,160.12562561035156,162.36405890702025,159.63901032195923,161.55627574625058,12894400
2021-11-11,160.87501525878906,161.34216177159234,160.61223884832228,161.27404335425348,5051900
2021-11-12,162.8312225341797,163.10372593628523,161.13781065685544,161.41031405896098,6122100
2021-11-15,162.665771484375,163.71686237640913,161.74120532990614,163.48328167251665,6245100
2021-11-16,164.37863159179688,164.60248530730897,162.3737790636694,162.47110805739808,6769400
2021-11-17,163.88229370117188,164.91391572058893,163.36648269146335,164.05748292445543,7708900
2021-11-18,165.51730346679688,165.75086926171323,163.63896104754474,164.82630333942825,9982000
2021-11-19,166.72412109375,167.35672985366074,165.55624741817874,166.1109811026893,8857300
2021-11-22,164.865234375,169.58540805732548,164.7679202389601,167.37617074979516,14225800
2021-11-23,164.48568725585938,165.01124006056003,162.40297450647103,164.23265266305648,14619900
2021-11-24,165.6827850341797,165.72170772458938,162.70468688177667,163.5027431132213,9120500
2021-11-26,161.54653930664062,164.58301377591832,160.90420359957983,163.31781113027955,12383900
2021-11-29,165.58541870117188,166.03311121671376,163.43457299551258,163.95039876681147,12489900
2021-11-30,164.20346069335938,166.4710896722175,162.80200631584023,164.9625793394623,27033400
2021-12-01,161.95530700683594,167.19127751388245,161.8093135072776,165.9358165794749,19542100
2021-12-02,163.4443359375,164.19372759613907,160.1061475310672,160.45651111234994,23436200
2021-12-03,160.70956420898438,164.41757019925507,158.68524289887534,163.9114861591479,24235000
2021-12-06,162.23751831054688,162.72413355134054,159.50274303333742,161.17670064969315,18900200
2021-12-07,167.9017791748047,168.10614932345968,165.44923343868194,165.46870221247113,14345500
2021-12-08,168.6706085205078,168.7873914512136,166.8020073776062,167.9601542748446,11630800
2021-12-09,166.85067749023438,169.35187272562305,166.71442578305744,168.2521321070957,8600500
2021-12-10,170.19857788085938,170.41268980818242,168.10612310935147,168.60248023647353,12388300
2021-12-13,167.6681671142578,170.87983107455602,167.42485946348248,170.54893623357853,10487000
2021-12-14,164.91390991210938,166.7046505186034,162.9285261701824,165.64383280772242,13547400
2021-12-15,169.28369140625,169.44913878561897,163.48323191925337,165.05013339482647,14135400
2021-12-16,164.48568725585938,170.18881878086776,163.51245672155977,169.91631541928945,15637800
2021-12-17,163.38595581054688,164.9820533803168,161.82878093014293,162.67548678931544,22410800
2021-12-20,161.442626953125,161.94965351977584,160.2627836610056,160.8868289478486,16324800
2021-12-21,165.5281524658203,165.6646618971629,161.65711695324802,163.16848093637728,8405400
2021-12-22,167.69281005859375,167.80982876823242,164.86510836226,165.30388760777223,6688100
2021-12-23,168.62892150878906,169.30172343945972,167.89761764995836,167.91712325215008,4896300
2021-12-27,172.2464141845703,172.2854253854627,169.26269708809434,169.30170828898673,6633300
2021-12-28,171.34934997558594,172.62669155409864,170.92031603627186,172.5681896311765,5711100
2021-12-29,171.49563598632812,172.18792864469262,170.60831706177316,171.40786821517634,4843900
2021-12-30,170.3645477294922,172.13917068583322,170.15977610301454,171.56388188910398,5263200
2021-12-31,169.5357208251953,170.60830570417886,169.4577132995952,170.198777353589,5121500
2022-01-03,171.1446075439453,171.30060772529976,169.01894327022777,169.76000736492517,10151400
2022-01-04,169.33096313476562,171.61262745165575,168.0536215268933,171.43712167885533,8324000
2022-01-05,164.12408447265625,168.4728961555752,164.06556766965608,168.34613206669613,11814200
2022-01-06,163.2952880859375,164.98215826362164,162.3202162110007,162.8174975109887,11883600
2022-01-07,161.79364013671875,163.9680607414848,160.73081555389842,163.18800040533273,15244300
2022-01-10,161.8229217529297,162.02767849810434,157.26932337422917,159.38524226379937,16250700
2022-01-11,163.7633056640625,163.99732825204856,160.20429954912854,161.4036336959255,9603800
2022-01-12,164.5336151123047,166.11322661175993,163.71454352146273,164.98213979264696,9072000
2022-01-13,160.2725372314453,165.85970901719682,159.86300888582824,165.38191850810324,10471300
2022-01-14,161.62789916992188,161.72541230307255,159.18047426335792,159.18047426335792,11175700
2022-01-18,157.74713134765625,160.22382231429776,157.3083519667932,159.2780013776912,12347100
2022-01-19,155.54347229003906,160.19455449979517,155.38745721658717,158.24441071689543,12480700
2022-01-20,153.53477478027344,158.6928967994822,153.33000320564412,156.92801965187402,18804500
2022-01-21,150.48281860351562,154.92914321506797,150.4438074032523,153.16426580269783,24008300
2022-01-24,151.2628936767578,151.37015217030685,142.59450593656106,147.9768915807997,33706700
2022-01-25,147.76235961914062,150.5705708904418,146.06574437474072,148.2986520325368,24443100
2022-01-26,148.6301727294922,153.55428781138238,146.86529532543722,151.77966504651428,26798100
2022-01-27,147.60633850097656,151.83814552885715,147.07004616370799,151.03857970267282,19723400
2022-01-28,154.0613555908203,154.1003519191504,147.21634689165143,149.43950956686595,22118000
2022-01-31,157.932373046875,158.13712978312313,153.34953878278486,154.1003333202469,14560500
2022-02-01,158.34188842773438,158.60516194547384,156.05046404417664,158.14687706876228,11694900
2022-02-02,159.6290283203125,159.89228702254275,157.61062233271454,158.68320738096705,12752400
2022-02-03,154.99742126464844,158.43942355924597,154.4221175898933,157.36683861826018,13932700
2022-02-04,155.6214599609375,156.98655448333992,153.51530137344713,154.16859767191218,14860700
2022-02-07,154.5878448486328,156.6647521167994,153.99305057776132,155.7384370728944,7311300
2022-02-08,156.4990234375,156.91829716862176,153.7395684662452,154.10034027008624,10569900
2022-02-09,159.97027587890625,160.01903244420868,157.86411723652498,158.51742843043107,8897800
2022-02-10,155.78721618652344,159.4534805755365,154.96814461669385,156.7915388892289,15846100
2022-02-11,151.02886962890625,156.62578708459975,150.45358084107008,155.9432249258357,17439400
2022-02-14,150.98011779785156,152.1989575789859,149.22498553733507,150.62909134574826,20515200
2022-02-15,154.94866943359375,155.05592793097003,152.71574659141896,153.25203907830038,12218700
2022-02-16,154.7926483154297,155.32894078133936,152.2184593574782,153.8955840444603,10159100
2022-02-17,150.16107177734375,153.5055612343811,149.8783074743961,153.34956103883223,12453200
2022-02-18,148.6399383544922,150.89235169226015,147.4991062046518,150.67783471929042,12655400
2022-02-22,147.26507568359375,149.62474738050398,145.6562133515592,147.07980968253494,13446800
2022-02-23,143.57931518554688,149.19572310924138,143.4233001347296,148.79595499934157,18939700
2022-02-24,148.48394775390625,148.5912062580517,138.18719086960826,138.6454758529192,25483900
2022-02-25,150.5023193359375,150.5510610170699,146.8847968668134,148.70817614219126,14150800
2022-02-28,150.2292938232422,150.86308443410897,147.65509042567126,148.9031958055901,17411100
2022-03-01,147.22610473632812,150.4340845926368,146.0755122107016,149.66378437372296,14962500
2022-03-02,150.41456604003906,151.03861137835,147.15782989567938,148.30842232224876,12796200
2022-03-03,148.62045288085938,151.69193820338694,147.85989801130003,151.68217796248487,11725300
2022-03-04,146.01699829101562,148.07440033118755,144.85666049834035,147.46010035190898,13365600
2022-03-07,140.67361450195312,146.56304170071576,140.59560697157292,145.89023976979965,16432100
2022-03-08,139.99105834960938,144.33987002457596,137.92389612139482,140.29332821169368,18449200
2022-03-09,145.52947998046875,146.1925217258421,142.64326063167286,143.79385320179577,17663700
2022-03-10,142.98452758789062,143.38431059511936,140.81986701023118,142.9552766242802,13724200
2022-03-11,140.46884155273438,144.61289671528084,140.25432456581171,144.25212490928135,10728900
2022-03-14,137.8654022216797,141.4146630046689,137.46561920991732,139.8252911978769,13926200
2022-03-15,142.49697875976562,142.77974300848007,138.49917880706522,138.95746369993034,11496900
2022-03-16,147.12857055664062,147.18707247902444,142.00944405026624,144.30086853305642,13588000
2022-03-17,148.17190551757812,148.26940376279302,145.5489602031533,146.3387659179386,9259400
2022-03-18,151.2043914794922,151.4774103937821,146.92381198538536,147.6453704751029,13948900
2022-03-21,150.91717529296875,151.71820372119785,148.93412350497968,150.38965531539142,11170700
2022-03-22,153.0858612060547,153.87712639985008,150.81950740593737,151.02465741087684,8742900
2022-03-23,150.73158264160156,153.05653141415155,150.5850426744085,151.65960947686483,6180300
2022-03-24,154.64881896972656,154.68790225136564,151.06369553342316,151.57167385339963,7131700
2022-03-25,154.56089782714844,155.1079445012066,152.6266928278989,154.89303117841175,7437300
2022-03-28,156.39744567871094,156.46581906930223,153.4570470474495,153.84780537192086,9296500
2022-03-29,159.71884155273438,159.86536663766688,157.0910490529458,158.224226062787,9414900
2022-03-30,157.58926391601562,159.3476245561913,156.75891535355908,158.89827102580293,9340100
2022-03-31,155.2545166015625,157.86278227290265,155.02007647355597,157.56971720698604,9712000
2022-04-01,154.7953643798828,155.77223777267145,153.06629430099355,155.4107844813242,14104800
2022-04-04,157.7357940673828,157.81394575037567,155.13730650503075,155.19591654079804,11524100
2022-04-05,154.41439819335938,157.4133920269548,153.877114797987,157.05195360911628,11794100
2022-04-06,150.76089477539062,152.19690006745773,149.42258279940035,151.84522499785135,17112700
2022-04-07,150.99534606933594,152.01128796432482,148.93414236053192,149.95984762452497,11600100
2022-04-08,148.8852996826172,150.67298004801077,148.56292962598158,150.32130497767258,13177300
2022-04-11,145.13409423828125,147.2050611626561,144.93870762541846,147.01945282397992,10797700
2022-04-12,144.48934936523438,148.04516797437748,143.94230264165932,146.93153288541248,11086100
2022-04-13,146.81430053710938,147.26366887136837,144.0399835865354,144.57726695165852,7223400
2022-04-14,143.2487335205078,147.2343793026449,143.18036012463344,146.97061927648463,8703500
2022-04-18,143.71762084960938,144.6456625754391,142.50630728057905,142.54537566097414,7030300
2022-04-19,146.41380310058594,146.66778484125157,142.82867918957726,143.35618431431558,6781100
2022-04-20,146.27703857421875,148.22100723721763,145.8472118630312,147.83026381208686,7826300
2022-04-21,143.7957763671875,149.09042895394174,143.35618627291527,147.70327037121925,9254600
2022-04-22,139.77105712890625,144.479579478057,139.5756854171322,143.63946770211308,11047400
2022-04-25,141.87132263183594,141.96901593621112,138.28619896866724,139.15561571634677,14353800
2022-04-26,136.58644104003906,140.79676285796396,136.5180527496594,140.5818495252059,12976600
2022-04-27,138.6085662841797,141.27542649549724,137.80753784635797,138.11036621575053,20024300
2022-04-28,144.15721130371094,144.97778136243295,140.0348044630156,140.7869862305584,13881200
2022-04-29,138.1494598388672,144.24515634172204,137.88569979871994,142.58447423757707,14794900
2022-05-02,140.24972534179688,140.4353187723269,136.43014665738627,137.99313520008056,18502200
2022-05-03,140.49395751953125,141.35359608550954,139.19471394257985,140.2301974941288,13734900
2022-05-04,145.42713928222656,145.69089927568302,138.70626038029923,141.04098722602285,14325200
2022-05-05,138.43275451660156,143.4636472345274,136.7818358656976,143.28780224802813,18221100
2022-05-06,137.31910705566406,139.51707230270728,135.25790349442283,137.17256709565103,17431100
2022-05-09,132.00491333007812,135.70725712627208,131.39924165844968,134.83784035687103,20562300
2022-05-10,134.0172882080078,135.91242532942613,132.0244577666762,135.15046513300754,18185200
2022-05-11,129.7874298095703,135.3263014488276,129.3869080477667,132.80596571935084,17390900
2022-05-12,128.4490966796875,130.31491366064373,125.45985136977289,127.86296664105969,18253300
2022-05-13,132.71803283691406,133.37253628595926,129.35758564917253,130.19769744610792,12247700
2022-05-16,131.54579162597656,133.31393031015287,130.42237813575304,131.61416502122455,8711700
2022-05-17,135.35556030273438,135.56071025166398,132.85476707220218,134.37868701543877,9301100
2022-05-18,129.16220092773438,133.95865285411645,128.67376423232045,133.56789455424232,11835100
2022-05-19,127.7457504272461,129.94371577916613,127.14007872758948,128.19510388521988,10437400
2022-05-20,128.02903747558594,129.8753277792154,124.10200931707573,129.52365272586187,10126300
2022-05-23,130.96942138671875,131.13548807283243,128.02902296920433,128.42954463295754,8609800
2022-05-24,129.0254669189453,129.79719050459832,126.76889128715193,129.14268698109305,8561000
2022-05-25,130.52984619140625,131.49695642545484,128.0778988115906,128.17559213435,6828300
2022-05-26,133.66561889648438,134.24197075350023,129.49436437531702,129.767887795796,7778300
2022-05-27,138.1885223388672,138.21782734937372,134.90622700898396,135.16020873534254,8140900
2022-05-31,137.20188903808594,138.54997932585883,135.86357702573076,137.65125743597946,9710400
2022-06-01,136.79161071777344,139.6147748606688,135.7756687197306,138.67698454030744,6652400
2022-06-02,140.1031951904297,140.11295855927605,135.18952269161045,135.82448450247634,6934200
2022-06-03,136.75254821777344,138.39368880199535,136.11757139899714,137.44612016494733,5631900
2022-06-06,136.76226806640625,139.3314497292574,136.08822307456285,138.47179641723633,6294800
2022-06-07,138.3936309814453,138.65739093153587,135.0331846300342,135.30670794646045,5508300
2022-06-08,136.83065795898438,138.6476280892084,136.44966304095155,137.9833613627916,4407100
2022-06-09,133.17715454101562,137.16279986547877,133.1478495310193,135.83425142399108,4882600
2022-06-10,128.05831909179688,131.29176737460037,128.0192507178538,130.88148237163082,10443200
2022-06-13,122.38269805908203,125.20586158191504,121.9333371905395,124.02384566517117,18166300
2022-06-14,123.15444946289062,123.97502712917179,122.01150918591871,123.30098198754303,9125200
2022-06-15,125.7529067993164,127.60897517615885,122.99813160201616,124.68811838605126,12534800
2022-06-16,120.63410186767578,122.66600045956991,119.63769421464382,122.55854378239599,16345400
2022-06-17,121.73797607421875,122.89068708170588,119.76468746588245,120.6145700787346,13842100
2022-06-21,124.83586120605469,125.7173335611219,123.51365640961438,123.51365640961438,8622500
2022-06-22,124.30696868896484,126.03072842116073,123.13167728316577,123.47446998716379,7581700
2022-06-23,126.16785430908203,126.41270729607095,124.22860789198869,125.37451807774003,8021100
2022-06-24,130.70252990722656,130.73191107199162,127.61738804976733,127.61738804976733,12746100
2022-06-27,129.82106018066406,131.5154387116811,129.2334070182356,131.1236798998226,6958600
2022-06-28,125.93280029296875,131.2314229486118,125.8740379624597,129.93859189884625,7630400
2022-06-29,126.18744659423828,126.94159806715264,124.75750587911776,125.77609532118738,6803600
2022-06-30,124.50284576416016,126.06990333922575,122.53422571581405,124.51263450327436,7860200
2022-07-01,124.78688049316406,125.10029201916777,122.65176213716379,123.71931757900383,6965300
2022-07-05,126.35395050048828,126.38333166811674,122.38733595189701,123.0925138642656,7170500
2022-07-06,127.44108581542969,128.45968267368198,126.00134896677939,126.628172054688,8083500
2022-07-07,130.07569885253906,130.36952542683798,127.9993502982032,127.9993502982032,6541100
2022-07-08,130.13449096679688,130.55564597344556,128.28340255302422,128.6849651316641,6313500
2022-07-11,128.34214782714844,129.55662414326542,127.46068296432665,128.99836704871612,5708300
2022-07-12,126.58899688720703,129.53702153135686,125.84464917146119,128.81226623947398,8276700
2022-07-13,126.25599670410156,127.06891040722049,123.66055357003566,124.20902186499778,7581300
2022-07-14,127.41168212890625,127.8622181490025,123.6311593173589,125.24718286852776,6864400
2022-07-15,129.65455627441406,129.7133185991617,128.0972799454007,128.63595949665438,6764600
2022-07-18,128.4009552001953,131.39795436984804,127.91124906281036,130.92782571781385,4948800
2022-07-19,132.318603515625,132.4557206354949,129.04735517933682,129.8308879834414,6165300
2022-07-20,134.38514709472656,134.94340424659254,131.98557538191142,132.33816435216906,6268600
2022-07-21,136.275390625,136.30477179062376,133.1510638267804,134.5516308149596,6478800
2022-07-22,134.39492797851562,136.77489218012408,133.62118405960675,136.2166350608974,5291800
2022-07-25,133.54281616210938,134.48304320034921,132.5340231186649,134.33613739582404,6975600
2022-07-26,131.37831115722656,133.47425201728896,130.88860520913124,133.43508211708271,5083900
2022-07-27,137.029541015625,137.7445076146512,133.34694220988,133.54283657203874,8538100
2022-07-28,139.1156768798828,139.42909590001423,135.96198392149876,137.1862489476844,6204000
2022-07-29,141.2508087158203,141.69154115460034,138.9589880784505,139.54662634860986,5088700
2022-08-01,140.94720458984375,142.35756046194356,139.63479590955657,139.97758119161432,6257900
2022-08-02,139.9481964111328,141.56422042183132,138.74352369507315,139.73272455042064,7960900
2022-08-03,143.66995239257812,144.07151490969355,140.60438797088668,140.63376913607644,7121600
2022-08-04,144.326171875,144.3947229527908,142.70034415473398,143.62099394680374,5839900
2022-08-05,143.99314880371094,144.39469634453192,141.89720783242356,142.01473248391844,3960500
2022-08-08,142.76889038085938,144.98235610460813,141.9951465375164,143.8658270305556,5551100
2022-08-09,141.33892822265625,141.89720017641628,140.5749881398769,141.61316235777502,4282800
2022-08-10,145.1978302001953,145.31535485888162,143.5426215153709,144.69833545613733,9636600
2022-08-11,144.62977600097656,146.9607814682387,144.3653305622988,146.10868282019743,5512900
2022-08-12,147.50924682617188,147.5190355664268,145.12926781576445,145.57980392639817,4046800
2022-08-15,148.439697265625,148.65516912578133,146.7551072378443,146.92160550348459,3581300
2022-08-16,148.03811645507812,148.73350554429862,146.65715690575792,147.76388229318184,5495300
2022-08-17,146.9803924560547,148.1067104808294,145.92262551239935,146.68656581426535,6316400
2022-08-18,147.7443084716797,148.33194671401847,146.55921335763824,147.1272741198147,4988400
2022-08-19,145.06072998046875,146.7061351719237,144.7375221868666,146.52984816340052,5073100
2022-08-22,141.0157470703125,143.1312807494728,140.6631581237858,143.08230715655253,5372100
2022-08-23,140.6436004638672,142.13229627488428,140.45750975132893,140.74153271886743,7388600
2022-08-24,140.73171997070312,141.32916191947726,139.95797608157108,140.54562928990828,4491600
2022-08-25,143.11167907714844,143.1214827618845,140.90800203989326,141.09409271418187,3563300
2022-08-26,137.0001678466797,143.3957275948493,136.9022206598833,143.0529273857045,7160900
2022-08-29,135.18824768066406,136.51045996137483,134.6691604758558,135.52124419985384,6615800
2022-08-30,133.7778778076172,136.18723783687983,132.56341652564672,135.9521735832852,6634400
2022-08-31,132.47525024414062,135.01193846194198,132.40669918130266,134.58099482819534,7085700
2022-09-01,131.828857421875,131.9953556637743,129.0669084871389,131.1824419335784,7994300
2022-09-02,130.11489868164062,133.94438849399336,129.42929828111966,133.19025196484765,8303300
2022-09-06,129.25299072265625,130.8494369153308,128.40090714479422,130.29116495422141,7495000
2022-09-07,131.319580078125,131.8484560522566,129.0669291920084,129.50766166122526,5828500
2022-09-08,131.77008056640625,132.45568090475177,129.76229797297955,130.34993619130904,5605300
2022-09-09,134.3753204345703,134.73771302889904,132.61237588469245,132.86703256362196,5709300
2022-09-12,136.530029296875,136.58880657143894,135.188239614839,135.20783203969364,5090500
2022-09-13,129.2823944091797,133.3763297253754,128.92980546300532,132.631981925515,10074400
2022-09-14,129.7524871826172,130.70251794209315,128.50864480238778,129.88960425384877,6614600
2022-09-15,126.76529693603516,129.4978649779499,126.00135671767327,128.7143323337053,7442600
2022-09-16,126.06011962890625,126.32455009729732,124.26778648095525,125.65855713960657,10381100
2022-09-19,127.08811950683594,127.20593435159589,124.72190483096158,124.80045305464881,7841500
2022-09-20,126.34188842773438,127.13718338284572,125.24224352418021,125.90006788480909,6054700
2022-09-21,124.36841583251953,128.86519944720467,124.34878252663742,126.99972826686997,8404400
2022-09-22,123.10186767578125,124.45679814473438,122.40476913325998,123.67133098908705,8016900
2022-09-23,121.49165344238281,122.16911860266201,119.89127308968301,121.98256848820388,9698100
2022-09-26,120.64729309082031,123.15096311396847,120.30365401666292,121.11857488592902,8596800
2022-09-27,120.80438232421875,123.39641331600775,119.68509655461757,122.24767384048594,9357400
2022-09-28,122.08076477050781,122.66986888938769,119.07636672360861,119.99928951846839,9466700
2022-09-29,118.89962768554688,120.60801002066354,117.49561029481211,120.33309878176769,15548300
2022-09-30,116.62178802490234,120.17601598668135,116.40578418595861,118.41853905891263,9756500
2022-10-03,120.23493194580078,120.9516713268012,117.09307813088063,117.54471914860225,8666100
2022-10-04,124.2702407836914,124.40769640432133,122.5814917407872,122.66986034877473,8889500
2022-10-05,124.68260955810547,125.58589899566145,121.87457470941646,122.5913140200691,7300200
2022-10-06,123.6614990234375,125.72334824147144,123.51423049995157,124.35860499152737,7174100
2022-10-07,118.57562255859375,121.14802021874576,117.93743896103426,121.138199819943,7874500
2022-10-10,116.58251190185547,118.74254276315573,115.41413909715261,118.57562594182414,8353100
2022-10-11,114.79557800292969,116.71996417561962,113.94139057647288,115.91486376162925,10522400
2022-10-12,114.44213104248047,115.66941884961335,114.24576798964733,114.8839591475105,7055800
2022-10-13,117.99635314941406,118.61490347566387,110.91735834147555,111.34936602437568,19057300
2022-10-14,114.67778015136719,119.21383126871555,114.49123000038685,118.95856078826631,11242000
2022-10-17,118.173095703125,118.76219238594724,117.17162460063352,117.48581748829417,7299800
2022-10-18,119.17455291748047,121.66840264863491,117.67235383515299,121.23640243283303,6999000
2022-10-19,118.83089447021484,120.00909507144725,117.63306056314134,118.13379600593434,5492000
2022-10-20,118.89962768554688,121.48184573111028,118.31053110351728,118.87017398006081,6214800
2022-10-21,122.08076477050781,122.33604272263776,118.20253843557884,118.60509241742876,8563000
2022-10-24,123.76951599121094,124.22115699663867,121.10875697552159,122.60114311506294,6692600
2022-10-25,126.13573455810547,126.22409568583576,124.07389251259082,124.07389251259082,5132500
2022-10-26,123.32769012451172,125.92953412188002,122.75822681948513,122.95459735092697,7584700
2022-10-27,121.9236831665039,124.5451681882918,121.6389514894556,123.78916217671356,5847400
2022-10-28,127.22554779052734,127.49064611576439,122.6011288589997,122.6011288589997,7467700
2022-10-31,125.54663848876953,126.30264449571558,124.80044539110362,125.95899791087875,6646100
2022-11-01,124.49606323242188,127.33355170321056,123.95605366568932,127.10773496859106,4706600
2022-11-02,120.19564819335938,126.00808103000996,120.15637408747757,124.4077005418679,9046200
2022-11-03,116.66105651855469,118.73271870581803,116.5726954018396,118.5167148772663,8005300
2022-11-04,118.7916259765625,119.41018375591496,116.07195979762778,119.08617801347029,8948100
2022-11-07,120.77493286132812,120.97129590154391,118.15344058075144,118.997815137065,5213800
2022-11-08,121.9334945678711,123.40623986343626,120.13674350949681,121.77639814077457,6361000
2022-11-09,118.76217651367188,120.85347207996404,118.58544678336763,120.80438506590546,5981300
2022-11-10,128.52157592773438,128.6590315658207,123.99534528942795,124.62371606089988,13966100
2022-11-11,130.72088623046875,131.1528939617882,127.77539531497234,128.40376611101658,7988900
2022-11-14,129.60157775878906,131.22159148815837,128.98301997993875,129.68993887532798,7263300
2022-11-15,131.1725311279297,133.08709717364138,129.85686716949348,132.54708752445575,6358100
2022-11-16,129.3757781982422,130.5441586104975,128.8357685562493,130.1612454064554,5047900
2022-11-17,129.54266357421875,130.1415805242312,127.26481059006058,127.31390509052811,4074800
2022-11-18,129.68992614746094,131.0448563942396,128.60009420582102,131.00557480305145,5956200
2022-11-21,128.2957305908203,129.48375154092915,128.04046017166112,128.95355492528012,4181900
2022-11-22,130.77976989746094,130.84850519747766,127.93246852226918,128.85539123853567,4509600
2022-11-23,131.9383544921875,132.33108060166404,130.4067016910719,130.495062818473,4740300
2022-11-25,131.1725311279297,131.57507015592162,130.78961791878734,131.04488839770187,1631500
2022-11-28,128.364501953125,130.5245256696168,127.8441330799283,129.6899639016,6515100
2022-11-29,127.10775756835938,128.58050302228122,126.58737372495548,128.1975898035232,5785100
2022-11-30,133.48963928222656,133.50926509932646,126.92119291122879,127.04882064853714,11667200
2022-12-01,133.67616271972656,134.31436127650144,132.02669533549422,133.61725531050948,7582900
2022-12-02,132.9005126953125,133.34233320996267,130.9270397397219,131.43758056567722,4467200
2022-12-05,130.69142150878906,132.6158153366571,129.82740611894542,131.87944266982407,5763100
2022-12-06,127.89319610595703,130.75032557564757,127.06846233580096,130.55396253249705,5899600
2022-12-07,127.2452163696289,128.22704669661204,126.33210637513284,127.43175154726055,5206900
2022-12-08,129.32666015625,129.6997603831082,127.18626277787683,127.95210402814847,4482900
2022-12-09,128.53138732910156,130.33795119262393,128.05028516675026,128.74739115860302,5201400
2022-12-12,131.33944702148438,131.33944702148438,128.6983210451322,128.73758766632895,7403100
2022-12-13,132.8907012939453,136.79838064029914,131.54558395790127,136.12091551877648,9303800
2022-12-14,131.77142333984375,134.31435968449685,130.229942903088,132.7630663401674,9770500
2022-12-15,126.8426284790039,130.0924835967135,126.36152635385865,129.61138147156822,9611900
2022-12-16,125.1637191772461,127.15682582556697,124.52552803896933,126.41064025508558,11999600
2022-12-19,123.4947280883789,125.37541208091312,122.67746726924796,125.17847769012796,7138300
2022-12-20,123.68182373046875,124.31199880660502,122.25408496690864,122.84487316175145,6311000
2022-12-21,125.7298812866211,126.32066189777463,123.94766080684343,124.25290722190155,7335300
2022-12-22,122.55931854248047,124.29230368214671,120.48170759692927,124.15444584751356,7661800
2022-12-23,122.68732452392578,122.80548516673454,120.78695071435823,121.6829853530293,4115800
2022-12-27,121.52542114257812,122.48053221536715,120.80663132295723,122.26390815610222,4765100
2022-12-28,119.56598663330078,122.36238755005496,119.42813630711034,121.23004665810186,5181300
2022-12-29,122.6971664428711,123.11071740176983,120.72786757693916,120.73771617470695,5477100
2022-12-30,122.52977752685547,122.59870268649453,120.6687907043218,121.42696746035149,4452900
2023-01-03,121.36787414550781,124.6565991832986,120.50137795847564,123.83933846590341,7598100
2023-01-04,121.6829833984375,122.46085738180483,120.3438595172329,121.99807092858686,5906500
2023-01-05,119.31982421875,121.38758662311328,119.11304872954162,121.0724990901844,5670500
2023-01-06,122.81531524658203,123.36671647198882,118.95548413189958,120.37338158269225,6912700
2023-01-09,124.24305725097656,126.50774628447266,123.87873428128702,123.91812115738415,10713600
2023-01-10,125.0110855102539,125.20801989539635,123.2781004823937,123.93782128227257,8604500
2023-01-11,127.17733764648438,127.17733764648438,125.02095275920944,125.40496547717898,6879000
2023-01-12,128.12257385253906,128.70352841145498,125.81849788522862,127.37424572478348,7679300
2023-01-13,128.48692321777344,128.67399400877417,126.61608008673016,126.9114779521117,5076600
2023-01-17,129.06784057617188,129.82602479415084,128.15210885388822,128.3096563581929,5212900
2023-01-18,127.4037857055664,130.4857431460819,127.32501195034712,129.79649156861004,6968000
2023-01-19,125.91696166992188,127.11824264360133,125.45418276553517,126.4092938786908,7322500
2023-01-20,129.32383728027344,129.4223082214848,126.09418873268238,126.54713402787598,7063900
2023-01-23,132.26795959472656,133.0261438618996,129.5503325796464,129.84571538868713,11736300
2023-01-24,132.20889282226562,132.71105865937542,131.32269925585186,131.51964117587207,6287800
2023-01-25,131.9331817626953,132.26795896104286,128.7626094146794,129.97372399961782,7171100
2023-01-26,134.0403289794922,134.09940554015782,131.8445499777018,133.2230681663164,5580900
2023-01-27,134.60157775878906,135.54684784825716,133.1344596836658,133.19353624715285,6774700
2023-01-30,132.0316162109375,133.6365993192012,131.92330419090948,133.05565985930338,4852800
2023-01-31,133.87294006347656,133.9320166240013,131.94302061384187,132.031635454629,4435800
2023-02-01,137.0238037109375,138.1167650629732,133.13444188101892,133.77445793262407,9426400
2023-02-02,140.7654571533203,141.5531644987719,138.72722608435024,139.3672420586683,9412000
2023-02-03,139.59375,141.87812880104153,138.13645806661128,138.3432410519426,8072700
2023-02-06,137.8903045654297,139.1309725079256,137.36844155057486,138.04785208583527,6488700
2023-02-07,141.33656311035156,141.86828218071085,138.03799675539173,138.0970733133079,7854100
2023-02-08,139.6331329345703,142.37045714154038,139.34759121135025,141.61228789991281,6288500
2023-02-09,138.86512756347656,142.02585929189675,138.31372620857013,141.7895379864111,6312000
2023-02-10,138.22508239746094,138.69770988486488,136.9154969416136,137.83121363749353,4930800
2023-02-13,140.61781311035156,140.92305209574624,138.67805211171182,138.76666697368555,4205900
2023-02-14,141.21841430664062,142.0159779119763,139.08172692427303,139.95806428408792,6311000
2023-02-15,141.8781280517578,141.88798416144763,140.02699740152383,140.36177459071368,5245500
2023-02-16,139.41651916503906,141.40551536285622,139.3082071190055,139.82022906612414,6500600
2023-02-17,137.67367553710938,138.5795511112138,136.47240216122916,138.4220036136592,5303300
2023-02-21,134.40463256835938,136.64963182248175,134.286479457476,135.83237108157354,6138900
2023-02-22,134.2077178955078,135.29082323425564,133.56768676280632,134.6803454065149,7169200
2023-02-23,136.43301391601562,136.94503579383826,134.512950654877,136.7087145368685,6560000
2023-02-24,134.00094604492188,134.5818856405413,133.22307955539608,134.01080215558048,7173700
2023-02-27,134.71974182128906,136.03916844764726,134.4735794645256,135.34991685362118,4694500
2023-02-28,134.42434692382812,135.7240763831526,134.05017532551796,134.28649660201253,5242900
2023-03-01,133.43971252441406,134.70006275874243,133.02616151232758,134.48343865366473,7534700
2023-03-02,135.0840606689453,135.50745272134537,132.8489022069368,133.0753673739285,5484700
2023-03-03,137.98875427246094,137.99859535676137,135.8225287864233,135.95053800511008,7219800
2023-03-06,138.64846801757812,140.52915182022667,138.54015599165186,138.8749331537671,7999600
2023-03-07,136.92535400390625,139.07189767867217,136.58073570134863,138.54017854681035,7060000
2023-03-08,138.05770874023438,138.22509734711548,136.60041670757786,137.40783648441933,6623500
2023-03-09,136.0785675048828,139.83007996088315,135.81270791423142,138.27433183806997,7812300
2023-03-10,133.6858673095703,136.2262648317849,133.15414816387752,135.88163149570406,15278400
2023-03-13,134.4145050048828,136.2754920581524,132.02181380406182,132.84891582227945,17219700
2023-03-14,137.51614379882812,137.99861240661477,135.58622429400748,136.14748168415687,10601100
2023-03-15,137.59490966796875,137.76229825949773,135.34991028519875,136.00962356636248,11530000
2023-03-16,141.45474243164062,141.65166931511234,136.659489432807,137.11243478689423,13043400
2023-03-17,141.2578125,142.95139568095775,140.430695567974,141.730440015045,11539300
2023-03-20,141.63870239257812,141.816338360597,139.95124351387994,141.00713628198937,5990800
2023-03-21,142.78343200683594,143.0400005835349,140.92819982197034,142.4084344228163,6533200
2023-03-22,141.36239624023438,145.62547887288306,141.28344859247525,142.7834237844506,7112200
2023-03-23,143.66171264648438,145.6057554114399,142.30976978086412,143.16830108294695,8797900
2023-03-24,144.03668212890625,144.10575190429756,142.26039783546034,143.2077394201495,5936300
2023-03-27,142.92156982421875,144.74718324924086,142.58605363467606,144.25377177365814,5405300
2023-03-28,142.25051879882812,142.7242046449985,140.96766104085455,142.67486048714042,4984000
2023-03-29,145.2307586669922,145.5564121077876,143.82947162515282,144.03671110846844,7128300
2023-03-30,146.918212890625,147.1254372880628,145.9313898917524,146.57281881793,5601200
2023-03-31,149.02015686035156,149.15831149755883,146.55309901184594,146.74059781756856,7534900
2023-04-03,148.78330993652344,148.990534336998,147.40174868322137,148.11226245743975,10571100
2023-04-04,147.96424865722656,149.51355299613965,147.41163016544292,149.00041585818317,7912400
2023-04-05,146.2767791748047,147.4017568701797,145.22088632190776,147.26360224294856,7868800
2023-04-06,147.105712890625,147.29319661347878,144.57943334405485,145.21099946626637,7848000
2023-04-10,147.02676391601562,147.05636740134238,144.84587846469273,145.6452026839631,4758600
2023-04-11,145.64520263671875,146.78992092806195,145.39849688725982,146.77018025194252,6395800
2023-04-12,144.8162841796875,147.02677325677172,144.5794412243026,146.6320349977969,6617900
2023-04-13,147.51031494140625,147.73729509930703,145.14194548966267,145.37878845792733,6820900
2023-04-14,146.6912384033203,147.89516371288425,145.4083805016067,146.68137559373275,6501800
2023-04-17,147.22413635253906,147.54978977285364,146.07941797647422,146.87874225464404,4153000
2023-04-18,147.67808532714844,148.7438561862525,147.03665627254023,148.34913293075928,4606400
2023-04-19,147.25372314453125,147.5300323684295,146.14848624893824,146.3458478291908,4311600
2023-04-20,146.28665161132812,147.73728267226087,145.63534479667985,145.9017912313495,5708100
2023-04-21,145.81297302246094,146.07941947048428,144.8656312970616,145.6452149056241,6118800
2023-04-24,145.1715545654297,145.94127541975547,144.0860430745978,145.230761545343,4539900
2023-04-25,142.07289123535156,144.7373099997534,142.02354707980814,144.46100079797674,5511300
2023-04-26,144.1847381591797,145.67483576838137,143.8393440165563,144.56959860434978,6801700
2023-04-27,147.24388122558594,147.35243236878378,144.51037702522257,144.8656339431677,6042400
2023-04-28,148.84251403808594,148.8721175232972,147.08597031283935,147.24386560578202,5893000
2023-05-01,148.93133544921875,149.65171207189078,148.48726808065996,148.72411103749633,4097200
2023-05-02,147.5399169921875,149.27673529374846,146.77019617498684,149.10897717284325,6029400
2023-05-03,146.29653930664062,148.67478683097744,146.22745445497574,147.71756712297014,5815100
2023-05-04,145.59585571289062,146.58267869200333,144.99389309332292,145.71428470963625,5430500
2023-05-05,149.2471160888672,149.75039039858592,146.7997842048776,147.0070236604818,6114200
2023-05-08,149.16818237304688,149.29645913590193,148.25042906640854,148.9609428980881,3397800
2023-05-09,148.02345275878906,148.62541540231712,147.86555746199252,148.3491061617853,6236600
2023-05-10,149.82936096191406,150.1747400304479,148.3787297239835,149.31620870675582,5275900
2023-05-11,149.15830993652344,149.58265171204297,148.12215769717596,149.58265171204297,4478400
2023-05-12,148.96092224121094,149.63196968150777,147.8063411892724,149.41486742650497,3953300
2023-05-15,150.19447326660156,150.22407675507384,148.57608397997393,149.10897688792573,3398300
2023-05-16,150.35238647460938,151.17145155453488,149.93792252893513,149.9872667015046,4699100
2023-05-17,152.35560607910156,152.61217464457098,150.28327170552953,150.98392267799608,5958300
2023-05-18,155.4739990234375,155.70096414451754,152.54313289876018,152.54313289876018,7745600
2023-05-19,155.40489196777344,155.7798895507228,154.8720141383888,155.51344310716797,4902500
2023-05-22,155.70094299316406,156.10554406627205,154.6845164342904,154.94108501206065,5397100
2023-05-23,153.4016571044922,155.5628022326356,153.34245012416932,154.92137320216924,5845500
2023-05-24,152.2766571044922,152.888482555598,151.44772938536997,152.1878466469557,5462800
2023-05-25,158.11865234375,158.7403556808061,155.5035772966048,156.3226422311903,9039000
2023-05-26,162.6086883544922,162.8948754491074,158.50350117123753,158.52324184686842,7580000
2023-05-30,163.47711181640625,165.82574046114507,163.13171772214102,164.99681270417844,9061800
2023-05-31,162.1153106689453,164.06921634753257,162.02650019667468,162.53965246600504,9650500
2023-06-01,163.7633056640625,164.45407888676192,161.0791453778074,161.60216046483174,8709700
2023-06-02,164.7007598876953,165.46061784712546,163.53631592442215,164.73036337437347,7134100
2023-06-05,163.75343322753906,165.69747600569008,163.4672460864183,164.60210172489295,5454500
2023-06-06,163.71392822265625,164.0691851018095,162.53962151157566,163.358671343503,4987800
2023-06-07,161.26663208007812,164.671168824439,160.93111583392997,163.3981736280648,6851900
2023-06-08,163.0133056640625,163.26987424198754,161.38503856071588,161.5034675686025,5332600
2023-06-09,163.82249450683594,165.5001057932845,163.26987598986594,163.8027688867479,7206800
2023-06-12,167.38494873046875,167.45403358315383,164.61197790852646,164.9474941874124,6893600
2023-06-13,168.40135192871094,169.20069126891389,167.03954632282205,168.8750378468442,8297900
2023-06-14,170.13818359375,170.19739057375335,167.62178153952314,168.20400358652455,8384500
2023-06-15,172.32891845703125,173.0986392511424,169.4079155287625,169.44739688410033,8866300
2023-06-16,170.90789794921875,173.97691844372332,170.74013982634736,173.96704057561422,8682900
2023-06-20,169.75286865234375,170.97908265033698,168.8430916221581,169.9308616174984,7068900
2023-06-21,167.24110412597656,169.42655808543807,166.7466590309123,169.10022251198365,6029000
2023-06-22,168.6057586669922,168.67498821545053,166.45986900376047,166.489534499024,7612100
2023-06-23,166.77630615234375,167.76519623350623,166.0742026447069,166.52908363205313,7364500
2023-06-26,165.5797576904297,168.3882019009713,165.4610957091932,166.92464880508223,5445100
2023-06-27,168.8430938720703,169.22876039097585,166.08408216129124,166.24230819193576,6916500
2023-06-28,168.9419708251953,169.85174785135368,167.77508782075236,167.90363326526239,5685800
2023-06-29,169.2386474609375,169.54520097104447,168.22009188704305,169.1199854800613,4564100
2023-06-30,171.9284210205078,172.36353504748683,170.79120352302894,170.91974896608048,5697800
2023-07-03,171.56256103515625,171.9778930958678,170.69233285694168,171.89878007155136,3091100
2023-07-05,170.50440979003906,171.78008632357253,170.2176383330141,170.36596579539534,4697800
2023-07-06,170.04954528808594,170.20775623350218,168.30908908512052,168.8233161532026,6058200
2023-07-07,169.30787658691406,171.35487119824757,169.20898154358719,169.77264104060814,5811100
2023-07-10,169.75286865234375,169.76275212065303,168.05197656874225,168.6947490619313,8438600
2023-07-11,170.11875915527344,170.30665068464543,168.45743106469712,170.10887568661468,4998700
2023-07-12,172.04708862304688,172.85798571608018,170.88020559367484,171.81964813396442,8052200
2023-07-13,174.29188537597656,174.6676684538629,172.8777797332205,173.22388222508846,4674600
2023-07-14,174.0347900390625,176.09168344578796,173.5304463848323,174.7270101544829,5762800
2023-07-17,176.25978088378906,176.77399288326802,174.1633235631831,174.3611136591151,5929400
2023-07-18,178.25733947753906,179.11768419997028,174.93466784935669,175.85434356865898,8203400
2023-07-19,177.81231689453125,179.44399452525226,177.12998034798107,178.70232699017853,10495000
2023-07-20,174.26222229003906,177.426667731301,173.71832969327542,176.67511665439693,12178000
2023-07-21,174.17323303222656,176.24989336620803,173.96555945419504,175.3697817055349,7434600
2023-07-24,174.47975158691406,175.36974653882686,173.80729854985202,174.94453108758916,5654100
2023-07-25,176.47731018066406,177.0607516398719,175.0137421649809,175.04340765685498,5401100
2023-07-26,174.10398864746094,175.05332978304168,172.8777745801982,174.62809919348751,7750800
2023-07-27,173.5996551513672,176.99154085536108,172.80854007594192,176.4575468557764,6928500
2023-07-28,175.96310424804688,176.48721478627994,174.84565362274068,175.21153812585217,5643700
2023-07-31,176.36856079101562,176.586117826843,175.35988863302194,176.12133825841778,5069200
2023-08-01,176.6652069091797,177.04098996846975,175.33021435358347,175.79499389872691,4422900
2023-08-02,172.29429626464844,175.22141723239446,171.67130584057193,175.11263873148212,7909300
2023-08-03,171.59219360351562,172.60085051913342,170.78129657683792,170.89007507823948,5660500
2023-08-04,169.25843811035156,172.0372169587115,168.99143355051245,171.00876277450618,7215200
2023-08-07,169.73309326171875,170.55387384141326,168.5068641265248,169.970432313801,4768000
2023-08-08,168.42776489257812,168.64530682705208,166.73675622429118,168.54642687306668,5730900
2023-08-09,166.25218200683594,168.65519255376483,165.67862399600213,168.65519255376483,7150900
2023-08-10,166.27195739746094,168.97162276532327,165.45117691932424,167.5179533158751,6365700
2023-08-11,165.0457305908203,166.01485362940997,164.4721876845706,164.94685064699883,5384800
2023-08-14,167.67620849609375,167.69599052374335,164.4820975922812,164.87764760967787,5164000
2023-08-15,166.02474975585938,167.7750893679295,165.63908324024374,167.18174930270635,4683200
2023-08-16,164.44253540039062,166.6181057885229,164.43265193108678,165.66876461104098,4889700
2023-08-17,162.8800811767578,165.48085165817207,162.6328586727546,165.17429816749035,6307400
2023-08-18,163.12730407714844,163.78985857877532,161.12974201495453,161.22862196323757,6828500
2023-08-21,166.2423095703125,166.57852857127125,163.80963336909326,163.9678594010497,6566400
2023-08-22,166.05441284179688,167.8344179223851,165.6885283574659,167.73552288319402,5682800
2023-08-23,169.05076599121094,169.545211059971,166.44999519023392,166.45987865947336,5056600
2023-08-24,165.15451049804688,171.18674542528044,165.02596506105783,171.17686195759316,6964500
2023-08-25,166.8356475830078,167.75530809001356,164.34364042292862,165.81707694567092,7843300
2023-08-28,168.2003173828125,168.5563184306275,166.9048737360947,168.1014374240819,4481900
2023-08-29,171.5724334716797,171.74054297906687,167.53776002659058,167.71576809217237,6856900
2023-08-30,172.86785888671875,173.04586693354892,171.00874085384172,171.60208089092365,6133300
2023-08-31,173.70843505859375,174.3709896014223,173.0755460110213,173.26343754048682,5981700
2023-09-01,174.242431640625,175.0236632653026,173.35243659124242,174.79620767928662,4622300
2023-09-05,174.8654327392578,175.40932529514563,173.24365362941543,173.80731312241556,5030200
2023-09-06,173.01622009277344,174.61821724062972,171.9482169644474,174.18310317843034,9071600
2023-09-07,170.51431274414062,170.8900958108025,169.17932016235548,169.80232575408115,6256800
2023-09-08,170.8703155517578,171.9679841779689,170.42531801989182,170.50443103944264,4292400
2023-09-11,171.7603302001953,172.53166329942178,170.2572129679201,172.3734372561789,4136400
2023-09-12,168.64529418945312,170.92964276753304,168.3387407033196,170.32641926314434,6121500
2023-09-13,169.07052612304688,169.9803031210305,168.10141813877843,168.57608111832118,5004400
2023-09-14,170.2967529296875,170.72196838531872,169.04085840918916,170.10886141607784,4736600
2023-09-15,167.0235137939453,169.73307780709416,166.57851631491624,169.68363028958785,6553800
2023-09-18,167.82626342773438,168.3812223554004,166.48840413164925,166.53795727622585,4971900
2023-09-19,167.737060546875,168.1631994414603,166.20101892620949,167.11273931836135,4118300
2023-09-20,165.10098266601562,168.41092658729016,165.03160524945568,168.19290488023668,5380200
2023-09-21,162.58384704589844,164.52621835224022,162.50456504140527,163.3667473893332,7370600
2023-09-22,162.9307098388672,164.42711803405945,162.5640286645908,163.29737589164685,6268900
2023-09-25,163.4559326171875,163.70368320861127,162.09826421506398,162.51448339407636,5288700
2023-09-26,160.51266479492188,162.4748453722795,159.95770585356797,162.38565878273985,7463000
2023-09-27,160.76039123535156,161.60274922280897,159.1648769580638,161.2856212345679,5832600
2023-09-28,161.90005493164062,162.9307058809257,159.24417579597593,159.9973321654563,6414700
2023-09-29,162.45501708984375,165.0118051108423,161.90005816215353,163.49557264001126,7941400
2023-10-02,164.19918823242188,164.6748651450637,162.2865457587117,162.53429635593085,6828100
2023-10-03,161.4144744873047,164.38748166403158,160.58202098548387,163.26764412191892,7419400
2023-10-04,163.4261932373047,163.86223666958475,161.5432797907767,161.5432797907767,7597100
2023-10-05,163.64422607421875,163.91178582644082,161.6820304956135,163.41628464181252,6011500
2023-10-06,166.70643615722656,167.4199591429671,162.04872758805752,162.524404538052,8310400
2023-10-09,167.56857299804688,167.82624327029808,164.92259870762516,165.685674702262,6569600
2023-10-10,167.82626342773438,169.17402730413616,167.22175135549173,167.68752369581787,10201400
2023-10-11,169.3821258544922,169.4614078598834,167.80643569126994,168.34157032579012,5194600
2023-10-12,169.54067993164062,171.27493400403281,168.25237388213588,169.53077535210818,7702900
2023-10-13,167.1127471923828,170.16503653853334,166.52804425730892,169.87763736135346,7591600
2023-10-16,168.71817016601562,169.48124630034528,167.36050162382324,167.3902304881415,7272100
2023-10-17,167.93527221679688,168.80734404025586,165.3982933879716,166.59741293728536,7658900
2023-10-18,166.21092224121094,168.11364501749986,165.52712817192815,166.75597658060278,6431400
2023-10-19,165.25955200195312,167.99472825772776,164.97216796424306,166.8748907256753,9995900
2023-10-20,162.46490478515625,165.29917171163336,162.29643622397504,165.18024116377498,7667700
2023-10-23,162.65322875976562,164.30820095327647,160.55229338903317,161.45410920224163,7579500
2023-10-24,163.77304077148438,164.0207913557383,162.009057821316,163.29736388373558,5590200
2023-10-25,161.840576171875,164.7541252269057,161.35499474369948,164.55592779980378,7764800
2023-10-26,158.74867248535156,162.84151712304558,158.06487842882197,162.12799420505786,10323200
2023-10-27,159.67030334472656,161.2856421107361,158.96670010217412,159.71985648949004,8115800
2023-10-30,161.38473510742188,161.95950315054648,160.02705163591585,160.51264822020582,7090400
2023-10-31,162.53428649902344,162.67302622019244,160.20544009929412,161.46400216936453,5446800
2023-11-01,165.67576599121094,165.8937877184261,162.82168949934166,162.82168949934166,10472900
2023-11-02,168.48031616210938,168.62897559816778,166.9442745066508,167.17220082947742,8096300
2023-11-03,170.21456909179688,170.89836317652234,167.94518021843678,168.31184627253725,7830200
2023-11-06,171.33441162109375,171.39386934818413,169.90736568493622,170.44251547174392,5549600
2023-11-07,173.20736694335938,173.71277263223442,171.53257077075236,171.7902410259189,6514900
2023-11-08,174.1884765625,174.47586057283732,173.00918141921207,173.80198627466987,5361200
2023-11-09,173.3758544921875,175.72454029531931,173.14792819046008,174.44613882244462,7187300
2023-11-10,177.9047393798828,178.02365481850825,174.2281141469287,174.4263115851362,6673200
2023-11-13,176.86419677734375,177.31014482608438,176.1209449889439,177.16150051700293,5862500
2023-11-14,180.4020538330078,180.85792154900017,179.01465664780534,179.56961552188633,8254200
2023-11-15,180.62998962402344,181.48225218880754,179.93629105303515,181.20477276041223,6573900
2023-11-16,181.5318145751953,181.73002715479637,179.94621978886408,180.27325239940973,5776800
2023-11-17,181.15524291992188,181.84894158012438,180.3723425508031,181.12551405744867,6638900
2023-11-20,183.7813720703125,184.25704893656575,181.36332405782477,181.38314833768803,5558100
2023-11-21,182.29486083984375,183.23630995292424,181.63089114700813,182.94892595391858,6675400
2023-11-22,183.10751342773438,184.6732989979348,182.61201223924675,183.44445060674687,5606700
2023-11-24,182.75074768066406,182.95884970690983,182.05704905735163,182.80030082264977,2096900
2023-11-27,182.74081420898438,183.80119390588976,182.16604619404833,182.49306363922082,4210000
2023-11-28,183.0876922607422,183.57328887745936,182.12641872900397,182.12641872900397,5506200
2023-11-29,183.22642517089844,185.2183344646215,183.11741430677455,184.42554467626138,5382700
2023-11-30,183.49398803710938,184.23723975619535,181.95793146003265,183.98948918316668,6872000
2023-12-01,183.91021728515625,184.23724987409338,182.13631461681507,183.01830610037433,6994300
2023-12-04,181.67054748535156,182.0768469328642,179.68854290072323,182.0768469328642,9110900
2023-12-05,182.7606658935547,182.9687830568209,180.69937902945264,180.69937902945264,5420700
2023-12-06,181.21469116210938,184.16787394471856,181.07595143732897,183.90031419646084,7365700
2023-12-07,183.4147186279297,183.72192694013145,181.69036907756035,182.07685939315223,6964400
2023-12-08,184.98049926757812,185.12914356905898,182.79037745628816,183.01830375905732,6404000
2023-12-11,186.5958251953125,186.63547375721572,184.0093084657233,184.43544733795613,18897700
2023-12-12,187.83457946777344,187.89405231105226,185.7534835978906,185.9120476036424,7527700
2023-12-13,189.48956298828125,189.94541559400565,187.83457578314247,188.2805389307582,14697500
2023-12-14,189.02378845214844,190.35172793524322,187.62647154815542,189.63820505326788,7713700
2023-12-15,189.9751434326172,191.06525204304432,188.8255771018932,188.8255771018932,9065600
2023-12-18,190.5432586669922,190.97032253480404,189.1329173729429,189.93741295217617,5069000
2023-12-19,191.26828002929688,191.28814804648692,190.3942691312152,190.5035204934754,4501800
2023-12-20,188.3780975341797,191.72513857917295,188.34830308578591,191.04977754243825,6867400
2023-12-21,190.49359130859375,190.9206551654377,188.89455693218588,190.2949566041348,5668000
2023-12-22,190.7418975830078,191.2980808439851,189.79837132564583,191.03985723134772,5107500
2023-12-26,191.5364532470703,191.93372267838146,190.86107702801252,190.86107702801252,3103800
2023-12-27,191.52650451660156,191.92378908795118,190.71209766633427,191.6357558793656,5882300
2023-12-28,191.7549591064453,192.4005257315633,191.6655606013143,192.2018910126699,4807700
2023-12-29,191.16897583007812,192.24162155181634,190.21552306954976,191.85427852631574,6094900
