Price,Close,High,Low,Open,Volume
Ticker,XLV,XLV,XLV,XLV,XLV
Date,,,,,
2014-01-02,46.15998840332031,46.402801074315434,46.05113936141291,46.31070147857025,8771800
2014-01-03,46.268821716308594,46.46977349354142,46.17672214551453,46.235332415119906,3642500
2014-01-06,46.076255798339844,46.5618875142038,46.00927398575018,46.41117444335091,9123500
2014-01-07,46.5618896484375,46.71260272619855,46.285581274535225,46.285581274535225,5714000
2014-01-08,46.97216033935547,47.039145347162126,46.51164958975805,46.63724488238506,7793300
2014-01-09,47.323822021484375,47.35731452310824,46.93029311245586,47.03914214572304,6204700
2014-01-10,47.508026123046875,47.516397651184604,47.06425847525154,47.441041121862426,7734300
2014-01-13,47.12286376953125,47.784326213163965,47.022389472403596,47.60849539468549,12815600
2014-01-14,47.71733856201172,47.79269507412236,47.14797895806905,47.198214503462864,6943500
2014-01-15,47.675479888916016,47.81782141240924,47.54988780891429,47.81782141240924,10054100
2014-01-16,47.79271697998047,47.876445056693655,47.600136654301636,47.658746946805145,5489900
2014-01-17,47.742469787597656,47.92667535666694,47.60850297209839,47.792708541167684,6907500
2014-01-21,48.01877212524414,48.102503376273525,47.65036420277675,47.98528281885302,5697400
2014-01-22,48.060638427734375,48.1443664831403,47.90155065083431,48.052263705781435,5391300
2014-01-23,47.72572326660156,48.018774675717985,47.4159256063898,47.86806160988074,7052900
2014-01-24,46.60375213623047,47.533148353580515,46.60375213623047,47.4410455653356,13101900
2014-01-27,46.22696304321289,46.6874737265493,46.07624999135435,46.58699942331712,13825900
2014-01-28,46.84656524658203,47.0391423406863,46.494900366115424,46.520021339447815,8806300
2014-01-29,46.4195442199707,46.88842966648302,46.260459626306904,46.528393254593716,12281200
2014-01-30,47.26521301269531,47.37406204889193,46.85493784181318,46.88005881571753,10714100
2014-01-31,46.854923248291016,47.13123151703353,46.628853717688926,46.77956673809032,10821300
2014-02-03,45.93391799926758,47.10612688277323,45.8501867400037,46.972160061971984,15808800
2014-02-04,46.38605499267578,46.44466527433922,46.05113635972401,46.193474702615,10080000
2014-02-05,46.126487731933594,46.44466007823945,45.75807983211974,46.36092883235873,16384200
2014-02-06,46.38605499267578,46.44466527433922,46.168356923050894,46.235341927249564,7842200
2014-02-07,47.18147277832031,47.19821902639633,46.327436484585235,46.45302855412499,11497100
2014-02-10,47.575016021728516,47.59176227487281,47.0893874566286,47.273589853173505,7902800
2014-02-11,48.219730377197266,48.261594411295846,47.499657492225865,47.60850653609903,10380300
2014-02-12,48.219730377197266,48.487664028253455,48.07738882843682,48.37044345516901,6535800
2014-02-13,48.56301498413086,48.5881327628981,47.87643468298032,47.96016274155158,8256400
2014-02-14,48.738834381103516,48.81419089373444,48.42066527801289,48.52113956351414,8379800
2014-02-18,49.19097900390625,49.29145330073748,48.85606042244174,48.95653791329328,10874200
2014-02-19,48.88957214355469,49.35008297863339,48.822590317335646,49.17425209153414,10732700
2014-02-20,49.33332061767578,49.40867714383396,48.78908187899604,48.9565411809054,9852300
2014-02-21,49.24122619628906,49.58451636386986,49.18261591358168,49.38356454171534,5196300
2014-02-24,49.609619140625,49.894298939403726,49.33331086797805,49.40866737924359,6464300
2014-02-25,49.484046936035156,49.76035533736343,49.341708567366446,49.53428569828249,6858600
2014-02-26,49.484046936035156,49.79384784552832,49.366826351479425,49.62638849872525,7449000
2014-02-27,49.76871871948242,49.76871871948242,49.3500720180244,49.48403883473013,5980100
2014-02-28,49.76871871948242,50.245975703622896,49.34170048936441,49.81058594484491,10341200
2014-03-03,49.400306701660156,49.601258507171565,49.07376281247214,49.11562684036434,8919900
2014-03-04,50.33808135986328,50.40506636904686,49.852452819366505,49.852452819366505,9658900
2014-03-05,50.21249008178711,50.43855970045599,50.13713354223082,50.41343872458983,10740200
2014-03-06,49.902679443359375,50.656244691586195,49.79383361396475,50.48041386500676,14206800
2014-03-07,49.77708053588867,50.23759114928646,49.45890823095092,50.17060616129113,12630300
2014-03-10,49.98641586303711,50.011533642570676,49.52590513880395,49.77709251620196,7775900
2014-03-11,49.88594436645508,50.23760607585601,49.77709532563152,49.98641868428092,6031700
2014-03-12,49.877559661865234,49.93616993503619,49.49240552559315,49.64311856918142,8822700
2014-03-13,49.19935607910156,50.061770405715755,49.098881770940345,50.03664943315995,12551400
2014-03-14,48.93142318725586,49.3165805632925,48.90630540834808,49.12400027826382,8006100
2014-03-17,49.408687591552734,49.618010964696786,49.149128653027674,49.232856724676815,6430200
2014-03-18,49.936195373535156,50.03666972243754,49.458938223721404,49.50917699518357,6147200
2014-03-19,49.785457611083984,50.27108924611482,49.46728846470556,49.99478093086892,8404800
2014-03-20,49.785457611083984,49.844067885102135,49.5175240172809,49.785457611083984,4895400
2014-03-21,48.88225555419922,50.176148952474286,48.78983413931235,49.99970661265818,19504500
2014-03-24,48.33612823486328,49.10910467847967,47.9832499838063,49.05029163663684,20490000
2014-03-25,48.76462936401367,49.09230295788692,48.260513430687425,48.495768814934564,14646400
2014-03-26,48.78145217895508,49.369582851507886,48.73944009799692,48.991499763458734,13638300
2014-03-27,48.672218322753906,48.932678437404135,48.25212322464974,48.80664862594438,12961000
2014-03-28,48.487361907958984,49.2771425229979,48.327726969102564,48.823439174580265,13128800
2014-03-31,49.14272689819336,49.18473576776891,48.73103228418183,48.89066727059745,9508100
2014-04-01,49.45357894897461,49.68043061081314,49.11750170067972,49.28554032482716,10114900
2014-04-02,49.67203903198242,49.70564740602313,49.4115821458443,49.571217114931244,8999300
2014-04-03,49.56281661987305,49.79806882799674,49.23513978060954,49.7644604539588,9609100
2014-04-04,48.73941421508789,49.982898075464604,48.714209543955285,49.831663638528795,20115400
2014-04-07,48.25210189819336,49.03347869172001,48.02525026087242,48.4873540235322,15263300
2014-04-08,47.85721969604492,48.31932353634921,47.56315448996138,48.29411886299073,15165000
2014-04-09,48.88225555419922,48.890656044156856,47.93283993545758,47.966448305429275,14438600
2014-04-10,47.25229263305664,48.94107332378348,47.143067022639514,48.865456086582526,17622500
2014-04-11,46.8069953918457,47.63038140533159,46.68096878456788,47.04225082789257,14710100
2014-04-14,47.067447662353516,47.336308225813596,46.53812702582305,47.12626071029349,11085300
2014-04-15,47.57156753540039,47.672392665586784,46.56333866903496,47.252297571690455,17424500
2014-04-16,47.806827545166016,48.06728447707618,47.504358535786395,47.98326673228029,29585700
2014-04-17,47.79841613769531,48.04207204540149,47.546359738893166,47.82362081605423,8656900
2014-04-21,48.369747161865234,48.386551349641486,47.7984175977572,47.890839027991014,5545000
2014-04-22,48.899070739746094,49.159527652943886,48.647014318395755,48.714227868389244,8980300
2014-04-23,48.65541076660156,49.00829229122188,48.48737209797622,48.983084407631914,8668900
2014-04-24,48.57979965209961,48.90747333445105,48.126096151118496,48.90747333445105,8012600
2014-04-25,48.21851348876953,48.56299133130459,48.0924868859325,48.54618714324542,6368600
2014-04-28,48.50417709350586,48.84025443635614,47.874034479464875,48.62180320198213,9735200
2014-04-29,48.78984069824219,48.83184956381887,48.462167059644685,48.588196861445724,8955800
2014-04-30,48.831844329833984,48.907461561795465,48.53777909724527,48.705817746611956,11115200
2014-05-01,48.941070556640625,49.20993111702681,48.55458390171931,48.86545332371509,6857500
2014-05-02,48.52098083496094,49.01669314831749,48.420158915061435,48.92427171963001,6126300
2014-05-05,48.84024429321289,48.857048477372615,48.06726784721743,48.352932567791996,7218700
2014-05-06,48.41175079345703,48.78983696485811,48.386546117053875,48.78983696485811,6117700
2014-05-07,48.54617691040039,48.554580605194175,47.916034413826885,48.478963377402536,9058100
2014-05-08,48.28573226928711,48.831853981330156,48.15130196423807,48.57139706815023,7710000
2014-05-09,48.57979965209961,48.63021222056577,47.98326534807153,48.33614371212033,7298600
2014-05-12,49.07549285888672,49.109101224739135,48.68900626679452,48.773023976355375,5244500
2014-05-13,49.1511344909668,49.32757369171714,49.08391772587803,49.20154706478336,3230400
2014-05-14,49.18471908569336,49.33595352892792,48.983072093023885,49.12590604722106,3746700
2014-05-15,48.689022064208984,49.05870459332046,48.46217032870721,49.00829523325643,6469400
2014-05-16,48.8570556640625,48.89906452810596,48.48736996830991,48.74783005349279,8913400
2014-05-19,49.15952682495117,49.1931352019175,48.73103123637987,48.857061047467965,4386100
2014-05-20,48.848655700683594,49.19313354027457,48.7058249110081,49.15952516444347,4611800
2014-05-21,49.26036071777344,49.30236959391783,48.91588280527454,49.01670474903544,3921500
2014-05-22,49.55442428588867,49.7140592915643,49.117524938434045,49.277163149181355,3526100
2014-05-23,49.579627990722656,49.67204943615749,49.411592495464745,49.57122749798841,2796300
2014-05-27,49.84848403930664,49.89049290655204,49.5796202377796,49.84848403930664,3246500
2014-05-28,49.705650329589844,49.94930624810982,49.705650329589844,49.82327644057986,4401700
2014-05-29,50.100528717041016,50.100528717041016,49.83166818353756,49.83166818353756,2682200
2014-05-30,50.23497009277344,50.260174771778665,49.99131417881927,49.99971467013066,7778100
2014-06-02,50.30218505859375,50.36099811464707,49.92409883748588,50.19296264310683,4880300
2014-06-03,50.39460754394531,50.42821592098406,50.08373806901506,50.18455999506005,3054500
2014-06-04,50.537437438964844,50.537437438964844,50.226564784213714,50.35259458533671,3599800
2014-06-05,50.596248626708984,50.75588359118647,50.23496662888074,50.596248626708984,3929800
2014-06-06,50.54583740234375,50.7474844410213,50.44501548554045,50.638258828193,3950900
2014-06-09,50.28538131713867,50.54584142845373,50.184559392304635,50.50383256019548,5533400
2014-06-10,50.45341491699219,50.45341491699219,49.95770262926856,50.293779951649995,6921400
2014-06-11,50.39460754394531,50.470224789746865,50.21816837209879,50.24337305234222,5901200
2014-06-12,50.142547607421875,50.38620351624674,50.024921501112225,50.28537839220616,4305300
2014-06-13,50.100528717041016,50.226555289268674,49.96609845028929,50.18454643185946,2950700
2014-06-16,50.20136260986328,50.57944882701874,50.033323935008504,50.327392417272144,9021700
2014-06-17,50.17616271972656,50.30218933409353,50.02492821842904,50.21817159118222,3728200
2014-06-18,50.5794563293457,50.58785682205245,50.058539244593575,50.12575280146242,5374200
2014-06-19,50.747493743896484,50.747493743896484,50.520641985700074,50.55424716074761,4313800
2014-06-20,51.174217224121094,51.182649265575336,50.85374495801485,50.9043468580659,4426700
2014-06-23,50.98024368286133,51.25011402553602,50.938077045026205,51.2079473877009,3406700
2014-06-24,51.01398468017578,51.41879024497463,50.954947519269915,51.148919868442064,4868300
2014-06-25,51.570587158203125,51.60431853879124,50.95494201012259,50.98867660781901,20099100
2014-06-26,51.638057708740234,51.73082625206535,51.20795280990668,51.69709165138193,11236400
2014-06-27,51.503108978271484,51.62961208901087,51.326007196922546,51.486241682365716,4840900
2014-06-30,51.30070877075195,51.654912339726906,51.24167162548166,51.53684448340192,6434500
2014-07-01,51.950096130371094,52.05129993516444,51.444089974839095,51.50312391908088,8145300
2014-07-02,52.34646224975586,52.34646224975586,51.85732346423209,51.93322469853332,4036600
2014-07-03,52.55730438232422,52.574171682574836,52.228400070208565,52.456103797929075,2468600
2014-07-07,52.160926818847656,52.5657355592115,52.118760180049684,52.34646389008872,3900300
2014-07-08,51.67179489135742,52.10189981168244,51.49469305458293,52.076600468460015,7145400
2014-07-09,51.89106369018555,51.941665594048914,51.53686001446834,51.815162442944896,5879900
2014-07-10,51.857330322265625,51.96696295078194,51.283854968839336,51.47782410057049,4726600
2014-07-11,51.96696090698242,52.01756280692121,51.64649185869566,51.933229524131754,3779600
2014-07-14,52.1356315612793,52.270566746263405,52.00912841787169,52.270566746263405,4078700
2014-07-15,51.688655853271484,52.203097216426364,51.57058797656873,52.16936261819462,5498900
2014-07-16,51.51999282836914,51.89106380620378,51.29228908613808,51.857332420661564,5279000
2014-07-17,50.9549560546875,51.74770323351434,50.89592210100157,51.31759503710634,7321900
2014-07-18,51.789859771728516,51.882628314295964,51.0224153065458,51.140483190864906,8938700
2014-07-21,51.57902526855469,51.66335855561121,51.40192343547078,51.63805921291599,3731900
2014-07-22,52.0259895324707,52.169359959093775,51.815153129931275,51.84045568586958,5640400
2014-07-23,52.447669982910156,52.523571227572894,52.2031021653157,52.413938598589006,7264400
2014-07-24,52.33803176879883,52.62476941613636,52.28742987205397,52.565735478488186,6107400
2014-07-25,52.14406967163086,52.245270261626274,51.88263132894155,52.228402960442246,4129300
2014-07-28,52.19466018676758,52.32959535800635,51.91635780357247,52.16092558968082,7004900
2014-07-29,52.23683166503906,52.43080079059946,52.1356310815094,52.35490276578363,5321800
2014-07-30,52.447669982910156,52.69224101761328,52.17779960568901,52.49827188505487,7752700
2014-07-31,51.36818313598633,52.085025647779844,51.36818313598633,51.97539303018868,8415200
2014-08-01,51.410362243652344,51.671800615310396,51.02242392476035,51.250127690312375,16923800
2014-08-04,51.62963104248047,51.73083163795852,51.16578827756247,51.51999518739904,9208900
2014-08-05,51.13205337524414,51.57902559022689,50.9633835829705,51.41035579795325,10309500
2014-08-06,51.10674285888672,51.31757926212818,50.72723990673865,50.91277375395756,9568000
2014-08-07,50.448944091796875,51.27542256669638,50.35617554164642,51.21638861971133,10947000
2014-08-08,51.0477180480957,51.08145265075035,50.34774273711017,50.516412533274604,5472600
2014-08-11,51.02241134643555,51.40191752879764,50.99711200664751,51.2501150558528,4700600
2014-08-12,50.98024368286133,51.1067435963667,50.836873253692005,50.97180842502935,2878500
2014-08-13,51.59588623046875,51.64648812675107,51.16577815483971,51.182645453600486,4751900
2014-08-14,52.20309829711914,52.20309829711914,51.52841918695064,51.688656923314454,4797400
2014-08-15,52.253700256347656,52.51513858879373,51.772993451317724,52.45610464551697,7777600
2014-08-18,52.658512115478516,52.73441336835614,52.447675659386114,52.51514486954801,7448800
2014-08-19,53.0042839050293,53.03801851019313,52.54887960375353,52.73441349793661,3874500
2014-08-20,52.99584197998047,53.08861051832766,52.75970622208465,52.90307344163328,4513800
2014-08-21,53.071754455566406,53.231989008477484,53.02115254654281,53.071754455566406,3125900
2014-08-22,53.12234115600586,53.27414040539931,52.99583802821844,53.15607253525541,3248900
2014-08-25,53.52714538574219,53.636777995630666,53.30787373174902,53.44280889685708,4863000
2014-08-26,53.721126556396484,53.75486115953115,53.493422810900675,53.60305866253395,3601300
2014-08-27,53.678951263427734,53.87292037454071,53.60305002715671,53.8476178177115,4151700
2014-08-28,53.66208267211914,53.78015054411742,53.46811356567793,53.52714750167707,3466000
2014-08-29,53.85606384277344,53.9066625323311,53.61149278621488,53.746427986883575,4139100
2014-09-02,53.83076095581055,54.0162980509371,53.687390504910375,53.965696147600205,5076800
2014-09-03,54.075347900390625,54.31991901278673,53.94884471339686,54.16811647523809,5421900
2014-09-04,53.805458068847656,54.32833153171877,53.69582222083786,54.19339955785724,6231400
2014-09-05,54.117488861083984,54.12592411917164,53.257279128427285,53.82231917018299,6349400
2014-09-08,54.125938415527344,54.22714223666022,53.91510194716431,54.01630576829719,7204800
2014-09-09,53.982566833496094,54.21870262965686,53.84762841613687,54.201832110378014,6667300
2014-09-10,54.362060546875,54.42952974398058,53.94882297448268,54.058455594116666,7039600
2014-09-11,54.210269927978516,54.28617439987917,53.940399514743866,54.151235976152755,6360300
2014-09-12,53.813899993896484,54.21027035684678,53.66209748311241,54.18497101075247,7340200
2014-09-15,53.67051696777344,53.87292134049475,53.4849798942046,53.813887402015276,6082500
2014-09-16,54.40424728393555,54.44641071954624,53.52716675207657,53.59463275300682,6907900
2014-09-17,54.44639205932617,54.65722846777675,54.05001858196445,54.370494040707925,6704300
2014-09-18,54.8512077331543,54.87650707589402,54.52230340910311,54.62350078006201,5460700
2014-09-19,54.91129684448242,55.27522833955476,54.83512828970388,55.14828074825719,6833500
2014-09-22,54.615081787109375,54.84360039399418,54.40349383259111,54.79281489404648,4005700
2014-09-23,54.29347229003906,54.5304497741139,54.022639957217514,54.10727385050822,7833900
2014-09-24,55.24137496948242,55.24137496948242,54.411953884178494,54.4288780777525,8120900
2014-09-25,54.33576965332031,55.19058656971088,54.33576965332031,55.173662379007695,11661500
2014-09-26,54.50505065917969,54.58968453757518,54.03955464227794,54.58968453757518,6513000
2014-09-29,54.386566162109375,54.57276458333179,54.005707222597955,54.04802416508239,10284100
2014-09-30,54.09034729003906,54.59816034362206,54.048030342717844,54.49659579575978,7580800
2014-10-01,53.52327346801758,54.25113308936064,53.34553718871612,54.25113308936064,11141700
2014-10-02,53.41325378417969,53.65023121585779,52.95622311287875,53.5232804039911,7225200
2014-10-03,54.513511657714844,54.581214880767384,53.827962445672426,53.861817285773945,11383100
2014-10-06,54.25960922241211,54.93669318048194,54.03955596746674,54.75049476915518,8287500
2014-10-07,53.39632034301758,54.17496546135612,53.39632034301758,54.149572718985574,11281800
2014-10-08,54.75895690917969,54.801277080519476,53.37094375221096,53.50635990620126,11412300
2014-10-09,53.624839782714844,54.733558351506346,53.59098494266352,54.67431399570414,15686000
2014-10-10,53.29476547241211,54.21728568946063,53.29476547241211,53.56559774740487,15606800
2014-10-13,52.0337028503418,53.34554735782358,51.97445848880605,53.32015783961556,17937500
2014-10-14,51.644378662109375,52.52458516305182,51.288909286177656,52.34684886079828,19321000
2014-10-15,51.22119903564453,51.44971435425362,50.112477281335636,51.06039339450856,32120100
2014-10-16,50.95882797241211,51.55973682071572,50.31560219072762,50.527190086207064,30185000
2014-10-17,51.771339416503906,52.101419339180055,51.331239310087675,51.449728048628664,15704700
2014-10-20,52.39762878417969,52.43994571956085,51.60205942185809,51.60205942185809,9848900
2014-10-21,53.78563690185547,53.81949173653879,52.786941878720825,52.8377241307458,14961400
2014-10-22,53.51480484008789,53.937980589158876,53.362461312136354,53.80256447859915,13813800
2014-10-23,54.42886734008789,54.72509555497961,53.93798510889095,53.93798510889095,11165000
2014-10-24,55.190589904785156,55.21597942094929,54.462726974710684,54.58121568824368,9703500
2014-10-27,55.24982833862305,55.309072689038395,55.00438561343092,55.19904931173844,9110800
2014-10-28,55.65608215332031,55.68993699164872,55.16519668328365,55.68993699164872,8770600
2014-10-29,55.68147277832031,55.83381632526149,55.3090760064307,55.6391526152782,10162400
2014-10-30,56.70554733276367,56.73940216573068,55.54604351795287,55.59682899597796,11630600
2014-10-31,56.934085845947266,57.543460208283044,56.74789386381324,57.43343679286492,11388000
2014-11-03,57.00178146362305,57.09488066027016,56.59553629384524,57.01871211236828,8680700
2014-11-04,57.010250091552734,57.16259365333486,56.663242800823646,56.9848605741142,5716000
2014-11-05,56.95099639892578,57.54343989924086,56.815577051910985,57.52651570943895,6592100
2014-11-06,57.29798889160156,57.424942896785694,57.02715669387825,57.02715669387825,7962400
2014-11-07,56.73095703125,57.34879665274884,56.55322393778768,57.29801115665143,13895600
2014-11-10,57.30646896362305,57.33185847976494,56.637850390900546,56.85790362604797,5455300
2014-11-11,57.518062591552734,57.72965052330086,57.289550466411306,57.433428710283735,9777500
2014-11-12,57.433414459228516,57.52651364266893,57.204895933638554,57.29799511707896,3879900
2014-11-13,57.39110565185547,57.721182292193525,57.12027337113832,57.51805969594339,5216600
2014-11-14,56.91716766357422,57.37419848361219,56.68865548213165,57.37419848361219,6331800
2014-11-17,57.19646072387695,57.34880431822917,56.798674313226584,56.798674313226584,8587200
2014-11-18,58.11896514892578,58.161285313480064,57.187979643086244,57.23875867483097,8240100
2014-11-19,57.797340393066406,58.08509678214257,57.64499687615872,58.051241949813196,6253600
2014-11-20,57.55192565917969,57.780437816973595,57.365727219490935,57.54346033269779,9041600
2014-11-21,57.822750091552734,58.245925957696166,57.66194119612982,58.127437231748104,8098700
2014-11-24,58.11896514892578,58.12743047326674,57.932766756327766,58.051255468499136,5020100
2014-11-25,58.19514083862305,58.37287390897193,57.966622278781195,58.237454546524816,5510200
2014-11-26,58.55061721801758,58.5760067386286,58.161296168627786,58.38980831127876,5325900
2014-11-28,58.914546966552734,59.23615831316038,58.6098598141238,58.6098598141238,4395500
2014-12-01,58.770652770996094,59.19382853931917,58.62676810233241,58.702943098348456,8537400
2014-12-02,59.422359466552734,59.50699335563998,58.98225936900799,58.98225936900799,7444800
2014-12-03,59.51544189453125,59.60854108341284,59.28692981273555,59.557762055713795,6577000
2014-12-04,59.439273834228516,59.7608851075097,59.21075529343262,59.413877863023366,4235400
2014-12-05,59.91323471069336,59.96401374394108,59.422349198796304,59.48159355663556,8325100
2014-12-08,60.12483215332031,60.45490883603872,59.8370691859635,59.8370691859635,5942800
2014-12-09,59.87090301513672,59.93014736156688,59.08379586562204,59.43080307839117,9776300
2014-12-10,58.94839096069336,59.86245224971747,58.9060707973097,59.828597410440615,9011200
2014-12-11,59.117679595947266,59.8116879035545,58.98226664812647,59.16846510138862,7383300
2014-12-12,58.21206283569336,59.126124126298436,58.16128380526542,58.78758219009466,10438600
2014-12-15,57.678863525390625,58.575994165896326,57.47574094694884,58.55906997483882,17776200
2014-12-16,57.010250091552734,58.41519053274263,56.97639524925105,57.43342593459743,14735600
2014-12-17,58.076637268066406,58.22051546099702,56.967912507400754,57.077942325529186,17776200
2014-12-18,59.667808532714844,59.67627385965836,58.635258188791546,58.76221226433421,16048100
2014-12-19,59.81220626831055,60.25393535304648,59.48090135344317,59.888656761782165,17822000
2014-12-22,59.2430419921875,59.56585022160089,58.94572373961081,59.46390975740953,9896600
2014-12-23,57.88388442993164,59.421449596332494,57.57806943270608,59.37897925180617,22190400
2014-12-24,58.30863952636719,58.63993809904672,57.87540043861125,57.92637393667699,4519100
2014-12-26,58.72487258911133,58.88627674948326,58.50401124245397,58.537991406798255,4242800
2014-12-29,58.92875289916992,59.01370006852932,58.59745440193075,58.665408248786115,5225900
2014-12-30,58.67390441894531,58.971222749741486,58.605944091605174,58.83530857611475,4965100
2014-12-31,58.087730407714844,59.17507568666625,58.079240231611266,58.84377086816317,7863600
2015-01-02,58.300113677978516,58.91174350014327,58.062259076259295,58.36807398734167,7516800
2015-01-05,58.002811431884766,58.512500930655186,57.89238075948482,58.03679159594328,10784800
2015-01-06,57.80742263793945,58.690880811870365,57.450634223447395,58.19818472899992,13344500
2015-01-07,59.166595458984375,59.18358229695893,58.07075969963602,58.19818366812811,14146400
2015-01-08,60.177486419677734,60.24544674365742,59.650810111468196,59.75274411638451,22138400
2015-01-09,59.642311096191406,60.296417846830415,59.43843661335397,60.228457525533614,9724300
2015-01-12,59.66779327392578,60.31340334983002,59.50639561573933,60.10103221127428,11972100
2015-01-13,59.404449462890625,60.55974886478624,58.90325025361646,60.22845043876273,14219800
2015-01-14,59.31102752685547,59.463935047648754,58.67391393705923,58.83531812041175,12548000
2015-01-15,58.67390441894531,59.642316399854884,58.63992425527524,59.53188572871731,16382800
2015-01-16,59.778221130371094,59.888651772091336,58.563458147241214,58.5804449840244,13759300
2015-01-20,59.778221130371094,60.02457239056407,59.08164416332785,59.87166493530815,10387200
2015-01-21,59.89714431762695,60.12650224423399,59.42142866669353,59.71875337892118,8391000
2015-01-22,60.610713958740234,60.6192106178994,59.32799062989045,60.160488239084536,11497400
2015-01-23,60.262428283691406,60.58523003790637,60.23694478744443,60.525766386312775,6815600
2015-01-26,60.57672882080078,60.61070897359061,59.95660885527783,60.321887396454215,7871700
2015-01-27,60.143516540527344,60.56825887066934,59.888668550020704,60.03307938681611,10040100
2015-01-28,59.27703094482422,60.474807272902495,59.18358712570948,60.25393947489923,11005400
2015-01-29,59.778221130371094,59.82918812177247,58.801312748516686,59.277021951067645,12120000
2015-01-30,58.84379196166992,59.914144309998306,58.7588448028302,59.52338219449333,13886500
2015-02-02,59.17509841918945,59.200581919390785,58.1387262039823,58.95423061568966,18042300
2015-02-03,59.57435989379883,59.599849878976535,58.67390818247163,59.46392921557789,17432800
2015-02-04,58.82680892944336,59.14961074634635,58.504007112540364,58.86078909138892,15184800
2015-02-05,59.82069778442383,59.87167126226364,59.20057772000308,59.20057772000308,10801400
2015-02-06,59.27703094482422,60.067051836669755,59.11562680616189,59.82070053909934,11886100
2015-02-09,58.58047103881836,59.17511428753791,58.44455684094697,59.00521343888031,8139000
2015-02-10,59.56585693359375,59.625320590809565,58.920246883070234,59.05616103625528,8629000
2015-02-11,59.625301361083984,59.948103041712855,59.28550636612964,59.61680470392125,8088100
2015-02-12,59.83769607543945,60.00759039954721,59.336496801531425,59.90564991645074,10124100
2015-02-13,60.075538635253906,60.12650562602178,59.60831961637596,59.880154368890835,8592300
2015-02-17,60.50878143310547,60.53426493014588,60.07554254026212,60.13500619370711,8381700
2015-02-18,60.57672882080078,60.61070897359061,60.20296010221553,60.50027833781225,7780900
2015-02-19,60.678688049316406,60.78062853921984,60.4068532239607,60.50879371386414,5383600
2015-02-20,61.315799713134766,61.341283214592636,60.48330193954261,60.59373908726439,8213700
2015-02-23,61.596134185791016,61.791512027168515,61.298815852572915,61.40924652461004,8577500
2015-02-24,61.51966857910156,61.71505287416363,61.29031060590518,61.68107271497663,8052200
2015-02-25,61.49418258666992,61.68107021409464,61.247831303342096,61.46869908857608,9629700
2015-02-26,61.66407775878906,61.68956773829252,61.205361824566914,61.494183448414375,4424900
2015-02-27,61.36677169799805,61.715063529006365,61.33279153294452,61.638606537372475,6745300
2015-03-02,61.9189338684082,61.93592719031747,61.451714731703824,61.56215188095396,6769900
2015-03-03,61.35826110839844,61.89343394761004,61.05244620569134,61.884937288909384,10144000
2015-03-04,61.65558624267578,61.740533396020595,60.82308858537099,61.1798705180506,9153500
2015-03-05,61.87644958496094,62.156781033187244,61.65558827519406,61.732038771408924,6252100
2015-03-06,60.66170120239258,61.72355700150137,60.58524421470894,61.58763634830978,12314900
2015-03-09,61.03544998168945,61.09491362765899,60.50027716796359,60.848562385484804,10306300
2015-03-10,60.35586929321289,60.77211483507562,60.313392480735374,60.500280085953804,12323900
2015-03-11,60.3218994140625,60.746641686977355,60.27942259434992,60.67868136785832,7525100
2015-03-12,61.12041091918945,61.12041091918945,60.54276116463261,60.60222482402584,7574200
2015-03-13,61.001487731933594,61.40074653535189,60.59373874877894,61.03546789403868,6480400
2015-03-16,62.352176666259766,62.360673327735476,61.30730766057486,61.52817549156708,13635100
2015-03-17,62.17377853393555,62.30119603619519,61.79150658399756,62.13130171248032,10142500
2015-03-18,62.980804443359375,63.24414266532378,61.80002105441238,62.037875768580854,12886900
2015-03-19,63.346092224121094,63.43103942259059,62.87038272784729,62.980813437752055,9403900
2015-03-20,63.80437088012695,64.74993682374803,63.44659092826537,64.23030125115693,9544300
2015-03-23,63.625465393066406,63.96620440747693,63.378425058192704,63.60842454283782,4667800
2015-03-24,63.071754455566406,63.87250543394159,63.06323403049134,63.70212942834045,8467700
2015-03-25,61.92174530029297,63.56583641754002,61.90470444979579,63.25064567514419,15039100
2015-03-26,61.776912689208984,62.28803412309864,61.26579775449834,61.572468015160524,18253800
2015-03-27,62.21990203857422,62.458421978338734,61.84508127655516,61.947306893246065,8841600
2015-03-30,62.85026168823242,62.94396685576898,62.64581700414326,62.72248132348445,8008200
2015-03-31,61.759891510009766,63.182497106368075,61.759891510009766,62.6032316570656,8442900
2015-04-01,61.138031005859375,62.0239667895247,60.746175918711714,61.785446866841816,21829300
2015-04-02,61.325435638427734,61.6065511635206,61.02728576295645,61.197655263460085,7560100
2015-04-06,61.41915512084961,61.75138027364835,60.90804000109626,60.98470434442765,5746200
2015-04-07,61.5639533996582,62.02395883405015,61.51284385111897,61.572473824141284,5599300
2015-04-08,62.083580017089844,62.35617506933694,61.623574647826864,61.70024545896004,12577100
2015-04-09,62.55210494995117,62.65433053033092,62.01543527610937,62.100620010169855,8181400
2015-04-10,63.08880615234375,63.17399742815707,62.36472580220348,62.61176620386204,5084300
2015-04-13,62.7480583190918,63.412508583263005,62.722497040393634,63.131393010211816,6814800
2015-04-14,62.85026168823242,62.91841208265525,62.33914672841986,62.81618649102101,5878700
2015-04-15,63.01215362548828,63.31882407824465,62.89289361599226,63.19956406874863,6254600
2015-04-16,62.97803497314453,63.23359567391097,62.88432981614208,63.08026055328683,4439500
2015-04-17,62.43287658691406,62.73954698391949,62.03250098531354,62.57769135794943,12115400
2015-04-20,62.816192626953125,62.986568629652645,62.65434354836353,62.74804872505327,6659500
2015-04-21,63.233612060546875,63.421015923937844,63.105831677050084,63.131386453913386,6577200
2015-04-22,63.335838317871094,63.4721391421025,63.01213360909302,63.37843395023866,6078200
2015-04-23,63.5743522644043,63.73620785311671,62.943977259747086,63.242127160653844,10532500
2015-04-24,63.36990737915039,63.659543352966544,63.097312256301265,63.44657821014128,10397200
2015-04-27,62.21990203857422,63.582877765214974,62.13471727425559,63.52324778027385,17847700
2015-04-28,62.526580810546875,62.6373203691574,61.50434400350574,62.39880039726901,15798400
2015-04-29,61.955833435058594,62.53509898845751,61.546937427114,62.092127771585744,13661300
2015-04-30,61.0869026184082,61.99839289861944,60.763198037301436,61.69172266423263,14554400
2015-05-01,61.913211822509766,61.94728701714019,61.49580206184992,61.50431598612341,11508300
2015-05-04,62.30506896972656,62.552109264968514,62.00691913035836,62.15173383816877,8561700
2015-05-05,61.521366119384766,62.18581626702669,61.461736144575355,62.17729584228825,11373800
2015-05-06,61.28282928466797,61.71727333857248,60.83985830920162,61.68320464739324,10152200
2015-05-07,61.57249069213867,61.78545586830085,61.10397120409073,61.1976699023552,9019700
2015-05-08,62.56916046142578,62.73953648635591,62.15175057391338,62.20286013180202,11222400
2015-05-11,62.60322952270508,62.90137941309719,62.54359954462666,62.79063988214588,7980700
2015-05-12,62.20283508300781,62.45839576789949,61.91320570603022,62.15172554570075,7019800
2015-05-13,62.271018981933594,62.73102456282248,62.16027942510508,62.407319820351795,6005800
2015-05-14,63.13139343261719,63.15694821230537,62.347683192667986,62.6032374887309,6894400
2015-05-15,63.25917053222656,63.335834867294245,63.0632397328636,63.24212968053552,3872300
2015-05-18,63.63397216796875,63.71064298702111,63.1824871753495,63.21656237279729,6792200
2015-05-19,63.93214797973633,64.09399709290076,63.557327192906655,63.719182805252444,5869200
2015-05-20,64.01734161376953,64.28993681488619,63.76178076933043,64.042896398377,10577000
2015-05-21,64.02583312988281,64.0939770250039,63.7873067498314,64.00027185763568,4537900
2015-05-22,63.872520446777344,64.17918433057868,63.82140438349246,63.91510958380289,4612300
2015-05-26,63.22509002685547,63.74472547379152,63.097309646609204,63.67657507110283,9533800
2015-05-27,63.95769500732422,64.02584541470083,63.27620393191922,63.44657995036075,13043700
2015-05-28,64.00027465820312,64.17916457668518,63.693604369611144,63.949165109831,5766400
2015-05-29,63.838443756103516,64.41770929949656,63.642512932952016,63.89807374590068,9839200
2015-06-01,64.09400939941406,64.34104982915069,63.66807896866456,64.2047554708858,7466700
2015-06-02,63.676578521728516,63.96620800008025,63.42953817298002,63.889543667286134,5722400
2015-06-03,63.795841217041016,63.94917638838033,63.6169512670086,63.88954640503619,5357600
2015-06-04,63.35288619995117,63.8128917840016,63.13140058559021,63.557330959801895,6479500
2015-06-05,63.32732009887695,63.369915732729226,62.816204988555945,63.267690110992525,7772200
2015-06-08,63.01215362548828,63.48067323445606,63.01215362548828,63.3443788661105,6736600
2015-06-09,62.99507522583008,63.2165607539793,62.74804142422346,63.2165607539793,8297500
2015-06-10,63.770286560058594,63.8469508962842,63.020651553847166,63.13991152076306,7728800
2015-06-11,64.20474243164062,64.30696155478411,63.86399685640601,64.26437241986808,4912000
2015-06-12,63.41250228881836,63.98324730531928,63.32731103330931,63.88954212360357,6330600
2015-06-15,63.489166259765625,63.61694664312436,62.68841525661916,63.01212642768532,7150200
2015-06-16,63.80437088012695,63.83844608971115,63.31881051712004,63.455104856275156,6041400
2015-06-17,63.86396789550781,64.02582343266212,63.463592513607125,63.881002241913265,5132100
2015-06-18,64.7669677734375,64.97993294775456,63.957702710705185,63.983257491754216,9511200
2015-06-19,64.71652221679688,64.97296329986345,64.67378638399755,64.82764320795631,10327400
2015-06-22,65.22087097167969,65.52859773994125,65.14393601882965,65.19522163968348,6635000
2015-06-23,65.34908294677734,65.52004588013843,65.11829113870124,65.3148968816742,4631600
2015-06-24,64.69090270996094,65.32344934867203,64.69090270996094,65.2636139439503,7294400
2015-06-25,65.04988861083984,65.35761528722298,64.716519131686,64.88748201943626,9232500
2015-06-26,64.95588684082031,65.39183422838245,64.72509500126975,65.14394283237928,6147500
2015-06-29,63.36594009399414,64.7250673012403,63.33174751729208,64.39169783035425,13675900
2015-06-30,63.58819580078125,64.06687888581934,63.38304683884605,64.04978585631137,8722200
2015-07-01,64.27202606201172,64.33186143990761,63.895914245770605,64.2463832602802,7756500
2015-07-02,63.97285079956055,64.46009018079019,63.84463677457159,64.4173478247486,5678800
2015-07-06,63.94720458984375,64.34895923759973,63.37449357015939,63.37449357015939,9352600
2015-07-07,64.25494384765625,64.25494384765625,63.16080720149138,64.03270182498258,10653300
2015-07-08,63.152252197265625,63.93866855297301,63.135159166770556,63.74206283365409,13074900
2015-07-09,63.49415969848633,63.99849204551358,63.459967122283885,63.83607893894373,6654600
2015-07-10,64.34896087646484,64.42589581088932,63.921563414191226,64.28912549260924,8059500
2015-07-13,64.89604187011719,65.03281221529706,64.63105747829243,64.81056366516427,7815100
2015-07-14,65.5456771850586,65.63115537595131,64.78491019944789,64.93022377612232,5831800
2015-07-15,65.63116455078125,66.04146905461944,65.44310859158745,65.75083533907387,6994900
2015-07-16,65.93888854980469,66.03291652548232,65.68244743039868,65.87050338175395,5109200
2015-07-17,65.79354858398438,65.87902674899759,65.52856431597363,65.86193372462134,3877900
2015-07-20,66.00729370117188,66.16115711508299,65.81068791389688,65.87907310265085,3874800
2015-07-21,65.71663665771484,66.15258392981008,65.41745971473507,65.98162753998399,8140200
2015-07-22,65.86194610595703,65.92178148487127,65.4345486789789,65.53711988765065,5765400
2015-07-23,65.62260437011719,66.11838699819528,65.50293360079735,65.98162319964452,5677400
2015-07-24,63.98139953613281,65.00715737036322,63.8617287670411,64.96441501501569,13229700
2015-07-27,63.921573638916016,64.04979420242147,63.58820408674311,63.82754566044994,11037000
2015-07-28,65.07555389404297,65.09265344950872,63.95577430911063,64.28059412569455,11445100
2015-07-29,65.18668365478516,65.4858606699055,64.91314945216514,65.35764008583398,9367000
2015-07-30,65.0926284790039,65.24649181132351,64.5882961313469,65.12682105524904,5381100
2015-07-31,65.4687271118164,65.7593607195388,65.297770769556,65.34051311590432,7910300
2015-08-03,65.41747283935547,65.73374939771294,64.97298222368914,65.53714364055678,8447800
2015-08-04,65.38324737548828,65.77645217052749,65.17809846537352,65.74226612014692,10778700
2015-08-05,65.93035888671875,66.04148644909493,65.67392421065104,65.78504525145665,5391200
2015-08-06,64.49427032470703,66.04999672704736,64.4344349446773,65.99016134701763,13360200
2015-08-07,64.3831787109375,64.59687752589966,63.707889673068635,64.47720671124647,10863600
2015-08-10,64.90459442138672,65.18667837920094,64.59686765314743,64.59686765314743,7951100
2015-08-11,64.3575210571289,64.69944038654316,64.0327012810482,64.46009881242382,7914900
2015-08-12,64.40023803710938,64.46862318727874,63.16933794189504,63.87026942721392,9665900
2015-08-13,64.25494384765625,64.69089115940186,64.10108047419126,64.45154958324939,6329300
2015-08-14,64.43444061279297,64.46863319318454,63.93866450103487,64.07542830103328,5504000
2015-08-17,65.08407592773438,65.10117547591094,63.9642968201415,64.22073134868864,5796000
2015-08-18,64.99007415771484,65.34054329928057,64.88750291360347,65.0157169687427,5465900
2015-08-19,64.72509002685547,65.16958063691284,64.26349986165965,64.63961181587167,10070300
2015-08-20,63.220645904541016,64.49428879948357,63.220645904541016,64.24640395518608,12992900
2015-08-21,61.288780212402344,63.12659020660699,61.28023696053524,62.58807186849571,24008300
2015-08-24,58.681697845458984,60.75030087794514,48.407058088912585,57.60465395617317,33675700
2015-08-25,58.09187316894531,60.98107820723381,58.00639496479599,60.51949460051365,17883700
2015-08-26,60.54515075683594,60.60498616508813,58.271392200111784,59.69889874096441,26115600
2015-08-27,61.724769592285156,61.810247820410936,60.42548356868936,61.33156452564997,18689700
2015-08-28,61.37427520751953,61.75038052137059,60.887042385076256,61.41701103872873,10045600
2015-08-31,60.2545051574707,61.63072579897849,60.10064177762607,61.10075700740073,15143100
2015-09-01,58.67312240600586,59.6304950579523,58.399588294245106,58.67312240600586,21723600
2015-09-02,59.87839889526367,59.87839889526367,58.90393301061139,59.64760056799028,12491700
2015-09-03,59.45097732543945,60.55365681125887,59.31420703542275,60.22028738130111,14080100
2015-09-04,58.70731735229492,59.211643241801745,58.27991987783779,58.54490422509948,16587900
2015-09-08,60.348541259765625,60.43401947749707,59.425360856498095,59.784379805482125,11697400
2015-09-09,59.41680145263672,61.09219884683074,59.262938093906236,61.04945648879575,12424000
2015-09-10,59.989505767822266,60.442546017028754,59.254381639143524,59.44243755879169,17313700
2015-09-11,60.374176025390625,60.39982535670413,59.570673059933505,59.741629472608864,7633000
2015-09-14,60.186119079589844,60.502389055782125,59.91257841888774,60.39126805354812,6232200
2015-09-15,61.04945373535156,61.19476731160749,60.26304394689463,60.48529245982999,8414600
2015-09-16,61.22039794921875,61.331518910980144,60.61349450286177,61.07507789575734,12003400
2015-09-17,61.776023864746094,62.62227550183954,61.16057702172467,61.16057702172467,19149000
2015-09-18,60.833221435546875,61.48521567805817,60.74742686318919,60.92758368376786,23716000
2015-09-21,60.02677917480469,61.39940677821358,59.623568384539794,61.25356652711492,23860100
2015-09-22,59.65788650512695,59.760836032616766,58.988730939455394,59.20320421282217,29234000
2015-09-23,59.59785461425781,60.15548662458851,59.28901247146565,59.70937839824111,9578700
2015-09-24,58.98873519897461,59.340467989187864,58.32815380399027,59.10883971711624,20064500
2015-09-25,57.37591552734375,59.64075386755416,56.92123301479357,59.46059701608379,30973700
2015-09-28,55.15395736694336,57.135688663413944,54.67353597282167,57.015584133034274,66470200
2015-09-29,55.66011428833008,56.60380214331554,54.973803583584555,55.299800677448204,31776000
2015-09-30,56.81827163696289,56.981266900307766,56.08905715357617,56.48368725488335,26565600
2015-10-01,57.393062591552734,57.43595332906455,56.4064839958913,56.955535179611225,19853100
2015-10-02,58.58552551269531,58.594106277074516,56.38074032203486,56.646685110940815,23741800
2015-10-05,58.739959716796875,59.21179714016577,58.165172733409534,59.09169259274773,18389800
2015-10-06,57.35875701904297,58.72280447303172,56.5437608535386,58.551228399833214,30431600
2015-10-07,58.27669906616211,58.55980545970339,57.075646994186826,57.779119322096925,27466100
2015-10-08,58.4482536315918,58.63699115786949,57.36731305506382,57.9420998522151,23182700
2015-10-09,58.7142219543457,58.96301180697339,58.28527528675453,58.542639360185206,13890000
2015-10-12,58.868621826171875,59.05735279400286,58.379623062945925,58.456830293621636,11074500
2015-10-13,58.13084030151367,59.357627738800986,58.070788044242484,58.6026775957287,17273300
2015-10-14,58.01933288574219,58.92012364524355,57.85633757756014,58.43970539762028,21786200
2015-10-15,59.31472396850586,59.31472396850586,57.64183516686478,57.70188741755947,22133300
2015-10-16,59.84664535522461,59.932433386095106,59.33191062479444,59.477750931795,17657000
2015-10-19,60.06112289428711,60.22411820074786,59.32333399596687,59.64933115409604,15694700
2015-10-20,59.11742401123047,60.06110522949283,58.86005343115631,59.872367676799215,14802000
2015-10-21,58.58552551269531,59.68362772583594,57.6161085844208,59.45199944924131,36068300
2015-10-22,58.233802795410156,58.76569907027709,57.50459469992994,58.671330270781226,35524500
2015-10-23,59.47774887084961,59.78659100744756,58.59411974760818,58.83432884380504,26524200
2015-10-26,59.70936584472656,60.11257669888866,59.1345789674003,59.331897284724256,17831900
2015-10-27,60.80744934082031,60.80744934082031,59.863768414155594,59.87234917622814,25160900
2015-10-28,61.313636779785156,61.347953298095106,60.17263709050414,60.713107527170955,18158000
2015-10-29,61.5881462097168,62.62619607150482,61.330775662573856,61.66535344673674,22780700
2015-10-30,61.20207214355469,61.94844127159912,61.202072143554695,61.776865321456995,12427200
2015-11-02,62.5060920715332,62.548989344808646,61.2020908883371,61.55383020262189,18646600
2015-11-03,62.28303909301758,62.480357390159504,61.84551176993247,62.34309134950337,10428700
2015-11-04,62.00852584838867,62.52326051247099,61.63105070696533,62.506105526591,11533000
2015-11-05,61.81120681762695,62.068570846920856,61.227839187939615,62.05141586305017,9172000
2015-11-06,61.5538215637207,61.6138738107552,60.84176881659455,61.43371706965172,12661100
2015-11-09,61.08200454711914,61.44232473228236,60.73027167341139,61.44232473228236,15625000
2015-11-10,61.49380111694336,61.63106066177286,60.97906636971976,61.099170925898356,9737400
2015-11-11,60.88468551635742,61.725417243175876,60.87610475112691,61.725417243175876,10580900
2015-11-12,59.8294677734375,60.81604622682917,59.8294677734375,60.72167745462268,10870800
2015-11-13,59.68363571166992,60.2927391599834,59.606428457543,59.709371463045564,18196800
2015-11-16,60.43000030517578,60.43000030517578,59.54637133882224,59.55494555844479,12959800
2015-11-17,60.687347412109375,61.090558158876085,60.241245943578456,60.550087939178326,7882300
2015-11-18,61.87126159667969,61.939888080160614,60.72168127439638,60.72168127439638,12816300
2015-11-19,60.833221435546875,61.55384871786154,60.781743383090884,61.476641456987934,11128000
2015-11-20,61.35652542114258,61.65679330978758,61.15063286352844,61.15063286352844,9224500
2015-11-23,61.20207214355469,61.5795470881109,61.02191543234458,61.23638864262371,10362700
2015-11-24,61.39083480834961,61.45088707006286,60.79031219121707,60.8246287043683,7174700
2015-11-25,61.72541809082031,61.81121265389134,61.42515675569038,61.5538420550907,4594400
2015-11-27,61.84553146362305,61.95706179347242,61.682536169947056,61.88842875128929,2658000
2015-11-30,61.00479507446289,61.94847642617154,61.00479507446289,61.93989566023413,8846100
2015-12-01,62.03425598144531,62.085734024835695,61.18494353537036,61.32220959080369,10659200
2015-12-02,61.510929107666016,62.29161492538136,61.41656034848714,62.102877407023605,9875100
2015-12-03,60.164058685302734,61.63963630449524,59.89811383947393,61.562429044173406,13191400
2015-12-04,61.57957077026367,61.67393954269488,60.28415024933058,60.429997062764116,14929800
2015-12-07,61.23640441894531,61.76830047374288,60.918988174886216,61.450877684479146,8511000
2015-12-08,61.373687744140625,61.545263786831626,60.773158504309144,60.773158504309144,7483600
2015-12-09,60.756004333496094,61.682530684957484,60.51579525242238,61.09058220287828,17593600
2015-12-10,61.21068572998047,61.63105161489968,60.6959510583152,60.756003327589376,9778500
2015-12-11,60.309906005859375,60.80747918178533,60.23269219972162,60.558689321218885,15178300
2015-12-14,60.70453643798828,60.7817436992635,59.76942926512213,60.5415346039091,21091500
2015-12-15,61.49380111694336,61.785481740460675,61.167803970916815,61.365115793835606,14006300
2015-12-16,62.29164505004883,62.386013854865105,61.14206440283583,62.00853863559998,15273700
2015-12-17,61.622474670410156,62.46320640308398,61.5709966238747,62.46320640308398,11469100
2015-12-18,60.729068756103516,61.53890667105693,60.720458214023544,61.461365781807,15159800
2015-12-21,61.280460357666016,61.280460357666016,60.7807793081099,61.09092979290167,6707200
2015-12-22,61.69397735595703,61.780128780974124,61.14260034832872,61.49582316277854,7495800
2015-12-23,62.35734939575195,62.495196931554155,62.02135424339942,62.08166089707982,8091000
2015-12-24,62.417640686035156,62.615794826744356,62.124724603951876,62.15056936732032,2568300
2015-12-28,62.124725341796875,62.28841760898207,61.952422535340375,62.236721508700526,6534700
2015-12-29,62.88288116455078,63.02934581350504,62.4090450527856,62.53826890049196,7243100
2015-12-30,62.615814208984375,62.97765415400871,62.555507551480325,62.81396841103067,8496500
2015-12-31,62.055816650390625,62.67611742086423,62.055816650390625,62.3918118055751,6591700
2016-01-04,60.93582534790039,61.168434813552295,60.31552467558691,60.97028065375665,19666300
2016-01-05,61.22873306274414,61.495804370563796,60.961661754924485,61.10811978999136,14540000
2016-01-06,60.729068756103516,61.15122194360593,60.30692214153399,60.35861168574535,14651700
2016-01-07,59.49707794189453,60.315532885407265,59.333392211537735,59.55738459474855,17850400
2016-01-08,58.601078033447266,60.00537159485149,58.497698974744324,59.850296433866085,17022800
2016-01-11,57.90325927734375,58.88540004708045,57.08481082687411,58.85955527518204,28563800
2016-01-12,58.64415740966797,58.980152498528774,57.68786167277767,58.368468963091644,13727000
2016-01-13,56.903892517089844,59.03185986521527,56.84358585658318,58.75617133533723,16202500
2016-01-14,58.428768157958984,58.80784218853324,56.6970968317532,57.050326100775614,23342300
2016-01-15,57.61034393310547,57.87741534383487,56.79188889784717,56.94696410441684,17882300
2016-01-19,57.60173797607422,58.45464849095831,56.97281991289919,58.23926658305284,13495200
2016-01-20,57.71372604370117,58.27372023968326,55.87867481399983,56.58512710915058,24665600
2016-01-21,57.541412353515625,58.153095981757076,56.998652490608094,57.860179838485976,17102800
2016-01-22,58.45464324951172,58.60971847221591,58.07557559518316,58.351264149664665,11343800
2016-01-25,57.91188049316406,58.67002233857894,57.83433959904514,58.2823375867842,10131900
2016-01-26,58.35123825073242,58.46323441683561,57.498321617955725,57.94631942822987,12449700
2016-01-27,57.687870025634766,58.85954773646881,57.28295112326729,58.24786411246356,15924700
2016-01-28,56.343894958496094,57.99802603842814,56.04236167407087,57.963564152646306,26127300
2016-01-29,57.2657356262207,57.29158040029585,56.05959577689095,56.22328810994477,17578200
2016-02-01,57.35188293457031,57.64480568984176,56.57650690347871,56.8780402008663,16705700
2016-02-02,56.52481460571289,57.102036400157225,56.3525117507223,56.946961201492655,12968700
2016-02-03,56.89527130126953,56.9555779574297,55.62882494897342,56.68850656199646,19453100
2016-02-04,56.585113525390625,57.2226418892059,56.07680899868327,56.722954475949635,18958100
2016-02-05,55.48236846923828,56.43004733897032,55.198062836438844,56.274972136800876,16744000
2016-02-08,54.72421646118164,55.094673476440335,54.06945384918054,54.86206070268725,24652800
2016-02-09,55.12914276123047,55.680516514825975,54.00054062290812,54.06084728126074,20741700
2016-02-10,55.62020492553711,56.48173229587285,55.44790208064285,55.49098107833252,14728500
2016-02-11,54.72421646118164,55.16359395396016,54.31068373666482,54.620834101668926,22801100
2016-02-12,55.456520080566406,55.48236485042014,54.56053081235386,55.02575310205185,10316000
2016-02-16,56.49897384643555,56.52481861922597,55.86143877725083,56.05097587495801,17303000
2016-02-17,57.21402359008789,57.28294076955593,56.507564987396016,56.938328580492545,12140000
2016-02-18,56.86081314086914,57.5155758598822,56.72296559036829,57.282959761645266,9722100
2016-02-19,56.80049133300781,56.96418361234031,56.44726200874954,56.585109522488736,8875100
2016-02-22,57.61034393310547,57.61895447524111,57.17096308566924,57.26573163262476,7515700
2016-02-23,57.17958450317383,57.75680637047521,57.11927783902194,57.45527304971579,8211900
2016-02-24,57.36910629272461,57.44664717648962,56.24912461879294,56.85219116837673,11118600
2016-02-25,58.08416748046875,58.118629360325826,57.34325349587042,57.627559074992654,9496400
2016-02-26,57.98079299926758,58.58385951213142,57.9290968889278,58.35125002086451,10365700
2016-02-29,57.058963775634766,57.95494650600772,57.03311243183621,57.80848842247874,11091700
2016-03-01,58.28233337402344,58.29956103095279,56.99865931247034,57.37772692131138,14549100
2016-03-02,58.3770866394043,58.394314291824344,58.02385732194779,58.14447060768145,10923700
2016-03-03,58.21339797973633,58.28232173956063,57.679248700495265,58.230625633226644,10815000
2016-03-04,58.0755729675293,58.446023489131534,57.80849496816337,58.21341395206657,9855700
2016-03-07,58.54078674316406,58.73894094585987,57.687876420544555,57.69649353533986,11082400
2016-03-08,57.825721740722656,58.385709295150875,57.748180856413654,58.19617878747519,8204200
2016-03-09,57.92910385131836,58.178947600370776,57.53280201338677,57.98079996787139,13032500
2016-03-10,57.96356964111328,58.609715271606554,57.51557822939525,58.21341340698934,11287700
2016-03-11,59.0921516418457,59.10076875487136,58.29093759960624,58.3340100188718,10618300
2016-03-14,58.84233474731445,59.074944295514996,58.69587006725702,58.87679006539825,6140900
2016-03-15,57.92910385131836,58.575249438302365,57.75680099062908,58.45463612123331,15226500
2016-03-16,57.7912712097168,58.12726643755775,57.334662647416714,57.81711598525322,16881300
2016-03-17,57.1192741394043,57.74818551440599,56.567897082033085,57.73956839924716,20920400
2016-03-18,57.79106903076172,57.998582118480776,57.116667986955825,57.22042453081535,19524800
2016-03-21,58.1282844543457,58.24933047455358,57.74785033568473,57.84295886534998,12183600
2016-03-22,58.70756530761719,58.889134301566614,57.938055791897796,57.938055791897796,13200200
2016-03-23,58.29254150390625,58.768084022337156,58.240666536990716,58.664327491994534,9105100
2016-03-24,58.2666015625,58.482756044211754,57.81700314300451,58.03315762471627,8492800
2016-03-28,58.10234832763672,58.4827824984193,58.015887815144566,58.422259480023364,7156300
2016-03-29,58.7767448425293,58.8286198207361,57.7997221095478,57.998587186862224,10455600
2016-03-30,58.7853889465332,59.226346070872914,58.68163898540383,59.07071453266556,7607700
2016-03-31,58.603797912597656,59.04475487136014,58.57786043205471,58.698906405595665,8602700
2016-04-01,59.26957702636719,59.48573156461577,58.24932734197334,58.361725327117924,9120200
2016-04-04,59.97858810424805,60.194742730633735,59.39928869218245,59.40793672426228,17381200
2016-04-05,59.200401306152344,59.55489129064077,59.06205924629468,59.27821376743792,16555000
2016-04-06,60.791297912597656,60.8172354007583,59.217693197895564,59.217693197895564,24546600
2016-04-07,60.12553787231445,60.76535335977114,59.814274857549144,60.35898183513243,19216700
2016-04-08,59.96126937866211,60.523272514167736,59.60677935555171,60.49733502424664,12883800
2016-04-11,59.50303268432617,60.108262871406744,59.37333861666196,59.935341845530665,8695500
2016-04-12,59.98719787597656,60.116891902653,59.48572442081304,59.49436585181585,13510500
2016-04-13,60.5492057800293,60.58379129634906,59.94397573571521,60.263880217775764,9706200
2016-04-14,60.58381271362305,60.7826778536353,60.359010076329874,60.53193771906119,6655200
2016-04-15,60.54057693481445,60.73079403658933,60.1342118314493,60.73079403658933,7945300
2016-04-18,61.10257339477539,61.171744441618344,60.272540622202264,60.3676491624828,11505400
2016-04-19,61.318702697753906,61.64726173659322,60.98150222900616,61.206304740341785,6655000
2016-04-20,61.647281646728516,61.94124867483067,61.28413698143699,61.336018560200635,10763400
2016-04-21,62.010414123535156,62.14874959589856,61.604042541852095,61.68185500821034,12463100
2016-04-22,62.14010238647461,62.34760887398317,61.7683163565776,62.044993872093116,12052800
2016-04-25,61.898014068603516,62.09687915802337,61.69915557569706,61.90666209766874,8937500
2016-04-26,61.664573669433594,62.019070320233716,61.48300462750443,62.019070320233716,7433500
2016-04-27,61.59539031982422,61.85477838305097,61.33600885310994,61.707794892261624,9121200
2016-04-28,61.301422119140625,61.89800409827794,60.96422160155925,61.240899118459666,19512000
2016-04-29,60.341712951660156,60.86913065114871,59.978574842787,60.74808461485766,13577900
2016-05-02,60.68754577636719,60.713483263594576,60.20335516091006,60.45409519829567,9074800
2016-05-03,60.49732208251953,60.86910808371949,60.26387153014349,60.47138459814704,9436800
2016-05-04,59.91803741455078,60.2206524325005,59.75375786344408,60.11689588498374,11802000
2016-05-05,60.16876220703125,60.25522928244921,59.796982807385554,59.926670227489076,10145200
2016-05-06,59.814292907714844,60.12555601641005,59.32146075169976,59.95262840240494,14164300
2016-05-09,60.49732208251953,60.687539096600226,59.78833559145356,59.81427307582605,13606600
2016-05-10,61.007450103759766,61.01609813165269,60.57514106028865,60.73942060769168,11073000
2016-05-11,60.27252197265625,61.067968975680394,60.26387394534823,60.912337466696364,8452500
2016-05-12,59.91803741455078,60.58379045404016,59.572188852674245,60.402221443270335,11322900
2016-05-13,59.77968215942383,60.237928599269665,59.72780719536919,59.84885317583748,11947300
2016-05-16,60.592430114746094,60.72212413210406,59.76239763877157,59.78833512294081,8338100
2016-05-17,59.96126937866211,60.63567050266359,59.74511483396866,60.480038966623766,14920000
2016-05-18,60.212005615234375,60.514620639269474,59.80563404159604,59.86615704640307,11515200
2016-05-19,59.7018928527832,60.142843411174994,59.321458711569505,59.86616583479605,8765700
2016-05-20,60.255226135253906,60.46273259309295,59.90072961478881,59.92666709745477,7925700
2016-05-23,60.013153076171875,60.28118261018099,59.96127149798272,60.168778021199024,5061400
2016-05-24,60.87776565551758,60.972867580956866,60.23794349029192,60.31576255212221,11936400
2016-05-25,61.258209228515625,61.37925527068429,61.033406608839,61.04205463942664,8949200
2016-05-26,61.26683807373047,61.387884077994244,61.067973011575695,61.28412753297708,5257700
2016-05-27,61.54352569580078,61.68186118201032,61.223614576888735,61.223614576888735,9641300
2016-05-31,61.69050979614258,61.83749331304414,61.42248025396755,61.73374334653181,7669800
2016-06-01,61.915321350097656,62.053656857650324,61.44842664364251,61.50030163441044,9301700
2016-06-02,62.710758209228516,62.710758209228516,61.78561698111059,61.86343605080982,12473100
2016-06-03,62.503257751464844,62.728060356679,62.001777553877155,62.52054721501325,13896000
2016-06-06,62.84046173095703,62.952859741334585,62.356277567466684,62.51190913380494,9117600
2016-06-07,62.45137405395508,62.64158451251471,62.29574251766941,62.58106150376546,6439100
2016-06-08,62.667518615722656,62.779916586490465,62.26114708035203,62.39948253694994,4621300
2016-06-09,62.56378173828125,62.970153401365366,62.38221268389533,62.52919621413428,9608500
2016-06-10,62.062294006347656,62.235221606110805,61.776968414123544,62.20063608615818,10270900
2016-06-13,61.569461822509766,62.304385980274596,61.55217236080938,61.83749135620303,8538400
2016-06-14,61.664573669433594,61.69051116163579,61.163093498478496,61.422481613528035,8000500
2016-06-15,61.24091720581055,61.958551994773735,61.18903562096639,61.828857927434775,7861100
2016-06-16,61.457061767578125,61.56081172732529,60.75671655671875,61.05933819668319,9341200
2016-06-17,60.81898880004883,61.57423700364934,60.59328792151105,61.54819510405398,10799100
2016-06-20,61.20097732543945,61.63502681001704,61.122851597288864,61.33987633957766,7983700
2016-06-21,60.99261474609375,61.47006504339484,60.853715779053026,61.409298401081344,7014900
2016-06-22,61.16624069213867,61.85203953934309,60.940533149536,60.992623581255536,11207600
2016-06-23,61.964881896972656,61.973564738301974,61.41798210843852,61.704456264699566,7626900
2016-06-24,60.16792678833008,61.114157941305656,59.94222586488901,60.2026515357214,22576500
2016-06-27,59.36058044433594,59.96825344391522,59.108831053190244,59.75990500933941,18241500
2016-06-28,60.515167236328125,60.56725104553421,59.76860173005542,59.777284572612544,13652400
2016-06-29,61.66975784301758,61.84337500529921,60.94055119068029,60.94055119068029,8968400
2016-06-30,62.251346588134766,62.286071325104885,61.48742224399138,61.791255413646915,9535200
2016-07-01,62.64202117919922,62.789596405904604,62.190606032363846,62.39027169790048,6793100
2016-07-05,62.581233978271484,62.83298340357962,62.268724530133724,62.268724530133724,8359800
2016-07-06,63.28438949584961,63.41460561093875,62.416290892677644,62.48574037046742,18791500
2016-07-07,63.18891906738281,63.67505232693556,62.90244484383112,63.666369483566704,8022400
2016-07-08,63.97021484375,63.98757390889766,63.16288254145903,63.50144060792916,11013200
2016-07-11,63.79658508300781,64.32612593169745,63.735818426095996,64.1611916475476,7375100
2016-07-12,64.10911560058594,64.20460702903377,63.88340798579378,63.93549843417373,10237200
2016-07-13,64.0830307006836,64.39554668904442,64.02226407089488,64.30873816406995,6401900
2016-07-14,64.36084747314453,64.81226257890071,64.12646370047506,64.50842268642043,4813200
2016-07-15,64.30876922607422,64.78621965558177,64.23063687971207,64.60391967816226,7131300
2016-07-18,64.33479309082031,64.45632637501537,64.10040274053895,64.3261102496443,3954300
2016-07-19,64.1958999633789,64.56918269109298,64.00492380160685,64.4129246510483,6634700
2016-07-20,64.77754211425781,64.89039258662537,64.40425932341869,64.49106788855288,6855000
2016-07-21,64.96852111816406,65.0987372830316,64.7167782553079,64.77754491583684,9230800
2016-07-22,65.09871673583984,65.17684905932707,64.76884162895435,64.95982439407071,5446500
2016-07-25,65.02928161621094,65.1681739745109,64.6299503563121,65.11609016803192,5868400
2016-07-26,64.91641998291016,65.01191137013302,64.65599434572124,64.77752763435623,6904200
2016-07-27,65.21159362792969,65.31576126016161,64.66468706643532,64.78622038608536,7983100
2016-07-28,65.15082550048828,65.31575978882985,64.82962652118054,65.10741790599,5470100
2016-07-29,65.28102111816406,65.4025544091622,64.87302028299467,65.02927831757337,4889200
2016-08-01,65.69771575927734,65.97550710321025,65.3417920813584,65.3417920813584,9255100
2016-08-02,65.44597625732422,65.74980955103524,65.04665155372273,65.74980955103524,12149300
2016-08-03,65.263671875,65.44597183891914,65.13345572275244,65.40256424714707,9761200
2016-08-04,65.16817474365234,65.41124134084704,65.08136619080682,65.30707372665962,8415500
2016-08-05,65.32443237304688,65.45464851302204,64.95983247957084,65.45464851302204,8244400
2016-08-08,64.76885223388672,65.27235112925803,64.54314469060505,65.27235112925803,6655500
2016-08-09,64.92511749267578,65.15082506102006,64.74281751853698,65.11610031026947,11261100
2016-08-10,64.70807647705078,64.89905924656316,64.53445276700893,64.89905924656316,7031600
2016-08-11,65.08135986328125,65.15080934803268,64.76016096360645,64.88169425038775,6599800
2016-08-12,64.91641998291016,64.98586946872088,64.68203624713338,64.95982756730874,6211900
2016-08-15,65.02928161621094,65.1768568166134,64.9164245380825,64.9164245380825,4122500
2016-08-16,64.44764709472656,64.94246310002255,64.44764709472656,64.93378688143443,6042300
2016-08-17,64.5778579711914,64.62994177075149,64.17853338740754,64.30874950937485,7296300
2016-08-18,64.6039047241211,64.74280369747176,64.404245728764,64.56917998078343,4180100
2016-08-19,64.55184936523438,64.59525696930078,64.27405791919263,64.47371700252893,4323500
2016-08-22,64.68206024169922,64.92512690913763,64.50843646276466,64.57788597433849,4090200
2016-08-23,64.74280548095703,65.10740536144486,64.7080807366628,64.90773973751995,8557900
2016-08-24,63.727115631103516,64.85563973501404,63.57085763233854,64.716747415593,8670400
2016-08-25,63.18891906738281,63.813951328561444,62.91112768719997,63.55351901204737,8766500
2016-08-26,63.431976318359375,63.761851463843435,63.05001074343303,63.258359215066285,9974300
2016-08-29,63.57086944580078,63.7271274736034,63.30175435048844,63.458012378291066,7372100
2016-08-30,63.3538703918457,63.649020884222026,63.197612300861174,63.649020884222026,5497900
2016-08-31,63.162872314453125,63.345172272799246,62.91980570332497,63.26703993461181,4756800
2016-09-01,62.9979362487793,63.24100287854447,62.7114620252408,63.162877157435204,9501400
2016-09-02,63.067405700683594,63.25838857679251,62.89378189373411,63.12817237734816,8052300
2016-09-06,63.2930793762207,63.431971724182056,63.076054701288776,63.17153946503675,8735800
2016-09-07,63.2930793762207,63.51878026954133,63.110772820978504,63.24098895055116,7561600
2016-09-08,63.34517288208008,63.397256692660385,63.032656772461266,63.09342342582779,4822200
2016-09-09,62.077762603759766,62.98926259840846,62.06039691448842,62.98926259840846,14135500
2016-09-12,62.9979362487793,63.162877157435204,61.71314697607475,61.730512662811655,13023400
2016-09-13,62.15587615966797,62.60729126931022,61.82600098190525,62.60729126931022,12194200
2016-09-14,62.15587615966797,62.56388367770549,61.904126699111444,62.12983425393257,13108500
2016-09-15,62.79825210571289,62.97187580663294,61.89543535319657,62.04301053167837,9613600
2016-09-16,62.84096908569336,62.928113739245866,62.59696139626199,62.736391512203824,8691000
2016-09-19,62.61437225341797,63.12853688561197,62.535944079141004,62.99781661310779,9919700
2016-09-20,62.80610656738281,63.04139778438114,62.77996383757306,62.88454140552261,5286600
2016-09-21,63.43357467651367,63.555578545537344,62.63183306615467,63.01527094792382,8485900
2016-09-22,63.912845611572266,64.02613961782862,63.660128171560295,63.69498070564456,6501900
2016-09-23,63.71241760253906,63.973858165472436,63.703701144118696,63.81699515745435,5420400
2016-09-26,62.971702575683594,63.529436453653595,62.82354932004135,63.47714433160422,5534100
2016-09-27,63.41612243652344,63.42483889557358,62.75381782033674,62.893247921588085,7839000
2016-09-28,63.32025909423828,63.48583190069021,62.989100183915916,63.4771154428635,6522600
2016-09-29,62.20478820800781,63.320262158992435,62.02178247704483,63.24182733217426,8857900
2016-09-30,62.84096908569336,63.01525839279837,62.3006615957304,62.33552078689358,7453500
2016-10-03,62.78868103027344,62.78868103027344,62.30065902285401,62.56209962142551,9187900
2016-10-04,62.666690826416016,62.98041030477006,62.352964699349926,62.718976298023016,10594600
2016-10-05,62.91068649291992,63.05011660670063,62.73639053980557,62.83225165184077,12842100
2016-10-06,62.675411224365234,62.76255590799865,62.30068310089969,62.701553964583944,9308900
2016-10-07,62.631813049316406,62.92810616547648,62.265794910510905,62.61438013147753,9920400
2016-10-10,62.91939163208008,63.111113841914495,62.745102340618025,62.745102340618025,11039500
2016-10-11,61.34205627441406,62.61438681535572,61.07190585746456,62.61438681535572,12499700
2016-10-12,61.05445861816406,61.620908698758576,60.99345671094368,61.37690106987706,11746400
2016-10-13,61.08061981201172,61.30720124250352,60.496743287966744,60.697181985846264,13623100
2016-10-14,60.67104721069336,61.38564414023566,60.653614287524555,61.22006461369261,8382400
2016-10-17,60.47058868408203,60.69717007009254,60.339868397971735,60.57516624271225,8463000
2016-10-18,61.19390106201172,61.32462134646364,60.880175038811046,61.02832159179196,5495800
2016-10-19,60.96735763549805,61.32465952553243,60.949931356119926,61.272367389970086,5296700
2016-10-20,61.254913330078125,61.446635559856965,60.93247079374909,61.04576482882439,6876000
2016-10-21,60.74946975708008,60.941192001796075,60.59260670674076,60.941192001796075,5511600
2016-10-24,60.636165618896484,61.080605264878635,60.636165618896484,61.0196033537413,7384700
2016-10-25,60.46186447143555,60.74944773425517,60.383436299053336,60.56644201665425,7922100
2016-10-26,60.095882415771484,60.46189402990824,59.85187467301365,60.36603289543733,8073700
2016-10-27,60.374725341796875,60.79302891207156,60.217862334032574,60.557731076070276,6974700
2016-10-28,59.067535400390625,59.81699124888814,58.806101488476614,59.651411783912515,18469300
2016-10-31,58.7015380859375,59.05883317963433,58.67539535331471,59.050123367900895,12689000
2016-11-01,58.38779830932617,58.90195632693809,57.93464220310396,58.736383509571546,14908700
2016-11-02,58.08280563354492,58.727684119764845,58.08280563354492,58.27452788183746,17942900
2016-11-03,57.533790588378906,58.51854471739033,57.48150511204649,58.274536962888874,22074200
2016-11-04,57.93464279174805,58.41394162933437,57.629626582990674,57.6906284950002,21382600
2016-11-07,59.41611862182617,59.572981623240345,58.527232712952134,58.56208524774691,17367800
2016-11-08,59.581722259521484,59.982593059428744,58.954269999245035,59.03269820742353,15943900
2016-11-09,61.68190383911133,62.37035765861917,59.58168985060759,59.58168985060759,49750100
2016-11-10,62.361656188964844,62.814818972116825,61.92592632370106,62.69281514173978,28378900
2016-11-11,61.42920684814453,62.18737935910882,61.15905640515434,62.18737935910882,15866100
2016-11-14,61.237483978271484,61.76907504683069,61.115480124704916,61.69936330815791,17406200
2016-11-15,61.41176986694336,61.47277178371412,60.84531969766608,61.47277178371412,10371600
2016-11-16,61.15034866333008,61.551219478982524,61.071920452071126,61.25492626038774,7585000
2016-11-17,61.394351959228516,61.41178488183116,61.01962390781451,61.16777715508937,12856200
2016-11-18,60.74073791503906,61.61219760764342,60.705885378199525,61.44662478717126,12185000
2016-11-21,60.95859909057617,61.01960099935981,60.80173608960263,60.87145445641518,6791800
2016-11-22,60.07843017578125,60.932456906336704,59.66884307800672,60.932456906336704,14522100
2016-11-23,60.31373596191406,60.32245242213137,59.076264559499556,59.076264559499556,13676000
2016-11-25,60.54903030395508,60.60131576477743,60.31373243283309,60.48802838342543,4009300
2016-11-28,60.095882415771484,60.44446775487368,60.000021281300576,60.43575129300023,6507200
2016-11-29,60.48805618286133,60.662345564843854,60.226615461173786,60.235331924887035,7093900
2016-11-30,59.912864685058594,60.54903330096552,59.88672195335342,60.53160038068806,8640700
2016-12-01,59.47713088989258,60.13072573483645,59.30284159072511,59.982579165673044,11360700
2016-12-02,59.61656951904297,59.851860745173866,59.38127164420129,59.58171032837343,7964500
2016-12-05,59.51198959350586,59.94771948657703,59.32026737676086,59.8605748377049,5832100
2016-12-06,59.67757797241211,59.69500424529883,59.3377024883615,59.68628778449971,5490800
2016-12-07,59.16340255737305,59.20697820484456,58.36166117409566,59.20697820484456,12758900
2016-12-08,59.27667999267578,59.33768189968048,58.64051819801382,58.980386915427026,7586600
2016-12-09,59.999996185302734,60.113290196133434,59.48583817793421,59.48583817793421,12100200
2016-12-12,60.287601470947266,60.37474613889929,59.886730679398376,60.000018082864806,15018100
2016-12-13,60.77560806274414,60.86275271798098,60.33116832642296,60.50545763689664,11041400
2016-12-14,60.46186447143555,61.089316445329594,60.25271602970723,60.766880649479496,11682200
2016-12-15,60.85403823852539,60.915040157382904,60.4880267253803,60.70589167111578,8210100
2016-12-16,60.90216827392578,61.15600104328849,60.72710773753255,60.98969520318408,8257100
2016-12-19,60.64835739135742,61.21729265366881,60.569578452081544,60.94595039380639,9318300
2016-12-20,60.60458755493164,60.81466026395662,60.464545760127045,60.6746117912733,4885000
2016-12-21,60.26322555541992,60.66585488290323,60.15819588261118,60.63959746470105,5432300
2016-12-22,60.342002868652344,60.359505587691295,59.939373551973425,60.18445168578857,4458400
2016-12-23,60.79713821411133,60.83215032499618,60.359496844866754,60.359496844866754,4188700
2016-12-27,60.919700622558594,61.269815187779024,60.85843107448601,60.875940475580975,5141200
2016-12-28,60.4557991027832,61.0509918351008,60.44704440260629,60.9809675894447,4558800
2016-12-29,60.560821533203125,60.75338482549917,60.464539887055096,60.49079730366309,5539200
2016-12-30,60.342002868652344,60.63084113900402,60.14943956983236,60.56957160555023,6649000
2017-01-03,61.12974548339844,61.14725487841904,60.58707443955619,60.665846683516165,11792900
2017-01-04,61.61116409301758,61.77746998443766,61.22603747199369,61.22603747199369,9174500
2017-01-05,61.926265716552734,61.94376843643923,61.506126982611995,61.55864849802873,5979300
2017-01-06,62.1013069152832,62.27636746770776,61.724935074917,61.94375575703974,5769300
2017-01-09,62.36391067504883,62.4689470339064,61.98753873649127,62.10132311684439,5751900
2017-01-10,62.58272933959961,62.94159854539031,62.328896489184444,62.468944963018515,10320500
2017-01-11,61.9525146484375,62.88031226653092,61.313561952992,62.661491569593586,23742000
2017-01-12,62.01380157470703,62.048813697385135,61.49738779043409,61.646184303406336,9358900
2017-01-13,62.075035095214844,62.28510770936964,61.92623866859532,62.06628707803185,5279000
2017-01-17,61.75994110107422,61.86497742218121,61.252282243748574,61.689923564879486,6038200
2017-01-18,61.68119430541992,62.02255414244562,61.55865521919937,61.882505656548226,6174200
2017-01-19,61.28731155395508,61.80373198661238,61.1910365694385,61.6636835038988,6470700
2017-01-20,61.12974548339844,61.593650961158296,61.07723065409179,61.287296649195966,7006900
2017-01-23,60.875911712646484,61.21727141603221,60.648336351097086,61.05096557360649,10003700
2017-01-24,60.4557991027832,60.85842849848634,60.17570879803843,60.81466835336099,8703500
2017-01-25,61.02471923828125,61.050976654403314,60.47328678820604,60.508298902328114,6553800
2017-01-26,60.552085876464844,60.9984821328103,60.54333117554979,60.89344575547014,6612500
2017-01-27,61.050987243652344,61.09475406336575,60.67461529890606,60.69211802006396,7264900
2017-01-30,60.75341796875,61.024753658893744,60.49958500660062,60.902214529288074,7281900
2017-01-31,61.72495651245117,61.72495651245117,60.38577454121255,60.42954136398854,14342500
2017-02-01,62.25887680053711,62.25887680053711,61.60241455670989,61.724953641327296,19490500
2017-02-02,62.24136734008789,62.276379457313425,61.75995907558502,61.95252238138617,14539400
2017-02-03,62.51267623901367,62.57394574855671,62.14505918175543,62.44265203442857,15104800
2017-02-06,62.58272933959961,62.58272933959961,62.276381650436065,62.39892072610148,11561600
2017-02-07,62.644020080566406,62.871595588634904,62.433953976592974,62.62651735435239,11278000
2017-02-08,62.5477180480957,62.61774228593854,62.13633399811763,62.31139459272472,6812900
2017-02-09,62.77527618408203,62.95908474936089,62.48643129098224,62.53894611595419,7869200
2017-02-10,62.89784240722656,63.03788422695945,62.72278846309048,62.87158498339414,4440300
2017-02-13,63.28296661376953,63.31797205891876,62.959109484162056,62.959109484162056,6465200
2017-02-14,63.781856536865234,63.781856536865234,63.169154603790744,63.21292141253801,10403000
2017-02-15,64.47332000732422,64.59585903801771,63.580528008984416,63.64179752433116,10091700
2017-02-16,64.38581085205078,64.55211674737203,63.94816938257708,64.49084720876087,11332600
2017-02-17,64.47332000732422,64.50832543505693,64.14070834297647,64.14070834297647,12118400
2017-02-21,64.76216888427734,64.97224155261372,64.46457595428362,64.46457595428362,10651800
2017-02-22,64.6658935546875,64.8934689619767,64.61337872142002,64.68340295102871,6634300
2017-02-23,65.13854217529297,65.25233320929503,64.65714065826393,64.73591290222451,8685600
2017-02-24,65.45364379882812,65.48865591061328,65.0072477209144,65.0335118131614,9103000
2017-02-27,65.76873016357422,65.80374226686119,65.3573462972971,65.49739471044501,8178200
2017-02-28,65.63746643066406,65.84753914635276,65.44490311355557,65.58495159068136,10258600
2017-03-01,66.29393005371094,66.46023595436961,65.83878584911757,66.03134917032676,15196600
2017-03-02,66.08387756347656,66.42523745639521,66.07512286220468,66.18891394509785,7889300
2017-03-03,66.34644317626953,66.39895801072457,65.96131658259056,65.98757399981807,6635300
2017-03-06,66.09259796142578,66.30266393775966,65.8562678949078,66.25014911314544,5886900
2017-03-07,65.62872314453125,65.9613282848849,65.41865041368528,65.54994420099416,12330600
2017-03-08,65.89131927490234,66.11889478032637,65.57621678366321,65.61998361551125,8130000
2017-03-09,66.25016784667969,66.33769480507901,65.83878379653606,65.8825439367963,8451400
2017-03-10,66.50399017333984,66.60026513782411,66.25890537958685,66.53024758891534,10455800
2017-03-13,66.45146942138672,66.56526046068076,66.18888858476225,66.56526046068076,6898500
2017-03-14,66.20640563964844,66.4864959327612,66.13638139690042,66.26767518258313,7296300
2017-03-15,67.03789520263672,67.17794363252834,66.30266097933578,66.30266097933578,11044900
2017-03-16,66.39021301269531,66.87162132513308,66.13638014594441,66.87162132513308,12129400
2017-03-17,66.02476501464844,66.34978948881816,65.98962596569446,66.22680616852341,10401000
2017-03-20,65.92813873291016,66.1389663387037,65.79636896600591,66.04233562311316,4728300
2017-03-21,65.40984344482422,66.22680792391554,63.53873427752598,65.99840745070493,16650400
2017-03-22,65.42741394042969,65.59431604370232,65.10238276738174,65.50647177322911,9954300
2017-03-23,65.22537994384766,65.68217426860903,65.10239659863923,65.3483632890561,13250500
2017-03-24,65.2605209350586,65.55041312968436,64.98820162003493,65.2605209350586,9229500
2017-03-27,65.43619537353516,65.55039895999236,64.67194282829523,64.79492615056574,6946300
2017-03-28,65.48013305664062,65.56797734575368,65.10239658157384,65.30443777632487,7392300
2017-03-29,65.4976806640625,65.65580302047181,65.3483447447003,65.50646710110962,4357800
2017-03-30,65.50647735595703,65.63824712394093,65.24293781998925,65.41863307799737,7137400
2017-03-31,65.32200622558594,65.4976947918977,65.25172811822556,65.34835884032378,5895400
2017-04-03,65.37468719482422,65.6997182941816,65.11993417674736,65.3922600661877,12354800
2017-04-04,65.33956146240234,65.42741243293965,65.15508648803255,65.35713433734503,5228600
2017-04-05,65.13754272460938,65.81395119667177,65.09361722422892,65.42743494210342,6470100
2017-04-06,65.25171661376953,65.37469992892255,64.96182449858539,65.15508590870814,5253300
2017-04-07,65.36592102050781,65.53282312056226,65.11994768500215,65.29564292464904,5638200
2017-04-10,65.24292755126953,65.56795870086063,65.18143589616719,65.34834468948259,4530000
2017-04-11,65.15509033203125,65.30442626741421,64.79492679951422,65.13752415814028,5472600
2017-04-12,65.15509033203125,65.26050748164253,64.89155751113576,65.0848122322904,3782200
2017-04-13,64.98820495605469,65.29566334397535,64.98820495605469,65.07604925230486,6671100
2017-04-17,65.22537994384766,65.24294612083901,64.85642990822237,64.90913514128607,6149900
2017-04-18,64.51382446289062,64.86520157571968,64.26785780307475,64.86520157571968,7519500
2017-04-19,64.70709991455078,64.89157494937794,64.59289629625997,64.7246660931623,5023100
2017-04-20,65.11119079589844,65.24295389425673,64.54019279534752,64.83886475441358,7307300
2017-04-21,64.72463989257812,65.05845076779224,64.57530397751557,64.99695911440838,6763000
2017-04-24,65.36592102050781,65.52403668305787,65.2780700496403,65.34834814549907,5450000
2017-04-25,65.64705657958984,65.83153163861256,65.44500863756049,65.62948369658321,9035700
2017-04-26,66.0071792602539,66.27071872494453,65.83149075185149,65.88419596395482,6240400
2017-04-27,66.14774322509766,66.45520150208371,65.89299016642698,66.02475991430323,6962800
2017-04-28,66.3234634399414,66.35860250296845,66.0950628813111,66.20048007039223,5781100
2017-05-01,66.47277069091797,66.60454044477437,66.32343476418849,66.43763164308372,7182000
2017-05-02,66.65725708007812,66.67482995804853,66.14775755445348,66.53427374264226,5243800
2017-05-03,66.33220672607422,66.50789522481708,66.1828641298475,66.45519001561155,8094100
2017-05-04,66.7714614868164,66.7714614868164,66.46400313951447,66.56062716116139,4275400
2017-05-05,66.736328125,66.93836932670808,66.46400880874569,66.92080314911647,5720100
2017-05-08,66.3234634399414,66.73633905289546,66.22683269213978,66.68363380940039,6558500
2017-05-09,66.4024887084961,66.525478719761,66.2795053993189,66.35856992784007,3830200
2017-05-10,66.20923614501953,66.30586684850181,65.93691020698408,66.29708041125217,4314900
2017-05-11,66.24440002441406,66.27075264395364,65.91058230467152,66.10384378408237,6791600
2017-05-12,66.13021087646484,66.31468595570541,66.0862920683172,66.21805519485198,2638000
2017-05-15,66.56063079833984,66.59576985453585,66.10383647197126,66.16532814479184,7320800
2017-05-16,66.30589294433594,66.55185966742695,66.12141119992714,66.49036798665419,5471700
2017-05-17,65.43619537353516,65.95448797632244,65.43619537353516,65.77001299291665,11434000
2017-05-18,65.72611236572266,66.10384891331093,65.40108106130313,65.40108106130313,10690500
2017-05-19,65.91058349609375,66.12141115831184,65.75246107390754,65.84030537465753,9209800
2017-05-22,66.08625030517578,66.16530813113613,65.70851394293847,65.84906342311942,4999100
2017-05-23,66.30589294433594,66.44644248520628,66.12141119992714,66.17412314208275,4216100
2017-05-24,66.47277069091797,66.52548261371338,66.1828785728515,66.34100093706157,5186400
2017-05-25,66.7890396118164,66.92080941340276,66.46401503027263,66.62213074966765,4479400
2017-05-26,66.66604614257812,66.92958570579137,66.59576803210933,66.73632425304692,4507400
2017-05-30,66.56939697265625,66.73630576325394,66.45520010135067,66.45520010135067,4651200
2017-05-31,66.83294677734375,66.98228271719556,66.63968534831733,66.70117701190858,5884400
2017-06-01,67.57084655761719,67.62355848490184,66.87686538348572,66.94714348513948,9149900
2017-06-02,68.01005554199219,68.09789979334762,67.70259731120478,67.76408895736226,4833000
2017-06-05,67.81681823730469,68.08035778699323,67.6586958479094,68.01007968013106,5558900
2017-06-06,67.64990997314453,67.89587662275605,67.53570638433308,67.68504902338739,4316500
2017-06-07,67.83439636230469,67.90467447460313,67.61478228793933,67.73776563341676,4415700
2017-06-08,67.64114379882812,67.95738864366521,67.46545519706999,67.7904797805316,6304400
2017-06-09,68.09791564941406,68.30874994426235,67.64112141475277,67.72896568656206,13419000
2017-06-12,68.01005554199219,68.29116116758163,67.6850311417684,68.04519458295171,7700600
2017-06-13,68.15064239501953,68.23848668593249,67.91345543725579,68.07157784173502,5592500
2017-06-14,68.47563934326172,68.66890072663223,68.23845918318061,68.26481178962439,6782300
2017-06-15,68.4053726196289,68.45807783610655,68.02763626333483,68.21211122309414,8186000
2017-06-16,68.51827239990234,68.65938002518176,68.1566719143501,68.49181514070636,14165200
2017-06-19,69.2326431274414,69.29437897318401,68.58000608263345,68.6152846700153,8294400
2017-06-20,69.46195983886719,69.84119629288806,69.19737376259089,69.22383102447782,7697200
2017-06-21,70.34390258789062,70.37035984907537,69.55897243879433,69.60306563120118,9481200
2017-06-22,71.075927734375,71.50808552819787,70.43211180268753,70.45856906992061,12341100
2017-06-23,70.97008514404297,71.12001411560207,70.70549906471224,70.98772107593672,8779600
2017-06-26,70.89952087402344,71.17292152762816,70.79368510712668,71.17292152762816,7434400
2017-06-27,70.25570678710938,70.98771565713373,70.23806412785886,70.89952254699016,8428000
2017-06-28,70.62612915039062,70.802515388818,70.44973618325957,70.48501477668579,8674200
2017-06-29,69.98230743408203,70.60848733531652,69.5501564346646,70.5467514782569,8445800
2017-06-30,69.88528442382812,70.25570624952151,69.88528442382812,70.25570624952151,7817400
2017-07-03,70.00875091552734,70.33507279786285,69.99993631532817,70.12340800514107,5904200
2017-07-05,70.42327880859375,70.51147192766746,69.8588347720776,70.10577819696546,8955500
2017-07-06,69.51488494873047,70.25572203790061,69.41787048790219,70.12342897961618,6367700
2017-07-07,69.8676528930664,69.94702467797552,69.58543088777284,69.76181711781756,4371400
2017-07-10,69.7353515625,69.92055910063108,69.55896535343304,69.8941018421413,3580000
2017-07-11,69.65597534179688,69.84118286810858,69.30319621747367,69.69124719839726,4117500
2017-07-12,70.13221740722656,70.36152484075559,69.9822884705238,69.99993112701938,8808200
2017-07-13,70.1939697265625,70.41445588360591,69.71772554860783,70.1939697265625,9437700
2017-07-14,70.67022705078125,70.8201627650011,70.20279743199453,70.34391181509459,5750000
2017-07-17,70.41444396972656,70.81132302247626,70.39680804077658,70.75840850692391,5743700
2017-07-18,70.46734619140625,70.53790334556413,69.99109549389135,70.32623188309047,8042700
2017-07-19,71.04063415527344,71.04063415527344,70.76722677710163,70.76722677710163,8177900
2017-07-20,71.508056640625,71.62270699522055,71.093541678215,71.20819203281056,8276800
2017-07-21,71.42869567871094,71.53453145957657,71.30522396538623,71.35814522017091,4043600
2017-07-24,71.40222930908203,71.47278648732697,71.093550065139,71.36695071995956,4476800
2017-07-25,70.89070129394531,71.62271689346343,70.78487225313991,71.56980237306072,8486000
2017-07-26,70.652587890625,70.80251686929364,70.45855898707555,70.73195968096587,4964100
2017-07-27,70.16752624511719,70.72315577636174,69.87648957447536,70.72315577636174,12536800
2017-07-28,70.52030181884766,70.60849494862738,69.89412185009576,70.19397983708772,6426100
2017-07-31,70.45855712890625,70.74960047655489,70.44973579842197,70.60848610362089,5516800
2017-08-01,70.29978942871094,70.71430438575732,70.21159633180154,70.71430438575732,8678800
2017-08-02,70.14106750488281,70.29099650308122,69.89412404227258,70.29099650308122,7718500
2017-08-03,70.25570678710938,70.39681441759849,69.94702080855237,70.17632827788806,8003600
2017-08-04,70.09695434570312,70.58201980095491,70.0087545095639,70.58201980095491,3930100
2017-08-07,70.24688720703125,70.25570853687621,69.96466521032109,70.02640106182946,4583300
2017-08-08,69.92056274414062,70.28216323888398,69.77945511527456,70.15869154036257,4423300
2017-08-09,69.99991607666016,70.07046650136795,69.62949438561687,69.75296603973113,4886500
2017-08-10,69.1268081665039,69.85000239445769,69.11799356608317,69.78826654799954,7054700
2017-08-11,69.32085418701172,69.6648120921985,69.16210386702518,69.16210386702518,8318600
2017-08-14,69.78827667236328,69.90293378149246,69.62071176692643,69.62071176692643,3955800
2017-08-15,69.78827667236328,70.01758416191807,69.77064074026073,69.87647651898683,4653800
2017-08-16,69.98230743408203,70.11460047883946,69.82355712611387,69.90293564444983,3756900
2017-08-17,69.10916900634766,70.06167064606387,69.08271174891703,69.76180602821145,7133400
2017-08-18,68.79167938232422,69.2591089476885,68.7475794604696,68.85341523569869,8434600
2017-08-21,69.10034942626953,69.18854252950416,68.63291992329377,68.7299343554626,10269000
2017-08-22,69.9382095336914,70.01758131798442,69.07390086429315,69.1180007858137,5455500
2017-08-23,69.40902709960938,69.71771304708052,69.38256984210095,69.7000703896067,5662500
2017-08-24,69.61187744140625,69.70889187161866,69.34729140833558,69.47958442487092,5502800
2017-08-25,69.6294937133789,70.02637265094351,69.5765792131838,69.76178669256711,5476500
2017-08-28,69.99991607666016,70.11456640442326,69.8058872691376,69.82352319313942,7432800
2017-08-29,70.13221740722656,70.20277457580502,69.64715201282901,69.70888785315968,4243500
2017-08-30,70.49384307861328,70.67022933448413,70.03523477612644,70.05287071023179,3667900
2017-08-31,71.69327545166016,71.76383263268912,70.67021651284968,70.67021651284968,6987200
2017-09-01,71.64036560058594,71.94904487683199,71.36695818845067,71.79911590389871,6471600
2017-09-05,71.33169555664062,71.76385336878724,71.00538027532369,71.34051688899395,8076900
2017-09-06,71.6756362915039,71.7461934759777,71.2611279723031,71.57862857373175,8791000
2017-09-07,72.4693603515625,72.6281105921595,71.64915189659483,71.66679455038388,7251000
2017-09-08,72.79570007324219,72.91917176534594,72.24007745877535,72.3635491508791,4302600
2017-09-11,73.36013793945312,73.37777386742013,72.96326563752642,73.1220159040375,6286200
2017-09-12,73.5188980102539,73.5277193397648,73.23667602423136,73.37778365289118,6984800
2017-09-13,73.24549102783203,73.56299157577405,73.10437668265678,73.43069855934783,5873800
2017-09-14,73.3425064086914,73.45715676910577,72.95444868313143,73.04264178565803,6373800
2017-09-15,73.1079330444336,73.52397396097983,73.02826908346385,73.52397396097983,7091300
2017-09-18,73.09021759033203,73.38233222913718,72.97514519631989,73.18758913660041,7783100
2017-09-19,72.51486206054688,73.21416392453163,72.43519809357956,73.1256461545214,7329200
2017-09-20,72.58567810058594,72.66534206659033,72.06341853640724,72.54141583937935,5101800
2017-09-21,72.21387481689453,72.62106181807636,72.1784663706869,72.54139112574155,4527900
2017-09-22,72.21387481689453,72.31124635559786,71.84209626192033,72.1165032781912,6473300
2017-09-25,72.0014419555664,72.44403751247097,71.89522334413155,72.11652112258383,12439300
2017-09-26,71.8863754272461,72.40864173895616,71.8598207722134,72.20504479458411,4579400
2017-09-27,71.85981750488281,72.07226148895779,71.55000195446668,72.07226148895779,5384700
2017-09-28,71.92179107666016,72.16078974932503,71.69163945424226,71.79786483846748,4229000
2017-09-29,72.3466796875,72.38208139241448,71.75359645135269,71.93063874328953,6902700
2017-10-02,73.08139038085938,73.09024418468832,72.47946003648909,72.55913076400242,8764900
2017-10-03,73.06365966796875,73.29381119915094,72.78039884246405,73.18758585703513,5141700
2017-10-04,73.41775512695312,73.44430978053035,73.09908577708161,73.16990268893582,3291100
2017-10-05,73.47086334228516,73.47971714450347,73.13449314618497,73.41775403591996,7709600
2017-10-06,73.37348937988281,73.65675026035862,73.25841696869556,73.33808092563933,4035900
2017-10-09,72.91317749023438,73.3823275907069,72.7980983500252,73.36461999061133,4558800
2017-10-10,73.08139038085938,73.08139038085938,72.68305700371334,72.93976328696412,4037700
2017-10-11,73.22300720214844,73.30267115766446,73.01941028226527,73.03711788580571,4031600
2017-10-12,73.1433334350586,73.31152189430095,73.05481568147324,73.19644948998716,4731600
2017-10-13,72.95745849609375,73.05483007025732,72.78042295405436,72.90434918417654,5909600
2017-10-16,72.63877868652344,73.18759959359026,72.506005425797,72.90433871492043,10219700
2017-10-17,73.61248779296875,73.80722414267521,72.7892598817439,72.7892598817439,8437800
2017-10-18,73.71871948242188,74.11705956060226,73.63020171620602,73.79839019944701,6938700
2017-10-19,74.17015075683594,74.18785160436738,73.52395838966618,73.63018373526793,6410400
2017-10-20,74.24983215332031,74.31179526445132,73.99312590621398,74.19672284477163,6343800
2017-10-23,74.06392669677734,74.63044837621128,74.02851824762884,74.3471875364943,7159600
2017-10-24,73.56822967529297,74.08164211189217,73.14333499416594,74.0727883103034,7145500
2017-10-25,73.4620132446289,73.6744639877479,73.17875234060958,73.4974217018154,6819100
2017-10-26,72.72732543945312,73.15221351065924,72.28472975908686,72.93976947505618,13466900
2017-10-27,72.7095947265625,72.78926543551933,72.43518765304096,72.47059610663598,6122000
2017-10-30,71.93062591552734,72.51484849104925,71.77129125793562,72.47059299106202,5884000
2017-10-31,71.7978515625,72.10766710069444,71.67392534722222,71.88636932291666,6548600
2017-11-01,71.9748764038086,72.27584484873468,71.78013330770429,71.92176710613332,7427800
2017-11-02,71.64737701416016,72.12538106673956,71.48804232996703,72.10767346101099,10200300
2017-11-03,72.24044799804688,72.2847102555305,71.56770085443519,71.56770085443519,6862700
2017-11-06,72.0191421508789,72.20503145523895,71.96603285062506,72.12536750485816,4853200
2017-11-07,72.16963195800781,72.27585732516647,71.91292571914536,72.14307730458624,4439800
2017-11-08,72.33782196044922,72.41748592239462,72.001445000753,72.0899695186557,6186200
2017-11-09,72.3466796875,72.41748985080184,71.90408408786723,72.1607835925981,7086400
2017-11-10,71.87749481201172,72.16960941534978,71.42605233791139,72.16960941534978,4826300
2017-11-13,71.94831085205078,72.08994462901688,71.43489854075396,71.63849540677518,4704000
2017-11-14,71.65621948242188,71.78899950300605,71.32870308558293,71.70933554273898,7430100
2017-11-15,71.45262908935547,71.6739268718406,71.2047766535277,71.39066598039852,4952300
2017-11-16,72.19619750976562,72.28472203916387,71.55885871754937,71.55885871754937,4780500
2017-11-17,71.91291809082031,72.14306965184736,71.79784568704262,71.86866259096966,6129800
2017-11-20,71.61196899414062,71.96604682267672,71.4968898166195,71.90408370919336,4898500
2017-11-21,72.24044799804688,72.40863647231787,71.97488796008976,72.001442613191,7974500
2017-11-22,72.21387481689453,72.51483647945348,72.0987956783521,72.24042946318261,4853100
2017-11-24,72.38206481933594,72.40862622214945,72.15192002272286,72.31125467224726,1650600
2017-11-27,72.44403839111328,72.56797136174414,72.32011217395474,72.382075282534,4241400
2017-11-28,72.97517395019531,73.03713707191997,72.42635290529566,72.62109607456566,8290400
2017-11-29,73.33808135986328,73.60364139152574,73.03711962721984,73.03711962721984,8144600
2017-11-30,73.88688659667969,74.1081843249537,73.34691959941347,73.56821732768746,10639600
2017-12-01,73.7364273071289,74.04624286654251,72.73615696084293,73.85149972820463,15315400
2017-12-04,72.83350372314453,74.17899762785926,72.83350372314453,74.16129002851096,9770300
2017-12-05,72.7095947265625,73.24070802354407,72.64763162113918,72.87778319277092,13240800
2017-12-06,72.64764404296875,72.99286808270932,72.32897465959697,72.75386942191706,8533000
2017-12-07,72.66532897949219,72.80696278706655,72.38206811781511,72.60336587704631,3979200
2017-12-08,73.4797134399414,73.48856048824136,72.8246671782579,72.87778323541752,8444100
2017-12-11,73.7895278930664,73.83379014780976,73.42659631389219,73.54167547483615,6588600
2017-12-12,74.0816421508789,74.19671455770612,73.81608213085077,73.81608213085077,6068600
2017-12-13,74.33834838867188,74.55079235266659,74.04623371725924,74.07278836857459,8459800
2017-12-14,73.5859375,74.49769005285418,73.51512734099347,74.40031848656366,6772100
2017-12-15,74.39556121826172,74.42222202397265,73.86232476263477,73.86232476263477,8012200
2017-12-18,74.42223358154297,74.83104848702712,74.3778011586143,74.63553362129419,5655400
2017-12-19,74.33336639404297,74.7955097272971,74.2978163852949,74.53777724922669,4777100
2017-12-20,74.09339904785156,74.60885713125444,74.084509852138,74.49332470885666,4686700
2017-12-21,73.92454528808594,74.36891018960594,73.87122366965404,74.32447098726583,4304200
2017-12-22,73.6845932006836,73.9067756574019,73.50684316702666,73.81789725033819,7023600
2017-12-26,73.70236206054688,73.80012288028855,73.54239042646687,73.62237285327176,2504100
2017-12-27,73.82679748535156,74.02231916137237,73.74681504360024,73.75569746125828,4053300
2017-12-28,73.93344116210938,74.06674522022878,73.70236949391754,73.96010197373326,5380600
2017-12-29,73.48018646240234,74.17339468121742,73.40019724767015,74.05786223823853,4877200
2018-01-02,74.30668640136719,74.34223640093853,73.64902836047014,73.75567157871505,6708900
2018-01-03,75.0177001953125,75.07102182388455,74.08453101247204,74.29782430723185,7606500
2018-01-04,75.12433624267578,75.39984033781968,74.93770378011337,75.25764708178349,7762500
2018-01-05,75.76421356201172,75.83531357155283,75.22208785508347,75.36428787416568,7579300
2018-01-08,75.48869323730469,75.77308643372919,75.10653924394033,75.67532563678934,5167300
2018-01-09,76.37744140625,76.53741304193902,75.64868323932674,75.71977647037829,6962900
2018-01-10,76.24412536621094,76.26189697764103,75.67533887387017,76.11970374479075,10835800
2018-01-11,76.57295227050781,76.59072388065188,76.16413065203155,76.37743065657638,4247800
2018-01-12,77.15950775146484,77.24837936015182,76.6529321234331,76.71514292756089,5391700
2018-01-16,77.54167938232422,78.16378756489387,77.41725774581029,77.63944020822383,8920000
2018-01-17,78.2882308959961,78.45709178397432,77.7016725585269,77.89719426450748,7214600
2018-01-18,78.30596923828125,78.38595165137401,77.8527152226817,78.2970800433368,7954800
2018-01-19,78.59927368164062,78.62593449347894,78.20823036008947,78.60815609860609,4802400
2018-01-22,79.11474609375,79.15918530845357,78.43042693843151,78.57262700110518,11152500
2018-01-23,78.73258209228516,79.25693628247926,78.66148885027741,79.1058538200647,7637600
2018-01-24,78.96365356445312,79.25693607104346,78.6881494536708,79.12362522436864,8291100
2018-01-25,79.6390609741211,79.71904338447598,79.04361376213858,79.34577857521549,6339300
2018-01-26,81.35432434082031,81.3720959528968,79.98567967494812,80.0034512870246,9784400
2018-01-29,81.13216400146484,81.57652900961365,81.12327480276973,81.14105320015996,12643800
2018-01-30,79.42577362060547,80.08343168260814,79.29246281305198,79.53241684227278,14270600
2018-01-31,78.29708862304688,80.06565890452089,78.02158457380136,79.83459405439812,15858400
2018-02-01,78.32374572753906,78.6792389623054,77.79939846112255,77.99492007926752,12848700
2018-02-02,77.22174072265625,78.36820311108514,77.20396910800503,77.68388406924069,10539200
2018-02-05,73.80011749267578,77.31059720922255,73.20467020169681,76.8395715378371,34979800
2018-02-06,74.61775970458984,74.93770300294186,72.34261338783848,72.37816339659659,33313400
2018-02-07,74.52888488769531,75.5775863695915,74.14673078546694,74.40446325259497,17338000
2018-02-08,71.94268035888672,74.75107000640459,71.88046953912377,74.51110914412548,20252500
2018-02-09,72.9647216796875,73.58683666301323,70.7073469743028,72.60034595529277,35535700
2018-02-12,73.6490249633789,74.21781136934665,72.77806696522711,73.43572497578941,13389200
2018-02-13,73.70236206054688,73.87122289109527,72.7691930650018,73.22244715830685,8415200
2018-02-14,74.5377426147461,74.67104661002217,73.16020923283973,73.23130921729879,10110800
2018-02-15,75.36427307128906,75.3909338745128,74.28890428449408,75.04432987166669,9519100
2018-02-16,75.90641784667969,76.43965438726318,74.99102042845463,74.99102042845463,9323000
2018-02-20,75.0710220336914,75.79089114331235,74.8577287383355,75.54204783531851,8872100
2018-02-21,74.75994110107422,76.06636799975442,74.75105190598316,75.06210592947845,9417400
2018-02-22,74.64441680908203,75.53314664248617,74.4666735545894,74.9999100985378,6316100
2018-02-23,75.83533477783203,75.86199559374774,74.75997225957578,75.08879802983218,5498500
2018-02-26,76.79515075683594,76.88402238708852,75.96863171259251,75.96863171259251,6266100
2018-02-27,75.99530792236328,77.05289206346492,75.99530792236328,76.79516631765134,7460700
2018-02-28,74.7777099609375,76.34187599645406,74.75993835187809,76.24411519545497,6279000
2018-03-01,73.58685302734375,75.0265914113988,73.02694873979134,74.64443720738382,12720300
2018-03-02,74.33336639404297,74.49333804317388,73.17801484137847,73.18690403868321,11206000
2018-03-05,75.00879669189453,75.23097914253376,73.83567362373826,73.99564525941732,11028800
2018-03-06,74.90214538574219,75.30207785829313,74.5288805024041,75.17764945004359,9573300
2018-03-07,75.28428649902344,75.3642756919449,74.23558525945428,74.26224606360509,6868200
2018-03-08,75.7908706665039,75.85308147669456,75.36428419104514,75.48870581142644,6403000
2018-03-09,76.88401794433594,76.91067875382404,75.9686273227359,76.25302059139291,8253100
2018-03-12,76.55517578125,77.02620143716376,76.46630416738374,76.91066901718457,5760200
2018-03-13,76.65293884277344,77.18617532210749,76.4840780251376,76.84846046730551,6400700
2018-03-14,76.27967071533203,77.09730040062543,76.03082748767486,76.91955717529014,9416400
2018-03-15,76.15525817871094,76.76847712553796,76.05749735898326,76.54629467715144,5883100
2018-03-16,76.15524291992188,76.56549402978666,76.14632249458174,76.14632249458174,7067700
2018-03-19,74.92450714111328,76.110665426151,74.31804735744986,76.01256794159406,7190200
2018-03-20,75.0315170288086,75.29907538874598,74.60343181805888,75.09394640555509,5534400
2018-03-21,74.71045684814453,75.56664095993224,74.64802746544046,75.15638295439994,5498700
2018-03-22,72.56108856201172,74.04155953348176,72.43622981035611,73.9880505839984,14648500
2018-03-23,71.0538558959961,72.78405116495107,71.00034694682564,72.63243793944038,11049000
2018-03-26,72.52542114257812,72.62352542961239,71.03602959111944,71.85653198786757,9183500
2018-03-27,71.66924285888672,72.99810072283209,71.25899166613486,72.78405810145988,10948400
2018-03-28,72.05272674560547,72.7483702444259,71.77625479204633,71.87435225597777,10146800
2018-03-29,72.5967788696289,73.12296846266128,71.94572369415023,72.43624518281862,6914900
2018-04-02,70.94683837890625,72.66811323081866,70.22443353976514,72.29353017173779,11364900
2018-04-03,72.02599334716797,72.15977255245816,70.89333712057645,71.33034964481061,8590700
2018-04-04,73.0516128540039,73.25673503804833,71.16088384693909,71.16088384693909,9085800
2018-04-05,72.99810791015625,73.37268423551112,72.72163588015046,73.31025484795198,8031300
2018-04-06,71.24115753173828,72.74839005924181,70.59902960705232,72.3916477871099,12171800
2018-04-09,71.94573211669922,72.94460926315462,71.41954246206683,71.62466470549191,6952600
2018-04-10,73.15862274169922,73.4440151261864,72.40947028402957,72.65918776991946,8097800
2018-04-11,72.56108856201172,73.05160994658135,72.46298428509779,72.61459751149508,6205800
2018-04-12,73.0516128540039,73.3994346480722,72.89999281728056,72.95350857318547,5096900
2018-04-13,73.01594543457031,73.46187155515798,72.62352827107952,73.39944217044741,7837000
2018-04-16,73.59564208984375,73.8632004771584,73.3815994625675,73.55105356148627,7217200
2018-04-17,74.16642761230469,74.32695446621533,73.77401049130036,74.15750718565681,6500900
2018-04-18,74.22886657714844,74.48749774471318,73.87212431236938,74.3537253491772,4704500
2018-04-19,73.60456085205078,74.16643209184164,73.33700927508148,74.09508228293292,5833600
2018-04-20,73.2121353149414,73.77400649032423,72.97133824284269,73.66698178922952,5250500
2018-04-23,73.49755096435547,73.72942766217696,73.22107212573287,73.40836029133932,9257300
2018-04-24,72.9446029663086,73.78294633479146,72.39165207156346,73.729430568014,8904800
2018-04-25,73.27459716796875,73.31026527653964,72.34706984636604,72.85542544717491,8068800
2018-04-26,74.20210266113281,74.48749510197207,73.48862496118092,73.48862496118092,9463300
2018-04-27,74.50534057617188,74.6212789234753,73.98806461873887,74.14859830193213,6663300
2018-04-30,73.36375427246094,74.87097966621708,73.35483384642696,74.82639114462997,7241000
2018-05-01,73.32808685302734,73.5332090426943,72.7127066754423,73.27457789994764,8498000
2018-05-02,72.3202896118164,72.99809917008498,72.159762752421,72.94459021695319,11594300
2018-05-03,71.66924285888672,71.99923062023359,70.73279533340836,71.99031019309116,13524100
2018-05-04,72.24003601074219,72.48083313688906,71.17872960061801,71.45520843943024,7889500
2018-05-07,72.13301086425781,72.75731155068699,71.94572269961695,72.4719190896686,5886700
2018-05-08,71.58898162841797,72.01707372930466,71.16089633182438,71.95464434003921,9522300
2018-05-09,71.99922180175781,72.31136867058805,71.33033273813955,71.7227430285441,11340200
2018-05-10,72.96241760253906,73.28348490058937,72.2667740581939,72.30244895845411,7845500
2018-05-11,74.05048370361328,74.19318331517228,72.89107997901047,73.02485235948204,10434000
2018-05-14,74.54098510742188,74.85313191856716,74.03262978518808,74.18424297856005,11837600
2018-05-15,73.57780456542969,74.13966898711143,73.33700747164954,74.0504851303148,8806800
2018-05-16,73.98805236816406,74.24669030405657,73.53320587371228,73.54212630027183,7013600
2018-05-17,74.01480865478516,74.13966741250708,73.59563705202213,73.91670437310479,6610400
2018-05-18,74.20210266113281,74.35372271118219,73.81860593085263,74.06833027034293,5838900
2018-05-21,74.27345275878906,74.6926243963269,74.16643484574453,74.54992477321082,6406500
2018-05-22,74.13074493408203,74.5142415882117,74.01479981269722,74.42505093967226,5770200
2018-05-23,74.3715591430664,74.39831362208099,73.72942442954523,73.81860829435811,8360500
2018-05-24,74.0772476196289,74.45183074555968,73.7472666333591,74.32696516738751,7166500
2018-05-25,73.9701919555664,74.43395190699691,73.84533324540091,74.10396428482274,6853300
2018-05-29,73.2121353149414,73.62239326699202,72.7483752187807,73.48861409169652,18236800
2018-05-30,74.30912017822266,74.47857426252806,73.6313106452929,73.71158087628194,13167700
2018-05-31,73.49755096435547,74.22886957475384,73.47078967987481,74.16644018621837,11543500
2018-06-01,74.34480285644531,74.37155733480941,73.7115885860891,73.79185202118138,8037800
2018-06-04,74.62126159667969,74.72828629538874,74.19317641042622,74.43397347715738,7230800
2018-06-05,74.46965026855469,74.8085516166391,74.11290806808654,74.648017966643,5444400
2018-06-06,75.30799102783203,75.38825444813578,74.42505257874282,74.72828582101452,7218900
2018-06-07,75.40608215332031,75.60228385906436,75.04041960202204,75.5309408771075,7405600
2018-06-08,75.8431167602539,75.8966257183062,75.25449100450774,75.37934977615825,6247100
2018-06-11,75.98578643798828,76.35144901807924,75.67363960394152,75.85201408360443,7074400
2018-06-12,75.94121551513672,76.06607427768235,75.60230732740524,76.06607427768235,6829200
2018-06-13,75.95903778076172,76.44955913201424,75.86093351051122,76.07498290248932,10379200
2018-06-14,76.3514633178711,76.3960586472117,75.89661681490625,76.11065942629891,9379800
2018-06-15,76.50006866455078,76.53587574174793,75.90926896455183,76.25837943034703,9349300
2018-06-18,75.76603698730469,76.03458663852983,75.45273361387623,76.03458663852983,7342600
2018-06-19,75.96295928955078,75.98981288410741,75.13046371079491,75.24683156370698,6431700
2018-06-20,76.12409973144531,76.30312827648373,75.90031063539668,76.06143905773175,5900800
2018-06-21,75.68546295166016,76.06142693401526,75.50642760565762,76.0524734593401,7423400
2018-06-22,76.02561950683594,76.32102270422406,75.76602337847972,75.96295884340513,9829800
2018-06-25,75.32740783691406,76.03458216937278,74.75450832217552,75.73917893628858,9925100
2018-06-26,75.09465026855469,75.44376062716333,74.99618254387025,75.39005344260802,5560100
2018-06-27,74.45909118652344,75.47956868345766,74.40538400126363,75.09465125359652,7420500
2018-06-28,74.55755615234375,74.74553812329354,73.6624000071546,74.18159221044417,9026900
2018-06-29,74.70975494384766,75.37216879081208,74.65604774340507,74.79032257401313,6479300
2018-07-02,74.9424819946289,74.98723570922091,74.0473257487867,74.29796840490249,9364700
2018-07-03,75.12150573730469,75.47061610463382,74.92457028301651,75.21101999029938,3023100
2018-07-05,75.90029907226562,75.98085985640941,75.29159255056747,75.47062106833155,7458600
2018-07-06,76.99236297607422,77.12663773064453,76.17776780664603,76.26728203319367,9822500
2018-07-09,77.55635070800781,77.70852565841551,77.26990093038688,77.29675452992925,7874400
2018-07-10,77.85172271728516,77.88752977880479,77.50261240434207,77.70849447120662,6122900
2018-07-11,77.23407745361328,77.51157369595914,77.18037026593342,77.43101291443936,6434500
2018-07-12,78.09342193603516,78.14713595000427,77.57423655066376,77.61899026122188,4461600
2018-07-13,78.23667907714844,78.40675416724191,77.87861511302721,77.92337566960565,6048700
2018-07-16,77.76224517822266,78.2993376955013,77.65482394296617,78.2993376955013,5388500
2018-07-17,78.19188690185547,78.30826157009975,77.69955512608894,77.73535536147254,5849300
2018-07-18,78.25454711914062,78.2724540662313,77.97705090472854,78.20979341041247,7575700
2018-07-19,77.81593322753906,78.2277042837497,77.47577631053902,78.06657588527595,5204000
2018-07-20,77.66377258300781,77.78014045849513,77.43998347895425,77.60111190705287,4822600
2018-07-23,77.82488250732422,77.92335023605604,77.52947932112875,77.61899357556682,3824600
2018-07-24,78.53206634521484,78.66633432856557,78.18294910000091,78.23666312284188,6467100
2018-07-25,79.53463745117188,79.55254440204389,78.40673857875962,78.48730619868228,9285900
2018-07-26,79.31085205078125,79.58835516616443,79.14077698661205,79.40036632079152,5763000
2018-07-27,78.73795318603516,79.34665978849887,78.45150342190524,79.34665978849887,5742900
2018-07-30,78.78270721435547,78.93488214499874,78.54996466604777,78.67528600063642,5531200
2018-07-31,79.60624694824219,79.71366815870091,78.95277986957718,79.06915455494921,6719100
2018-08-01,79.6241455078125,79.91954870865838,79.56148484364823,79.56148484364823,5733000
2018-08-02,79.91956329345703,80.08964519701323,79.2481959851054,79.284003061091,5666200
2018-08-03,80.39398956298828,80.45665023427311,79.87480407070008,79.98221846175925,5884800
2018-08-06,80.5372085571289,80.71623707455504,80.06277683939948,80.34922656498141,4751100
2018-08-07,80.54615783691406,80.81470059906727,80.4387366343529,80.54615783691406,5170300
2018-08-08,80.6714859008789,80.78785375792114,80.37608269127124,80.55511121433628,5020400
2018-08-09,80.58197021484375,80.90422704157636,80.50140942291102,80.68043795798432,5680300
2018-08-10,80.23286437988281,80.70730300101515,79.95536808579698,80.28657840707777,5389500
2018-08-13,80.25969696044922,80.6446075163697,80.05380805822539,80.32235761251754,6563900
2018-08-14,80.63568878173828,80.77891025196541,80.29552498463403,80.37609261060653,5497700
2018-08-15,80.50141143798828,80.59987918359366,79.99117258780637,80.38504357022785,6840600
2018-08-16,81.28914642333984,81.39656764457504,80.63568610862013,80.73415385404381,6916700
2018-08-17,81.53977966308594,81.79042915026186,81.0384943477345,81.22647634099128,5455300
2018-08-20,81.808349609375,81.96052457086873,81.68302824937994,81.727788804879,8144900
2018-08-21,81.808349609375,82.05004568186683,81.63826769388089,82.01423860336797,6395900
2018-08-22,81.88888549804688,82.06791399163647,81.52186820783916,81.62033592816321,3954300
2018-08-23,81.86204528808594,82.05898077735475,81.66511662831806,81.84414516610738,6058300
2018-08-24,82.25589752197266,82.25589752197266,81.89783369848944,82.05001543338189,4028900
2018-08-27,82.55132293701172,82.61398361079654,82.20221249313897,82.55132293701172,4671300
2018-08-28,82.59605407714844,82.70347527262587,82.4170255808521,82.67662168113135,4954100
2018-08-29,83.13318634033203,83.22270062413735,82.52447964915298,82.6139939329583,5338500
2018-08-30,83.07048797607422,83.3479841788428,82.89145266017597,83.07048797607422,5266100
2018-08-31,83.0526123046875,83.1242264580144,82.71245532063706,82.8735837508718,5808100
2018-09-04,82.39019775390625,83.03471146932036,82.19326224869621,82.98099744003484,6875500
2018-09-05,82.72138214111328,82.72138214111328,82.17533634958072,82.3275112542375,10218900
2018-09-06,82.72138214111328,82.8914571635829,82.22009005886247,82.71242866745719,5940300
2018-09-07,82.84673309326172,82.92729389648963,82.39915486332406,82.52447622134646,5591100
2018-09-10,82.63187408447266,83.2047735577502,82.55131329737134,83.05259862911407,4234000
2018-09-11,82.56028747558594,82.72141591969422,82.21117015543284,82.48867331609289,5683900
2018-09-12,82.97203063964844,83.12420555507506,82.45283840284013,82.61396679255651,11056600
2018-09-13,84.00144958496094,84.00144958496094,83.24952169938427,83.33008247448203,10603800
2018-09-14,83.72394561767578,84.07305593646133,83.57177072579465,84.07305593646133,5929000
2018-09-17,83.41963958740234,83.73294300839625,83.32117182230392,83.72398953079575,5543000
2018-09-18,83.90298461914062,84.11782017180565,83.29427819534048,83.41959950352,5422900
2018-09-19,83.78661346435547,84.02830944703932,83.69709921612045,83.84927412106991,4186600
2018-09-20,84.60122680664062,84.65493400109311,83.97461327685818,84.02832730081147,5083000
2018-09-21,84.71536254882812,84.90408425813621,84.5356360761186,84.82320254612911,8579100
2018-09-24,84.88610076904297,85.05684570387143,84.54461775551096,84.66143926790022,5392600
2018-09-25,84.62548065185547,85.12872700549795,84.53561743531628,85.00291027499436,5215900
2018-09-26,84.8141860961914,85.47918890860828,84.63445968296278,84.78722781981944,10880500
2018-09-27,85.24553680419922,85.47918662003936,84.83216057994234,84.93101216140845,7168800
2018-09-28,85.50616455078125,85.56008111447534,85.03886481168392,85.07481147285483,5995800
2018-10-01,85.92852020263672,86.32391972163909,85.67689360093212,85.82966860885516,7307100
2018-10-02,85.8296890258789,86.00042711892424,85.66793245722377,85.92854064317513,5572700
2018-10-03,85.66791534423828,86.27000645213234,85.533117087932,86.1172382945098,6367500
2018-10-04,84.83219146728516,85.64097431188371,84.39185680705253,85.60502764588762,10976400
2018-10-05,84.73331451416016,85.34439394112722,84.20310991940823,84.90405941255672,12291000
2018-10-08,84.69739532470703,84.94002675615678,83.98746407962162,84.62550199089759,11924000
2018-10-09,84.84115600585938,85.13770391877208,84.21209981189243,84.47270792503427,7463900
2018-10-10,82.83718872070312,84.9310355503806,82.78327215455475,84.83218394169198,22549300
2018-10-11,80.59956359863281,82.80124360165553,80.01544231534362,82.61252876049286,46581800
2018-10-12,81.83967590332031,82.1452190523453,80.89609503430401,81.57007941042319,20797300
2018-10-15,81.2735595703125,82.06436570992658,81.21065461439008,81.70490588060164,13909700
2018-10-16,83.50218200683594,83.64596865318224,81.89360489549112,81.90259327491894,13505900
2018-10-17,83.94252014160156,84.14920486737533,83.02589744779148,83.44826213453491,14232300
2018-10-18,82.98992919921875,83.90655165458516,82.32493329952725,83.89756327785184,14455600
2018-10-19,82.235107421875,83.42132001248464,82.12726742050114,83.1337535316134,11318600
2018-10-22,81.56111907958984,82.37888343656734,81.18368252024406,82.22611525042461,8288300
2018-10-23,81.1207504272461,81.5161567589626,79.87163335873055,80.51865940840369,15424500
2018-10-24,78.44278717041016,81.55210059630592,78.3439355908945,81.08480782996881,17431900
2018-10-25,79.45828247070312,80.00645711228144,77.52619208285545,78.43382651735604,15725100
2018-10-26,78.55963897705078,79.27855858632799,77.59808794191468,78.72139554633188,25507900
2018-10-29,78.75732421875,80.0513764773471,77.65199362796825,79.46725528527902,14024300
2018-10-30,79.60203552246094,79.72784536844821,78.36190010326864,78.76629477061837,15432000
2018-10-31,79.70986938476562,80.5635868977723,79.64696446116491,80.2400739032194,13460700
2018-11-01,80.71636962890625,80.85116787705675,79.95252203088495,79.97948030929032,9668500
2018-11-02,80.21314239501953,81.63299783808398,79.68293769964836,81.4982064254788,12953000
2018-11-05,80.92306518554688,81.28251805686351,80.32096722823103,80.32096722823103,7783500
2018-11-06,81.33642578125,81.42628898174299,80.69838814479027,80.81520961981887,7980500
2018-11-07,83.72684478759766,83.79873811187672,82.03739280378832,82.09130936893524,13310600
2018-11-08,83.77177429199219,84.0773106157951,83.45724958921733,83.57407109135532,7345600
2018-11-09,83.52913665771484,83.80772155886866,83.12474873066407,83.67292329781029,8486500
2018-11-12,82.3968276977539,83.52911636080877,82.2081129205781,83.40330650935823,8423200
2018-11-13,81.82170104980469,83.00791320571582,81.57906284966195,82.6754117987556,14227000
2018-11-14,81.16571044921875,82.33395304929176,80.77929237591385,82.32496466913345,11664000
2018-11-15,81.88460540771484,81.98345699135994,79.82670576220264,80.59055329899583,15563900
2018-11-16,82.71137237548828,83.1067787793917,81.69590494088328,81.74083312379317,11323200
2018-11-19,81.65995788574219,82.84617023558822,81.30049814358065,82.79224681778318,8821000
2018-11-20,80.89610290527344,81.7498206450963,80.70738808433347,81.14772952265102,11604300
2018-11-21,80.43778991699219,81.16569084310632,80.41981316101797,81.15670246511921,9345100
2018-11-23,80.55460357666016,81.039873098944,79.96150095350627,80.00642912682783,3939500
2018-11-26,81.33642578125,81.55209883365771,80.86014464812672,81.20162755244915,7141200
2018-11-27,82.18119049072266,82.18119049072266,80.77031626112866,81.06687114625939,9262000
2018-11-28,84.15819549560547,84.18515377741605,82.40583176054747,82.4238085191709,11870400
2018-11-29,84.436767578125,84.93102556344898,83.84366485186032,83.96048635015322,8796000
2018-11-30,86.15319061279297,86.15319061279297,84.29299375071483,84.38285697544755,15875900
2018-12-03,85.73980712890625,86.09925999779793,85.2455491499942,86.09925999779793,12158200
2018-12-04,83.82567596435547,86.19810023835623,83.67290782958887,85.72181907930562,15011300
2018-12-06,83.51116943359375,83.51116943359375,81.00394637956016,82.78326839911207,18492900
2018-12-07,81.38137817382812,83.39435011580161,80.97699022319604,83.27752174988031,14930800
2018-12-10,81.6958999633789,82.00143627059836,79.66495836178417,81.42630345784791,15372000
2018-12-11,81.9475326538086,82.92705352342605,81.36341137032456,82.37887890343141,13632300
2018-12-12,82.64846801757812,83.72684040076409,82.59455145525615,82.8551527438953,12581000
2018-12-13,82.7293472290039,83.33144524992797,82.17219110592835,82.87313387762002,11567100
2018-12-14,79.94353485107422,81.99244631407963,79.70090348566518,81.92055985596231,19422700
2018-12-17,78.35292053222656,79.78176389982478,77.81372762901265,79.1167680036162,22089500
2018-12-18,77.66996765136719,79.17070470218098,76.92408988738512,79.02692491921869,24712500
2018-12-19,76.65451049804688,78.75733895561903,75.96254920290971,77.82274624465633,23075600
2018-12-20,75.57612609863281,76.61855873398454,75.03693987792062,76.30403400991281,25321600
2018-12-21,74.63728332519531,76.97533714436372,74.48382176915392,75.69346963994143,28909200
2018-12-24,72.84990692138672,74.42065342712701,72.80477480238557,74.1408039854402,14235500
2018-12-26,76.02749633789062,76.09971598677896,72.76865871968576,73.12072089896043,20575100
2018-12-27,76.86701202392578,76.91214412801355,74.11369884657691,75.13378219781261,14045700
2018-12-28,76.95729064941406,78.03153538556437,76.64133834091214,77.36351406216743,15770600
2018-12-31,78.09473419189453,78.16694695066553,77.33644168322058,77.39060986135448,10163100
2019-01-02,76.91217803955078,77.48089927720642,76.0726433962342,76.89412656740518,14179900
2019-01-03,75.35044860839844,77.18297905595499,75.1518480281667,77.02048829824216,17668000
2019-01-04,77.59822082519531,78.02250257136416,76.19900155642365,76.235104486646,16262600
2019-01-07,77.89612579345703,78.62733069607812,77.39060209655788,77.62530559169316,12387200
2019-01-08,78.5009536743164,78.76274471243735,77.63433862773195,78.51901202852842,13371000
2019-01-09,78.8530044555664,79.31339600019184,78.61829409535144,78.8439752797619,11259700
2019-01-10,79.0064926147461,79.06066080057198,78.10376757309695,78.50096879534112,10396800
2019-01-11,79.26826477050781,79.29534541332995,78.49192086913534,78.63636014717852,7187900
2019-01-14,78.39262390136719,78.82593486657126,78.38360161154095,78.7898250455339,5449000
2019-01-15,79.80086517333984,79.81891663702443,78.4828879325918,78.50093939627638,10540600
2019-01-16,79.65644836425781,80.25225014240611,79.602287070697,79.90921025053471,8288900
2019-01-17,80.36055755615234,80.6945682069487,79.37659084361398,79.43978130325182,8731600
2019-01-18,81.31746673583984,81.36259885187371,80.3515512959799,80.95637537134422,13367500
2019-01-22,80.75775909423828,80.90219836688598,80.19806724359385,80.7487299178869,12244500
2019-01-23,80.8480224609375,81.29036252566777,79.97237839420742,80.91121291486427,7722800
2019-01-24,80.17098236083984,80.83900363063258,79.7918396210612,80.76678399812904,11307000
2019-01-25,80.27029418945312,80.5681950509836,80.03559068089355,80.5681950509836,7241900
2019-01-28,79.3585433959961,79.80087663585535,78.97939373172997,79.71962781949692,7113800
2019-01-29,79.7467041015625,79.80990144818747,79.13285786028189,79.35853905625042,11099200
2019-01-30,80.83902740478516,81.0647086572974,79.84602438393506,80.04462498810508,11706500
2019-01-31,81.85004425048828,82.03961560489178,80.66747713562918,80.74871905012668,13409900
2019-02-01,81.92228698730469,82.11185839518612,81.36259505409906,81.94936763310994,9386500
2019-02-04,81.68757629394531,81.93131587983356,80.9924811341326,81.93131587983356,9308600
2019-02-05,81.57020568847656,82.28335903883486,81.5521473373448,81.82296750637713,8921400
2019-02-06,81.9403305053711,81.97644032535618,81.32647734011252,81.42577762326052,6135900
2019-02-07,81.03760528564453,81.54313587580984,80.60430122235302,81.40772577331478,9511700
2019-02-08,81.19107818603516,81.20010047604984,80.60430563459947,80.72165738998889,7284200
2019-02-11,81.09176635742188,81.42577010878307,80.8660851687753,81.37160882742575,5017400
2019-02-12,82.20211029052734,82.2472492811452,81.29938557611437,81.4438248362971,9093200
2019-02-13,82.38267517089844,82.62640786016321,82.01255466110474,82.3646168162896,6435600
2019-02-14,82.57225036621094,82.94236400577238,82.057697432117,82.17504919349118,6938600
2019-02-15,83.81798553466797,83.86312452376654,82.57222795011499,83.19511018601287,8234200
2019-02-19,83.61939239501953,83.94437386098113,83.58328257799675,83.5923117540633,6284100
2019-02-20,83.52008819580078,83.62841764177921,83.10483565041471,83.4117656370654,6959900
2019-02-21,82.78888702392578,83.27635922144735,82.418773453197,83.22219793969275,8368500
2019-02-22,83.54720306396484,83.61941583100607,82.85210094413631,82.95140124696896,6488100
2019-02-25,83.66454315185547,84.17006688676729,83.6013526849915,83.97146630883925,7652600
2019-02-26,83.36661529541016,83.70062587626786,83.26731503859413,83.47494472663911,7288000
2019-02-27,82.97846221923828,83.37566333638252,82.6986197342923,83.08679167498043,9827600
2019-02-28,82.7347412109375,83.27637479148196,82.64447009538753,82.82501232648747,9464100
2019-03-01,83.90827178955078,84.02563042751905,83.17706686726119,83.24928650797335,10795200
2019-03-04,82.77082061767578,84.3596109517856,82.20209971294184,84.2061494230208,15208400
2019-03-05,82.72569274902344,83.02359355941486,82.30141102887379,82.80694155514975,13591700
2019-03-06,81.51604461669922,82.84304416404908,81.29036343767983,82.7347216059553,11662400
2019-03-07,80.87511444091797,81.57021641882638,80.59527194675023,81.39869649672671,14430700
2019-03-08,80.70360565185547,80.74873776351026,80.00850363737796,80.44181461017835,11531200
2019-03-11,81.62438201904297,81.69660166240139,80.68554731711622,80.92025771440898,9694300
2019-03-12,82.22016906738281,82.40974043192192,81.71463854136883,81.83199716268568,8981600
2019-03-13,83.10484313964844,83.33052434034246,82.40974807189808,82.46390935614666,10098300
2019-03-14,82.96943664550781,83.18608866117184,82.67153581944267,83.07775920971812,9283800
2019-03-15,83.35089111328125,83.4868054641966,82.82536622284151,83.11531361211176,10219400
2019-03-18,83.22406005859375,83.51400751927102,82.92504979551923,83.43246303637402,7183500
2019-03-19,83.88550567626953,84.1210832334917,83.21499656231893,83.5140068229002,11308700
2019-03-20,83.30561065673828,83.88550557254037,82.97941890248802,83.78583548580319,11123700
2019-03-21,83.63179779052734,83.758649364295,82.49012671372608,82.60791548568398,7398200
2019-03-22,82.10957336425781,83.57742928891969,82.09144776033543,83.26936315116335,12162600
2019-03-25,82.06425476074219,82.32702067763381,81.47529714790865,82.25453209789306,9893300
2019-03-26,82.62604522705078,83.1515702391659,82.04615031424655,82.54449383246346,8107200
2019-03-27,81.9374008178711,82.71663574517603,81.36656882303241,82.52635841356314,10817400
2019-03-28,82.14580535888672,82.37232698375077,81.71994359807968,82.18204273552054,6726800
2019-03-29,83.1334457397461,83.20593432700566,82.45388078819504,82.63509534345178,10120900
2019-04-01,83.26029205322266,83.76769830621323,83.0700147083512,83.64084674296559,9082000
2019-04-02,83.07003021240234,83.40528478520916,82.9159971301234,83.27843319828615,7002200
2019-04-03,82.9612808227539,83.48681267145285,82.71664050029979,83.44150557960612,7398700
2019-04-04,82.78910827636719,83.1334185840422,82.30887672731032,83.03374853734077,9212400
2019-04-05,83.35997009277344,83.5049472719927,82.93410826993235,82.98847125569338,6262000
2019-04-08,83.34182739257812,83.42337184772822,82.75286986922934,83.29652030890114,5961200
2019-04-09,83.1243896484375,83.30561113121576,82.82538629941565,83.05190796821893,7207600
2019-04-10,83.15154266357422,83.3780642547948,83.00657243989605,83.22403123185849,5433400
2019-04-11,82.12770080566406,83.37809800672905,81.76526473041687,83.33279781788137,8534200
2019-04-12,81.37560272216797,82.47196623924738,81.2396953169473,82.44478475820326,11659000
2019-04-15,81.70181274414062,81.76523851850916,81.32125809792937,81.47529113383999,7921900
2019-04-16,80.02554321289062,82.48103630155364,79.88962888281023,82.38136625368735,14857100
2019-04-17,77.7240982055664,80.3155061266469,77.31636204917673,80.29738743847258,34381800
2019-04-18,77.8509521484375,78.33117689803119,76.7002253095748,77.9596850194912,35300900
2019-04-22,77.8962631225586,78.34930640519495,77.47946413208017,77.72410446303138,18717700
2019-04-23,79.1285400390625,79.5453390223494,77.73316592307152,77.86908028809572,30503400
2019-04-24,79.0379409790039,79.31882562645154,78.68456082806682,79.1557297540546,14612800
2019-04-25,79.85340118408203,80.08898561095349,78.53957851720129,78.8657702119798,16166400
2019-04-26,80.6507568359375,80.67793832337016,79.78997056085416,79.96212919844902,11321700
2019-04-29,80.50578308105469,80.82291196929546,80.16147270423488,80.67794172591023,13264400
2019-04-30,80.87726593017578,81.03129894371357,80.17051971475306,80.74135160115834,11750900
2019-05-01,80.73229217529297,81.30313099843676,80.27924900156755,80.98599524651678,25596400
2019-05-02,81.0766372680664,81.15818174916691,80.18866930080286,80.65077543238351,18927500
2019-05-03,81.6927719116211,81.71995340380371,81.16724001978305,81.30315439358837,13624000
2019-05-06,82.10957336425781,82.3179694191183,80.36988177100709,80.5057961488553,25168300
2019-05-07,80.53298950195312,81.87400096111139,80.06182742396929,81.47532057081423,18011600
2019-05-08,80.70513153076172,81.076630347333,80.04368528465102,80.49672857536213,13783300
2019-05-09,80.53298950195312,80.79575549438594,79.60878403968377,79.98933882338919,15692300
2019-05-10,80.56015014648438,80.76854616021093,78.83858449696473,80.27019584409777,17771800
2019-05-13,79.04696655273438,80.51482884136459,78.73890053018287,79.1919436783279,17436000
2019-05-14,79.4456787109375,79.99839212716459,79.25540134167954,79.40943441495132,13147000
2019-05-15,79.6812744140625,79.95309630294882,78.67551752552782,79.02889082010557,10587700
2019-05-16,80.30644989013672,80.9950776161997,79.79904362508606,79.85340660694379,15124000
2019-05-17,80.13432312011719,80.76858114912051,79.64503539221718,79.64503539221718,13354100
2019-05-20,80.09803771972656,80.3517408011573,79.5090801876106,79.789964754496,10757400
2019-05-21,80.8500747680664,81.19438503585387,80.49669478976962,80.55106466260173,11690600
2019-05-22,81.31219482421875,81.49341625913812,80.54202273626146,80.61451131022919,9021800
2019-05-23,81.03131103515625,81.03131103515625,80.35174620155477,80.90445948591525,13545300
2019-05-24,81.14910888671875,81.63839645134142,80.94976874044006,81.31220474159298,9986400
2019-05-28,79.98934173583984,81.71090804138659,79.98027893221399,81.2216203389958,20796000
2019-05-29,79.21914672851562,79.60876421850905,78.66643338427166,79.59970141746965,16302700
2019-05-30,79.65408325195312,79.78093483395443,79.2916471978525,79.37319168075645,12457600
2019-05-31,79.0832290649414,79.45472785024789,78.62112301169647,79.13759204312619,10712900
2019-06-03,79.27352142333984,79.95308643098886,79.11042554498836,79.15573264398873,19371000
2019-06-04,80.58734130859375,80.7232487630393,79.8352878004996,79.93495787568759,15837200
2019-06-05,81.19440460205078,81.38468192059332,80.61450984661901,81.17627900244248,24291700
2019-06-06,81.61121368408203,81.93740538872672,81.13098892804724,81.3212662702747,18840900
2019-06-07,82.46293640136719,82.66227654250802,81.84679728915528,81.87397877878512,9302700
2019-06-10,82.70757293701172,82.97940164665685,82.40856273898032,82.71663573743756,8552800
2019-06-11,82.5716781616211,83.32373177879415,82.3632820926506,83.11533570982367,8317900
2019-06-12,82.97034454345703,82.99752603370973,82.50823847048592,82.58978985413574,5799200
2019-06-13,82.87065124511719,83.11529841460967,82.54445962772039,83.11529841460967,9031800
2019-06-14,82.68038940429688,83.15155132142189,82.61696362866677,82.90691101910318,5056300
2019-06-17,83.0519027709961,83.10626575598128,82.64415964493033,82.76194841669566,4861500
2019-06-18,83.75863647460938,84.04858387187124,83.30559323433198,83.46868907734749,7979600
2019-06-19,84.51069641113281,84.70098068559085,83.72240547220238,83.77676845753763,6988100
2019-06-20,84.88218688964844,85.47114452007621,84.39289933111881,85.20837859533485,9241200
2019-06-21,85.28983306884766,85.45362476233903,84.31618437486706,84.79845798837354,9026100
2019-06-24,84.84395599365234,85.23523578564564,84.68926575882338,85.18064086567908,6493600
2019-06-25,84.49818420410156,85.29893985270886,84.4162848743926,84.90766002548781,14930600
2019-06-26,83.43352508544922,84.62556032655039,83.26063193418668,84.61645886006688,10498400
2019-06-27,84.01590728759766,84.17969899832522,83.56093108473064,83.7247227954582,7416200
2019-06-28,84.29800415039062,84.37080202097266,83.57003932934443,84.05232001516009,9390600
2019-07-01,84.7165756225586,84.99866561592088,84.37079617483393,84.962266683152,7797200
2019-07-02,85.17152404785156,85.17152404785156,84.30707223971434,84.78934579219411,7952500
2019-07-03,85.8995132446289,85.917709239101,85.35354315944419,85.36263768548709,4066000
2019-07-05,85.30805969238281,85.74484001265839,85.11697047175839,85.5355478515625,5934300
2019-07-08,84.67108917236328,85.0077671791689,84.27980929069116,84.9804697129292,15202000
2019-07-09,84.75296783447266,84.84396168798585,84.35258654815135,84.36168801621847,5537300
2019-07-10,85.04415130615234,85.27163940838656,84.68927042205785,84.94405598577842,5347300
2019-07-11,85.06237030029297,85.67203686320198,84.48909573131195,85.63563792688673,13691700
2019-07-12,84.11599731445312,84.79846157580825,83.53362836682093,84.78025864110292,11508200
2019-07-15,84.29800415039062,84.49819482329768,83.87942680812453,84.16150987864609,5811100
2019-07-16,83.87942504882812,84.35259731291285,83.8248301182302,84.2343059824884,9092300
2019-07-17,83.8976058959961,84.33438608907329,83.88851137079652,84.05230307540226,9566700
2019-07-18,84.37078857421875,84.50728282420926,83.47903215768187,83.88851490765342,6559500
2019-07-19,83.49723052978516,84.59827205272504,83.42443267478444,84.56187312522468,8105900
2019-07-22,83.32435607910156,83.64283808829673,83.25155820774634,83.58824315597387,5192500
2019-07-23,83.84302520751953,83.97041800579483,83.09686441374132,83.44264387443327,6688600
2019-07-24,83.88851928710938,83.89761381316717,82.96036389262765,83.71562609860298,5430400
2019-07-25,83.47904205322266,83.97951871505201,83.29705432658658,83.6610367222455,6618700
2019-07-26,83.7793197631836,83.93401000976155,83.46083780188012,83.77021829503605,3812400
2019-07-29,84.12509155273438,84.18878793921503,83.68831831469141,83.82481255497439,5887500
2019-07-30,83.76114654541016,83.79753854312384,83.13327697783586,83.47905649521947,7959200
2019-07-31,82.93306732177734,84.01591297952521,82.42349616160723,83.67012659879289,8557400
2019-08-01,83.04225158691406,83.93400098265609,82.54177502841625,82.9421562752145,16422500
2019-08-02,82.85115051269531,83.17873385979244,82.31427510513664,82.92394141241797,15956600
2019-08-05,80.90386962890625,82.2414937990562,80.24870280297974,81.91391038609295,17626200
2019-08-06,81.9503173828125,81.96852031998358,80.86747866227164,81.31335342955317,10135900
2019-08-07,81.97760772705078,82.2050958252287,80.25779826021655,81.28604890710767,12452500
2019-08-08,83.069580078125,83.15147248607951,82.12322846823002,82.23242528789065,12034800
2019-08-09,83.16966247558594,83.69743660817588,82.45079914513829,82.92397140520686,7253100
2019-08-12,82.35979461669922,83.16965170663836,82.0413126615073,82.8602642770334,7097100
2019-08-13,83.43352508544922,83.87029828327012,82.25968583493025,82.33248368202867,12232500
2019-08-14,81.11316680908203,82.77838158134624,81.06766640627784,82.57819091682659,16426100
2019-08-15,81.39523315429688,81.70462055658571,80.86746607902704,81.45892953971143,12315200
2019-08-16,82.39620208740234,82.61458874468822,81.89572543280276,81.95032036152757,10239300
2019-08-19,83.18787384033203,83.39716601515887,82.90579072600676,83.04228501894703,6427200
2019-08-20,82.47811126708984,83.38806395709956,82.41441485648468,83.21517072443353,4708800
2019-08-21,83.08776092529297,83.28795158697078,82.84207680384353,83.05136199204367,5687100
2019-08-22,82.67826843261719,83.43353052513896,82.35068504170137,83.2424413708356,6486900
2019-08-23,80.76738739013672,82.84207801907421,80.36700606090781,82.53269055311003,9822700
2019-08-26,81.6136474609375,81.6773438625458,81.07677183962149,81.4134567866294,8913900
2019-08-27,81.13138580322266,82.39621949676071,81.07678392057446,82.11412943984467,8252000
2019-08-28,81.72280883789062,81.89570198586833,80.73096422396198,80.84925551646086,5691500
2019-08-29,82.34159851074219,82.57818810096028,81.81383134509856,82.34159851074219,4360300
2019-08-30,82.44168853759766,82.88756328317521,82.08680764628689,82.72377851092662,4784100
2019-09-03,81.95943450927734,82.35071442457026,81.66824994038873,81.95943450927734,6437800
2019-09-04,82.01400756835938,82.54178162817693,81.63182922534082,82.49628817346665,9318700
2019-09-05,82.8238754272461,83.00587009692316,82.27790530298847,82.71468556782663,7897400
2019-09-06,83.05135345458984,83.28794302519618,82.87846721741124,82.99675853152144,13166400
2019-09-09,82.28700256347656,83.15145463747291,81.9867165806577,83.12415717401419,10675900
2019-09-10,82.52359008789062,82.53268461389192,81.00396421693932,81.86842321171291,8770700
2019-09-11,83.34254455566406,83.3698489617489,82.45989647907602,82.6600801936594,8124300
2019-09-12,83.31524658203125,84.06140733556065,83.26975312360796,83.71562789352045,9344700
2019-09-13,83.26976013183594,83.94312307769651,83.09686692507141,83.41534893038472,6351000
2019-09-16,83.08776092529297,83.29705305587976,82.71468400866432,82.81477933950322,6668100
2019-09-17,83.21517944335938,83.44266763969704,82.92399482974272,83.04229313496714,3932900
2019-09-18,83.20606231689453,83.31525217835396,82.61459177857064,83.21515684375821,5369800
2019-09-19,83.59734344482422,83.97042038107318,83.15146169586117,83.30615890590295,5058600
2019-09-20,84.0633316040039,84.45623658491493,83.7800769565637,83.78920925593727,8935700
2019-09-23,83.61560821533203,84.11815657816663,83.58819737369647,83.81663034895433,4232900
2019-09-24,82.84806823730469,83.98110079258133,82.55567431331546,83.9262721391189,10542600
2019-09-25,82.446044921875,82.93032178700594,82.32725529525798,82.85722155081426,7956800
2019-09-26,81.9891586303711,82.74755073687206,81.35868144874476,82.72013989788317,10004500
2019-09-27,81.62368774414062,82.38208703773071,81.32215448699434,82.26329740667293,10017300
2019-09-30,82.35464477539062,82.85720005480042,81.67848519409233,81.73330687140233,8031600
2019-10-01,81.55058288574219,82.75670887478327,81.38611084309014,82.57396525904636,13413900
2019-10-02,80.36270904541016,81.45919138846847,80.00635420100181,81.29471938557074,13385000
2019-10-03,81.08454895019531,81.11195978574749,79.67740129835381,80.25305672982785,11958800
2019-10-04,82.35464477539062,82.40033415396258,81.2764409705645,81.32213034913644,9146600
2019-10-07,82.08053588867188,82.61963434797609,81.89778533119683,82.01657493636085,8247200
2019-10-08,80.51805114746094,81.43178297494416,80.49977260702772,81.39523286529835,10649300
2019-10-09,81.10284423828125,81.340409509611,80.73735008925408,81.01147244382972,7350200
2019-10-10,81.50487518310547,81.78813678644119,80.79216548215723,80.86526570051615,8232300
2019-10-11,82.18103790283203,83.14959135152083,82.14448779536185,82.28154895556995,10773200
2019-10-14,82.14450073242188,82.5465380354708,82.01657882173977,82.12622219019798,4915600
2019-10-15,83.64302062988281,83.93541456486254,82.99427180449723,83.04909348879927,12607900
2019-10-16,83.53337860107422,83.96283376075829,83.39631740546113,83.57906799001924,7851500
2019-10-17,84.15470886230469,84.39228111464517,83.77094312706176,83.8074932405927,7536100
2019-10-18,83.84403228759766,84.28261964963744,83.4693989017691,83.91712553379067,6784700
2019-10-21,83.75267791748047,84.31918729218695,83.58820587970914,84.19126537072279,4948400
2019-10-22,83.93541717529297,84.93138165093528,83.89886706088112,84.39228314860885,8702400
2019-10-23,84.45626068115234,84.70296528782295,83.90802279982209,84.08162716332255,5525000
2019-10-24,84.02677917480469,84.6938064853811,83.72524599449395,84.60242772439915,6892300
2019-10-25,84.11814880371094,84.34658175785634,83.58818964822122,83.80748333225905,5536900
2019-10-28,84.98619842529297,85.15980273044882,84.26434945183706,84.33744967043981,6937900
2019-10-29,86.19232177734375,86.32938294065002,84.977056818566,85.187218198465,13768400
2019-10-30,86.67658996582031,86.71314007051262,85.8816408740068,86.21972411399592,10179700
2019-10-31,86.57608795166016,86.63090962880736,86.01871099659563,86.51212700458161,9675200
2019-11-01,86.68574523925781,87.41672655440333,86.66746669792713,87.0421001117757,14670800
2019-11-04,86.4207763671875,87.1334862293918,86.38422624973829,87.08779683977477,9878200
2019-11-05,85.8085708618164,86.55783078276328,85.61668101743766,86.54869151131153,13273800
2019-11-06,86.1009750366211,86.26544708618495,85.62583046178221,85.89081359559191,13130200
2019-11-07,86.2928466796875,86.56696207906674,86.03700285177828,86.42990089376639,7827900
2019-11-08,86.92330169677734,86.94158023625542,86.13749180850557,86.23800286197431,7756900
2019-11-11,86.56696319580078,86.77712461213532,86.32939790751841,86.59437403897016,6092500
2019-11-12,87.08779907226562,87.39847159293691,86.58525062970594,86.70403328604428,13801500
2019-11-13,87.18829345703125,87.39845485469678,86.71315595145225,86.85021712634534,6507700
2019-11-14,87.19744110107422,87.3253630175996,86.66747489191386,87.17003025770758,6498800
2019-11-15,89.05233001708984,89.20766280167256,87.41674871442359,87.49898822881737,11337700
2019-11-18,88.75077819824219,89.4817665171158,88.64113483026603,88.97007887663703,11251400
2019-11-19,89.35384368896484,89.48176559777025,88.83301678276534,89.06144975866374,10025800
2019-11-20,89.23506164550781,89.51831630671774,88.70509546480048,89.20764383239158,12305600
2019-11-21,89.46349334716797,89.5274543010846,88.67768335835144,89.28988205601374,9122400
2019-11-22,89.7833023071289,89.91122422093257,89.42694740850133,89.61883027920683,6141800
2019-11-25,90.8341064453125,90.85237801897641,90.01174620598994,90.14880740774741,11726500
2019-11-26,90.76099395751953,90.97114839678888,90.45946074859775,90.82495491354342,11073300
2019-11-27,91.22698974609375,91.36405092563288,90.80667390773596,90.88891340394791,6333200
2019-11-29,90.90718078613281,91.19957470244111,90.72443720264793,90.9894202785556,2392000
2019-12-02,90.5051498413086,91.11734855716438,90.21275590454005,91.08993771484566,6682200
2019-12-03,90.30413818359375,90.37723841907541,89.57314977122145,89.81986132316652,7709700
2019-12-04,91.14474487304688,91.26352749457047,90.57822866093854,90.66960741573232,6237600
2019-12-05,91.14474487304688,91.28180603401731,90.37721352556483,91.19956654894696,7390400
2019-12-06,91.74781799316406,92.05848347458463,91.55592817085046,91.61988912121475,5658500
2019-12-09,91.10820007324219,91.80263821705478,91.10820007324219,91.78435967654305,5148900
2019-12-10,91.30924987792969,91.39148242150478,90.73360115923583,91.08995612384004,6027900
2019-12-11,91.3914566040039,91.61988956658973,91.20871302242355,91.38232430477943,6064300
2019-12-12,92.24124145507812,92.54277468439105,91.39147042688288,91.43715981479883,9769100
2019-12-13,92.17727661132812,92.71638208689238,91.80265013684314,92.1498657682221,6433200
2019-12-16,93.17324829101562,93.51132465178334,92.71638231486764,92.71638231486764,7730300
2019-12-17,93.07274627685547,93.42910121523536,92.94482434878178,93.29204001480718,4643600
2019-12-18,93.20064544677734,93.38338902191026,93.00876260152162,93.10927365921088,5202900
2019-12-19,93.56614685058594,93.66665791609806,93.24634208360243,93.392535560843,6637200
2019-12-20,94.22859954833984,94.4396306569989,93.84324569781803,93.84324569781803,8586500
2019-12-23,94.6047592163086,94.70568619908772,94.21022837455425,94.44878369749291,4770900
2019-12-24,94.48550415039062,94.72405252147176,94.25612587045676,94.6047783359312,2071800
2019-12-26,94.42127227783203,94.71487617675936,94.1184912882938,94.6047720896357,2910100
2019-12-27,94.44880676269531,94.6323065943415,94.23777565623932,94.62312950273822,3605000
2019-12-30,93.88176727294922,94.64825674443445,93.74324270246075,94.44508831380499,5665100
2019-12-31,94.06645965576172,94.1495701685894,93.5215982376112,93.67859650459488,4746700
2020-01-02,94.3158187866211,94.46358023581861,93.64167655020506,94.35275914892047,6277400
2020-01-03,93.4939193725586,94.02954408189069,92.76436303653468,93.22610701789255,8247500
2020-01-06,94.07569885253906,94.10340235750606,93.04139004464024,93.06909354960722,6441800
2020-01-07,93.8909912109375,93.97410876629812,93.36460351249329,93.81711050520627,6335300
2020-01-08,94.50052642822266,94.92533005239277,93.9002578337188,93.93719819829717,7494700
2020-01-09,94.9068374633789,95.16541996397659,94.58361814469771,94.78678658662666,6660600
2020-01-10,94.9345703125,95.4240178308368,94.76834218875784,95.26702655998432,9300300
2020-01-13,94.60208892822266,95.11000297172619,94.27886257385835,95.09153631650801,7621700
2020-01-14,95.1746597290039,95.19313343237765,94.14958760701852,94.31581570911489,7294900
2020-01-15,95.9965591430664,96.24590480801224,95.2115958800746,95.28547659899581,7521800
2020-01-16,96.4952392578125,96.55988312266206,96.01502869688042,96.39365503509849,5479900
2020-01-17,96.4952392578125,96.64300068927027,96.25513750017288,96.25513750017288,6533400
2020-01-21,96.59683227539062,96.81846739710367,96.23667256048684,96.2736129217146,6644800
2020-01-22,96.71686553955078,97.04008481077767,96.58757078540833,96.8092128962368,9431500
2020-01-23,96.22742462158203,96.6891685152473,95.5625193330523,96.55065098366987,8522600
2020-01-24,94.62055206298828,96.38441701092879,94.3804432801705,96.33823980612267,15962700
2020-01-27,93.90023040771484,94.26039005009234,93.34613919218422,93.47542690761964,11762300
2020-01-28,94.36197662353516,94.73137312501913,93.91869941262394,94.17728189561929,8079900
2020-01-29,94.10338592529297,94.78676476253972,94.08491222810595,94.45430866968431,6435700
2020-01-30,93.42003631591797,93.47544333351176,92.61659933254145,93.41079946443456,10989400
2020-01-31,91.55458068847656,93.12450714324972,91.2498280209897,93.05063347333248,14476700
2020-02-03,92.38571166992188,93.05062395070081,92.1917800956367,92.1917800956367,11850600
2020-02-04,94.01104736328125,94.38967364319124,93.52159298119251,93.54006668010622,9575100
2020-02-05,95.82109832763672,96.15355450701513,94.44509640078886,94.4543332517863,14131000
2020-02-06,95.90422058105469,96.26438031182869,95.48865382882431,96.26438031182869,6166500
2020-02-07,95.15619659423828,95.99656694186648,95.00843514439164,95.91345641056803,6057200
2020-02-10,95.66409301757812,95.66409301757812,94.7313754592722,94.80525617051993,4010100
2020-02-11,96.2366714477539,96.31978902096868,95.8026310154132,95.99656262537648,10277100
2020-02-12,96.35670471191406,96.81844856898627,95.96884156292992,96.5968134903742,4705700
2020-02-13,95.90422058105469,96.3013206746842,95.71028896030359,96.0058048174939,4778500
2020-02-14,95.97808074951172,96.04272460924955,95.5071000310491,96.00578425430618,5114200
2020-02-18,95.63640594482422,96.09814990098216,95.32242343655057,95.97809900881641,8409300
2020-02-19,96.07968139648438,96.2182059898005,95.79340240377697,95.88574978410321,6427900
2020-02-20,95.46092987060547,95.95037724370847,94.5928491435761,95.85802987917717,8080900
2020-02-21,95.5163345336914,95.60868189595406,94.75907489009421,95.09153103076147,6510800
2020-02-24,92.50576782226562,93.83559245981382,92.06249764018456,93.20762049715523,16284500
2020-02-25,89.69835662841797,93.04138459650886,89.38437419630793,92.83821617777794,20301600
2020-02-26,89.68914031982422,91.25906680790324,89.4952087215782,90.19705439742485,13721600
2020-02-27,86.64163208007812,89.892306297342,86.62316542268064,88.7194797971351,22047900
2020-02-28,85.52420043945312,85.5703776448622,83.09543021189535,84.36060391053712,27750600
2020-03-02,89.53213500976562,89.67065958211637,85.25638924146854,85.551905041179,22359400
2020-03-03,87.30654907226562,91.3237201275576,86.13371546467269,89.75379347696423,33385500
2020-03-04,92.33954620361328,92.48730763841424,89.74454765438513,89.92924240223333,26418700
2020-03-05,90.19705200195312,91.6007574076725,89.17197997726753,90.36328008827114,17873000
2020-03-06,89.71684265136719,90.0400619775406,87.36194590446266,87.7221055887206,17917700
2020-03-09,85.05323028564453,87.06643409727099,83.12314404495135,84.39755475215125,21968500
2020-03-10,87.97145080566406,88.1192051916124,83.98198374591924,87.50970690038965,26473200
2020-03-11,84.60993957519531,86.50308499776577,83.529453688571,85.8935868229804,23217900
2020-03-12,78.29329681396484,82.86456578315048,76.55714223634487,79.42918994080092,20652200
2020-03-13,83.7234115600586,83.94504667047399,77.72074055677221,81.93184288293028,29162800
2020-03-16,75.4674301147461,80.3896221691765,74.4977650297592,76.20621618581167,21474800
2020-03-17,80.20491027832031,80.8513559355473,76.04921537223478,77.0281171856008,27899700
2020-03-18,77.54527282714844,78.77351331006408,73.80514436420027,76.09539724177489,28931000
2020-03-19,75.95687103271484,77.81308347085636,75.10726395345755,76.67719038450485,27121100
2020-03-20,73.03864288330078,77.3975061976302,72.62307621339198,76.61254301799558,22004900
2020-03-23,69.2450942993164,72.66929731884046,68.24288542927931,72.56722009616004,33633000
2020-03-24,74.58094024658203,74.7294117427598,71.98262180491348,72.52084602323525,16775800
2020-03-25,75.57386779785156,78.03298226733003,73.18898553662001,74.08911035534236,16851800
2020-03-26,80.59417724609375,81.02104251262656,76.10280672704148,76.25127821634305,18822500
2020-03-27,78.8681640625,80.94682184784247,78.209306247629,78.26498217907337,13043200
2020-03-30,82.56147003173828,82.7192231905363,80.27866528964358,80.28793988968063,13766700
2020-03-31,82.19956970214844,83.08113821365963,81.32727579149879,82.63571665747325,13584900
2020-04-01,79.07229614257812,80.16730065591808,78.31136128278912,79.45276711239605,15255200
2020-04-02,81.2623291015625,81.4479202615945,77.88451901406765,78.67329206397709,13588000
2020-04-03,80.52922058105469,81.77270383271312,79.61981411387792,81.00248717592713,12934200
2020-04-06,84.75148010253906,85.23402126387346,82.71922405725076,83.09041337819505,13472900
2020-04-07,84.05551147460938,87.06213183352419,83.97199050583077,86.90437865675679,16699200
2020-04-08,87.51683044433594,88.02721667135975,83.7214373228512,84.77932233900258,32624300
2020-04-09,87.99938201904297,88.48192322286307,87.20132738669396,88.3148883677238,12982500
2020-04-13,87.22915649414062,87.99009140589561,85.98568042755088,87.68385968925283,9606600
2020-04-14,90.12444305419922,90.44923111698677,88.63968548742969,88.93663558481384,12830800
2020-04-15,89.66044616699219,90.1893886788966,88.42624461259926,88.92734916280047,11019000
2020-04-16,91.61846923828125,91.85046170795397,90.0409161965978,90.32858459344051,11331600
2020-04-17,93.52079010009766,93.84557809603041,92.23091271635948,93.84557809603041,11504400
2020-04-20,92.77842712402344,94.10542426991702,92.52787130411353,92.6299485522475,10558100
2020-04-21,89.9573974609375,91.71125987081622,89.66044739894342,91.19159195244063,9291400
2020-04-22,91.3307876586914,91.89684981325533,90.69976790015365,91.26583005471757,11994100
2020-04-23,91.83190155029297,93.2516943814603,91.62774703708094,91.81334526720485,16013300
2020-04-24,93.06609344482422,93.25168457558375,91.81333561257783,92.38867236584107,7853300
2020-04-27,94.26317596435547,94.662203269936,93.56719859972765,93.71567008932736,8022100
2020-04-28,92.36085510253906,94.89421637624218,92.2495032310682,94.89421637624218,11517500
2020-04-29,92.9732894897461,93.78061862353111,92.37010774943565,93.78061862353111,9939900
2020-04-30,92.54642486572266,93.14959953011002,92.06387663839608,92.57426282502088,12768900
2020-05-01,90.78329467773438,91.65558154696872,89.96667665566609,91.48854668607733,10102000
2020-05-04,90.73687744140625,90.94103191112512,89.91098496288686,90.50488501306154,8991300
2020-05-05,92.70420837402344,93.37234793532588,91.30297163183913,91.53496414174417,11498300
2020-05-06,91.78549194335938,93.25167877682107,91.739090623631,93.18672117710977,9493200
2020-05-07,91.77622985839844,92.73203777815752,91.66487091518276,92.72275609626065,9453900
2020-05-08,92.2494888305664,92.79698765942985,91.97109503564879,92.75986801478429,10374500
2020-05-11,93.8363037109375,94.0775707485559,91.86900529130789,91.86900529130789,15115100
2020-05-12,92.40724182128906,94.46733607588763,92.3979601401846,94.38381510564398,18471000
2020-05-13,91.40504455566406,93.00115408068098,90.67194740964587,92.2866132194389,12667200
2020-05-14,92.40724182128906,92.45363606711484,90.54202039079465,90.5605766731553,12021400
2020-05-15,93.18671417236328,93.2702351256267,91.93395651218687,92.14739265510728,15170200
2020-05-18,93.95694732666016,95.36745838373957,93.90127140120316,94.93131850124625,10557300
2020-05-19,92.82482147216797,94.1425369388449,92.81553979145954,93.65999573972658,10561400
2020-05-20,92.93619537353516,93.88272164269226,92.72275916194383,93.53009559729043,10058000
2020-05-21,92.2494888305664,92.73203005126219,91.71126460297812,92.67635412421798,12259500
2020-05-22,92.44435119628906,92.51858339733357,91.77621182795603,92.25875299405905,10233200
2020-05-26,92.27732849121094,93.98478969722011,92.12884990989791,93.90127580511785,10828800
2020-05-27,93.23313903808594,93.23313903808594,91.00600981309118,92.40724637529372,15551900
2020-05-28,94.4487533569336,95.39528639985085,93.96621223611957,93.99405019387946,11707700
2020-05-29,95.59017944335938,95.79433394999609,93.43728960220106,94.85708238764039,19055300
2020-06-01,94.64364624023438,95.09835657970056,94.04974608240948,94.98699764516527,8436200
2020-06-02,95.19115447998047,95.23754872728526,94.11470599269093,94.68076820068828,13162300
2020-06-03,95.00556182861328,95.56234946774555,94.60653446315457,95.46954680799088,10020900
2020-06-04,94.25390625,95.08908060955423,93.6507243747748,94.43022280364167,10848300
2020-06-05,95.7757797241211,96.54599649814362,94.35598680324162,94.84780975441173,14579500
2020-06-08,96.43463134765625,96.47175099363793,95.16331710206434,95.39530957956343,8191300
2020-06-09,95.43241119384766,96.71301405378337,95.32105934852994,96.23974747163983,10371100
2020-06-10,95.2839584350586,96.06344982488416,94.86637477334477,95.7479434280069,10519700
2020-06-11,89.9852294921875,94.63436000997486,89.6697160896995,94.458043488589,39561900
2020-06-12,90.56985473632812,92.16596398982053,89.01086512592252,91.86901392497413,19397200
2020-06-15,90.77399444580078,91.29365520466439,88.54686578234023,89.21500508936307,14521800
2020-06-16,93.01042175292969,93.60432189419613,91.47927007503884,92.90834450241375,13272800
2020-06-17,92.91761016845703,93.64143253337987,92.59282216616006,93.47439769222036,9086200
2020-06-18,92.60210418701172,92.81553326937208,92.01748578072544,92.38866802480388,7115200
2020-06-19,93.49295806884766,94.04045685673036,92.52786861984556,93.65999291732587,12177000
2020-06-22,93.1341781616211,93.26464371875053,92.17432137280893,93.1062222722133,6889200
2020-06-23,93.53490447998047,94.33633989634741,93.3578410175756,93.7771936171405,5369900
2020-06-24,91.09331512451172,93.0223497486372,90.43166632307967,92.83597240817514,15739700
2020-06-25,91.98793029785156,92.0997609572632,90.2452731820089,91.00943868989641,10506300
2020-06-26,90.86966705322266,92.05317817603984,90.43167245262535,91.82020292975108,16631400
2020-06-29,91.68972778320312,91.85747022740317,90.87897145126297,91.58721811675646,7490200
2020-06-30,93.25531005859375,93.74921633065065,91.447420284041,91.71767236135942,9183000
2020-07-01,93.97289276123047,94.36429658193504,93.10623166281984,93.69332672911617,10932800
2020-07-02,94.68113708496094,95.22164135366528,94.4761177340841,94.80228876130097,6502400
2020-07-06,95.64099884033203,96.19082413762376,95.18436933263723,95.77146441395911,6374400
2020-07-07,94.81159973144531,95.95784101702186,94.68113416851335,94.94206529437729,5913200
2020-07-08,94.82091522216797,95.4266522204937,94.18722233481542,95.13775811092447,5624900
2020-07-09,94.07540893554688,95.07254278294172,92.8918977205391,94.71842294054085,10521700
2020-07-10,93.85174560546875,94.2431423055477,93.16214088011436,94.14995363074416,10502700
2020-07-13,94.3829345703125,96.1255920446828,94.14063831332442,94.39225557130759,10167200
2020-07-14,96.25604248046875,96.41446392326634,93.98220206444896,94.15926550630476,10889900
2020-07-15,97.50479125976562,97.78436438130637,96.75927478538999,96.96429412654123,9606900
2020-07-16,97.34634399414062,97.42089775475968,96.65673948300919,97.41157675722282,6412200
2020-07-17,98.6789779663086,99.01446283269355,97.71912125242238,97.8589077983893,7548600
2020-07-20,98.66036224365234,99.23813631812207,98.33419120308858,98.90265138656655,6776300
2020-07-21,98.5951156616211,99.36858798629697,98.39009633104214,98.995833323251,7458600
2020-07-22,99.48041534423828,99.64815778096875,98.52987960932518,99.04242080889547,5648400
2020-07-23,99.03312683105469,100.20732420854989,98.70696286781745,99.79728544914242,6970100
2020-07-24,97.94277954101562,98.93059929312564,97.31840766749887,98.87468040650548,6241000
2020-07-27,98.6789779663086,98.93059517101685,97.59797670449856,97.90549857381889,5934200
2020-07-28,98.56716918945312,99.21950417883721,98.3807918266809,98.72559776863423,6239400
2020-07-29,99.60157775878906,100.00229547896939,98.7255956408306,98.790828427379,5449800
2020-07-30,98.91195678710938,99.07969922643098,97.84959037468565,98.64170468432238,5349200
2020-07-31,98.34351348876953,98.8746967856989,97.05749264089854,98.60444463675721,6920400
2020-08-03,99.35926055908203,99.68542439972772,98.78147953433933,98.9585429520492,8811800
2020-08-04,98.92129516601562,99.36860367623493,98.30623707716336,99.13562842012554,6092900
2020-08-05,99.37791442871094,99.55497788024309,99.1263043063904,99.46178920937768,4406600
2020-08-06,98.84673309326172,99.67612436671185,98.12917249291408,99.25677178479751,5369700
2020-08-07,99.16358184814453,99.1822167385041,98.46465614730283,98.74422216173558,4274000
2020-08-10,98.82808685302734,99.26607427523932,98.56714864575494,99.182206612424,4640200
2020-08-11,98.20370483398438,99.47109050483256,97.9707296313996,99.37790184576644,8115900
2020-08-12,99.85319519042969,100.17003812284182,98.69763992245528,98.73490970639982,8205500
2020-08-13,99.72272491455078,99.82523459016556,99.0517550777414,99.73203880517745,5323300
2020-08-14,99.52703094482422,99.97433944916024,99.14494811710674,99.53634483586087,3826200
2020-08-17,100.11410522460938,100.49618086311152,99.65747581425934,99.704066589285,4610200
2020-08-18,100.0861587524414,100.48687642651939,99.56428941025447,100.3191339790021,4220500
2020-08-19,99.76001739501953,100.45894323260302,99.54567700983043,100.17937005363311,6308100
2020-08-20,99.44314575195312,99.66679998072037,99.18221463341806,99.32200119258748,4938300
2020-08-21,99.54566192626953,99.67612749406247,98.77218241018264,99.28473079068364,6466700
2020-08-24,99.08904266357422,100.05822063135591,98.48330554498055,100.02094373530574,6363200
2020-08-25,99.76001739501953,99.79728718303032,99.21019203900305,99.59227490960583,5096500
2020-08-26,99.63884735107422,99.75067802403686,98.56715984216224,99.55497967873222,6995300
2020-08-27,100.4216537475586,100.88760424754376,99.09834892412202,99.80659567485478,7775200
2020-08-28,100.64531707763672,100.70122886753072,99.89979336645855,100.70122886753072,5159600
2020-08-31,100.88758087158203,101.37216615095693,100.34707671047401,100.43094436831556,6721100
2020-09-01,99.98365020751953,100.9155511242344,99.37791318968691,100.75712967475441,10999300
2020-09-02,101.98722839355469,102.25748048553598,99.65747633492882,100.07682886154585,8495800
2020-09-03,99.21015930175781,102.26679281859086,98.50191269595732,102.11769238622382,13337300
2020-09-04,98.50190734863281,99.73201606569802,97.29976162659241,99.55495975623887,14715500
2020-09-08,96.88041687011719,98.38077789037136,96.61016475549206,98.34350100112931,9660200
2020-09-09,98.5951156616211,99.40586487456946,97.5886610077823,97.60729589699882,8200800
2020-09-10,97.08544158935547,98.87468971314865,96.8245104600323,98.87468971314865,9186200
2020-09-11,97.467529296875,97.93347983091076,96.72201270832234,97.54208308868253,8764300
2020-09-14,98.8653793334961,99.39656975933298,98.06395096869848,98.25964933671379,5846900
2020-09-15,98.99584197998047,99.78795637297907,98.74422473959828,99.37791767596518,5580500
2020-09-16,98.82808685302734,99.72271080558664,98.71625619276774,99.52701248251172,7193300
2020-09-17,98.50190734863281,98.83739219054502,97.59796958497675,97.91481243020574,7597300
2020-09-18,98.35282897949219,98.98652192189121,97.4395629028606,98.62308111329295,8649300
2020-09-21,96.535888671875,97.04111708929965,95.18861289207595,97.04111708929965,8783000
2020-09-22,96.33003997802734,96.62943375881092,95.45992568729527,96.37682315613229,7833300
2020-09-23,95.3382797241211,96.76975616586702,95.24472052534796,96.73233105873591,7681900
2020-09-24,94.86114501953125,95.3383063460572,94.2810664041838,95.00148742593433,8434600
2020-09-25,96.38618469238281,96.6481605252562,94.43077040783103,94.53368770050339,6769000
2020-09-28,97.25629425048828,98.01414038055248,97.06917580298004,97.31243549522974,6511100
2020-09-29,97.13465881347656,97.92057192274311,96.75106389082487,97.42469452119691,5402700
2020-09-30,98.68778228759766,99.48304642951274,97.41535680528891,97.43406579556778,7565500
2020-10-01,98.35095977783203,99.548534979212,97.92993256171137,99.14622389080048,9113200
2020-10-02,97.45278930664062,98.43517197821237,97.03176204329954,97.41536418513617,8628700
2020-10-05,99.4549560546875,99.55787332236788,98.1263896368434,98.1544638228461,6661200
2020-10-06,98.1357650756836,99.79179257569257,98.04220585343764,99.7356513318561,7747200
2020-10-07,99.98827362060547,100.29701835421467,98.80940738010666,98.8281163701603,7873100
2020-10-08,100.47478485107422,100.80224570949109,100.25959934616228,100.56834407660598,5942700
2020-10-09,101.38230895996094,101.68170271914354,100.77416337902777,101.03613202604875,5636300
2020-10-12,102.07465362548828,102.47696465045208,101.503933168258,101.84075203279096,5065000
2020-10-13,101.2981185913086,101.99982350771258,101.03614989794896,101.46652805677002,6773600
2020-10-14,100.70867919921875,101.68171077821009,100.39057642779836,101.26069072471586,5999900
2020-10-15,99.97891235351562,100.16603080050298,99.29591645960052,99.4643259171336,6197700
2020-10-16,100.97065734863281,101.71914544525457,100.26895243484171,100.30637755348396,7462100
2020-10-19,99.37078094482422,101.54138807648496,99.0339619814534,101.23263617037634,8308500
2020-10-20,99.50175476074219,100.32509308978948,99.33334529690174,99.72629833315897,7421100
2020-10-21,99.00589752197266,99.77309470575592,98.77199585450077,99.4924098495447,5474300
2020-10-22,100.50283813476562,100.68060563559754,99.13685364244712,99.14621170515153,6127100
2020-10-23,100.87710571289062,101.60687773605669,100.30638510234033,101.00809006894032,5697900
2020-10-26,99.75435638427734,100.18473446931634,98.80003386423017,100.06310106960055,8135500
2020-10-27,99.07135772705078,99.88533783685303,99.01522362917136,99.3894676039578,6893100
2020-10-28,95.92772674560547,98.0234831636755,95.80610047863944,97.43405367868691,11431700
2020-10-29,95.14183044433594,96.28327155452669,94.55239376127373,95.86224433260921,15974200
2020-10-30,95.11375427246094,95.58155749322705,93.85067986590387,95.02018791781917,10741700
2020-11-02,96.82592010498047,97.05047081698696,95.8154704533973,96.51717536766668,10287300
2020-11-03,98.23869323730469,99.30528419283219,97.93929941010595,98.01414965143361,9812900
2020-11-04,102.59861755371094,104.24527993993414,100.83967267381544,101.03614919246327,25531500
2020-11-05,102.804443359375,104.08622688034063,102.61732490786838,104.01137664449344,12864800
2020-11-06,102.84188079833984,103.54358578272499,102.17760093636204,102.91673104315453,12311200
2020-11-09,103.8055419921875,107.04274687825111,103.67455764860243,106.58429453759197,20443000
2020-11-10,104.10492706298828,104.47917107245192,102.98220217270811,104.28269457355843,12526500
2020-11-11,103.97395324707031,104.93763398879885,103.46872485390855,104.93763398879885,9935400
2020-11-12,103.59033966064453,104.18912717351795,102.8979929372803,103.77745808162615,7856300
2020-11-13,104.90019989013672,105.30251095739304,103.91781024229125,104.10492868087569,6576100
2020-11-16,104.72244262695312,105.90130889213201,104.19850523714544,105.73289942567789,7586000
2020-11-17,104.03943634033203,104.42303841833557,103.54356605460913,104.18913680143903,8898100
2020-11-18,102.10273742675781,104.30141846934364,102.07467037312674,104.26399335179843,9849900
2020-11-19,102.02788543701172,102.18693681913247,101.27003936446985,102.10272852746752,10410900
2020-11-20,101.79399108886719,102.27114526927224,101.43845604686595,101.79399108886719,7674500
2020-11-23,101.53199768066406,102.35533583477928,100.89578507889775,102.29919460001963,7747700
2020-11-24,101.83140563964844,102.52375957281119,101.48523581117801,102.02788928156689,9615900
2020-11-25,101.4571762084961,102.02789677303288,101.03614897961359,101.95304653615001,11671800
2020-11-27,102.39276123046875,102.46760431350684,101.54135602565707,101.86881682054234,4443900
2020-11-30,102.67345428466797,102.76701350611022,101.8875482588198,102.43020173654033,12723400
2020-12-01,103.53422546386719,104.66630854607443,103.3564579330861,103.66520981135487,12682400
2020-12-02,104.3107681274414,104.48853564909292,103.54357107236659,103.60906324274696,8552400
2020-12-03,104.17977905273438,104.59144818391106,103.7306919442788,104.27333827215338,9795700
2020-12-04,105.29315948486328,105.31186847464846,104.08622620754623,104.21721055037649,7859600
2020-12-07,104.6475830078125,105.27443763415394,104.26398806412256,105.18087841409135,5803200
2020-12-08,105.44285583496094,105.52706413668238,104.35755594357894,104.39498106233164,7953200
2020-12-09,105.07795715332031,105.87322833902823,104.61015393260303,105.8638702759429,7386400
2020-12-10,104.90019989013672,105.48027133261499,104.68500726146483,105.05925127674458,5411000
2020-12-11,104.4885482788086,104.72244993531218,103.76813431754685,104.46983928705762,5222400
2020-12-14,103.70263671875,105.80775166214903,103.63714453936873,105.28381422709896,8469300
2020-12-15,104.82537078857422,105.04991438775782,103.87104800034734,104.42305964022609,5007500
2020-12-16,104.5166015625,105.10603108949485,104.06751443853568,104.73179419889496,5355400
2020-12-17,105.63933563232422,105.70482780322013,104.67565492041126,104.68501298428532,4263700
2020-12-18,105.72354125976562,105.97615189014819,104.59145817895569,105.74225025019295,7876700
2020-12-21,104.66569519042969,104.75964016366216,102.74918763281079,104.15838373392391,6129600
2020-12-22,104.34628295898438,104.72207005287171,103.75442312420311,104.47780736671355,13104100
2020-12-23,104.42144012451172,105.19180042914266,104.34628127343979,104.71267171298727,3920700
2020-12-24,104.72207641601562,104.91936303959696,104.32750316885297,104.46841706602314,1674700
2020-12-28,104.98511505126953,105.50182318252092,104.7032729492156,105.26695715332346,4390100
2020-12-29,105.48302459716797,105.96215327961792,105.12603083100367,105.47362794955937,5053300
2020-12-30,105.46424865722656,106.05610849798457,105.35151037765911,105.69911469733505,3563700
2020-12-31,106.57280731201172,106.7419111327694,105.12603177164985,105.47362889331578,5581200
2021-01-04,106.11247253417969,107.00496777433463,104.3838619441601,106.98617447757118,12911800
2021-01-05,106.88282012939453,107.2492176972555,105.47362407661551,105.92456996722318,11081900
2021-01-06,108.34838104248047,108.63021593207695,105.38906811269933,105.38906811269933,17833700
2021-01-07,109.75760650634766,109.91731370348424,108.32022739703208,108.48933124327763,12407100
2021-01-08,110.28369903564453,110.77222442093718,109.2408932269907,109.95488800758766,9350600
2021-01-11,110.80039978027344,110.97889308781373,110.17095337723443,110.31187442769217,6428200
2021-01-12,109.597900390625,110.70646129995356,109.0999783285411,110.58433353050464,9225500
2021-01-13,109.89851379394531,110.27429370067136,109.13754299747781,109.54151284799637,5259600
2021-01-14,109.55091094970703,110.49037506407376,109.41938654709908,110.07700856013884,5792300
2021-01-15,109.88911437988281,110.14276652729218,108.8181259040795,109.25027851997012,10335200
2021-01-19,110.7158432006836,111.07284414735906,110.1333800435475,110.7628192728911,6194500
2021-01-20,111.32649230957031,111.50499277650712,110.2367105478075,110.90373634503179,6872000
2021-01-21,110.80039978027344,111.29831461335414,110.42461270156686,111.18557633947945,5796200
2021-01-22,110.4715805053711,111.09163025418685,110.33066662386051,110.4715805053711,4796400
2021-01-25,111.19498443603516,111.26074664401393,110.3118857852832,110.53736235624739,6962000
2021-01-26,110.7816162109375,111.78684261340071,110.72525065282238,111.51439713660598,5504000
2021-01-27,107.4183120727539,109.56029604844808,107.14587381574397,109.56029604844808,13096900
2021-01-28,108.98722076416016,110.35883734553076,108.12290843589878,108.32959166292777,12626100
2021-01-29,108.06655883789062,109.59788997275811,107.19285690130829,108.82752249739885,10462400
2021-02-01,108.47992706298828,109.30665293860294,108.3108232284827,108.94965914022124,10105300
2021-02-02,108.78996276855469,109.87034091955252,108.7617728203826,109.33484658497726,11515700
2021-02-03,108.01959991455078,108.84632585353886,107.68139221961401,108.78996029356381,11280300
2021-02-04,108.47052764892578,108.91207693707369,107.7847228474751,108.01958888010334,8451500
2021-02-05,108.66781616210938,109.38181092073361,108.40476734775902,109.21270708757373,5557000
2021-02-08,108.79934692382812,109.20331681732978,108.47993253561629,109.0530062721545,6956700
2021-02-09,108.95906829833984,109.06240277305572,108.68662280215996,108.78996444441934,4730300
2021-02-10,109.15633392333984,109.7763764900093,108.77115020950377,109.74819371437098,5406400
2021-02-11,109.36302185058594,109.63546013844925,108.84631371661948,109.54151515978509,4684000
2021-02-12,110.18036651611328,110.30250145630987,109.0060361991057,109.14695727065529,6345300
2021-02-16,109.09058380126953,110.42462122447772,108.7335828235498,110.32127959066864,9531900
2021-02-17,109.48516082763672,109.54152638710384,108.61145881818054,108.73358658620701,5022200
2021-02-18,108.79934692382812,109.24089624550935,108.34840812075927,108.94966463654643,7756600
2021-02-19,107.48410034179688,108.9684482997975,107.3901481897035,108.88389996396494,9390800
2021-02-22,107.23045349121094,107.55926455921451,106.2722030690943,106.96740463680808,7213300
2021-02-23,107.05193328857422,107.81290409743967,106.55401845326197,107.15527491487023,8731500
2021-02-24,107.79412078857422,108.37659117552386,106.83587045395957,107.17407814089252,9842000
2021-02-25,106.71373748779297,108.07596490959638,106.16885368661481,107.64381222777905,14494800
2021-02-26,105.79306030273438,107.08951827145083,105.52061483449937,107.08951827145083,14687000
2021-03-01,107.174072265625,107.67198711977426,106.6291813368213,106.6573641145969,7361800
2021-03-02,106.86405944824219,107.65320598528525,106.76071780636128,107.39955378910525,8456100
2021-03-03,105.51122283935547,106.58221146238675,105.26696730606278,106.46948034472646,14946600
2021-03-04,104.09264373779297,105.97157227336653,103.27530724450278,105.27636355457297,23441700
2021-03-05,106.17823791503906,106.51644559147518,103.85776742330087,104.70327944684828,15645200
2021-03-08,105.91519165039062,107.59683342451541,105.78366723610539,106.26279598388335,12691800
2021-03-09,106.53522491455078,108.22625590737552,106.48824884494097,106.6949320831571,11022300
2021-03-10,106.77948760986328,107.85047605593174,106.74190818767153,107.23982298851399,11641100
2021-03-11,107.42771911621094,108.0195860903757,106.99556648744088,107.14588418486125,6549400
2021-03-12,107.66259765625,107.81291537114159,107.0331583521136,107.20226219759506,7452400
2021-03-15,108.4047622680664,108.43294504434868,107.34317041202787,107.46529816509847,7119100
2021-03-16,108.3390121459961,108.71479926258725,107.94443889896976,108.51751263907408,8618600
2021-03-17,107.94442749023438,108.47992174532845,107.29619496181543,107.86926864135113,7524900
2021-03-18,107.71894836425781,108.60203967233198,107.39952686917779,107.44650293736481,8553300
2021-03-19,108.10414123535156,108.74297715458127,107.28680483106653,107.83169576725655,12595800
2021-03-22,109.04498291015625,109.12040262519245,107.49891471401364,108.03626759691174,6156800
2021-03-23,107.94198608398438,109.09211145330822,107.66859503779926,108.91299144556852,9170500
2021-03-24,107.81944274902344,108.64903802056007,107.79115496213603,107.99855557812513,12647000
2021-03-25,108.27194213867188,108.4793427460282,106.85785493479086,107.97969975144402,11505300
2021-03-26,110.3176498413086,110.45905999583155,108.25308747798276,108.54532985622275,8286500
2021-03-29,110.8361587524414,111.213250125569,109.83687272721001,109.87458258376473,8958900
2021-03-30,109.83686828613281,110.53448262313916,109.58232856278521,110.53448262313916,6865700
2021-03-31,110.0536880493164,110.72302177544032,109.88399730238223,110.072546572542,8504100
2021-04-01,109.72374725341797,110.33651985857202,109.37493646158075,110.23281954728041,6676400
2021-04-05,110.48735046386719,110.82673198808929,110.10083701220418,110.27995703677136,7190900
2021-04-06,110.06312561035156,110.94928926587647,109.9028641129455,110.62875907864458,5206700
2021-04-07,109.81800842285156,110.37421978723505,109.53519530220548,109.99712843395429,5753200
2021-04-08,109.9876937866211,110.46848541832243,109.83686156814595,110.13853319751524,4292400
2021-04-09,111.19438934326172,111.26037979278762,109.98770272769113,110.05369317721703,5919100
2021-04-12,111.30752563476562,111.5337775907482,110.91158291369112,111.03413455809418,8279500
2021-04-13,111.76944732666016,112.08054822943758,110.85500314163399,110.9587034425598,6519600
2021-04-14,111.76001739501953,112.21252122866245,111.56203887632965,111.63745857940972,6226600
2021-04-15,113.67375183105469,114.00370405434487,112.20309633344574,112.20309633344574,8438300
2021-04-16,114.52222442626953,114.65420533734796,113.86231267845714,114.25825541169245,7447400
2021-04-19,114.55049896240234,114.5787795572201,113.96600696396253,114.30538848661534,7094300
2021-04-20,114.99358367919922,115.28582608954075,114.02257101410379,114.02257101410379,8063900
2021-04-21,116.3510971069336,116.41708755751519,115.29524989762807,115.35181108600668,9635900
2021-04-22,115.83259582519531,116.52078088397283,115.38951402965455,116.25681909745985,10030800
2021-04-23,116.59619903564453,116.86016081863355,115.53092264217625,115.77602590214082,4974500
2021-04-26,116.20027160644531,116.5396531412201,115.98344171773138,116.53022387847078,6907100
2021-04-27,115.53092193603516,115.92686460809861,115.3423726690389,115.90800608518943,7034700
2021-04-28,115.18212127685547,115.47436367577747,114.97472066119997,115.34238277352755,6788100
2021-04-29,114.72018432617188,115.33294969817915,114.09798249977621,115.30466910469198,8148900
2021-04-30,114.38079071044922,114.93699483659906,114.17339012360733,114.26766115605763,7153400
2021-05-03,115.68177032470703,115.80432197106788,114.84274574846556,115.00300725349594,13179100
2021-05-04,115.80430603027344,115.88915499870518,115.0124206844792,115.51206365633782,16186300
2021-05-05,116.01171875,116.3699587992693,115.77603753544699,115.96458682254134,16713700
2021-05-06,116.16255187988281,116.17198114183113,114.75789393120263,115.35180797039558,16115000
2021-05-07,116.96388244628906,117.57665509277743,116.3888196603068,116.43595878404453,7576700
2021-05-10,117.11470031738281,118.01971522557649,117.06756120232744,117.38808416896266,8846700
2021-05-11,115.85144805908203,116.99214418392982,115.58748627051153,116.50193046121596,11357800
2021-05-12,114.75788879394531,115.80430666594047,114.64475923288838,115.22925117638711,10946500
2021-05-13,115.79489135742188,116.32281495500493,114.78617608780019,114.96528891274039,11228000
2021-05-14,116.37937927246094,116.76589991138596,116.08713687199945,116.46422824859414,6590400
2021-05-17,116.16255187988281,116.78474651250121,116.08713216913529,116.24739366015916,5997700
2021-05-18,116.20027160644531,116.86960541324557,115.73833123318957,116.1248518892909,9202000
2021-05-19,116.00228881835938,116.07770133566645,114.62590428931937,115.44607744965097,10063000
2021-05-20,117.21839904785156,117.7180492371847,115.96458052080355,115.96458052080355,7522700
2021-05-21,117.23724365234375,118.46278863288177,117.14297262132206,117.60490570802143,8423300
2021-05-24,117.35037994384766,118.07627483605964,117.30324082942053,117.84059364876212,4958800
2021-05-25,117.0015640258789,117.52948756051691,116.8695831422194,117.52006549198319,6798500
2021-05-26,116.32281494140625,117.0110072245348,115.82317193769218,116.9732973686519,6848800
2021-05-27,116.06827545166016,116.6621894632933,116.00228500592314,116.56791842544315,8102900
2021-05-28,116.52079010009766,117.48237347550125,116.44537038586604,116.51136083771375,10059900
2021-06-01,114.60704803466797,116.69989813894395,114.5127769977694,116.66218828570071,13368300
2021-06-02,114.38079071044922,115.00298527855612,114.10739968165026,114.71074292023461,13245100
2021-06-03,114.72959899902344,115.0312706308034,113.702032475667,113.9565649930611,13244400
2021-06-04,115.0972671508789,115.67232985312951,114.96528625453477,115.33294835041049,11228900
2021-06-07,115.51205444335938,116.53019882882064,115.18210224226135,115.38007356292017,13978500
2021-06-08,115.15384674072266,115.86089040815351,114.26768304263487,115.79489995355677,10799500
2021-06-09,116.26624298095703,116.46421431168419,115.4460698744426,115.4460698744426,7965600
2021-06-10,118.25540924072266,118.38739014628794,116.50194041830407,116.54907234605172,9350900
2021-06-11,117.41638946533203,118.13285521257957,116.82246817369919,118.07629402001272,6958100
2021-06-14,117.52008819580078,117.53893952892888,116.69048568976223,117.35039742796745,5156000
2021-06-15,117.55778503417969,117.8217540318277,117.0581420182234,117.64263401010005,5409100
2021-06-16,117.10527038574219,118.27424706975039,116.77531815950024,117.68033306251489,11653200
2021-06-17,118.00086212158203,118.3119630334283,116.87902449442106,116.89787582585744,6527000
2021-06-18,116.65277099609375,117.2844021122171,116.492509497677,117.12413342138053,11152600
2021-06-21,118.05438995361328,118.27206597137089,116.59692745782955,117.0228134350544,6655400
2021-06-22,118.30990600585938,118.47079287127332,117.73259928126974,118.13008702658153,7194000
2021-06-23,117.81777954101562,118.42347725400377,117.77046369435216,118.14901934960503,6506600
2021-06-24,118.4234848022461,119.25632462605422,118.29098887036511,118.50866488444771,7029200
2021-06-25,118.96293640136719,119.32257441094364,118.30992279013837,118.37617075708874,8344200
2021-06-28,119.14274597167969,119.29417401013913,118.68847629727391,119.08596406750054,4631400
2021-06-29,119.27525329589844,119.64435014931524,119.00079536532161,119.15222341825516,6165500
2021-06-30,119.19952392578125,119.44559086988045,118.74525426642923,119.15220808069536,8542700
2021-07-01,120.25951385498047,120.34469393978985,119.2373961601898,119.28471923180467,12021000
2021-07-02,121.41410064697266,121.52767888869101,120.20271252292108,120.41092245160453,12327900
2021-07-06,121.30055236816406,121.31001120577946,120.43932881352494,121.05449262140245,11413100
2021-07-07,122.06713104248047,122.06713104248047,120.86520165972428,121.31000528198973,18435700
2021-07-08,121.39521026611328,121.48984197435338,120.2973784755092,120.9314672405198,8386600
2021-07-09,121.8116226196289,122.18071947298664,121.53715746860902,121.8305402955121,5224200
2021-07-12,122.04824829101562,122.65394618452784,121.71700116321401,121.81164732572215,9097900
2021-07-13,121.93463897705078,122.33212676467117,121.64125616530524,121.89678918626592,9698800
2021-07-14,121.82108306884766,122.31321702682521,121.60341426552023,122.20911204419484,7487000
2021-07-15,121.39521026611328,121.69805194984639,120.64755045433722,121.16806817258231,8750600
2021-07-16,121.72643280029297,122.17124367091887,121.31001288387948,121.70751512480048,6511000
2021-07-19,120.44878387451172,121.50875851362686,119.46453047735271,120.9314517357724,19460400
2021-07-20,121.91571044921875,122.60658098708346,120.83680377524288,120.83680377524288,15053700
2021-07-21,122.11447143554688,122.44571851556222,120.7989708359306,122.40785427963057,8295700
2021-07-22,123.01353454589844,123.01353454589844,121.8873119635983,122.21855899638282,9261100
2021-07-23,124.43313598632812,124.5561730702007,123.38262745741848,123.53405549280437,8303800
2021-07-26,123.62871551513672,124.44262324556495,123.22175442943565,124.08298523136035,6626500
2021-07-27,124.20600891113281,124.20600891113281,123.12710942604605,123.4583420087907,9551600
2021-07-28,124.65084075927734,125.01046435429562,123.71389587438873,124.02621083601827,7432600
2021-07-29,124.95365905761719,125.14293687867506,124.58456225221413,125.05776402534482,5662700
2021-07-30,125.06722259521484,125.53096553064344,124.57510314970878,124.7454488560058,6634400
2021-08-02,125.23759460449219,125.72972853758327,124.86849776491724,125.55936837417838,8366300
2021-08-03,126.9789810180664,127.0168452525117,125.20921074356558,125.29438360960617,7701700
2021-08-04,126.43953704833984,127.26290362637931,126.27863571516116,126.48684567941984,8322100
2021-08-05,125.91900634765625,126.36381721075786,124.9631294354291,126.34488509461195,8240900
2021-08-06,125.8149185180664,125.9758054248009,125.01046954341851,125.86224159439428,6923700
2021-08-09,126.29756927490234,126.5341701969014,125.90008145886083,125.99472760405015,9852500
2021-08-10,126.0041732788086,126.61932983535243,125.5215126471037,126.36381126378835,5832600
2021-08-11,124.75493621826172,126.40166932893399,124.65083123900295,126.20293264915048,14512500
2021-08-12,125.73916625976562,125.84327121964918,124.79276278481359,124.87793563172623,8220300
2021-08-13,126.52469635009766,126.5530873020918,125.90006652428147,126.05149456223192,7922900
2021-08-16,127.96322631835938,127.98214399126348,126.08933695089173,126.52468892420478,8404200
2021-08-17,129.4774932861328,129.4774932861328,127.55629485028972,127.62255004372052,13874500
2021-08-18,127.50897216796875,129.44910272805166,127.43325813566099,129.30714794308403,12427700
2021-08-19,128.08627319335938,128.74875289465345,126.62881785051242,126.66666764445448,11669200
2021-08-20,128.81500244140625,129.2030314069398,127.76449380360434,128.20930467805033,7252700
2021-08-23,128.86231994628906,129.63836340286122,128.82445571466712,129.54373170575263,8471300
2021-08-24,128.4080352783203,128.88123708481348,128.03893844689455,128.8623194100544,6548100
2021-08-25,128.05787658691406,128.3512594101859,127.52789284926513,128.28501866346667,6918500
2021-08-26,127.55628204345703,128.4175128257386,127.31022229465098,128.1335888442094,5972100
2021-08-27,127.4143295288086,128.1903730216883,127.20611956806613,127.84020828815497,8679200
2021-08-30,128.13356018066406,128.59730306145468,127.29126170316668,127.30072053874473,6417200
2021-08-31,127.96322631835938,128.7582018094823,127.50894223117054,128.16196297065426,9299100
2021-09-01,128.00108337402344,128.18090236362573,126.78968795467092,128.06733855586535,10571100
2021-09-02,129.3734130859375,129.3923452078274,128.33237743763794,128.47433224936768,6847800
2021-09-03,129.515380859375,129.69518547185308,128.62575887342211,129.2409156385286,5632800
2021-09-07,128.7582244873047,129.24088516885934,127.91592578362643,129.03267520246928,8739100
2021-09-08,128.701416015625,128.9096259390453,128.16195909377115,128.50266492837062,6986200
2021-09-09,127.21556854248047,128.81499291645986,127.13985452253776,128.52161011478984,8905600
2021-09-10,126.05147552490234,127.78339553983888,125.98522035294073,127.66981730804329,10561600
2021-09-13,125.27545928955078,126.78971106017715,124.64137051238134,126.71399702754832,11676700
2021-09-14,125.25654602050781,126.15562672303359,125.03886275367293,125.86224386188077,10436300
2021-09-15,126.07042694091797,126.65719253798761,124.90634014283313,125.09561797018083,10299900
2021-09-16,125.7486343383789,126.46791027443118,124.8874180880105,126.23130938830283,10525700
2021-09-17,125.87168884277344,125.97579382471845,125.0483222661918,125.64454676190049,13541400
2021-09-20,124.5582046508789,125.66941150378231,123.47550328689879,124.44424066262631,17245000
2021-09-21,124.74815368652344,126.03029192442065,124.72915485942497,125.12804327733915,11741800
2021-09-22,124.95708465576172,125.58390096794975,124.35874484354942,125.11853844010238,11964100
2021-09-23,125.85932922363281,126.59061731332424,125.147025466657,125.24199060580622,10366500
2021-09-24,125.34645080566406,126.11573647332372,125.08052525367938,125.65037400327839,6962600
2021-09-27,123.56096649169922,125.13752115623991,123.29504091012092,124.98557403237896,11631400
2021-09-28,121.44304656982422,122.7726817215657,121.02515937318095,122.7726817215657,17433400
2021-09-29,122.40229797363281,122.97213235736402,121.73746945482472,121.98441073044792,11171400
2021-09-30,120.90169525146484,123.57994987151783,120.79722345294657,122.81066412418194,21653100
2021-10-01,120.93019104003906,121.50003262533541,118.98322444052023,121.06315383507724,23188900
2021-10-04,119.08769226074219,121.0536503741243,118.48935970307933,120.43631899156054,27580700
2021-10-05,119.80001068115234,121.01567477005047,119.41062167420662,119.57207547596633,19151800
2021-10-06,119.5815658569336,119.68603041505887,118.2424312300176,119.1351876479616,21322100
2021-10-07,121.16761779785156,121.94639569215529,120.17988906581324,120.40782423599796,15806400
2021-10-08,120.5597915649414,121.56651192310744,120.31285755873755,121.33857674211167,9552300
2021-10-11,119.61955261230469,121.09165008027976,119.58156945144229,120.4553270698613,7843400
2021-10-12,119.04022216796875,120.1229307429242,118.74580554658121,119.99946009839664,13007200
2021-10-13,119.23014831542969,119.77149886233124,118.49884575895761,119.23964772739028,10609000
2021-10-14,120.939697265625,121.41456651622839,120.46482801502161,120.46482801502161,8857900
2021-10-15,121.53802490234375,122.08887491651664,121.31008971390044,121.56651589515803,8976100
2021-10-18,120.71173858642578,121.12962576441214,120.18938685987116,121.00616239179267,11660700
2021-10-19,122.29781341552734,122.6112288152482,121.36706662888236,121.36706662888236,9487000
2021-10-20,124.04533386230469,124.22578647825104,122.91514283978435,123.02910681117866,13665700
2021-10-21,124.54869079589844,124.62467160545701,123.3995009776293,124.30176403372631,8267500
2021-10-22,125.05205535888672,125.0995451780064,124.24478640128478,124.43473118590535,8009700
2021-10-25,125.20401763916016,125.33698043827684,124.14031524622668,125.1090380004233,10629700
2021-10-26,125.82131958007812,126.18222475326876,124.80510718609938,125.4889198869576,9271600
2021-10-27,124.8241195678711,126.15376211472157,124.786136405668,126.02079930922241,11851400
2021-10-28,125.86881256103516,126.35317386473508,125.05203706398726,125.05203706398726,9282500
2021-10-29,127.093994140625,127.25544792261071,125.22300841429441,125.7073697602516,15415100
2021-11-01,126.94202423095703,127.7303087563401,126.45764842479097,127.20794979471803,14356700
2021-11-02,127.73982238769531,128.3761454144697,126.32470687056914,127.43589912555059,20851500
2021-11-03,128.4901123046875,128.53760212695656,127.01802925736088,127.49289849633311,14610000
2021-11-04,127.60685729980469,128.39514194354422,126.72359301538002,128.1956904948488,15818500
2021-11-05,126.18223571777344,126.98001244081165,125.27048054011767,126.45765345839725,14867300
2021-11-08,126.93253326416016,127.09400154741323,125.91632069670779,126.41018872982401,8948800
2021-11-09,126.46715545654297,127.08447955455878,126.22021422385154,126.97051559599743,7287000
2021-11-10,126.82804870605469,127.34091551360567,126.4101760189755,126.4291603512132,8445400
2021-11-11,126.45770263671875,126.89458881696399,126.15379378721721,126.80911581165378,8597300
2021-11-12,127.08450317382812,127.37891978273461,126.38170597627305,127.2649558029925,8317600
2021-11-15,126.29618835449219,127.44537801274635,126.17273223652515,127.37888937919396,6268900
2021-11-16,126.82804870605469,127.51186145488488,126.04927082046606,126.26770657605283,6150900
2021-11-17,127.00851440429688,127.50238243868843,126.41968122335267,126.97053124404745,8229000
2021-11-18,127.05601501464844,127.3789226256974,126.61914342131381,127.14148800136267,9029300
2021-11-19,126.2867202758789,127.86328954871652,126.1727563016019,127.435895661461,10166100
2021-11-22,125.71687316894531,126.90404622370036,125.55541937252165,126.46717465499131,11146200
2021-11-23,125.8498306274414,125.98279342425363,124.74814509322212,125.12803465786905,12075200
2021-11-24,125.8023681640625,126.03029612941314,125.17553727562937,125.61240887045771,6760800
2021-11-26,125.33697509765625,126.99901726172413,124.90008906668392,126.2582224850882,11896900
2021-11-29,125.67889404296875,126.52416070542023,125.5459312362413,126.02080047339065,17137100
2021-11-30,123.20956420898438,125.52692832966093,123.02911158603453,124.95709395871563,19467000
2021-12-01,122.99112701416016,125.45094607639734,122.97212818778897,123.79841047856402,22241400
2021-12-02,123.58948516845703,124.09284545290642,122.36431429358171,122.9531620634335,17531100
2021-12-03,123.81739044189453,124.92858262971647,122.79167123193784,124.4537134302101,22111900
2021-12-06,124.52020263671875,125.06154599083527,123.95035379799383,124.14031307214077,15230900
2021-12-07,126.12525177001953,126.42916049659537,125.19451227431911,125.36545821579489,11974700
2021-12-08,127.07499694824219,127.16046992359317,125.84982633411492,126.48614930371245,15144700
2021-12-09,127.3694076538086,127.78729483651746,126.85655533348387,126.95152047109974,9095800
2021-12-10,127.81580352783203,128.0817291369546,126.9800290466703,127.03701103550245,8554300
2021-12-13,129.02200317382812,129.38289401132587,127.81583101401701,127.81583101401701,12201800
2021-12-14,128.4995880126953,129.1738940541754,127.86326512476606,128.42360721373808,11070800
2021-12-15,131.13038635253906,131.19686050401683,128.66106074388344,128.7750247131926,14996300
2021-12-16,131.90914916992188,132.57396306775425,130.88343008818504,131.12086465825774,19227500
2021-12-17,130.98793029785156,132.0516327651644,130.47507789164266,131.24436374688563,21504200
2021-12-20,130.19471740722656,131.11950531782915,129.0697260795135,130.71908393605574,16185700
2021-12-21,130.73814392089844,130.79534489202825,129.3557192300227,130.56652645995786,10773400
2021-12-22,132.26353454589844,132.33980734393282,130.44257422769184,130.67137807424623,7246000
2021-12-23,132.80699157714844,133.23601339772037,132.21588094558967,132.6067736355211,7743800
2021-12-27,134.2084503173828,134.2084503173828,133.14064572594253,133.28366267310196,6968900
2021-12-28,133.85569763183594,134.57073878274863,133.5029486526015,134.3323917324444,6065900
2021-12-29,134.61839294433594,134.89488363202213,133.62687574973276,133.7222058284662,7103600
2021-12-30,134.89491271972656,135.36206366561245,134.7232952649241,134.86631223518458,7931700
2021-12-31,134.32284545898438,135.24763305659937,134.27517314567015,134.73280989642953,7882800
2022-01-03,132.94046020507812,133.9987217468481,131.79639721202818,133.7508314908613,15122300
2022-01-04,131.1862335205078,132.79744749835237,130.62372337756784,132.64491642925663,14304500
2022-01-05,130.25189208984375,132.2635417870442,130.20423431756825,131.4722278301071,15370700
2022-01-06,128.7455596923828,130.23285777655613,128.5167557929347,129.4415436800098,15182000
2022-01-07,128.0877227783203,128.67881886381687,127.82077522051215,128.44047179094878,9619400
2022-01-10,129.4033660888672,129.479638884547,127.22011368428197,127.52519031945296,15589900
2022-01-11,130.43299865722656,130.45207048888798,128.70736885426913,129.59401263466577,12168300
2022-01-12,130.0612335205078,130.26145146963378,129.49873790030114,129.68941265574645,10831800
2022-01-13,128.0400390625,129.9944877956408,127.81122065578636,129.83239899866683,13804900
2022-01-14,127.82076263427734,127.95423640003857,126.50508226638155,127.6968175133743,14341800
2022-01-18,126.02841186523438,126.76252498873411,125.7042633085132,126.56230702866976,16471400
2022-01-19,125.51356506347656,127.2582674146895,125.3896344756387,126.26674997423108,14639600
2022-01-20,124.69364166259766,127.10572729652114,124.61738340514756,125.81864735191236,15127800
2022-01-21,123.4351806640625,125.46590233739522,123.23496272614285,125.07500965470244,25804800
2022-01-24,123.02520751953125,123.23495408834528,119.0972527718312,122.31970955856542,37938000
2022-01-25,122.23391723632812,123.28263561113563,120.38433437996707,121.39493089844166,19326800
2022-01-26,121.59512329101562,123.54003595415433,120.64173515852258,122.4341022290508,29557400
2022-01-27,121.90975952148438,123.78792828520339,121.50933092389752,122.18624298995675,18483600
2022-01-28,124.39810180664062,124.44577413134087,120.94684080209731,121.80489173027333,20906800
2022-01-31,125.11311340332031,125.34193177915871,123.92137830581372,124.16926851652553,19044400
2022-02-01,125.44683074951172,125.67564917222737,124.44577015301273,125.56123268709426,14674800
2022-02-02,127.13434600830078,127.43942272449283,125.10362410821597,125.36104304355611,13595200
2022-02-03,126.59088897705078,127.06758309567127,126.35254191774055,126.96270980767277,13805600
2022-02-04,126.1332778930664,127.01992204958198,125.20849005704727,125.43730849141483,12004100
2022-02-07,125.91397857666016,126.61947648951553,125.56121507268395,126.18092609193762,9229200
2022-02-08,126.94367980957031,127.16296965064849,124.96064442435528,125.24664935175326,11071600
2022-02-09,127.92564392089844,128.19260604702993,127.4203492509049,127.55382304019467,10811000
2022-02-10,125.92350769042969,127.55379326855626,125.42774178268805,126.44787407866139,14393300
2022-02-11,124.17881774902344,126.70529075560736,124.02627213983912,125.75190251953042,13072300
2022-02-14,122.91081237792969,124.15974866730863,121.98602460460094,123.92140160299813,14386900
2022-02-15,124.29322052001953,124.77945783412858,123.663995336105,123.97860065428722,8969900
2022-02-16,124.48391723632812,124.83666625189221,123.31123915382148,123.65445952350984,8779200
2022-02-17,122.48178100585938,124.04533704372055,122.30063492352285,123.97859288810218,11906800
2022-02-18,121.56653594970703,123.02521151249638,121.15657871747604,122.36738584991932,13505600
2022-02-22,121.26145935058594,122.25297677468045,120.45107348227296,121.13751421724255,13682100
2022-02-23,120.65129089355469,122.30064856036213,120.53688168030503,121.88115538555543,12022800
2022-02-24,121.13751220703125,121.3853951958291,118.27734737463776,118.49662987891573,23220000
2022-02-25,124.84617614746094,125.15126734027464,121.54745399979367,121.68092775976248,17012300
2022-02-28,123.90234375,124.04534616891745,122.46271817766336,122.84408220736026,17987700
2022-03-01,123.21590423583984,124.26462259566146,122.2625159737018,123.25403336540319,14064200
2022-03-02,125.07501220703125,125.7519097469215,123.59725744667037,123.75933171041241,12395600
2022-03-03,125.71378326416016,126.44789633690824,124.64599301110918,125.62798180758665,11172600
2022-03-04,126.34300994873047,126.45741187897376,124.07394134857427,124.4457621694146,12160400
2022-03-07,124.14069366455078,125.79005130666613,123.57818352627163,125.55170423796244,15704000
2022-03-08,121.60467529296875,124.23602164956561,121.52840248657532,123.32077706794512,21794600
2022-03-09,123.90234375,124.54111213374829,122.6724647571091,123.5877238808314,15576500
2022-03-10,123.85465240478516,124.12159991079692,122.27202465660972,122.4054984096156,10708800
2022-03-11,122.92988586425781,124.91293521160985,122.80594073393878,124.18835081596073,9869100
2022-03-14,123.79747009277344,125.58030146521943,123.43517790252444,123.92140067295057,14373200
2022-03-15,126.26676177978516,126.40023557362531,124.58878888859175,124.79853549999092,14374100
2022-03-16,127.78262329101562,127.80169512892779,125.60889929062512,126.90550786520453,13840400
2022-03-17,129.80380249023438,129.8610180043266,127.2392003557739,127.41080325540064,10973100
2022-03-18,130.60467529296875,130.76674956674933,129.33666704186595,129.72755975674647,11364200
2022-03-21,130.50518798828125,131.662378040604,129.89311678390567,130.54343605414846,11473100
2022-03-22,130.5338897705078,130.8207867733938,130.05570864179123,130.63909020254266,8892100
2022-03-23,128.19078063964844,130.1513260341675,128.15253257320182,129.91223548832198,10013400
2022-03-24,129.7209930419922,129.7209930419922,128.39164991338467,128.6689885835552,7189200
2022-03-25,130.32350158691406,130.54346084150535,129.3288765703658,130.160921738483,7040100
2022-03-28,131.27029418945312,131.3085568564513,130.07484122206543,130.54346403873683,8467000
2022-03-29,132.04493713378906,132.88652595408732,131.26071311820363,132.36052382082016,12327700
2022-03-30,132.30313110351562,132.82913318382737,131.63368054354058,132.06404057545828,10752900
2022-03-31,131.0120849609375,132.75265686796033,130.78255274106272,132.0258267277542,15843000
2022-04-01,132.04493713378906,132.0927435698713,130.49562043280858,131.37547191348764,20785700
2022-04-04,130.9451141357422,131.9779870902084,130.63908581197228,131.74845490268385,16769500
2022-04-05,131.2224578857422,132.78131827730718,130.54343433388624,130.61038668943232,15025100
2022-04-06,133.2212677001953,133.53686900179872,130.80167231416618,130.8877414165316,23197800
2022-04-07,135.7843017578125,136.1285927352737,132.74307695101274,132.74307695101274,18160200
2022-04-08,136.59722900390625,137.16147925837058,135.5930456707336,135.79388817454037,19102700
2022-04-11,133.88116455078125,136.75980984011463,133.68032204551116,136.2051179511499,16570700
2022-04-12,132.5805206298828,134.33066552614798,132.00669736808277,133.54644137455006,14085400
2022-04-13,133.2308349609375,133.36472510452924,131.88236056216508,132.57094261290288,15496400
2022-04-14,132.5900421142578,134.0341436443724,132.4944000662544,133.3551347195022,10993400
2022-04-18,131.1268310546875,132.76221695267805,130.5721391884957,132.45617402253217,10125000
2022-04-19,132.37966918945312,132.8482919747742,131.42330687952244,131.47112791360513,11733100
2022-04-20,134.15850830078125,134.67495213801263,132.59007464206996,132.74309611924454,13674800
2022-04-21,132.67611694335938,134.68448329492338,132.37964701181755,134.53146184866685,11409700
2022-04-22,127.83695220947266,131.51895305486244,127.70306206561837,131.48069038922907,17525300
2022-04-25,128.69764709472656,128.9749856662304,126.02938882347205,127.46393188756643,16501900
2022-04-26,126.43109130859375,128.6115961535494,126.24938013935905,127.92301414009705,20087700
2022-04-27,126.15373992919922,127.43526176092738,125.53209575021783,126.41194721347577,16726700
2022-04-28,127.89432525634766,128.31512699980578,125.86684186651897,127.04316339996387,15510700
2022-04-29,124.60443878173828,127.3109458665567,124.4131692385812,126.65105353867362,17430200
2022-05-02,123.82977294921875,125.19737847668604,121.82141379857961,124.49922356727697,23615100
2022-05-03,124.2219009399414,125.41735383781324,123.78196785263498,124.21234257021354,13585300
2022-05-04,126.97622680664062,127.43527662516097,122.97862479960621,124.0210562055312,19053500
2022-05-05,124.5088119506836,126.48847435164244,123.22728995267828,126.35458421144682,16119800
2022-05-06,124.11668395996094,124.460974932381,122.67258230524486,123.30377026057418,21742300
2022-05-09,120.90331268310547,122.75865776439456,120.43469722830844,122.72996806461624,17289800
2022-05-10,121.33367156982422,122.6247590446622,120.21472228159791,122.16570199097137,21850200
2022-05-11,120.53033447265625,123.45680065368586,120.38687867434862,120.73116967170093,19987300
2022-05-12,121.69708251953125,121.77359324201122,119.81304793313058,120.0903938297724,17497100
2022-05-13,122.9881820678711,123.37072110233473,121.96486753164127,122.50042801706188,9841500
2022-05-16,123.89673614501953,124.73832502722456,122.81604210016899,122.8447318011004,8839800
2022-05-17,125.59905242919922,125.6564318276792,124.26013656197225,125.18780908521035,9058700
2022-05-18,122.35699462890625,125.05392871847188,121.9648825847821,124.74790037171611,10005000
2022-05-19,122.6247787475586,123.37074019525822,120.941579008861,121.38150480374885,9672800
2022-05-20,124.11668395996094,124.38446420596222,121.77359951098533,123.44723334495775,12833700
2022-05-23,125.20694732666016,125.6946868335909,124.69051811890587,124.9487254263179,9196500
2022-05-24,125.5799331665039,125.79033404310219,124.04018925663321,124.84353009840989,9031300
2022-05-25,125.54168701171875,126.36415919836202,124.36535084015837,125.49386597668335,8532400
2022-05-26,126.07723999023438,126.55542112593596,125.49385842096122,125.85728075383209,9090100
2022-05-27,128.17164611816406,128.20033581225033,125.7711680314839,126.2971700779433,13696000
2022-05-31,126.45977020263672,127.2726839135538,125.43647023224503,127.04315173104177,11740800
2022-06-01,124.6427001953125,126.93796387602552,123.64807523218775,126.91884713695318,9259900
2022-06-02,125.62773895263672,125.65642865115144,122.57694120518545,124.80526687838004,9575400
2022-06-03,124.15496063232422,125.3121508418078,123.99236619975258,124.7574589573633,5852600
2022-06-06,124.174072265625,125.30258732010813,123.83935423057295,125.04436542403428,7729000
2022-06-07,125.7903060913086,125.9146378342883,123.72456044897035,124.17405180428268,7219100
2022-06-08,124.79569244384766,125.89550299313515,124.44182855284014,125.43645328306779,5372000
2022-06-09,121.97442626953125,124.79569891549939,121.94573657322219,124.3748972457294,7772900
2022-06-10,120.0138931274414,121.13284247185753,119.54527768193833,120.53032960260315,11289000
2022-06-13,116.37972259521484,118.35939212781936,115.89197581284422,117.64212045228925,14886200
2022-06-14,115.27034759521484,116.5423112135724,114.44787542819157,116.24584123352867,9299500
2022-06-15,116.43710327148438,117.66124577704794,114.65826891294205,115.90154274941654,10301600
2022-06-16,114.72521209716797,114.80172282662744,113.56801467583627,114.30441038160562,9383300
2022-06-17,114.65827941894531,116.47536930934243,114.62002405008305,114.76347985920016,13724900
2022-06-21,117.74500274658203,118.27322551693975,115.88183229542668,116.26598631684871,7987200
2022-06-22,119.37767028808594,120.69341301842037,116.93825448454005,116.99587611440367,10188900
2022-06-23,122.05718994140625,122.15323576974708,119.93470756044334,119.93470756044334,11943300
2022-06-24,124.08363342285156,124.10284551936522,122.12442455999853,122.95036885565544,10448100
2022-06-27,124.54462432861328,125.07284708716962,123.68986919368983,124.08363658229877,8963600
2022-06-28,122.3741226196289,125.41858777584532,122.14362875342715,124.79433386018505,7518700
2022-06-29,123.4401626586914,124.0548178326584,122.34530767210846,122.53738466624779,9157700
2022-06-30,123.16165161132812,123.86273922534664,121.865106272337,122.79669506904186,10697600
2022-07-01,124.54462432861328,124.70790517133307,121.83630483266221,123.20966935037247,9366600
2022-07-05,123.82432556152344,123.85315103452811,121.17362768068297,123.3441257143362,9987000
2022-07-06,124.65988159179688,125.30334761986884,123.7763156433457,123.99720346682446,9033300
2022-07-07,125.1881103515625,125.35137654670628,124.41017426241363,124.47740927752176,6805500
2022-07-08,125.5626449584961,126.81115267488478,124.70788992805097,124.83273190696917,6505800
2022-07-11,125.24571990966797,125.94680753990455,124.7270959002603,124.86155126297054,7027300
2022-07-12,123.65145111083984,125.69710699148403,123.09441757253416,124.8519506361878,9280400
2022-07-13,122.4509506225586,123.44016105130352,122.13401699181482,122.60461807768317,9296500
2022-07-14,122.0956039428711,122.27808221971611,120.270850483492,121.0487718493803,7784800
2022-07-15,125.04402923583984,125.10165086907121,123.36332987875991,123.91076470352867,9684800
2022-07-18,122.40292358398438,125.28412232501752,121.9899514713456,125.16887906482727,7047700
2022-07-19,124.48699951171875,124.69828860974323,123.17125666409568,123.70907813014495,6585700
2022-07-20,123.25768280029297,124.47739441192398,122.75827822559162,124.31412823627812,7599500
2022-07-21,125.20731353759766,125.20731353759766,123.30572609304613,123.62265977622764,9507700
2022-07-22,124.68868255615234,125.73551460918944,123.92995866117316,125.4954147077845,8657100
2022-07-25,125.34175109863281,125.57225228668473,124.66947428498405,124.78471755174228,5489000
2022-07-26,125.98522186279297,126.763157906454,125.3609679381839,125.69711368499556,7482400
2022-07-27,126.77276611328125,127.33939844472899,125.32256777655813,125.9084122061419,7680700
2022-07-28,127.57948303222656,128.51107184349962,124.77511787776267,126.93601704018332,11052600
2022-07-29,127.15690612792969,127.3874073165348,126.26374149933888,126.93601831460113,8309500
2022-08-01,126.21572875976562,127.13771893396459,125.9276059144199,126.44622996694953,7665400
2022-08-02,125.7643051147461,127.54104996002197,125.69708477356663,126.52302888719552,7935100
2022-08-03,126.91678619384766,127.41619802976123,126.1004554235913,126.44619982468022,6825700
2022-08-04,126.29255676269531,127.24335771281548,126.09086638374764,127.21454689504239,5493000
2022-08-05,126.2445297241211,126.30215135778492,125.20729635456557,125.50501789818571,8883400
2022-08-08,126.54224395751953,127.37780156098229,125.89877799455327,126.48462232718444,7075100
2022-08-09,126.1581039428711,127.31058064067904,125.86038238351215,126.70552414615194,5802500
2022-08-10,127.53147888183594,127.62752472055419,126.79198161094786,127.50266806112796,6736300
2022-08-11,126.70552825927734,128.3958411485006,126.43661750954396,127.1473185792889,8471400
2022-08-12,128.32859802246094,128.3862196573993,126.80156607845134,127.01285517624919,7515500
2022-08-15,128.97207641601562,129.14495599196007,127.80040219922427,128.26138997751409,7486100
2022-08-16,128.62631225585938,129.0585038023838,128.1269150117776,128.69354726248673,7138400
2022-08-17,127.87720489501953,128.6167167135186,127.68512789989306,127.87720489501953,7251800
2022-08-18,127.31060028076172,128.09813518272009,126.62872460178659,127.83882312298519,7053600
2022-08-19,127.65631866455078,128.27097384929007,127.12809593050869,127.31057420722647,5946500
2022-08-22,125.98522186279297,127.2721685599441,125.5626583171781,126.86880245649172,6420400
2022-08-23,124.22771453857422,125.562669615792,123.8819700395699,125.42821423587573,7501900
2022-08-24,124.38134765625,124.86154745909101,123.92995866921663,124.35253684044233,6719500
2022-08-25,125.75473022460938,125.79313976191389,124.03560667588998,124.9095738585558,5636600
2022-08-26,122.24927520751953,125.80275839258734,122.15323670571078,125.79314501695805,9044500
2022-08-29,121.39452362060547,122.15324026334736,120.76065630112431,121.50976689522516,6727700
2022-08-30,120.5877685546875,121.8266848884056,120.29004703051514,121.8266848884056,7910500
2022-08-31,119.81946563720703,121.74026498933227,119.80025354041568,120.98154836597064,8954500
2022-09-01,121.78829193115234,121.84592089963114,119.46412625694212,119.62739245854982,11212400
2022-09-02,120.04033660888672,122.60460895274039,119.52171997734104,122.48935836997457,9730300
2022-09-06,120.15559387207031,121.66342094257041,119.81945547939846,120.5109443599048,9663400
2022-09-07,122.11481475830078,122.31649780188746,119.74262649326526,120.1267878117832,9038300
2022-09-08,124.23728942871094,124.27569896366025,121.41371233756429,121.6634182783384,9394800
2022-09-09,125.33216857910156,125.66831435664588,124.31414717904708,124.54463374235763,8880400
2022-09-12,126.16767883300781,126.82075811961532,125.47619001402741,125.81233570405777,7982400
2022-09-13,121.99955749511719,124.43898063525808,121.67302515495176,124.16045655047286,11928500
2022-09-14,122.06678009033203,123.12321811906718,121.26004799367621,122.40291846393862,8080100
2022-09-15,122.74867248535156,123.92036118836685,122.47015571764567,122.59501235708447,8624200
2022-09-16,122.40292358398438,122.67184162138534,121.46173609851658,122.36451404876583,10810100
2022-09-19,121.743408203125,121.77233386106688,120.00779516186607,121.62769821488288,9430100
2022-09-20,120.31636047363281,121.10702708555708,119.57390820101719,120.92382878043003,9010600
2022-09-21,118.32040405273438,121.59878036536863,118.29147839293503,120.79846944737004,11642400
2022-09-22,118.9471435546875,119.7570913861899,117.6357931409913,118.13718836671072,9505600
2022-09-23,118.33967590332031,118.55179983051154,116.86440125505057,118.31074289115998,16611100
2022-09-26,117.21153259277344,118.20468608006172,116.69084868209836,117.63579519179932,10450600
2022-09-27,116.85476684570312,118.79285938407911,116.38228993751522,118.03112591266216,13239900
2022-09-28,119.40996551513672,120.00778939092763,117.73221122691602,118.49395206081157,16360000
2022-09-29,118.40717315673828,119.34246791465938,117.60686234169148,119.05320399740177,10791700
2022-09-30,116.77763366699219,119.23641758844511,116.64264235863139,118.41681804364443,12389800
2022-10-03,119.17855834960938,119.63174660687042,117.269391365308,117.6261509543628,9326800
2022-10-04,121.9458999633789,121.99410694302067,119.89208989099915,120.17171685623077,13717900
2022-10-05,122.35086059570312,122.98725445214431,120.71167633667578,121.16486456357043,9913400
2022-10-06,120.788818359375,122.27373011672834,120.47062876288648,121.89768184739904,9399300
2022-10-07,118.2336196899414,120.0849353662395,117.55865579204813,119.87280406565803,10068700
2022-10-10,117.49114990234375,118.67715327205707,117.03796168266852,118.5132363200604,8377800
2022-10-11,118.11790466308594,119.37140373679411,116.95118991612952,117.25009817793985,10792900
2022-10-12,117.53936767578125,119.19784063191241,117.5104420194608,118.49395111672683,9292800
2022-10-13,120.27777099609375,120.84666921061361,115.6591190556145,115.85196902514417,14063600
2022-10-14,119.46782684326172,121.8783963624701,119.10141556819846,120.9816642070656,11442300
2022-10-17,121.38662719726562,121.62768412749398,120.08492124532732,120.22955687475907,8420400
2022-10-18,122.06158447265625,123.22830649643257,121.46376798984966,123.18973650456218,10016700
2022-10-19,120.35492706298828,121.69520326526161,119.30392217541825,121.68555892637814,7676200
2022-10-20,119.33283996582031,121.0202386918668,119.17855997975967,120.1427878232148,7196600
2022-10-21,122.01338958740234,122.34122351606678,118.60966654974466,119.24605308746511,8433100
2022-10-24,124.36609649658203,124.74214474695633,123.03546479190945,123.03546479190945,7411300
2022-10-25,125.31106567382812,125.4556939751671,123.92257512917293,123.99006343214768,7174200
2022-10-26,126.69953155517578,127.87589069018152,125.6581784414174,125.69674108109585,8277100
2022-10-27,126.03421020507812,127.00807489364163,125.84135289309174,126.98878621985355,6496800
2022-10-28,128.10731506347656,128.2037437354056,125.83173670767796,126.2270736644575,6267100
2022-10-31,128.00123596191406,128.50263851995908,127.1527108195222,127.44198209196925,7852800
2022-11-01,128.07838439941406,128.79191829013624,126.70918264663564,128.15552439135286,8033300
2022-11-02,125.89922332763672,129.23544307550677,125.83172032348584,127.77946448183489,10228700
2022-11-03,125.36890411376953,126.0631493147693,124.09611634095367,124.98320416157588,7916600
2022-11-04,126.13063049316406,126.58381871582485,124.35645495203768,126.31383612099901,8082200
2022-11-07,127.48056030273438,127.81803119541145,125.86064999386062,126.33312689914634,6054400
2022-11-08,128.11691284179688,129.10042908530906,126.63200885393704,127.50945947596315,8930700
2022-11-09,126.73811340332031,128.77263479459177,126.58383341323584,127.9144725800526,8963500
2022-11-10,129.95860290527344,130.21894849323368,127.91444497315443,129.6596946845896,12416800
2022-11-11,128.36764526367188,129.8139868909031,126.69952066027606,129.79469821624795,10487200
2022-11-14,128.4833526611328,130.01647131187286,128.43513832917685,128.7533352645481,10552600
2022-11-15,128.31942749023438,129.84290906225783,127.24913412628518,129.3029438899857,8184100
2022-11-16,128.26158142089844,129.50542876406072,128.03979844162416,128.63762966073338,6122200
2022-11-17,128.20375061035156,128.72442721302065,127.14309401405288,127.24915967368274,6498700
2022-11-18,129.7561492919922,129.97791757864448,128.86904671948417,129.29330932904466,6720700
2022-11-21,129.8140106201172,130.3732645837619,129.34153363886116,129.48616194284233,7995200
2022-11-22,130.94215393066406,131.03856789449037,130.10326563896808,130.1225543169135,5931100
2022-11-23,131.4628143310547,131.6556569478931,130.63357783699576,130.9614264698645,5340600
2022-11-25,132.24383544921875,132.34990109458528,131.5978045957857,131.61709327120192,3256000
2022-11-28,131.25070190429688,132.6199038074885,130.99037095497252,131.8388815336141,5026800
2022-11-29,130.92286682128906,131.18321248134495,130.21898455382745,130.97108116025504,5439600
2022-11-30,134.04696655273438,134.13374353248076,130.42146023852882,131.1157055024001,9377400
2022-12-01,134.4326171875,135.14615094510788,133.7094464500535,134.81831707523924,15140200
2022-12-02,134.77975463867188,134.96296026649503,133.0827190837403,133.0827190837403,7779800
2022-12-05,133.48768615722656,134.22049391813852,133.03449795774435,133.91194870252454,6921500
2022-12-06,132.4752655029297,133.66126165473898,131.81959761833576,133.23699904096668,8171500
2022-12-07,133.56484985351562,133.95053511974746,132.43670500119023,132.4752676426335,7427000
2022-12-08,134.7701416015625,134.9244068881833,133.53593103089247,133.7962619780998,6765000
2022-12-09,133.04415893554688,134.9919033753022,133.00559629399473,134.58692943073027,6203000
2022-12-12,134.46157836914062,134.46157836914062,133.13095386544774,133.13095386544774,5669700
2022-12-13,134.87619018554688,136.6985801500193,133.9408880368704,136.29360623713083,9886500
2022-12-14,135.0883331298828,136.22611497665147,133.9505365701642,134.8183504980072,10882200
2022-12-15,132.6102752685547,134.22053425821127,132.13779825329735,133.88306328698596,8746700
2022-12-16,130.68177795410156,131.6942199735573,129.95860718491133,131.60744301236173,10843900
2022-12-19,130.1938018798828,130.88121532525892,129.60319953073602,130.63916542435535,6801600
2022-12-20,130.16476440429688,130.6682323631256,129.45798279044888,130.2422221497747,4815500
2022-12-21,131.87850952148438,132.2851516901366,130.55206566635488,130.9587078350071,5937500
2022-12-22,131.69454956054688,131.73327105471884,129.99050834583065,131.14266854708333,5483300
2022-12-23,131.7720184326172,131.89787437945557,130.80381848755331,131.56868994378794,3766900
2022-12-27,131.43313598632812,132.13024109388613,130.91031454243864,132.02373851429925,7050500
2022-12-28,130.5811004638672,132.5078233572781,130.53270229339236,131.86880795260237,5054200
2022-12-29,132.0043487548828,132.6820856168827,131.09423863724487,131.3943929658607,6297300
2022-12-30,131.5299530029297,131.6945452014381,130.1938325080816,131.55899781598663,6369500
2023-01-03,131.15234375,131.9946727992759,130.15508442256086,131.636443621732,7239200
2023-01-04,131.5009002685547,132.22705009835101,130.64887974072238,131.88817426835695,8469800
2023-01-05,130.15509033203125,130.94902124902555,129.6419456265813,130.62951354634902,6714200
2023-01-06,131.3556671142578,131.71389631823158,129.36117785933894,131.02648272284642,7175700
2023-01-09,129.15785217285156,131.52995358916027,128.9835832937331,131.49121732254034,7719500
2023-01-10,130.2422637939453,130.4455775139729,128.91581979215226,129.10947160454302,7675200
2023-01-11,130.9780731201172,130.99744125350531,129.7291018273896,130.32938100040752,7307200
2023-01-12,130.56173706054688,131.1039265354479,129.29338302815782,130.69728442927214,7580500
2023-01-13,131.14263916015625,131.53960456086347,129.78716556451468,129.84525517953443,6334100
2023-01-17,130.5326690673828,131.2975402035803,130.35838546794446,131.07485844598648,6664100
2023-01-18,128.69309997558594,130.87154926037323,128.56722928937182,130.53268823576138,10629100
2023-01-19,129.00291442871094,129.5160590125759,128.0540682248959,128.31548624215537,9902300
2023-01-20,129.651611328125,129.74842242350493,128.30581448185083,129.29336743191442,5962200
2023-01-23,130.0970001220703,130.8231499593644,129.43863136089735,129.72909425052623,7211000
2023-01-24,129.23529052734375,130.20349021766393,128.4026382027262,129.44829564109858,5754800
2023-01-25,129.27401733398438,129.30306214068546,128.00567819619081,128.37358400558924,5999000
2023-01-26,129.51608276367188,129.69035162476766,128.50914676548894,129.57417238403713,6861100
2023-01-27,128.635009765625,129.4579854010628,128.47041759324836,129.32243803713177,5854600
2023-01-30,127.47317504882812,129.19656931943996,127.27953806505639,128.39296180191008,7055400
2023-01-31,129.11912536621094,129.13849349872385,127.63778086043678,127.76365156143603,6290600
2023-02-01,129.72909545898438,130.52301160623884,128.1509250703595,129.1191248624373,11843000
2023-02-02,128.8480224609375,129.02229132186906,127.92823566772476,128.78024138820487,11274600
2023-02-03,128.47044372558594,129.35150915713362,128.04443341698894,128.93517552880192,10046800
2023-02-06,127.75398254394531,128.5575902884578,127.57971364139418,128.28649547989443,7328300
2023-02-07,128.57691955566406,128.95451683726986,126.86320199750487,127.30858034754087,7551000
2023-02-08,128.1993408203125,128.91579922705364,128.00570381237048,128.11220638277211,5614100
2023-02-09,127.07621765136719,129.01261715843563,126.87288920276043,128.51884060261327,8085700
2023-02-10,128.27679443359375,128.4123418121293,127.07622138545284,127.25049025490304,6198600
2023-02-13,129.34181213378906,129.3515035871947,128.29615454141137,128.29615454141137,6300300
2023-02-14,128.57691955566406,129.74843288704542,127.92822754744664,129.51607442055237,6905900
2023-02-15,127.93791198730469,128.24774299283138,127.50222506264382,128.07345935883373,6491900
2023-02-16,126.65989685058594,127.79268877152441,126.38878733220179,126.76638463918127,8008000
2023-02-17,127.79268646240234,128.0250449403108,125.94342145008574,126.05960068903998,10798800
2023-02-21,126.13703918457031,127.38602490689055,125.95307890193763,126.86318886429737,9066200
2023-02-22,125.7110366821289,126.57273376372777,125.44963341842924,126.27259424155514,7318900
2023-02-23,126.04993438720703,126.68894980117206,125.13014753147003,125.68201373548962,9955500
2023-02-24,124.42334747314453,125.22695505732484,124.05544160553092,124.98490511414606,9008000
2023-02-27,124.04574584960938,125.44964729019021,123.76497442562656,125.10109479316172,6463900
2023-02-28,123.12596893310547,123.84244211603813,123.01946636231219,123.76498435786513,10282800
2023-03-01,122.92263793945312,123.19373268440582,122.39013251523258,122.53535656661595,11101000
2023-03-02,123.67784118652344,124.02640109450654,122.37077292539462,122.37077292539462,10203100
2023-03-03,125.0623550415039,125.11076798182086,123.62942360416416,124.24907082897771,10048000
2023-03-06,125.00425720214844,125.57549144908013,124.713794352903,125.14948123999405,8153400
2023-03-07,122.99040985107422,125.40123248414179,122.77740472974831,125.25599366129846,9604400
2023-03-08,122.33203125,123.1162780340626,121.83824733214983,122.7386733532754,10793200
2023-03-09,121.09274291992188,123.0097816827489,120.59895897715496,122.80645323407353,13270300
2023-03-10,120.20198822021484,121.8963376104686,119.7372491372776,120.88940908641882,20483200
2023-03-13,121.32511138916016,122.9807321172828,119.6694906610375,119.81472210458048,21294200
2023-03-14,122.40949249267578,122.7870897974617,121.18955876125631,122.1480818150462,14582900
2023-03-15,122.302978515625,122.47725474670403,120.87003979488877,121.09272896279195,17244600
2023-03-16,123.44546508789062,123.50355470769253,121.04432651678319,121.38320233036819,16011400
2023-03-17,121.85762786865234,123.43579088923632,121.47034646986745,123.33897238623466,15071400
2023-03-20,123.40208435058594,123.58676218195258,122.06076000671479,122.06076000671479,10592100
2023-03-21,124.15052032470703,124.29631081875429,123.12994237283786,123.87836076610945,8816300
2023-03-22,122.27461242675781,124.67539489598266,122.25516874947083,124.21856488240999,10480000
2023-03-23,122.04132843017578,123.51873639638818,121.34150438466358,122.78003241328199,10092300
2023-03-24,123.7325668334961,123.84919922549265,121.46786062476234,121.92469060165425,8163700
2023-03-27,124.23799896240234,125.17109523485877,124.09220104767071,124.6073472528778,9455400
2023-03-28,123.48957061767578,124.55873546486842,123.18825297395774,124.11163474931585,8037400
2023-03-29,123.82975769042969,124.2574221355152,123.2951678645863,124.10190981428116,8183100
2023-03-30,124.50041961669922,124.53930696757311,123.71312132005939,124.50041961669922,6820400
2023-03-31,125.83204650878906,125.90007713118706,124.85034104600969,124.91838649958764,9202500
2023-04-03,127.24140930175781,127.3871998008903,125.57932345574767,125.9292354848456,8937300
2023-04-04,127.26081848144531,127.99952977937407,127.0275537188806,127.37746569390535,9052600
2023-04-05,129.45750427246094,129.6810546316077,127.82457664740828,127.97038196690485,12325800
2023-04-06,129.7782440185547,130.35170631827555,129.3408577701435,129.9629218377272,8276300
2023-04-10,129.6907501220703,129.75879556080486,128.74794704994403,129.4283272814058,8024300
2023-04-11,130.12818908691406,130.604447972065,129.9143531188614,129.99211300098793,8887500
2023-04-12,130.1670379638672,131.11957039229569,129.9337583598695,130.63358234068426,8988600
2023-04-13,131.8582763671875,132.0040668442782,130.43918478840098,130.72106615234668,9373500
2023-04-14,130.79884338378906,131.83885019786945,130.31285528739008,131.5569836276771,6632100
2023-04-17,130.6919403076172,130.98352133375172,130.0115450301529,130.83773082068444,7187000
2023-04-18,129.7976837158203,130.95433766427263,129.62273513429568,130.95433766427263,7194200
2023-04-19,130.19619750976562,130.39058976633845,129.43805732730672,129.836571093547,7048100
2023-04-20,129.66162109375,129.8560282016119,129.0492861637611,129.57414679392016,6672000
2023-04-21,130.536376953125,130.9737631774638,129.96291468496577,130.37114281642707,6535900
2023-04-24,131.265380859375,131.3042533793114,130.34200649130142,130.6724748198871,6299800
2023-04-25,129.86570739746094,131.46946178403067,129.68102959379542,131.07096291584173,7752000
2023-04-26,128.0189971923828,128.80629557438596,127.25112765674439,128.71880644102305,10128800
2023-04-27,128.6896209716797,128.8742987911317,126.95950481761957,128.0772861554481,10008900
2023-04-28,129.78797912597656,130.15733482319152,128.33001484477603,128.53413636986315,7917300
2023-05-01,130.45863342285156,130.98349399151274,129.71993692554148,129.97264537250007,6793900
2023-05-02,129.89491271972656,131.07101057370662,128.96180894183334,130.24482478253884,14365800
2023-05-03,129.71995544433594,131.11958877096987,129.53527758584926,130.49752457096133,8961500
2023-05-04,128.6896209716797,129.25336885115215,128.14531676561725,129.17560898868933,9625300
2023-05-05,129.84629821777344,130.29341379969097,129.1076016380618,129.5352735430664,7650300
2023-05-08,129.56442260742188,129.69076942059496,128.9617873145868,129.65189690065992,5305700
2023-05-09,128.69937133789062,129.6810619540786,128.66048398469087,129.06871220621002,6452700
2023-05-10,129.05899047851562,129.37974438394963,128.30085027700943,129.06870490067587,6556600
2023-05-11,128.66046142578125,128.86458291634068,127.85371954690456,128.78682305475505,8764800
2023-05-12,128.48553466796875,129.12704251154815,127.9120722765173,128.85489036539562,6626300
2023-05-15,128.26197814941406,128.59244647801884,127.70794462983052,128.5049721847727,5725600
2023-05-16,127.19280242919922,128.03841695264927,127.16364433054089,127.98981517782562,7106000
2023-05-17,127.34834289550781,127.51357709184806,125.92925092814185,127.40665910231239,15512700
2023-05-18,127.03727722167969,127.24139873469338,126.05558666962787,127.07616457233884,12196900
2023-05-19,127.63018798828125,128.48553176036415,127.27056155282789,127.32887774980094,9276200
2023-05-22,127.75653076171875,128.6507469226168,127.45522056775253,127.81484695007646,12856100
2023-05-23,126.35688781738281,127.42606741600098,126.07502128566222,127.24138959158714,8723100
2023-05-24,125.49182891845703,126.1430510948608,125.20023313603716,126.11389299973656,7952900
2023-05-25,124.20883178710938,125.05445369829444,123.35349545375131,124.88921953428029,13737000
2023-05-26,123.95611572265625,125.25856018840865,123.72284352584482,124.09219178876204,8794900
2023-05-30,123.18824768066406,124.28658540932564,122.8772156282088,123.33404557741257,12114500
2023-05-31,124.24771118164062,124.46154711794654,122.51759484693193,122.8480631735215,15099100
2023-06-01,125.06417083740234,125.30716487761596,123.40209249221196,124.36434681509279,9751900
2023-06-02,126.6679458618164,126.89149623571937,125.17109420411514,125.46269003117719,10293000
2023-06-05,127.12474060058594,127.69821773973644,126.79427230424666,126.94979203117484,7880200
2023-06-06,126.0653076171875,127.67879163594955,125.51128890663638,127.639919114457,9413500
2023-06-07,125.56958770751953,126.13333559372438,125.38490988586203,125.95837219329928,7519600
2023-06-08,126.3763427734375,126.55129136091465,125.17108701204972,125.58904446743234,6583100
2023-06-09,126.7651138305664,127.20250008396471,125.71537792370403,126.40548744039985,10446100
2023-06-12,127.22196960449219,127.25112770523079,126.20139158509981,126.69710896001692,7321100
2023-06-13,127.86345672607422,128.05784897650125,126.81372077635471,126.94008241316239,8362700
2023-06-14,126.55128479003906,127.31915421168517,126.06529674181988,127.21223624782982,12401600
2023-06-15,128.51467895507812,128.68962753115386,126.54156869194125,126.56101236634235,10598600
2023-06-16,128.5049591064453,129.51580766494143,128.36888305374052,128.84514182261864,10535000
2023-06-20,128.36053466796875,128.92660327140604,127.2576755878037,127.27719930302052,8585100
2023-06-21,128.38003540039062,128.81923705781819,127.45286003114532,128.0482067237732,9444800
2023-06-22,129.2584228515625,129.44386090246397,128.40932745241398,128.57524178947574,8036400
2023-06-23,128.8289794921875,129.35600058298388,128.47762713424692,129.0827281815,8096500
2023-06-26,128.09701538085938,128.71188582020145,126.85752009077795,128.50692404301037,7092800
2023-06-27,127.80419921875,128.23363152870604,126.91605647699807,128.0969953293772,8578200
2023-06-28,127.39430236816406,127.80421100394949,126.98439373237865,127.77493287940983,10897800
2023-06-29,128.22389221191406,128.30197217675394,126.8867932908483,127.10150947110031,7843300
2023-06-30,129.54144287109375,129.8439934046535,128.66306939351838,128.74114935253854,8260900
2023-07-03,128.47763061523438,129.17058093991918,127.93108579745844,129.17058093991918,5240300
2023-07-05,128.40931701660156,128.68258941922744,127.91155915363875,128.20435526851765,7942100
2023-07-06,127.38455200195312,127.86277131277153,127.06247772956057,127.55046634368917,8213100
2023-07-07,125.90105438232422,127.13078024997213,125.83272883245114,126.68183909337371,8749700
2023-07-10,126.89656066894531,127.05270570402561,125.90105974762794,125.91081415849848,7476500
2023-07-11,126.92584991455078,127.33575859048308,126.36953570935087,126.72088813046881,7279200
2023-07-12,126.58424377441406,127.36502853699503,126.37929689572785,127.24791603488863,11900400
2023-07-13,126.6330337524414,127.22838040276633,126.50615195889091,126.90630615991226,7526200
2023-07-14,128.5362091064453,128.94611779071883,127.45287369363965,127.58950992173081,13298600
2023-07-17,127.95060729980469,128.46787398570893,127.47237314639757,128.19460158154175,7905000
2023-07-18,128.89730834960938,129.38529692082668,127.76517129025018,127.99939627340771,8130300
2023-07-19,129.4926300048828,130.3026927569571,129.2681594494638,129.53167742718153,12484000
2023-07-20,131.63983154296875,132.176607179061,130.26369988641733,130.36130357965195,12650200
2023-07-21,132.96713256835938,133.3770411851894,131.54219937365824,131.76666994882552,11308500
2023-07-24,132.67434692382812,133.56248977655974,132.55723442183475,132.96714307104224,12034000
2023-07-25,132.61578369140625,133.15255922543835,131.6105283896019,131.78619713334407,7802900
2023-07-26,132.52793884277344,132.95737119809053,131.6398108994371,131.98139398772634,8205300
2023-07-27,131.5519561767578,133.20135997662697,131.52267805303953,132.72314069440841,8800800
2023-07-28,131.9423828125,132.1668534373996,131.19087606903105,131.95213722497988,6897600
2023-07-31,130.92733764648438,131.7569242374643,130.43934903819746,131.70812239818952,9735900
2023-08-01,130.24415588378906,131.10302059534075,129.92208161695717,130.6247864005485,10555300
2023-08-02,130.3319854736328,131.16157202976305,129.98063309473682,130.27342922585512,13873000
2023-08-03,129.67808532714844,130.06848514106758,129.4243366172736,129.90257080473828,11863400
2023-08-04,129.21937561035156,130.51742707630464,128.89731623879825,129.71713351448537,12631200
2023-08-07,130.71263122558594,130.83951303872644,129.5414614567118,129.60978701524334,8165600
2023-08-08,131.7178955078125,131.88380985235705,130.8199833374536,131.5422118597924,12601200
2023-08-09,131.6788330078125,132.39129214513525,131.51291868225675,131.60075305009877,9833600
2023-08-10,131.5910186767578,133.2501770771773,131.45438245301108,132.00092734799804,9541700
2023-08-11,132.41082763671875,132.56698756603802,131.23965795128527,131.5519629176933,7674400
2023-08-14,132.81097412109375,133.23063715289135,132.3132311291927,132.43034362323303,8723300
2023-08-15,132.322998046875,132.86954292702916,132.1765925232566,132.4791579818422,9118500
2023-08-16,131.3177490234375,132.53772065150318,131.28847089574245,132.108288255667,9462400
2023-08-17,130.2734375,131.30797098905919,130.2148812485032,130.8492753882572,11163800
2023-08-18,130.32223510742188,130.66383308636583,129.9025720571716,130.0196845563614,9463000
2023-08-21,130.45887756347656,130.61503749802264,129.86353084372186,130.273439502732,6872400
2023-08-22,130.0001678466797,130.5759908550279,129.93185718254858,130.26368587628505,6939400
2023-08-23,130.39056396484375,131.07374504781652,130.00993344059958,130.78094890019085,7276800
2023-08-24,129.2584228515625,131.1615754146007,129.2584228515625,130.13679637535543,10241700
2023-08-25,130.20510864257812,130.66381907151109,129.23888595120744,129.67807266829277,8509100
2023-08-28,130.50767517089844,131.08349815709752,130.0294409714516,130.6638351003787,6768400
2023-08-29,131.6788330078125,131.6788330078125,130.5076634265648,130.6833321622488,10737000
2023-08-30,131.58123779296875,132.40105497051428,131.46411041601334,132.0009007913926,7892700
2023-08-31,130.00991821289062,131.66907633212915,129.98062519855145,131.6007507857193,7540200
2023-09-01,130.36129760742188,131.015200623885,130.01969958898303,131.015200623885,10183600
2023-09-05,129.01443481445312,130.52720252751715,129.01443481445312,130.4295988458107,11042600
2023-09-06,128.31170654296875,128.98513310380847,127.68708181405897,128.85825131923627,12840000
2023-09-07,128.88755798339844,129.44387218459028,128.60453112309082,128.70211991633448,11055700
2023-09-08,128.88755798339844,129.2779578330677,128.58500740754948,128.61428553474573,8716900
2023-09-11,129.7757110595703,130.0294598125707,128.809488109666,128.82901182673763,7179000
2023-09-12,129.60977172851562,129.95135480419071,128.68259639135493,129.38530114824573,6941700
2023-09-13,129.62930297851562,130.14656971960238,129.25842686519655,129.2974594018577,6430300
2023-09-14,130.0391845703125,130.43932383369457,129.64878482378077,130.3612587766158,6433300
2023-09-15,129.01443481445312,130.34176446761347,128.9266004362559,129.72689403577104,9611900
2023-09-18,128.8184356689453,129.34763352074967,128.32844541158659,129.2202312687753,6559400
2023-09-19,128.92623901367188,129.2006323719348,128.06385134295036,128.60284363715132,6252400
2023-09-20,128.93603515625,129.8572042196954,128.91643136029563,129.49461623777205,6350700
2023-09-21,127.80904388427734,128.90661716362493,127.75024745192864,128.69103522945116,7979500
2023-09-22,127.5444564819336,128.29904565615905,127.39746538781243,127.64246051355822,7790300
2023-09-25,128.24024963378906,128.27944227457635,127.06427601706427,127.41706959741329,6826300
2023-09-26,127.15245819091797,128.0638327945799,127.05445416859729,127.65224281679892,8200700
2023-09-27,126.5154800415039,127.51504931804047,125.58448666632563,127.3876620298435,9888600
2023-09-28,127.123046875,127.48563480425636,126.73106073273976,126.73106073273976,9129000
2023-09-29,126.16268920898438,127.51505206915635,125.96668115525607,127.39745919957141,12692300
2023-10-02,125.98628234863281,126.02548993989454,124.5163116959279,125.76089103547952,16035100
2023-10-03,124.86911010742188,125.63349368029353,124.33991975466667,125.36890224224474,11971100
2023-10-04,125.39830017089844,125.57469695474325,124.38892148204222,124.97690826930571,10064300
2023-10-05,126.08428192138672,126.30967322658135,124.96709738625441,125.68248636837272,9609700
2023-10-06,127.4072494506836,127.80904501303411,125.66288549346594,125.73149130068828,10692100
2023-10-09,127.84825134277344,127.96584420734948,126.54487559823613,127.0544546469419,8047600
2023-10-10,128.45584106445312,129.03402594963774,127.36806215086614,127.80905036917109,8154900
2023-10-11,127.88745880126953,128.81843731145847,127.31906830108818,128.6126497746008,9591800
2023-10-12,126.78987121582031,128.23044362597645,126.69186719273323,127.98544852157323,10927700
2023-10-13,127.58366394042969,128.3186493168866,126.86828236094004,127.26026858039076,11383800
2023-10-16,128.54405212402344,129.27903756611244,127.98547096376068,128.0932694267331,10545000
2023-10-17,128.36764526367188,129.07323238797696,127.82865302242283,127.9266420959949,9149900
2023-10-18,127.25045776367188,128.90661203779132,127.02505151087898,128.5440240838493,10085700
2023-10-19,125.99609375,127.2210693136269,125.21209892195829,127.0838576953183,15492500
2023-10-20,125.49629211425781,126.39787232006499,125.47668831862957,125.74128722300915,12296300
2023-10-23,124.71231842041016,125.82948809678055,124.59471807079645,125.40810366647801,12344200
2023-10-24,125.09449768066406,125.48649133012107,124.31051038175006,124.31051038175006,9375900
2023-10-25,123.97733306884766,124.90831153756812,123.05614902176923,124.5261197471117,11427000
2023-10-26,122.75234985351562,123.87932883506821,122.65435330656697,122.95814484510495,14699100
2023-10-27,120.67478942871094,122.56615195574383,120.13579720209897,122.40935897496593,13566100
2023-10-30,121.35098266601562,121.72337255078338,120.42979863721514,121.30198065214674,15224500
2023-10-31,122.04676818847656,122.20356117524608,121.07658962015842,121.78216927560767,13917400
2023-11-01,122.30155944824219,122.899348102778,121.68416699837165,121.89976388711011,13802600
2023-11-02,124.2419204711914,124.3497189190118,122.44855445016917,122.77194979363038,11894000
2023-11-03,124.85930633544922,125.6334842718834,124.65350387201956,125.09449953795256,11635600
2023-11-06,125.6922836303711,125.88829167755972,124.87890556180217,125.38849209186911,8425100
2023-11-07,125.7804946899414,126.08428623196244,125.31010079187453,125.64329802730886,8241900
2023-11-08,125.60408782958984,126.30967492371933,124.83970430316863,126.30967492371933,10021100
2023-11-09,123.00714111328125,125.63348898245644,122.88954824594904,125.48649789829118,13905500
2023-11-10,123.74212646484375,123.91852324253382,122.10556092978769,123.47753503663735,10401300
2023-11-13,124.45751953125,124.7025146484375,123.15414371341467,123.86953274533153,11373800
2023-11-14,125.30029296875,126.13328227961593,124.85930478495028,125.17289820994624,11216900
2023-11-15,125.39830017089844,125.89809230456834,125.08470671924741,125.38849827272438,9262700
2023-11-16,125.93728637695312,126.20188529405995,125.29050314660101,125.77069148938673,7665900
2023-11-17,125.68248748779297,126.40767837383967,125.30029572631354,126.20187590843643,6766100
2023-11-20,126.4468765258789,126.72126985617497,125.1043080916935,125.1925027435783,6910000
2023-11-21,127.21126556396484,127.46607006258766,126.72127531684792,126.87807578472109,8373000
2023-11-22,127.8188247680664,128.12263122521625,127.46604621133663,127.63264106978554,6737700
2023-11-24,128.5048370361328,128.53423525241652,128.0638338852483,128.0736432595525,3708800
2023-11-27,127.70124816894531,128.66162480889346,127.46606243452563,128.2304459780191,10530200
2023-11-28,127.04466247558594,127.76004400328152,126.95646782559224,127.47585625775248,6261300
2023-11-29,127.0838623046875,127.76986060785191,126.84867655806246,126.90747299471873,6979000
2023-11-30,128.6812286376953,128.75962886696033,126.7408715616591,127.18185976712442,7743100
2023-12-01,129.19081115722656,129.32800780790535,128.40682388764205,128.50482790383265,9370900
2023-12-04,129.43582153320312,129.68081664930475,128.8086346341156,128.84782727323318,6943900
2023-12-05,129.26922607421875,129.47501359697313,128.46563491938508,129.17122204688752,6581000
2023-12-06,129.3671875,129.79838120279885,129.11239801803336,129.55338614014605,6210400
2023-12-07,129.2104034423828,129.70039357306564,128.6224093042386,129.38679271183884,6396700
2023-12-08,129.426025390625,129.7298169380207,128.65183246018273,129.29862314688552,6007600
2023-12-11,130.27859497070312,130.52359006732223,129.48481325018747,130.12179452007155,9016800
2023-12-12,130.83718872070312,131.0233874047454,129.84741381743922,130.46480630593405,6779000
2023-12-13,133.24795532226562,133.2871479644365,130.10221120699367,130.27861548005347,9074300
2023-12-14,132.60113525390625,133.7771086520968,132.10135067183634,133.6987084317757,10098700
2023-12-15,131.47418212890625,132.23856569159517,130.98419189880747,131.98376120182212,8296600
2023-12-18,131.68875122070312,132.10218398261125,131.3442164089811,131.9643730619752,5944300
2023-12-19,132.57469177246094,132.64360475089018,131.6493983526318,131.85610724738837,6358200
2023-12-20,130.65518188476562,132.57469679585108,130.64534361044534,132.49596056075652,7299000
2023-12-21,132.2498779296875,132.34830574069173,131.1375370214425,131.44268877000988,5606800
2023-12-22,132.90939331054688,133.32282613575563,132.37782609223123,132.57469672038786,5355100
2023-12-26,133.2047119140625,133.5590700462881,132.6337765561434,132.80111734756105,3688600
2023-12-27,133.76577758789062,133.85436711009294,133.02750152900825,133.05703136974236,5444100
2023-12-28,134.1103057861328,134.56310666848913,133.85436048541789,133.8740520516877,5800200
2023-12-29,134.2481231689453,134.48436189449313,133.69687944898064,134.11031223895415,5590000
